model,sample_id,step,amount,z1,z2
AE,0,0,0,0.7231131,-2.4623675
AE,0,1,1,-0.040698115,-2.450284
AE,0,2,2,-1.1795242,1.157447
AE,0,3,3,-1.46342,0.3985687
AE,1,0,0,0.44496807,0.12870821
AE,1,1,1,0.00600409,-1.2163204
AE,1,2,2,-1.1147867,1.0208253
AE,1,3,3,-1.7091141,0.13612115
AE,2,0,0,-0.1431046,-0.5295636
AE,2,1,1,-0.808668,-1.0968273
AE,2,2,2,-1.0856187,-1.1645542
AE,2,3,3,-1.1456914,-0.9893476
AE,3,0,0,5.01837,-0.16080613
AE,3,1,1,5.123219,-0.5740835
AE,3,2,2,5.1593733,-1.1673297
AE,3,3,3,4.8989124,-2.079859
AE,4,0,0,0.72619146,0.017284963
AE,4,1,1,-0.73159075,0.8152641
AE,4,2,2,-1.0186536,0.94466513
AE,4,3,3,-1.5444717,0.43446425
AE,5,0,0,0.14577226,-0.18271169
AE,5,1,1,-0.7003628,0.12476585
AE,5,2,2,-0.9347476,0.0503936
AE,5,3,3,-1.1980876,-0.109123915
AE,6,0,0,-0.20348254,0.85678273
AE,6,1,1,-0.8210425,0.47314897
AE,6,2,2,-0.9451711,0.35149547
AE,6,3,3,-1.085629,0.16026978
AE,7,0,0,0.29337668,0.9495255
AE,7,1,1,-1.247556,2.340942
AE,7,2,2,-1.0708258,1.544932
AE,7,3,3,-1.2487857,1.0664895
AE,8,0,0,0.17756478,-0.076039344
AE,8,1,1,-0.2818346,-0.41182268
AE,8,2,2,-0.81116945,-0.2868915
AE,8,3,3,-1.080691,-0.39539856
AE,9,0,0,0.09710092,-0.14896093
AE,9,1,1,-0.46963653,-0.43554187
AE,9,2,2,-0.85005295,-0.32941258
AE,9,3,3,-1.0649345,-0.40679944
AE,10,0,0,0.8169722,-1.6660458
AE,10,1,1,4.744628,-4.481828
AE,10,2,2,-0.75163734,1.028804
AE,10,3,3,-2.4497502,-0.07608448
AE,11,0,0,-1.736583,-0.9064739
AE,11,1,1,-1.5087172,-0.89351434
AE,11,2,2,-1.4217144,-0.928835
AE,11,3,3,-1.3718815,-0.90981245
AE,12,0,0,0.41812408,-0.53307045
AE,12,1,1,1.164731,-3.2784553
AE,12,2,2,-1.5427138,-7.9751067
AE,12,3,3,-3.1211028,-4.599719
AE,13,0,0,0.055036813,0.19948183
AE,13,1,1,-0.603176,-0.73333544
AE,13,2,2,-0.99360484,-0.5612357
AE,13,3,3,-1.16,-0.62704176
AE,14,0,0,1.0280639,-2.1288857
AE,14,1,1,1.4124948,-3.6762867
AE,14,2,2,-0.7524979,-7.028766
AE,14,3,3,-3.259718,-7.8623085
AE,15,0,0,-0.16074991,-0.15396474
AE,15,1,1,-0.8122958,-0.58962166
AE,15,2,2,-0.99267346,-0.6772585
AE,15,3,3,-1.0829703,-0.6812188
AE,16,0,0,0.6166363,-0.21528491
AE,16,1,1,-0.4264552,-0.10514035
AE,16,2,2,-0.89612645,0.04705528
AE,16,3,3,-1.2102418,-0.11420894
AE,17,0,0,0.22032633,-0.80198795
AE,17,1,1,-1.081292,-1.528606
AE,17,2,2,-1.6371058,-3.882802
AE,17,3,3,-2.374901,-5.4610057
AE,18,0,0,0.7268678,-1.1300172
AE,18,1,1,-0.56033844,-1.5733478
AE,18,2,2,-1.5387427,-3.5905561
AE,18,3,3,-2.224394,-4.7703724
AE,19,0,0,-0.6376321,-0.77763295
AE,19,1,1,-0.9353263,-0.70537245
AE,19,2,2,-1.0408485,-0.6818271
AE,19,3,3,-1.1294247,-0.7046099
AE,20,0,0,-0.7808288,1.6062044
AE,20,1,1,-0.8393725,0.76984197
AE,20,2,2,-0.89693594,0.34571502
AE,20,3,3,-0.99767107,0.13098855
AE,21,0,0,-0.047887955,-1.0679948
AE,21,1,1,-1.2670118,-2.0752933
AE,21,2,2,-1.9058086,-3.2453644
AE,21,3,3,-2.3131728,-4.322933
AE,22,0,0,-0.25093377,-1.4735698
AE,22,1,1,-1.0819265,-2.2989297
AE,22,2,2,-1.4665377,-2.8770392
AE,22,3,3,-1.7343,-2.815105
AE,23,0,0,0.31282112,-0.117950395
AE,23,1,1,-0.035373878,-0.5107367
AE,23,2,2,-0.9268939,-0.25962555
AE,23,3,3,-1.4459273,-0.7820178
AE,24,0,0,-0.093076974,-0.04234051
AE,24,1,1,-0.7621775,-0.5207332
AE,24,2,2,-0.9673203,-0.6163728
AE,24,3,3,-1.067474,-0.631439
AE,25,0,0,-0.22191793,-0.56310236
AE,25,1,1,-0.87546074,-1.1902252
AE,25,2,2,-1.1988771,-1.4702233
AE,25,3,3,-1.24741,-1.3535258
AE,26,0,0,0.2673431,-0.12979834
AE,26,1,1,1.2662306,-4.117755
AE,26,2,2,-1.0255246,-3.2531912
AE,26,3,3,-2.4317095,-2.4421303
AE,27,0,0,0.5115468,1.0369858
AE,27,1,1,-1.2480092,2.2995846
AE,27,2,2,-1.0517241,1.4458704
AE,27,3,3,-1.1841817,0.93112725
AE,28,0,0,1.2664292,-0.30401063
AE,28,1,1,1.9808487,-0.33383337
AE,28,2,2,-1.0093929,1.3187953
AE,28,3,3,-1.5521246,0.84418654
AE,29,0,0,-0.15875155,0.6010449
AE,29,1,1,-0.92286015,0.3825719
AE,29,2,2,-0.9211768,0.11814943
AE,29,3,3,-1.0077708,-0.0445153
AE,30,0,0,1.1754881,-0.5301657
AE,30,1,1,1.180039,-0.6804026
AE,30,2,2,-0.92053974,0.60751504
AE,30,3,3,-1.2334633,0.12627316
AE,31,0,0,-0.15526238,-0.4808987
AE,31,1,1,-0.64926696,-0.44578066
AE,31,2,2,-0.9319517,-0.5308111
AE,31,3,3,-1.1420393,-0.635412
AE,32,0,0,-0.15966901,1.0509139
AE,32,1,1,-0.87385446,1.2343166
AE,32,2,2,-0.98801994,1.0947825
AE,32,3,3,-1.066908,0.8351643
AE,33,0,0,-0.71849537,0.7989414
AE,33,1,1,-0.8130842,0.4961342
AE,33,2,2,-0.86852735,0.29468134
AE,33,3,3,-0.9692581,0.14498925
AE,34,0,0,-0.12698135,-0.06920855
AE,34,1,1,-0.8567704,-0.28938895
AE,34,2,2,-0.97104925,-0.37820113
AE,34,3,3,-1.0514537,-0.44438037
AE,35,0,0,0.3943883,0.6341128
AE,35,1,1,-0.82271826,0.7249528
AE,35,2,2,-1.0639814,1.2684982
AE,35,3,3,-1.3522114,0.5754819
AE,36,0,0,0.34661165,0.092013806
AE,36,1,1,-0.63809913,0.12233932
AE,36,2,2,-1.0009096,0.6671982
AE,36,3,3,-1.360753,0.14559215
AE,37,0,0,0.20836024,0.40765607
AE,37,1,1,-0.86945325,0.9317004
AE,37,2,2,-0.9265114,0.6180874
AE,37,3,3,-1.0537249,0.40519044
AE,38,0,0,0.70355964,-0.5344429
AE,38,1,1,4.6237755,-3.5348964
AE,38,2,2,-0.8162465,0.15392686
AE,38,3,3,-2.6804597,-0.87583107
AE,39,0,0,-2.9684513,1.345108
AE,39,1,1,-1.4269867,0.7132898
AE,39,2,2,-1.0839121,0.5832908
AE,39,3,3,-1.016669,0.41364563
AE,40,0,0,-1.854742,-1.296927
AE,40,1,1,-1.7508979,-1.2967321
AE,40,2,2,-1.6324674,-1.234857
AE,40,3,3,-1.521208,-1.1325364
AE,41,0,0,0.8517393,0.82767546
AE,41,1,1,-0.93019545,1.0007167
AE,41,2,2,-0.9319576,0.50134695
AE,41,3,3,-1.0384979,0.23099272
AE,42,0,0,-1.3328834,0.34783146
AE,42,1,1,-1.0884727,0.08994557
AE,42,2,2,-0.99882436,0.059404746
AE,42,3,3,-0.9934437,0.00578594
AE,43,0,0,0.05702221,-0.3744809
AE,43,1,1,-0.8223223,-0.08665963
AE,43,2,2,-0.918885,-0.12014517
AE,43,3,3,-1.0028491,-0.20862412
AE,44,0,0,-1.3206986,-2.6398294
AE,44,1,1,-2.119316,-3.9281611
AE,44,2,2,-2.8301356,-5.140079
AE,44,3,3,-3.411359,-5.949699
AE,45,0,0,-1.5050019,6.01081
AE,45,1,1,-1.4408457,3.1024797
AE,45,2,2,-1.2582161,2.02943
AE,45,3,3,-1.449308,1.6111561
AE,46,0,0,0.8567974,-1.9748514
AE,46,1,1,2.4597392,-3.377786
AE,46,2,2,0.004579682,-8.144127
AE,46,3,3,-2.7545576,-4.0018687
AE,47,0,0,-3.427796,9.029685
AE,47,1,1,-1.8154148,3.6490328
AE,47,2,2,-1.2614522,2.2896254
AE,47,3,3,-1.2351977,1.8098371
AE,48,0,0,0.8836553,-2.1976862
AE,48,1,1,1.7829381,-3.7181404
AE,48,2,2,1.220558,-7.035396
AE,48,3,3,-2.1447484,-2.4258873
AE,49,0,0,0.40140823,1.0368892
AE,49,1,1,-0.5611384,1.0850534
AE,49,2,2,-1.2456887,2.0989945
AE,49,3,3,-1.5342351,1.5247767
AE,50,0,0,0.7280722,-1.5175889
AE,50,1,1,4.2572365,-5.2795935
AE,50,2,2,4.3064876,-6.9322863
AE,50,3,3,0.22977085,-3.5998766
AE,51,0,0,2.3681865,-0.32921812
AE,51,1,1,1.8018174,-2.2811382
AE,51,2,2,-1.0262103,-6.3892374
AE,51,3,3,-3.3075676,-8.019689
AE,52,0,0,0.5813463,-0.7829611
AE,52,1,1,-0.7575853,0.08112806
AE,52,2,2,-1.408476,-0.28536782
AE,52,3,3,-2.0306165,-0.8742616
AE,53,0,0,1.1770526,0.12889864
AE,53,1,1,0.2191451,-0.12291356
AE,53,2,2,-1.152748,1.7766105
AE,53,3,3,-1.4182385,0.914487
AE,54,0,0,0.32128385,0.05132195
AE,54,1,1,-0.9710465,1.5435082
AE,54,2,2,-1.0642573,1.3259679
AE,54,3,3,-1.2960079,0.7859556
AE,55,0,0,0.36627123,0.38057187
AE,55,1,1,-0.13271116,-1.2018046
AE,55,2,2,-0.97725976,0.37885496
AE,55,3,3,-1.4277622,-0.2611996
AE,56,0,0,1.3122953,-0.42309073
AE,56,1,1,-0.5638856,1.1347395
AE,56,2,2,-0.99819535,1.0261111
AE,56,3,3,-1.3367736,0.45067114
AE,57,0,0,0.3110352,1.4120983
AE,57,1,1,-1.2744483,2.6653402
AE,57,2,2,-1.0998404,1.8203263
AE,57,3,3,-1.1811732,1.4294708
AE,58,0,0,0.7602386,0.5671095
AE,58,1,1,2.5232565,-1.7346053
AE,58,2,2,-1.3505871,1.719051
AE,58,3,3,-1.675985,0.1084664
AE,59,0,0,-0.15806206,2.7919097
AE,59,1,1,-1.1099269,2.4271984
AE,59,2,2,-1.4086896,2.4911036
AE,59,3,3,-1.7799157,2.1989992
AE,60,0,0,0.78455096,-0.39172336
AE,60,1,1,-0.2620815,-0.7559105
AE,60,2,2,-0.951885,-0.64933074
AE,60,3,3,-1.2716916,-0.768093
AE,61,0,0,2.6581836,0.093044385
AE,61,1,1,3.4483666,-0.6325607
AE,61,2,2,3.752172,-4.0123796
AE,61,3,3,-0.85115397,-0.6246041
AE,62,0,0,-3.430027,1.20223
AE,62,1,1,-1.9096202,0.45793906
AE,62,2,2,-1.2579507,0.38549176
AE,62,3,3,-1.0983019,0.2800009
AE,63,0,0,-1.1857266,0.15214425
AE,63,1,1,-1.0487009,-0.08931855
AE,63,2,2,-1.072763,-0.27139917
AE,63,3,3,-1.1131773,-0.3804269
AE,64,0,0,-1.6945457,-0.44223294
AE,64,1,1,-1.4169424,-0.42989054
AE,64,2,2,-1.258764,-0.34197947
AE,64,3,3,-1.1775864,-0.27073595
AE,65,0,0,-0.0261984,0.5754126
AE,65,1,1,-0.97597975,0.4952071
AE,65,2,2,-0.97249854,-0.111109555
AE,65,3,3,-1.0645094,-0.3588139
AE,66,0,0,-0.5439101,0.3671806
AE,66,1,1,-0.80200154,0.19015802
AE,66,2,2,-0.89108735,0.12834382
AE,66,3,3,-1.0092165,0.02797506
AE,67,0,0,-2.4632874,0.8835924
AE,67,1,1,-1.5613742,0.72483003
AE,67,2,2,-1.2089542,0.68817365
AE,67,3,3,-1.0981077,0.5840376
AE,68,0,0,-0.7321753,1.5258918
AE,68,1,1,-0.93595946,1.3655515
AE,68,2,2,-1.0407637,1.0471561
AE,68,3,3,-1.3028795,0.7780456
AE,69,0,0,0.3061808,0.5950355
AE,69,1,1,-0.92112255,0.87674785
AE,69,2,2,-1.0253705,0.98760426
AE,69,3,3,-1.354669,0.40146196
AE,70,0,0,-0.10403283,-0.7850534
AE,70,1,1,-1.164699,-1.8046333
AE,70,2,2,-1.756625,-3.3341644
AE,70,3,3,-2.2759476,-4.605758
AE,71,0,0,0.24947186,-3.654665
AE,71,1,1,-1.0933012,-2.9683092
AE,71,2,2,-1.7165517,-0.9477322
AE,71,3,3,-1.9998016,-1.1577108
AE,72,0,0,-0.13545012,0.88386124
AE,72,1,1,-0.9423697,1.172073
AE,72,2,2,-0.97566813,0.7370822
AE,72,3,3,-1.1268619,0.41729173
AE,73,0,0,0.8151036,2.9521966
AE,73,1,1,-1.3620706,2.676131
AE,73,2,2,-1.0996531,1.7637212
AE,73,3,3,-1.1478803,1.3003616
AE,74,0,0,-1.0986636,-0.45698026
AE,74,1,1,-1.1292651,-0.61863196
AE,74,2,2,-1.142346,-0.6320359
AE,74,3,3,-1.1366441,-0.5829018
AE,75,0,0,-0.07204663,0.11662844
AE,75,1,1,-0.76482743,-0.28311816
AE,75,2,2,-0.9575811,-0.344894
AE,75,3,3,-1.1007873,-0.43259984
AE,76,0,0,0.3841371,-0.00066712877
AE,76,1,1,-0.13424933,-0.7633507
AE,76,2,2,-0.97270215,0.07723307
AE,76,3,3,-1.5574168,-0.5830764
AE,77,0,0,-1.6785498,-0.15506281
AE,77,1,1,-1.352432,-0.23608539
AE,77,2,2,-1.19069,-0.21600524
AE,77,3,3,-1.1292614,-0.20510912
AE,78,0,0,-1.7149774,2.7136753
AE,78,1,1,-1.1647307,1.7359024
AE,78,2,2,-1.0465977,1.3006291
AE,78,3,3,-1.0591309,0.9341193
AE,79,0,0,-1.6093806,2.1857374
AE,79,1,1,-1.062421,1.1869954
AE,79,2,2,-0.98770815,0.6868586
AE,79,3,3,-1.035136,0.3634621
AE,80,0,0,-0.36476082,-0.057644144
AE,80,1,1,-0.8685749,-0.18159033
AE,80,2,2,-0.9615371,-0.3802407
AE,80,3,3,-1.0401844,-0.49674213
AE,81,0,0,-0.97624475,0.24443147
AE,81,1,1,-0.94393384,0.004818628
AE,81,2,2,-0.9798276,-0.106115244
AE,81,3,3,-1.0686975,-0.20474511
AE,82,0,0,-3.021735,-0.030824792
AE,82,1,1,-2.5989232,-0.17450066
AE,82,2,2,-2.2304149,-0.12123367
AE,82,3,3,-1.928497,-0.038874757
AE,83,0,0,-4.055162,0.18898553
AE,83,1,1,-3.210075,0.17608386
AE,83,2,2,-2.656715,0.29876876
AE,83,3,3,-2.2493217,0.3183156
AE,84,0,0,-3.397349,2.2327578
AE,84,1,1,-1.7310716,1.8140756
AE,84,2,2,-1.2334355,1.3599492
AE,84,3,3,-1.0804677,0.97413653
AE,85,0,0,0.38557664,-1.1497518
AE,85,1,1,-0.6390166,-1.3267347
AE,85,2,2,-1.3913757,-2.646996
AE,85,3,3,-1.8625476,-3.7363868
AE,86,0,0,0.17579143,-0.21193638
AE,86,1,1,-0.30922684,-0.42265308
AE,86,2,2,-0.93455726,-0.34399575
AE,86,3,3,-1.2145401,-0.5592306
AE,87,0,0,-0.48543063,-0.8438673
AE,87,1,1,-0.95360833,-1.2921373
AE,87,2,2,-1.1760927,-1.4010698
AE,87,3,3,-1.3069614,-1.3926288
AE,88,0,0,0.4511809,0.45678458
AE,88,1,1,0.024128957,-1.8596754
AE,88,2,2,-0.9982392,0.5252035
AE,88,3,3,-1.3117508,-0.12452349
AE,89,0,0,1.6052512,-0.401483
AE,89,1,1,1.9225075,-0.59892434
AE,89,2,2,-1.0369159,-1.0376183
AE,89,3,3,-1.5744125,-0.79308057
AE,90,0,0,-0.8788879,-1.5166607
AE,90,1,1,-1.1217278,-1.8279862
AE,90,2,2,-1.309493,-2.0292797
AE,90,3,3,-1.441868,-2.1181834
AE,91,0,0,1.893971,-2.015546
AE,91,1,1,3.0835712,-3.4902008
AE,91,2,2,2.6205702,-2.7775238
AE,91,3,3,-0.95525485,-0.97484446
AE,92,0,0,-0.7172024,1.0255198
AE,92,1,1,-0.99460024,0.5189231
AE,92,2,2,-0.92450637,0.21114933
AE,92,3,3,-0.98931515,0.029873341
AE,93,0,0,0.99395,0.8851809
AE,93,1,1,-1.0527625,1.223082
AE,93,2,2,-0.9529922,0.37785524
AE,93,3,3,-1.0535,0.04417264
AE,94,0,0,0.31770352,-0.09045254
AE,94,1,1,-0.79525924,-0.21606681
AE,94,2,2,-0.9929864,-0.408172
AE,94,3,3,-1.0994819,-0.5052492
AE,95,0,0,1.3398762,-0.19355145
AE,95,1,1,0.8292533,-0.67826885
AE,95,2,2,-1.1110514,1.0447242
AE,95,3,3,-1.6172557,0.31415018
AE,96,0,0,0.9990332,0.25933772
AE,96,1,1,-1.1343744,2.0543272
AE,96,2,2,-1.0210787,1.2056524
AE,96,3,3,-1.2035067,0.79509306
AE,97,0,0,1.4878616,-0.39181516
AE,97,1,1,-1.1678708,2.8888738
AE,97,2,2,-1.0882623,1.729958
AE,97,3,3,-1.2903155,1.293823
AE,98,0,0,0.25472695,-0.13788623
AE,98,1,1,-0.032100562,-0.44774982
AE,98,2,2,-0.7803159,-0.45556113
AE,98,3,3,-1.2289497,-0.8020867
AE,99,0,0,0.16226341,-0.20277707
AE,99,1,1,-0.33324492,-0.64680386
AE,99,2,2,-0.8747112,-0.5812508
AE,99,3,3,-1.0749137,-0.6174546
AE,100,0,0,0.29905862,-0.15336902
AE,100,1,1,-0.06707876,-0.49592978
AE,100,2,2,-0.934837,-0.10890155
AE,100,3,3,-1.3462043,-0.46363512
AE,101,0,0,-0.2731512,1.4974334
AE,101,1,1,-1.1930295,2.2481217
AE,101,2,2,-1.0440534,1.6265843
AE,101,3,3,-1.082882,1.263352
AE,102,0,0,1.1148956,-0.35032094
AE,102,1,1,-0.8789971,1.475486
AE,102,2,2,-0.9476442,0.49794385
AE,102,3,3,-1.2003636,0.18721318
AE,103,0,0,-2.8106697,1.843977
AE,103,1,1,-1.1814758,0.8967409
AE,103,2,2,-0.982211,0.58819884
AE,103,3,3,-0.9779753,0.34756127
AE,104,0,0,-0.83612674,0.070013985
AE,104,1,1,-0.921122,-0.009311699
AE,104,2,2,-0.9584768,-0.09341236
AE,104,3,3,-1.0105727,-0.16781361
AE,105,0,0,-0.56964093,1.3015741
AE,105,1,1,-0.87341785,0.7357949
AE,105,2,2,-0.8967905,0.41251156
AE,105,3,3,-0.9758979,0.18265612
AE,106,0,0,-3.1965857,-7.328983
AE,106,1,1,-3.8282917,-7.133156
AE,106,2,2,-4.135676,-7.119202
AE,106,3,3,-4.263197,-7.1883993
AE,107,0,0,0.43827856,0.6832829
AE,107,1,1,-1.0026191,1.3271298
AE,107,2,2,-0.9480898,0.72966033
AE,107,3,3,-1.0827135,0.41071928
AE,108,0,0,3.609879,1.7605876
AE,108,1,1,3.0962148,-1.8967252
AE,108,2,2,-1.4064262,2.65538
AE,108,3,3,-1.5109779,1.7530117
AE,109,0,0,-0.5697027,2.6679137
AE,109,1,1,-1.2957019,3.008735
AE,109,2,2,-1.4471712,2.9546106
AE,109,3,3,-1.6488869,2.848051
AE,110,0,0,0.41460967,1.1207929
AE,110,1,1,-1.1626813,2.2741175
AE,110,2,2,-1.0134212,1.3103571
AE,110,3,3,-1.1495138,0.89919263
AE,111,0,0,0.8380403,-0.025028089
AE,111,1,1,0.6012652,-1.5793002
AE,111,2,2,-1.0383569,0.7442531
AE,111,3,3,-1.5267434,-0.07269951
AE,112,0,0,0.30518737,0.5079976
AE,112,1,1,-0.419976,-0.43600467
AE,112,2,2,-0.96014863,0.33486477
AE,112,3,3,-1.3570901,-0.063407324
AE,113,0,0,-0.09408104,-0.03378573
AE,113,1,1,-0.6293675,-0.27103007
AE,113,2,2,-0.8499164,-0.34163254
AE,113,3,3,-1.0095344,-0.41478422
AE,114,0,0,0.6517894,0.20841138
AE,114,1,1,2.8486702,-1.4078858
AE,114,2,2,-0.7528798,-4.203589
AE,114,3,3,-2.338101,-1.9717093
AE,115,0,0,0.28978446,-0.9624953
AE,115,1,1,-1.7696309,-4.9951625
AE,115,2,2,-3.8322701,-7.0436077
AE,115,3,3,-4.265634,-7.464895
AE,116,0,0,-2.023848,-0.48371637
AE,116,1,1,-1.6881086,-0.56661916
AE,116,2,2,-1.4246339,-0.50085723
AE,116,3,3,-1.2747703,-0.42405188
AE,117,0,0,1.0792258,-0.044039976
AE,117,1,1,-1.1380849,2.13592
AE,117,2,2,-1.0648459,1.3361222
AE,117,3,3,-1.4070636,0.65840125
AE,118,0,0,-2.8825667,1.2307312
AE,118,1,1,-1.3310783,0.5243306
AE,118,2,2,-1.0530977,0.33745348
AE,118,3,3,-1.0147252,0.2088539
AE,119,0,0,-3.5750828,2.760227
AE,119,1,1,-1.5325216,2.1195068
AE,119,2,2,-1.0758843,1.4108739
AE,119,3,3,-1.0229344,0.9761205
AE,120,0,0,0.1352633,-0.8488635
AE,120,1,1,-1.519568,-2.8158627
AE,120,2,2,-2.3078408,-5.0975976
AE,120,3,3,-2.7865791,-5.400727
AE,121,0,0,0.27637526,-0.17900893
AE,121,1,1,-0.30462945,-0.6870078
AE,121,2,2,-0.9115613,-0.42559558
AE,121,3,3,-1.1157287,-0.5386924
AE,122,0,0,0.098644905,-1.7123647
AE,122,1,1,-0.7158689,-1.3949616
AE,122,2,2,-1.1507201,-1.899373
AE,122,3,3,-1.4275432,-1.8197556
AE,123,0,0,0.33347142,-0.65016854
AE,123,1,1,-0.2002212,-0.78178275
AE,123,2,2,-1.2714361,-2.4285362
AE,123,3,3,-2.1141798,-2.5371573
AE,124,0,0,0.84213006,-2.013633
AE,124,1,1,1.0814407,-4.850005
AE,124,2,2,0.58474183,-6.176585
AE,124,3,3,-2.381614,-2.5690944
AE,125,0,0,-0.045034118,1.3762376
AE,125,1,1,-1.2854722,2.4765458
AE,125,2,2,-1.1044786,1.8794628
AE,125,3,3,-1.0874571,1.4689931
AE,126,0,0,0.3180618,-2.2111955
AE,126,1,1,-0.40583855,-2.214881
AE,126,2,2,-1.1908092,-3.332344
AE,126,3,3,-1.7185379,-3.6060996
AE,127,0,0,-2.8106697,1.843977
AE,127,1,1,-1.1814758,0.8967409
AE,127,2,2,-0.982211,0.58819884
AE,127,3,3,-0.9779753,0.34756127
AE,128,0,0,1.0413451,-1.7183342
AE,128,1,1,0.7824633,-3.6204686
AE,128,2,2,-1.4810398,-2.3563676
AE,128,3,3,-2.120036,-1.6112615
AE,129,0,0,0.22252446,0.14807035
AE,129,1,1,-0.54897946,0.0096019525
AE,129,2,2,-0.92659336,0.104458846
AE,129,3,3,-1.2796448,-0.09189573
AE,130,0,0,0.18290664,-1.7302593
AE,130,1,1,-0.7836115,-2.8480287
AE,130,2,2,-2.0467167,-4.5398126
AE,130,3,3,-2.9779298,-5.660779
AE,131,0,0,0.59733623,0.81614023
AE,131,1,1,0.55970985,-1.8845451
AE,131,2,2,-1.1571233,1.7342825
AE,131,3,3,-1.359258,0.80847454
AE,132,0,0,0.86661315,-5.464694
AE,132,1,1,-0.6099966,-7.8460226
AE,132,2,2,-2.119903,-8.10951
AE,132,3,3,-2.9570284,-8.206902
AE,133,0,0,-0.03877696,-7.2063603
AE,133,1,1,-1.3838633,-7.8785768
AE,133,2,2,-2.5091934,-8.041026
AE,133,3,3,-2.90768,-7.951958
AE,134,0,0,1.7291684,0.36681026
AE,134,1,1,-0.05907525,1.1348407
AE,134,2,2,-1.2272437,2.0664818
AE,134,3,3,-1.4453564,1.519896
AE,135,0,0,0.5457726,-3.8463285
AE,135,1,1,2.8118496,-1.4880401
AE,135,2,2,0.097541794,1.7972265
AE,135,3,3,-1.3345405,1.473117
AE,136,0,0,0.8573617,-0.5782931
AE,136,1,1,-0.7489715,1.15591
AE,136,2,2,-0.9843106,0.45038718
AE,136,3,3,-1.2984085,0.008071485
AE,137,0,0,-0.06128852,0.61987597
AE,137,1,1,-0.8881198,0.66054565
AE,137,2,2,-0.9205177,0.43275434
AE,137,3,3,-1.0206399,0.2697372
AE,138,0,0,1.1098925,-0.46397838
AE,138,1,1,-0.68520904,2.2909284
AE,138,2,2,-1.3639868,2.0914462
AE,138,3,3,-1.81804,1.3743808
AE,139,0,0,0.500242,-2.023336
AE,139,1,1,-0.6948266,-0.22062492
AE,139,2,2,-1.2639755,-0.15716523
AE,139,3,3,-1.8413357,-0.8390122
AE,140,0,0,1.0324333,-0.5040926
AE,140,1,1,0.79823244,-0.64154255
AE,140,2,2,-0.89506924,0.07752347
AE,140,3,3,-1.2555342,-0.28664163
AE,141,0,0,0.17049658,0.6431357
AE,141,1,1,-0.8520014,0.72561
AE,141,2,2,-0.946302,0.28077552
AE,141,3,3,-1.1178026,0.078613766
AE,142,0,0,-2.6023164,1.8593456
AE,142,1,1,-1.1582916,1.0046589
AE,142,2,2,-0.97640574,0.67216676
AE,142,3,3,-0.97480816,0.40424934
AE,143,0,0,2.4802067,1.0098487
AE,143,1,1,2.6918826,-0.86934364
AE,143,2,2,-1.1360717,1.2014179
AE,143,3,3,-1.418253,0.3312892
AE,144,0,0,2.181138,-0.9817107
AE,144,1,1,2.2903326,-1.5932496
AE,144,2,2,-1.3655173,2.6121964
AE,144,3,3,-1.3723134,1.904444
AE,145,0,0,0.33312005,-1.8730083
AE,145,1,1,-0.5313753,-1.6846577
AE,145,2,2,-1.3803517,-3.330884
AE,145,3,3,-2.0037344,-4.394727
AE,146,0,0,0.91985744,-2.1136558
AE,146,1,1,1.7679588,-4.155307
AE,146,2,2,0.22802424,-7.0714917
AE,146,3,3,-1.7145009,-8.631411
AE,147,0,0,0.81715137,1.171946
AE,147,1,1,-1.1042484,0.94092935
AE,147,2,2,-0.94460565,0.4598345
AE,147,3,3,-1.0040339,0.23608166
AE,148,0,0,2.057655,-1.44512
AE,148,1,1,-1.2537647,2.3702517
AE,148,2,2,-1.1047095,1.3139851
AE,148,3,3,-1.2219632,0.65983474
AE,149,0,0,0.34676144,0.44411868
AE,149,1,1,-0.43523926,-0.5477952
AE,149,2,2,-0.935123,0.020242553
AE,149,3,3,-1.124698,-0.24863441
AE,150,0,0,2.8641148,8.801875
AE,150,1,1,1.258298,-2.9432793
AE,150,2,2,-1.4148176,0.5717535
AE,150,3,3,-1.9241519,-0.12679751
AE,151,0,0,1.1151161,-4.2030272
AE,151,1,1,0.77809143,-7.90389
AE,151,2,2,-0.8953676,-8.51653
AE,151,3,3,-2.2582874,-8.38493
AE,152,0,0,-0.93750536,0.8573688
AE,152,1,1,-0.96265686,0.0052859103
AE,152,2,2,-0.9962486,-0.17568007
AE,152,3,3,-1.0573274,-0.2724506
AE,153,0,0,0.3886676,0.2493194
AE,153,1,1,-0.8585601,0.69356287
AE,153,2,2,-0.9277671,0.33614215
AE,153,3,3,-1.0578637,0.13304093
AE,154,0,0,0.7943523,-2.6751728
AE,154,1,1,0.63373977,-4.7009864
AE,154,2,2,-1.9556378,-0.9722598
AE,154,3,3,-2.4185188,-1.0515814
AE,155,0,0,1.5712917,-4.1798754
AE,155,1,1,-0.37778765,1.4767098
AE,155,2,2,-1.5469229,2.418594
AE,155,3,3,-2.0647845,1.9802684
AE,156,0,0,3.3705502,-0.0078045498
AE,156,1,1,3.6570256,-0.8542377
AE,156,2,2,3.9980698,-2.3173702
AE,156,3,3,4.224712,-5.5637336
AE,157,0,0,0.5185954,0.9518083
AE,157,1,1,-0.9998222,1.443333
AE,157,2,2,-0.94294,0.85902673
AE,157,3,3,-1.0265919,0.5084367
AE,158,0,0,2.8555965,-0.085488945
AE,158,1,1,2.5519655,-1.1223562
AE,158,2,2,-1.1651136,0.15312713
AE,158,3,3,-1.9126604,-0.32428676
AE,159,0,0,1.5135361,-0.71801186
AE,159,1,1,-1.0960921,2.2150226
AE,159,2,2,-1.0244511,1.1854237
AE,159,3,3,-1.2416103,0.69497263
AE,160,0,0,2.0752048,0.7999575
AE,160,1,1,2.7296126,-1.2238399
AE,160,2,2,-1.3387308,2.526831
AE,160,3,3,-1.5520263,2.1022482
AE,161,0,0,2.6825328,-1.3537241
AE,161,1,1,3.4171638,-2.2360024
AE,161,2,2,4.499737,-3.9034119
AE,161,3,3,2.2873237,-0.12587714
AE,162,0,0,-0.23921731,-1.7304072
AE,162,1,1,-0.96525747,0.7064927
AE,162,2,2,-0.97877336,0.28601962
AE,162,3,3,-1.0522343,0.07105898
AE,163,0,0,-0.26960537,-0.120526664
AE,163,1,1,-0.8542445,-0.14327198
AE,163,2,2,-0.9946085,-0.37718567
AE,163,3,3,-1.0839727,-0.47491294
AE,164,0,0,0.060281493,-2.3473961
AE,164,1,1,-1.0024866,0.6130485
AE,164,2,2,-0.9935482,0.21754342
AE,164,3,3,-1.0798362,0.03163803
AE,165,0,0,0.305253,-0.72033983
AE,165,1,1,-0.29949903,-1.1152383
AE,165,2,2,-1.4452447,-4.4510007
AE,165,3,3,-2.3590293,-3.7966413
AE,166,0,0,0.3916687,-0.12986286
AE,166,1,1,-0.5872023,0.077818505
AE,166,2,2,-0.97457194,0.10523382
AE,166,3,3,-1.250299,-0.12022328
AE,167,0,0,0.9005134,-0.26639214
AE,167,1,1,-0.9381081,2.4252923
AE,167,2,2,-1.0953932,1.3255715
AE,167,3,3,-1.5441989,0.83994186
AE,168,0,0,0.16139671,4.3025074
AE,168,1,1,-2.0078669,3.367128
AE,168,2,2,-1.1728913,1.7868705
AE,168,3,3,-1.0523974,1.1973686
AE,169,0,0,-4.236667,0.36236084
AE,169,1,1,-2.2975407,0.21970539
AE,169,2,2,-1.5062274,0.06486994
AE,169,3,3,-1.234958,-0.032414075
AE,170,0,0,1.1646378,-2.6209724
AE,170,1,1,-1.2134237,1.9755371
AE,170,2,2,-1.0439657,1.0632833
AE,170,3,3,-1.1243875,0.604248
AE,171,0,0,-2.0918717,2.919063
AE,171,1,1,-1.3592243,2.3593657
AE,171,2,2,-1.0376298,1.4156079
AE,171,3,3,-1.0066816,0.9542604
AE,172,0,0,0.28831786,-2.9975276
AE,172,1,1,-1.0679376,0.3590837
AE,172,2,2,-1.2162349,0.32684317
AE,172,3,3,-1.369496,-0.028309224
AE,173,0,0,0.41791555,-1.3086046
AE,173,1,1,-1.1329168,-4.566617
AE,173,2,2,-3.1863778,-6.4657636
AE,173,3,3,-3.8657103,-7.0700097
AE,174,0,0,1.2674596,10.278631
AE,174,1,1,-1.5591761,3.064351
AE,174,2,2,-1.2434139,2.057555
AE,174,3,3,-1.437608,1.5741955
AE,175,0,0,2.2443397,-1.0255021
AE,175,1,1,2.904208,-1.9371225
AE,175,2,2,-0.7334914,-7.456354
AE,175,3,3,-2.7832358,-6.0522747
AE,176,0,0,-0.46488768,1.1792487
AE,176,1,1,-1.0366606,1.1260064
AE,176,2,2,-0.9556673,0.7739414
AE,176,3,3,-1.0004613,0.49711388
AE,177,0,0,-1.2922194,3.2870162
AE,177,1,1,-1.3765875,2.7306144
AE,177,2,2,-1.1192911,1.6913271
AE,177,3,3,-1.2294905,1.2040817
AE,178,0,0,-3.4887707,1.3214433
AE,178,1,1,-2.107787,0.86929005
AE,178,2,2,-1.3744704,0.8113625
AE,178,3,3,-1.1561732,0.6258795
AE,179,0,0,0.75976104,-0.087066196
AE,179,1,1,2.2879922,-4.0123816
AE,179,2,2,-1.7077832,-0.41005504
AE,179,3,3,-2.2774432,-1.198387
AE,180,0,0,0.569695,0.27247694
AE,180,1,1,-0.7291585,-0.5394081
AE,180,2,2,-0.9857146,-0.27535683
AE,180,3,3,-1.1868491,-0.36291984
AE,181,0,0,0.4039415,-0.9836124
AE,181,1,1,-0.24454202,-2.2795446
AE,181,2,2,-2.5019495,-7.0736017
AE,181,3,3,-3.8971124,-7.7970905
AE,182,0,0,0.1741375,1.4242651
AE,182,1,1,-1.2084177,2.3215375
AE,182,2,2,-1.0312595,1.4910712
AE,182,3,3,-1.1047361,1.1017747
AE,183,0,0,3.2820563,-1.1963062
AE,183,1,1,4.103884,-3.5914867
AE,183,2,2,3.2624433,-7.066292
AE,183,3,3,0.81311095,-7.5324554
AE,184,0,0,2.387432,-1.3450196
AE,184,1,1,3.0728903,-3.156303
AE,184,2,2,-0.453992,1.5586423
AE,184,3,3,-1.626712,2.1703205
AE,185,0,0,2.5056694,0.67917264
AE,185,1,1,2.631893,-0.5279821
AE,185,2,2,-0.07312362,-2.6038115
AE,185,3,3,-1.8603518,-1.1439687
AE,186,0,0,0.61533946,-0.99959564
AE,186,1,1,-0.5172909,-1.2455235
AE,186,2,2,-1.2104993,-1.9478278
AE,186,3,3,-1.8680007,-1.9410604
AE,187,0,0,-0.0706213,0.089771606
AE,187,1,1,-0.770636,-0.2175369
AE,187,2,2,-0.9171704,-0.24734746
AE,187,3,3,-1.0385824,-0.29980034
AE,188,0,0,-0.5807992,-0.22459385
AE,188,1,1,-0.88205296,-0.39530087
AE,188,2,2,-0.97184515,-0.45665678
AE,188,3,3,-1.0365063,-0.48722696
AE,189,0,0,1.3002113,-1.0265564
AE,189,1,1,0.7942187,-1.3680449
AE,189,2,2,-1.7865514,-4.1083355
AE,189,3,3,-2.33683,-4.9430523
AE,190,0,0,0.053698365,0.067459024
AE,190,1,1,-0.53540593,-0.36351696
AE,190,2,2,-0.8709525,-0.3069483
AE,190,3,3,-1.0557239,-0.37177593
AE,191,0,0,0.027323075,-1.1367006
AE,191,1,1,-0.7887726,-1.33143
AE,191,2,2,-1.3288277,-2.5909579
AE,191,3,3,-2.0041952,-2.4780288
AE,192,0,0,-0.7670282,-0.22504705
AE,192,1,1,-0.953234,-0.49931046
AE,192,2,2,-1.0272434,-0.55531234
AE,192,3,3,-1.0858628,-0.57641274
AE,193,0,0,1.8388183,-1.0338352
AE,193,1,1,3.788218,-2.4327085
AE,193,2,2,2.3230844,-7.439519
AE,193,3,3,-1.8453078,-3.4300652
AE,194,0,0,0.21291916,-1.6083423
AE,194,1,1,-2.5069988,-6.5509315
AE,194,2,2,-4.838247,-7.7403007
AE,194,3,3,-4.8529987,-7.8239408
AE,195,0,0,1.2025727,-5.0267577
AE,195,1,1,1.007243,-7.9319544
AE,195,2,2,-0.7904129,-8.359395
AE,195,3,3,-2.134423,-8.401646
AE,196,0,0,1.6656281,-1.9587133
AE,196,1,1,-0.44483528,-4.925174
AE,196,2,2,-1.8870968,-6.561376
AE,196,3,3,-3.4755926,-7.6725774
AE,197,0,0,-0.039410777,0.03891117
AE,197,1,1,-0.8667497,0.107706
AE,197,2,2,-0.97216207,-0.12660445
AE,197,3,3,-1.0748855,-0.2383285
AE,198,0,0,-0.71438056,-0.9657184
AE,198,1,1,-1.0205657,-1.0185704
AE,198,2,2,-1.1172802,-0.91728926
AE,198,3,3,-1.1849098,-0.84518147
AE,199,0,0,1.0570267,-0.77987415
AE,199,1,1,-1.198193,2.6489015
AE,199,2,2,-1.2736315,0.85686535
AE,199,3,3,-1.7490591,0.0804355
AE,200,0,0,0.6602413,-3.9108322
AE,200,1,1,-0.44074857,-7.255066
AE,200,2,2,-2.2878156,-7.991435
AE,200,3,3,-3.24096,-8.170717
AE,201,0,0,1.219463,0.38046247
AE,201,1,1,2.8952231,-0.90602994
AE,201,2,2,0.043864217,-4.7838693
AE,201,3,3,-2.0629225,-1.8029447
AE,202,0,0,0.44778153,-8.44897
AE,202,1,1,-0.69320124,-8.702484
AE,202,2,2,-1.8924607,-8.637393
AE,202,3,3,-2.662301,-8.503129
AE,203,0,0,0.26534066,0.5105166
AE,203,1,1,-0.80390716,0.5079376
AE,203,2,2,-0.9467011,0.33303422
AE,203,3,3,-1.1670663,0.038163513
AE,204,0,0,0.4832357,0.45052624
AE,204,1,1,-0.9467174,1.2687343
AE,204,2,2,-0.93486506,0.62150127
AE,204,3,3,-1.0695883,0.31430423
AE,205,0,0,1.5626568,-0.9252955
AE,205,1,1,3.4125466,-1.5236301
AE,205,2,2,0.4660777,-7.4018035
AE,205,3,3,-1.844741,-8.79874
AE,206,0,0,0.9286835,2.5420234
AE,206,1,1,-1.4377458,2.9873087
AE,206,2,2,-1.2024903,2.0789402
AE,206,3,3,-1.2697864,1.4373068
AE,207,0,0,-0.41279134,8.567913
AE,207,1,1,-1.4673297,3.2837937
AE,207,2,2,-1.2035104,2.331707
AE,207,3,3,-1.2033384,2.0180926
AE,208,0,0,-0.53224033,-0.68812764
AE,208,1,1,-0.98562133,-1.1474018
AE,208,2,2,-1.2860123,-1.4803172
AE,208,3,3,-1.3791767,-1.5431072
AE,209,0,0,-0.19260314,-1.2827911
AE,209,1,1,-0.7637923,-1.3171518
AE,209,2,2,-1.1108669,-1.2779506
AE,209,3,3,-1.2790534,-1.1898434
AE,210,0,0,0.3588987,0.43543908
AE,210,1,1,-0.30627212,-0.83939666
AE,210,2,2,-0.9336576,0.11153214
AE,210,3,3,-1.1816068,-0.2235133
AE,211,0,0,0.3994734,-1.5538113
AE,211,1,1,-0.39188603,-2.2161846
AE,211,2,2,-1.6619989,-4.9680514
AE,211,3,3,-2.41685,-5.0091305
AE,212,0,0,0.7849341,1.0008694
AE,212,1,1,-1.0204548,1.2972426
AE,212,2,2,-0.9518452,0.72964144
AE,212,3,3,-1.064287,0.39654967
AE,213,0,0,-0.59121984,-0.27196532
AE,213,1,1,-0.8644014,-0.28090227
AE,213,2,2,-0.89559793,-0.25014248
AE,213,3,3,-0.9659105,-0.2744089
AE,214,0,0,0.26527908,0.3779443
AE,214,1,1,-0.5542431,-0.42307603
AE,214,2,2,-0.94480085,-0.18465732
AE,214,3,3,-1.0964574,-0.35586128
AE,215,0,0,-1.1413369,0.795457
AE,215,1,1,-1.0212181,0.33850443
AE,215,2,2,-1.0216483,0.12593128
AE,215,3,3,-1.0700228,-0.025236985
AE,216,0,0,0.381695,-0.8627629
AE,216,1,1,-0.6465687,-1.218967
AE,216,2,2,-1.6387501,-3.4260113
AE,216,3,3,-2.2593307,-4.462274
AE,217,0,0,-0.9298184,-2.1025436
AE,217,1,1,-1.2829462,-2.457744
AE,217,2,2,-1.4982717,-2.5891662
AE,217,3,3,-1.6324658,-2.598398
AE,218,0,0,0.04970686,-1.7963058
AE,218,1,1,-0.91332287,0.018069338
AE,218,2,2,-1.0305818,-0.19346318
AE,218,3,3,-1.155848,-0.34243593
AE,219,0,0,-2.2526743,0.95661396
AE,219,1,1,-1.2206156,0.6106767
AE,219,2,2,-1.0187632,0.53390044
AE,219,3,3,-0.9886482,0.40288648
AE,220,0,0,0.67998147,-2.7636924
AE,220,1,1,-0.14852461,-5.2629747
AE,220,2,2,-1.6506714,-7.1261344
AE,220,3,3,-3.7283006,-8.262637
AE,221,0,0,1.1916049,-4.3158336
AE,221,1,1,0.2571417,-7.708373
AE,221,2,2,-1.6130313,-8.429849
AE,221,3,3,-2.6883616,-8.287287
AE,222,0,0,-0.1025738,0.84547204
AE,222,1,1,-0.85734767,1.338344
AE,222,2,2,-0.8711912,0.77740514
AE,222,3,3,-0.9533263,0.43298578
AE,223,0,0,0.26945668,-6.4882994
AE,223,1,1,-1.0188053,-7.4084234
AE,223,2,2,-2.4335818,-7.7730637
AE,223,3,3,-2.9858057,-7.770228
AE,224,0,0,0.945274,-1.3718247
AE,224,1,1,1.8632385,-6.577287
AE,224,2,2,-0.1881389,-7.9680643
AE,224,3,3,-1.9698899,-8.86923
AE,225,0,0,1.9697068,-1.737059
AE,225,1,1,2.818787,-2.7297654
AE,225,2,2,0.6859381,-1.4213411
AE,225,3,3,-1.7818229,-0.0041212314
AE,226,0,0,1.8469825,3.052344
AE,226,1,1,1.4097733,-1.7359904
AE,226,2,2,-1.1527514,1.7293142
AE,226,3,3,-1.2737479,0.68067515
AE,227,0,0,1.1807284,-4.500647
AE,227,1,1,2.6002657,-7.6686525
AE,227,2,2,1.0062648,-8.289907
AE,227,3,3,-0.95724624,-8.520072
AE,228,0,0,0.447481,0.4310081
AE,228,1,1,-0.9741564,1.2701285
AE,228,2,2,-0.9780082,0.69183576
AE,228,3,3,-1.226603,0.29551822
AE,229,0,0,-3.971487,2.777076
AE,229,1,1,-1.5396098,1.4886504
AE,229,2,2,-1.056473,0.8301261
AE,229,3,3,-1.0047041,0.48011446
AE,230,0,0,0.5170512,-0.08755624
AE,230,1,1,-0.72024274,0.15577586
AE,230,2,2,-0.94738793,0.04022481
AE,230,3,3,-1.120921,-0.24304792
AE,231,0,0,0.19885856,-0.38688955
AE,231,1,1,-0.48679045,-0.18981211
AE,231,2,2,-0.83682495,-0.11752101
AE,231,3,3,-1.051087,-0.22685838
AE,232,0,0,-0.3745449,-0.13526978
AE,232,1,1,-0.8646257,-0.46730694
AE,232,2,2,-0.9857783,-0.5171189
AE,232,3,3,-1.0822506,-0.5582946
AE,233,0,0,1.0442051,-4.1412663
AE,233,1,1,0.034600902,-6.3481445
AE,233,2,2,-1.5263783,-7.7187095
AE,233,3,3,-2.4723656,-7.8814445
AE,234,0,0,0.73863953,-2.571834
AE,234,1,1,0.6532377,-5.1780434
AE,234,2,2,-0.8652255,-8.608956
AE,234,3,3,-2.9210238,-4.1295457
AE,235,0,0,0.37363413,-0.94085205
AE,235,1,1,-0.80781376,-8.066225
AE,235,2,2,-3.7381806,-8.409885
AE,235,3,3,-3.9437902,-8.186482
AE,236,0,0,1.0822122,-4.498228
AE,236,1,1,4.6319213,-5.394195
AE,236,2,2,0.5486158,-0.07830765
AE,236,3,3,-1.5357946,-0.48366725
AE,237,0,0,0.11695736,1.4244138
AE,237,1,1,-1.1381648,2.0257382
AE,237,2,2,-1.1468207,1.3973997
AE,237,3,3,-1.6171305,0.6876092
AE,238,0,0,0.5149931,-0.92044693
AE,238,1,1,0.36771864,-7.739202
AE,238,2,2,-1.8437475,-8.596616
AE,238,3,3,-2.8816195,-8.359846
AE,239,0,0,-0.83277637,1.7004143
AE,239,1,1,-1.2289082,1.711389
AE,239,2,2,-0.98584235,1.0627744
AE,239,3,3,-0.9901402,0.66999066
AE,240,0,0,1.5679748,-0.022212991
AE,240,1,1,-0.99637127,2.0013437
AE,240,2,2,-1.1880512,1.866724
AE,240,3,3,-1.4766493,1.6849319
AE,241,0,0,1.4813286,-6.4008727
AE,241,1,1,1.48811,-7.396436
AE,241,2,2,0.3582477,-7.963055
AE,241,3,3,-1.1753148,-8.128546
AE,242,0,0,0.7092598,5.3120785
AE,242,1,1,-1.3081102,2.90531
AE,242,2,2,-1.140203,2.0085385
AE,242,3,3,-1.222029,1.6126454
AE,243,0,0,1.6906538,-6.545474
AE,243,1,1,2.0534227,-7.386042
AE,243,2,2,1.0225469,-7.893851
AE,243,3,3,-0.624556,-8.105346
AE,244,0,0,1.6899061,-3.369023
AE,244,1,1,3.3690832,-4.9623694
AE,244,2,2,2.5017583,-6.754394
AE,244,3,3,0.9983995,-8.520039
AE,245,0,0,0.23015545,-0.9375629
AE,245,1,1,-0.47228432,-1.0707457
AE,245,2,2,-1.0967879,-1.4195043
AE,245,3,3,-1.417519,-1.5689569
AE,246,0,0,0.43365014,-1.5482812
AE,246,1,1,-0.3324509,-1.2997943
AE,246,2,2,-1.0143316,-1.7474632
AE,246,3,3,-1.5548763,-1.870672
AE+fsce,0,0,0,0.28837523,1.6683167
AE+fsce,0,1,1,0.7550109,-0.7449188
AE+fsce,0,2,2,1.0809062,-1.5796859
AE+fsce,0,3,3,0.9803139,-2.9380908
AE+fsce,1,0,0,-2.4769142,-0.85128653
AE+fsce,1,1,1,-0.23990141,-1.9156308
AE+fsce,1,2,2,0.11777709,-3.1013083
AE+fsce,1,3,3,-0.23551138,-4.576103
AE+fsce,2,0,0,-1.4531101,-4.2271633
AE+fsce,2,1,1,-0.8444083,-5.181282
AE+fsce,2,2,2,-0.5373949,-5.655056
AE+fsce,2,3,3,-0.3924229,-5.9142947
AE+fsce,3,0,0,-3.2496054,9.685919
AE+fsce,3,1,1,-3.366723,10.124116
AE+fsce,3,2,2,-3.2271392,10.399619
AE+fsce,3,3,3,-2.7997253,10.454564
AE+fsce,4,0,0,-3.4209344,-0.55775225
AE+fsce,4,1,1,-0.693329,-2.8036916
AE+fsce,4,2,2,-1.0375906,-5.0045047
AE+fsce,4,3,3,-0.9785199,-6.059109
AE+fsce,5,0,0,-2.2873223,-2.3641791
AE+fsce,5,1,1,-1.6055543,-4.724806
AE+fsce,5,2,2,-1.3294791,-5.54935
AE+fsce,5,3,3,-0.9355754,-6.0369196
AE+fsce,6,0,0,-1.0975341,-2.1487694
AE+fsce,6,1,1,0.2347297,-2.4451053
AE+fsce,6,2,2,0.4399312,-2.9892075
AE+fsce,6,3,3,0.3761001,-3.7147973
AE+fsce,7,0,0,-1.1463726,0.92393744
AE+fsce,7,1,1,0.09882284,-1.3005936
AE+fsce,7,2,2,0.7552407,-1.945716
AE+fsce,7,3,3,0.6270172,-3.3651266
AE+fsce,8,0,0,-2.346678,-2.8360822
AE+fsce,8,1,1,-1.6503371,-4.4398704
AE+fsce,8,2,2,-1.262404,-5.115725
AE+fsce,8,3,3,-0.9657235,-5.412372
AE+fsce,9,0,0,-1.7939825,-3.0305655
AE+fsce,9,1,1,-0.27086002,-3.433715
AE+fsce,9,2,2,-0.1587106,-4.1678896
AE+fsce,9,3,3,-0.047860052,-4.560236
AE+fsce,10,0,0,-1.041485,0.8081466
AE+fsce,10,1,1,0.2171705,-0.7456279
AE+fsce,10,2,2,-0.509302,-3.8908525
AE+fsce,10,3,3,-1.5524957,-6.0510845
AE+fsce,11,0,0,1.9623239,-3.968412
AE+fsce,11,1,1,1.8825891,-3.7874265
AE+fsce,11,2,2,1.8746738,-3.5703897
AE+fsce,11,3,3,1.8081753,-3.6310804
AE+fsce,12,0,0,-3.3204598,-2.576228
AE+fsce,12,1,1,-2.3505325,-4.747246
AE+fsce,12,2,2,-1.6580793,-5.4667897
AE+fsce,12,3,3,-1.2872616,-5.9632177
AE+fsce,13,0,0,-1.2110233,-2.8005407
AE+fsce,13,1,1,0.19440171,-2.8775504
AE+fsce,13,2,2,0.5010369,-3.1596882
AE+fsce,13,3,3,0.4918372,-3.853341
AE+fsce,14,0,0,-0.009717626,1.6496077
AE+fsce,14,1,1,0.6310218,-1.259002
AE+fsce,14,2,2,-0.7587031,-4.821597
AE+fsce,14,3,3,-1.156757,-6.220004
AE+fsce,15,0,0,-1.3339963,-3.803629
AE+fsce,15,1,1,-0.4439871,-4.513104
AE+fsce,15,2,2,-0.39845133,-5.233952
AE+fsce,15,3,3,-0.22485773,-5.5295973
AE+fsce,16,0,0,-3.9673395,-0.9853743
AE+fsce,16,1,1,-2.1074822,-4.154827
AE+fsce,16,2,2,-1.4845542,-5.3357825
AE+fsce,16,3,3,-1.0687091,-5.894936
AE+fsce,17,0,0,-0.27070305,-2.980002
AE+fsce,17,1,1,0.2927005,-3.1844156
AE+fsce,17,2,2,0.062598035,-4.4149427
AE+fsce,17,3,3,-0.032727342,-5.5705914
AE+fsce,18,0,0,-4.8180246,-1.7736454
AE+fsce,18,1,1,-2.7226853,-5.136216
AE+fsce,18,2,2,-1.7834176,-5.9436755
AE+fsce,18,3,3,-1.170109,-6.417832
AE+fsce,19,0,0,-1.2075776,-5.0557055
AE+fsce,19,1,1,-0.7714103,-5.669114
AE+fsce,19,2,2,-0.49860317,-6.03509
AE+fsce,19,3,3,-0.30201072,-6.2892284
AE+fsce,20,0,0,0.30063042,-1.6848325
AE+fsce,20,1,1,0.8116748,-2.2846022
AE+fsce,20,2,2,1.0951424,-2.3823514
AE+fsce,20,3,3,1.3037084,-2.5255122
AE+fsce,21,0,0,-2.6263373,-5.073203
AE+fsce,21,1,1,-1.6521168,-5.9473166
AE+fsce,21,2,2,-1.0287786,-6.4692144
AE+fsce,21,3,3,-0.5967883,-6.782155
AE+fsce,22,0,0,-2.3785834,-5.1326513
AE+fsce,22,1,1,-1.6845142,-5.7554665
AE+fsce,22,2,2,-1.259155,-6.077505
AE+fsce,22,3,3,-0.9500288,-6.3092318
AE+fsce,23,0,0,-3.200672,-2.2096448
AE+fsce,23,1,1,-2.3356254,-4.157551
AE+fsce,23,2,2,-1.7307369,-5.0770817
AE+fsce,23,3,3,-1.3651948,-5.5368176
AE+fsce,24,0,0,-1.5202036,-3.614718
AE+fsce,24,1,1,-0.4912337,-4.3412395
AE+fsce,24,2,2,-0.5229819,-5.156727
AE+fsce,24,3,3,-0.35672262,-5.453676
AE+fsce,25,0,0,-0.81433403,-4.683084
AE+fsce,25,1,1,-0.27150175,-5.4697776
AE+fsce,25,2,2,-0.029652238,-5.8653135
AE+fsce,25,3,3,0.076477,-6.0921392
AE+fsce,26,0,0,-2.3404152,-2.216627
AE+fsce,26,1,1,-2.1894758,-4.3945775
AE+fsce,26,2,2,-1.7578187,-5.39537
AE+fsce,26,3,3,-1.3535262,-5.91485
AE+fsce,27,0,0,-1.1707077,2.5795786
AE+fsce,27,1,1,0.39593947,-1.1362908
AE+fsce,27,2,2,0.9309843,-1.9066813
AE+fsce,27,3,3,1.0234145,-3.006783
AE+fsce,28,0,0,-4.615114,0.57477087
AE+fsce,28,1,1,-4.2711596,0.9663673
AE+fsce,28,2,2,0.019939559,-3.2201178
AE+fsce,28,3,3,-0.7123142,-5.671478
AE+fsce,29,0,0,0.20943877,-1.619616
AE+fsce,29,1,1,0.7437244,-2.568519
AE+fsce,29,2,2,1.055217,-2.55427
AE+fsce,29,3,3,1.1896088,-2.7280393
AE+fsce,30,0,0,-3.9480042,-0.30515748
AE+fsce,30,1,1,-1.3731292,-1.4062439
AE+fsce,30,2,2,-0.26426348,-3.1837091
AE+fsce,30,3,3,-0.86240256,-5.1314373
AE+fsce,31,0,0,-1.8133729,-4.3228283
AE+fsce,31,1,1,-1.1173989,-5.2175236
AE+fsce,31,2,2,-0.716728,-5.7277946
AE+fsce,31,3,3,-0.44180614,-6.0686717
AE+fsce,32,0,0,-0.962303,-1.5993834
AE+fsce,32,1,1,0.09009422,-2.2257268
AE+fsce,32,2,2,0.5460121,-2.4329946
AE+fsce,32,3,3,0.57204574,-2.9560666
AE+fsce,33,0,0,0.45596233,-2.692652
AE+fsce,33,1,1,0.846349,-2.8216255
AE+fsce,33,2,2,1.1303351,-2.7108219
AE+fsce,33,3,3,1.2688,-2.8706884
AE+fsce,34,0,0,-1.3305733,-3.3605394
AE+fsce,34,1,1,0.18078195,-3.3896399
AE+fsce,34,2,2,0.1774584,-4.1638713
AE+fsce,34,3,3,0.21294323,-4.6561203
AE+fsce,35,0,0,-2.0742092,0.82849485
AE+fsce,35,1,1,-0.032881226,-1.6663305
AE+fsce,35,2,2,0.58112574,-2.3984401
AE+fsce,35,3,3,0.22503991,-4.084205
AE+fsce,36,0,0,-2.3448246,-1.5850767
AE+fsce,36,1,1,-0.5610822,-2.3158972
AE+fsce,36,2,2,-0.43148974,-3.7104905
AE+fsce,36,3,3,-0.5696611,-4.7224507
AE+fsce,37,0,0,-0.7417135,-0.33941314
AE+fsce,37,1,1,0.5267894,-2.0859802
AE+fsce,37,2,2,0.99293846,-2.4345636
AE+fsce,37,3,3,1.0579828,-3.6212378
AE+fsce,38,0,0,-1.9446489,-0.19586456
AE+fsce,38,1,1,0.3569277,-1.3132676
AE+fsce,38,2,2,0.61457485,-2.4253094
AE+fsce,38,3,3,0.30840424,-3.8970864
AE+fsce,39,0,0,2.2645516,-0.020725507
AE+fsce,39,1,1,1.9604359,-1.1420074
AE+fsce,39,2,2,1.8149556,-1.8246661
AE+fsce,39,3,3,1.7656574,-2.220003
AE+fsce,40,0,0,2.2942088,-4.9146104
AE+fsce,40,1,1,2.1677,-4.6934147
AE+fsce,40,2,2,1.994905,-4.64974
AE+fsce,40,3,3,1.8096936,-4.715696
AE+fsce,41,0,0,-1.1696044,2.550639
AE+fsce,41,1,1,0.75742084,-1.5546073
AE+fsce,41,2,2,1.060758,-2.1201487
AE+fsce,41,3,3,1.2789196,-2.6642878
AE+fsce,42,0,0,1.567024,-2.3428214
AE+fsce,42,1,1,1.4778839,-2.7974572
AE+fsce,42,2,2,1.4944695,-2.8318381
AE+fsce,42,3,3,1.5399348,-2.7325037
AE+fsce,43,0,0,-0.5905792,-2.7563376
AE+fsce,43,1,1,0.5361933,-2.8386526
AE+fsce,43,2,2,0.91266733,-2.8306038
AE+fsce,43,3,3,1.0243939,-3.1325905
AE+fsce,44,0,0,-2.4116304,-5.583288
AE+fsce,44,1,1,-1.2342659,-6.5947175
AE+fsce,44,2,2,-0.5482094,-7.064089
AE+fsce,44,3,3,-0.14605908,-7.292854
AE+fsce,45,0,0,0.5525347,1.3371873
AE+fsce,45,1,1,0.91851085,-0.7523101
AE+fsce,45,2,2,1.1744851,-1.6316601
AE+fsce,45,3,3,1.5230752,-1.9565698
AE+fsce,46,0,0,-1.8388273,0.858905
AE+fsce,46,1,1,0.066023834,-1.8601817
AE+fsce,46,2,2,-0.8152028,-4.6765714
AE+fsce,46,3,3,-1.1374263,-5.949886
AE+fsce,47,0,0,1.5128752,3.19338
AE+fsce,47,1,1,1.6429994,1.143229
AE+fsce,47,2,2,1.9675952,-0.28667337
AE+fsce,47,3,3,2.5238197,-1.0343425
AE+fsce,48,0,0,-1.1471375,1.3562835
AE+fsce,48,1,1,0.1115145,-1.1468219
AE+fsce,48,2,2,-0.88964283,-4.507795
AE+fsce,48,3,3,-1.4378572,-6.0534015
AE+fsce,49,0,0,-1.7476671,1.6762528
AE+fsce,49,1,1,0.096749194,-1.3329177
AE+fsce,49,2,2,0.85028857,-1.9740505
AE+fsce,49,3,3,0.67804843,-3.6153831
AE+fsce,50,0,0,-1.4321094,-0.89173436
AE+fsce,50,1,1,-1.1289968,-2.860681
AE+fsce,50,2,2,-1.516119,-5.0189867
AE+fsce,50,3,3,-1.5566343,-6.0204935
AE+fsce,51,0,0,-5.5546737,-0.74280435
AE+fsce,51,1,1,-3.677829,-5.0988755
AE+fsce,51,2,2,-2.2152812,-5.9265423
AE+fsce,51,3,3,-1.3972448,-6.543031
AE+fsce,52,0,0,-1.4364004,-1.6135468
AE+fsce,52,1,1,-0.5151436,-3.744154
AE+fsce,52,2,2,-0.7037679,-5.0161176
AE+fsce,52,3,3,-0.57457095,-5.8049173
AE+fsce,53,0,0,-2.5731537,1.581542
AE+fsce,53,1,1,0.010868264,-1.2275544
AE+fsce,53,2,2,0.71597534,-2.1643276
AE+fsce,53,3,3,0.05907021,-4.55848
AE+fsce,54,0,0,-1.9936229,-1.5399779
AE+fsce,54,1,1,-0.43338388,-1.9956312
AE+fsce,54,2,2,-0.12641026,-3.0829039
AE+fsce,54,3,3,-0.24718758,-4.1072407
AE+fsce,55,0,0,-2.8602712,-0.4165483
AE+fsce,55,1,1,-0.26716784,-2.1288414
AE+fsce,55,2,2,-0.25585723,-3.7387812
AE+fsce,55,3,3,-0.61522645,-5.0939293
AE+fsce,56,0,0,-3.0495763,0.345511
AE+fsce,56,1,1,-0.27048957,-1.2224973
AE+fsce,56,2,2,0.40913358,-2.434962
AE+fsce,56,3,3,-0.32693347,-4.724079
AE+fsce,57,0,0,-0.44216457,2.33988
AE+fsce,57,1,1,0.43594977,-0.63453555
AE+fsce,57,2,2,0.96268183,-1.611097
AE+fsce,57,3,3,1.1850682,-2.6336925
AE+fsce,58,0,0,-3.0052998,2.0664282
AE+fsce,58,1,1,-0.13548996,-1.7454262
AE+fsce,58,2,2,0.40351138,-2.8722916
AE+fsce,58,3,3,-0.3400771,-5.1295395
AE+fsce,59,0,0,-0.7332985,-0.33655784
AE+fsce,59,1,1,0.19069628,-1.4097949
AE+fsce,59,2,2,0.93153113,-1.9223143
AE+fsce,59,3,3,1.0496432,-3.2449265
AE+fsce,60,0,0,-4.218592,-0.681026
AE+fsce,60,1,1,-1.5179714,-3.5540948
AE+fsce,60,2,2,-1.0789331,-4.96351
AE+fsce,60,3,3,-0.94311494,-5.805554
AE+fsce,61,0,0,-3.1099288,5.608558
AE+fsce,61,1,1,2.3500783,4.3403835
AE+fsce,61,2,2,5.6200194,-2.1913226
AE+fsce,61,3,3,4.2558174,-3.8811917
AE+fsce,62,0,0,2.5290272,0.012409566
AE+fsce,62,1,1,2.2410228,-1.0852766
AE+fsce,62,2,2,2.071706,-1.7604738
AE+fsce,62,3,3,1.9853789,-2.1899598
AE+fsce,63,0,0,2.8110998,-1.749146
AE+fsce,63,1,1,2.4609025,-2.3381326
AE+fsce,63,2,2,2.269328,-2.4576826
AE+fsce,63,3,3,2.1198745,-2.6200101
AE+fsce,64,0,0,3.2385676,-2.7840316
AE+fsce,64,1,1,2.8239045,-3.0552752
AE+fsce,64,2,2,2.500438,-3.1181967
AE+fsce,64,3,3,2.294486,-3.0232074
AE+fsce,65,0,0,-0.49408114,-0.047708515
AE+fsce,65,1,1,0.7277908,-2.7543628
AE+fsce,65,2,2,1.070317,-2.6632903
AE+fsce,65,3,3,1.2437692,-2.847082
AE+fsce,66,0,0,0.06851374,-2.8017504
AE+fsce,66,1,1,0.5720752,-2.9301941
AE+fsce,66,2,2,0.91086614,-2.7501314
AE+fsce,66,3,3,1.0353016,-2.8481417
AE+fsce,67,0,0,2.268786,-0.69420457
AE+fsce,67,1,1,1.9770215,-1.5421618
AE+fsce,67,2,2,1.7949752,-2.0419323
AE+fsce,67,3,3,1.7084019,-2.326676
AE+fsce,68,0,0,-0.7968832,-1.6363678
AE+fsce,68,1,1,0.51204675,-2.1689658
AE+fsce,68,2,2,0.15011461,-4.2189717
AE+fsce,68,3,3,-0.11038045,-6.4077373
AE+fsce,69,0,0,-2.0222049,-0.29669273
AE+fsce,69,1,1,-0.1249317,-1.7619152
AE+fsce,69,2,2,0.3199876,-2.7357757
AE+fsce,69,3,3,-0.029232515,-4.25296
AE+fsce,70,0,0,-2.5245876,-4.687188
AE+fsce,70,1,1,-1.6906414,-5.5350313
AE+fsce,70,2,2,-1.1212837,-6.094026
AE+fsce,70,3,3,-0.70947623,-6.4562454
AE+fsce,71,0,0,0.87485653,-0.054540988
AE+fsce,71,1,1,0.9448331,-1.4548049
AE+fsce,71,2,2,0.5231206,-3.0718782
AE+fsce,71,3,3,0.032166306,-4.4520016
AE+fsce,72,0,0,-0.18629871,-1.179187
AE+fsce,72,1,1,0.5044728,-2.059049
AE+fsce,72,2,2,0.9200811,-2.2912679
AE+fsce,72,3,3,0.99109995,-3.184576
AE+fsce,73,0,0,-0.4058763,3.9887123
AE+fsce,73,1,1,0.73709273,-0.3510931
AE+fsce,73,2,2,1.1328903,-1.6438518
AE+fsce,73,3,3,1.5865533,-2.366884
AE+fsce,74,0,0,1.1006866,-3.588428
AE+fsce,74,1,1,1.322701,-3.294597
AE+fsce,74,2,2,1.2337229,-3.660769
AE+fsce,74,3,3,1.0788287,-4.1160645
AE+fsce,75,0,0,-0.9758313,-2.9638345
AE+fsce,75,1,1,0.27111623,-2.9480793
AE+fsce,75,2,2,0.53831095,-3.1798735
AE+fsce,75,3,3,0.5768357,-3.642976
AE+fsce,76,0,0,-3.1794105,-1.7507882
AE+fsce,76,1,1,-1.9242622,-3.7753897
AE+fsce,76,2,2,-1.5703648,-5.01859
AE+fsce,76,3,3,-1.276004,-5.547765
AE+fsce,77,0,0,2.3873777,-2.8443153
AE+fsce,77,1,1,2.1622076,-3.0265648
AE+fsce,77,2,2,2.0094893,-3.0757804
AE+fsce,77,3,3,1.9351255,-3.014552
AE+fsce,78,0,0,0.97122306,0.2846569
AE+fsce,78,1,1,1.0606983,-1.1489468
AE+fsce,78,2,2,1.1281111,-1.7627596
AE+fsce,78,3,3,1.2780641,-1.960233
AE+fsce,79,0,0,1.3024645,0.60690457
AE+fsce,79,1,1,1.3190159,-1.0092636
AE+fsce,79,2,2,1.3357091,-1.7191314
AE+fsce,79,3,3,1.4690267,-1.9846755
AE+fsce,80,0,0,0.08810026,-3.6836553
AE+fsce,80,1,1,0.79936206,-3.3019717
AE+fsce,80,2,2,0.8499459,-3.7029655
AE+fsce,80,3,3,0.7202646,-4.301536
AE+fsce,81,0,0,0.81373674,-2.6850376
AE+fsce,81,1,1,1.0611758,-2.7264204
AE+fsce,81,2,2,1.1890106,-2.8030922
AE+fsce,81,3,3,1.1610864,-3.1646938
AE+fsce,82,0,0,3.7078993,-0.9396826
AE+fsce,82,1,1,3.432856,-1.4144636
AE+fsce,82,2,2,3.149918,-1.7739338
AE+fsce,82,3,3,2.9023812,-2.0469239
AE+fsce,83,0,0,3.2292912,0.5636131
AE+fsce,83,1,1,3.0838926,-0.22138384
AE+fsce,83,2,2,2.9216247,-0.80019593
AE+fsce,83,3,3,2.7960842,-1.2438705
AE+fsce,84,0,0,1.8961138,1.4831632
AE+fsce,84,1,1,1.7875261,-0.2145958
AE+fsce,84,2,2,1.8029193,-1.1049204
AE+fsce,84,3,3,1.9376078,-1.7202108
AE+fsce,85,0,0,-3.7535727,-3.4965098
AE+fsce,85,1,1,-2.1943266,-5.222688
AE+fsce,85,2,2,-1.5376036,-5.8708334
AE+fsce,85,3,3,-1.0584781,-6.2699113
AE+fsce,86,0,0,-2.3436124,-2.8911514
AE+fsce,86,1,1,-1.7793642,-4.5817204
AE+fsce,86,2,2,-1.3684922,-5.2412076
AE+fsce,86,3,3,-1.0716757,-5.609199
AE+fsce,87,0,0,-0.68360806,-5.289853
AE+fsce,87,1,1,-0.33550653,-5.78264
AE+fsce,87,2,2,-0.17520668,-6.0469403
AE+fsce,87,3,3,-0.084797725,-6.2241697
AE+fsce,88,0,0,-3.0433679,1.0067981
AE+fsce,88,1,1,-0.060440525,-2.140897
AE+fsce,88,2,2,0.35761595,-2.9983866
AE+fsce,88,3,3,-0.055579368,-4.598603
AE+fsce,89,0,0,-4.301053,1.3917774
AE+fsce,89,1,1,-1.1096522,-0.6086187
AE+fsce,89,2,2,0.32225454,-3.2471974
AE+fsce,89,3,3,-0.41275752,-5.9772153
AE+fsce,90,0,0,-0.5235048,-6.157626
AE+fsce,90,1,1,-0.31474146,-6.3836074
AE+fsce,90,2,2,-0.18591681,-6.5087485
AE+fsce,90,3,3,-0.08465936,-6.599448
AE+fsce,91,0,0,-1.1017741,0.42418376
AE+fsce,91,1,1,0.083782814,-1.6804258
AE+fsce,91,2,2,-1.1652311,-4.978028
AE+fsce,91,3,3,-1.4561825,-6.2144604
AE+fsce,92,0,0,1.3138644,-0.81947714
AE+fsce,92,1,1,1.2618103,-2.089212
AE+fsce,92,2,2,1.3122071,-2.4860487
AE+fsce,92,3,3,1.4572763,-2.5209317
AE+fsce,93,0,0,-2.0113065,3.088762
AE+fsce,93,1,1,0.6919348,-1.9809021
AE+fsce,93,2,2,1.0050242,-2.3378835
AE+fsce,93,3,3,1.1918175,-2.8191948
AE+fsce,94,0,0,-2.626078,-1.8846401
AE+fsce,94,1,1,0.18270762,-2.9141982
AE+fsce,94,2,2,0.15255144,-3.8916717
AE+fsce,94,3,3,0.070970215,-4.738941
AE+fsce,95,0,0,-2.3193457,0.03099739
AE+fsce,95,1,1,0.1377969,-1.5166931
AE+fsce,95,2,2,0.8489966,-2.1293447
AE+fsce,95,3,3,0.6193256,-4.0006633
AE+fsce,96,0,0,-1.912762,1.6899751
AE+fsce,96,1,1,0.53188264,-2.1976728
AE+fsce,96,2,2,1.078136,-2.4949336
AE+fsce,96,3,3,1.264872,-3.693269
AE+fsce,97,0,0,-1.8731719,1.274966
AE+fsce,97,1,1,0.10347675,-0.6339808
AE+fsce,97,2,2,0.9531901,-1.3505596
AE+fsce,97,3,3,0.94257647,-2.8624485
AE+fsce,98,0,0,-3.0832582,-2.5599751
AE+fsce,98,1,1,-2.0835094,-4.104523
AE+fsce,98,2,2,-1.5478545,-4.968919
AE+fsce,98,3,3,-1.2284747,-5.4521523
AE+fsce,99,0,0,-2.6651106,-3.0113611
AE+fsce,99,1,1,-1.6647788,-4.594785
AE+fsce,99,2,2,-1.2097107,-5.297663
AE+fsce,99,3,3,-0.9191114,-5.688739
AE+fsce,100,0,0,-2.7743201,-2.3473494
AE+fsce,100,1,1,-1.7954246,-3.9300034
AE+fsce,100,2,2,-1.3430368,-4.8721886
AE+fsce,100,3,3,-1.0356784,-5.2951317
AE+fsce,101,0,0,0.4920613,0.724033
AE+fsce,101,1,1,0.82804817,-0.97533154
AE+fsce,101,2,2,1.1285132,-1.8254977
AE+fsce,101,3,3,1.5947899,-2.1745074
AE+fsce,102,0,0,-2.7715445,-0.30193934
AE+fsce,102,1,1,-0.06387365,-1.6485466
AE+fsce,102,2,2,0.61205524,-2.2930777
AE+fsce,102,3,3,0.47745824,-3.5501049
AE+fsce,103,0,0,1.887057,0.170784
AE+fsce,103,1,1,1.644235,-1.2250268
AE+fsce,103,2,2,1.5615476,-1.9524833
AE+fsce,103,3,3,1.5979731,-2.2897885
AE+fsce,104,0,0,1.1772314,-3.117687
AE+fsce,104,1,1,1.3589469,-2.9578824
AE+fsce,104,2,2,1.334466,-3.2013915
AE+fsce,104,3,3,1.2350578,-3.580094
AE+fsce,105,0,0,0.3246629,-0.6567688
AE+fsce,105,1,1,0.86066633,-1.8842313
AE+fsce,105,2,2,1.087295,-2.205286
AE+fsce,105,3,3,1.2970431,-2.359531
AE+fsce,106,0,0,-3.639398,-7.183255
AE+fsce,106,1,1,-2.3768413,-8.001846
AE+fsce,106,2,2,-1.3074895,-8.418537
AE+fsce,106,3,3,-0.5648318,-8.583529
AE+fsce,107,0,0,-0.81604725,1.0737187
AE+fsce,107,1,1,0.4146069,-1.6280841
AE+fsce,107,2,2,0.88355905,-2.1016283
AE+fsce,107,3,3,0.97383827,-2.8776453
AE+fsce,108,0,0,-3.0324333,2.5431898
AE+fsce,108,1,1,0.35699114,-1.1427894
AE+fsce,108,2,2,0.65831983,-2.657626
AE+fsce,108,3,3,-0.50290626,-5.994254
AE+fsce,109,0,0,0.22356184,1.4457147
AE+fsce,109,1,1,0.9556953,-1.2292242
AE+fsce,109,2,2,1.6890305,-2.0945892
AE+fsce,109,3,3,2.6863456,-3.3940477
AE+fsce,110,0,0,-0.7119648,2.1257608
AE+fsce,110,1,1,0.52563125,-1.253294
AE+fsce,110,2,2,0.9605438,-2.0005023
AE+fsce,110,3,3,1.2388542,-2.5820024
AE+fsce,111,0,0,-3.408117,0.33127478
AE+fsce,111,1,1,-0.2660988,-1.7600964
AE+fsce,111,2,2,-0.24516147,-3.7255235
AE+fsce,111,3,3,-0.8495553,-5.4847655
AE+fsce,112,0,0,-2.2685385,-0.9758348
AE+fsce,112,1,1,-0.06357596,-2.2077274
AE+fsce,112,2,2,0.36703405,-2.9361596
AE+fsce,112,3,3,0.16194151,-4.142838
AE+fsce,113,0,0,-1.2343941,-3.4219925
AE+fsce,113,1,1,-0.263668,-3.964127
AE+fsce,113,2,2,-0.24812332,-4.7020283
AE+fsce,113,3,3,-0.11960635,-5.0581045
AE+fsce,114,0,0,-3.0285685,0.21240468
AE+fsce,114,1,1,-0.069280386,-2.0247364
AE+fsce,114,2,2,0.04190572,-3.6489382
AE+fsce,114,3,3,-0.6133692,-5.729374
AE+fsce,115,0,0,-4.211119,-3.8823018
AE+fsce,115,1,1,-2.8917255,-5.599791
AE+fsce,115,2,2,-1.702629,-6.603805
AE+fsce,115,3,3,-0.8885798,-7.118605
AE+fsce,116,0,0,2.2602599,-3.2217612
AE+fsce,116,1,1,2.0103548,-3.3560772
AE+fsce,116,2,2,1.8638343,-3.31666
AE+fsce,116,3,3,1.8088437,-3.1379175
AE+fsce,117,0,0,-2.5409527,0.43408224
AE+fsce,117,1,1,-0.12922652,-1.351661
AE+fsce,117,2,2,0.43853366,-2.4936075
AE+fsce,117,3,3,-0.18901262,-4.6076136
AE+fsce,118,0,0,2.290697,-0.05224901
AE+fsce,118,1,1,2.1404254,-1.2480022
AE+fsce,118,2,2,2.0526695,-1.9565008
AE+fsce,118,3,3,2.0544133,-2.387648
AE+fsce,119,0,0,1.4319544,1.5983793
AE+fsce,119,1,1,1.3992301,-0.57167786
AE+fsce,119,2,2,1.4504565,-1.518986
AE+fsce,119,3,3,1.6408798,-2.081545
AE+fsce,120,0,0,-2.6521142,-4.7149796
AE+fsce,120,1,1,-1.6376027,-5.7150083
AE+fsce,120,2,2,-1.073848,-6.2289395
AE+fsce,120,3,3,-0.6237001,-6.5878015
AE+fsce,121,0,0,-2.9937086,-2.4660513
AE+fsce,121,1,1,-1.932855,-4.5525193
AE+fsce,121,2,2,-1.4148041,-5.297852
AE+fsce,121,3,3,-1.0664936,-5.6662364
AE+fsce,122,0,0,-0.49415758,-2.6021738
AE+fsce,122,1,1,0.34712887,-3.0177655
AE+fsce,122,2,2,0.045746654,-4.2568045
AE+fsce,122,3,3,-0.0012134436,-5.099801
AE+fsce,123,0,0,-3.444671,-3.1062348
AE+fsce,123,1,1,-2.2184558,-4.7209444
AE+fsce,123,2,2,-1.6558032,-5.4106984
AE+fsce,123,3,3,-1.2974703,-5.8284273
AE+fsce,124,0,0,-1.5469742,0.29358083
AE+fsce,124,1,1,-1.1339281,-2.7805464
AE+fsce,124,2,2,-1.7464794,-5.267917
AE+fsce,124,3,3,-1.6032317,-6.0080795
AE+fsce,125,0,0,0.10046484,0.98819345
AE+fsce,125,1,1,0.48247918,-0.7182676
AE+fsce,125,2,2,0.84361595,-1.5785688
AE+fsce,125,3,3,1.1563205,-2.0027754
AE+fsce,126,0,0,-2.8624387,-4.695038
AE+fsce,126,1,1,-1.9573089,-5.5127835
AE+fsce,126,2,2,-1.5017174,-5.9191318
AE+fsce,126,3,3,-1.1270522,-6.2568765
AE+fsce,127,0,0,1.887057,0.170784
AE+fsce,127,1,1,1.644235,-1.2250268
AE+fsce,127,2,2,1.5615476,-1.9524833
AE+fsce,127,3,3,1.5979731,-2.2897885
AE+fsce,128,0,0,-1.5818074,1.3253272
AE+fsce,128,1,1,0.2639023,-1.4704593
AE+fsce,128,2,2,-0.6699081,-4.4968767
AE+fsce,128,3,3,-1.1405355,-5.972846
AE+fsce,129,0,0,-2.2493758,-2.214786
AE+fsce,129,1,1,-0.84020096,-3.4752834
AE+fsce,129,2,2,-0.95028424,-4.870133
AE+fsce,129,3,3,-0.82181627,-5.5925646
AE+fsce,130,0,0,-3.5920234,-4.648205
AE+fsce,130,1,1,-2.244113,-5.815476
AE+fsce,130,2,2,-1.5039893,-6.420341
AE+fsce,130,3,3,-0.97951114,-6.7832
AE+fsce,131,0,0,-2.179761,2.3895006
AE+fsce,131,1,1,0.11874631,-1.4715872
AE+fsce,131,2,2,0.79752547,-2.1518567
AE+fsce,131,3,3,0.49950722,-3.9558852
AE+fsce,132,0,0,-4.5196524,-3.959843
AE+fsce,132,1,1,-3.2878382,-5.4483404
AE+fsce,132,2,2,-2.2646856,-6.2964354
AE+fsce,132,3,3,-1.5322081,-6.772578
AE+fsce,133,0,0,-5.287196,-4.606495
AE+fsce,133,1,1,-3.8492036,-6.3553524
AE+fsce,133,2,2,-2.360723,-7.215309
AE+fsce,133,3,3,-1.4009285,-7.5518575
AE+fsce,134,0,0,-2.0021164,2.5757942
AE+fsce,134,1,1,0.49672434,-0.9544183
AE+fsce,134,2,2,1.0806476,-1.7550741
AE+fsce,134,3,3,1.287154,-2.8179178
AE+fsce,135,0,0,-0.19159146,2.024589
AE+fsce,135,1,1,0.41378546,-0.122190624
AE+fsce,135,2,2,0.62363625,-2.162751
AE+fsce,135,3,3,-1.1048048,-5.971862
AE+fsce,136,0,0,-3.9812348,-0.9696164
AE+fsce,136,1,1,-2.4810164,-4.087346
AE+fsce,136,2,2,-1.6820362,-5.376018
AE+fsce,136,3,3,-1.2951556,-5.873008
AE+fsce,137,0,0,0.21870227,-0.7322356
AE+fsce,137,1,1,0.79708934,-2.2466059
AE+fsce,137,2,2,1.1165428,-2.5172064
AE+fsce,137,3,3,1.4025543,-2.8723586
AE+fsce,138,0,0,-2.4576843,-0.31688714
AE+fsce,138,1,1,0.1922038,-1.6517612
AE+fsce,138,2,2,0.72437376,-2.3239138
AE+fsce,138,3,3,0.40142754,-3.9393036
AE+fsce,139,0,0,-1.2249849,-1.5668806
AE+fsce,139,1,1,-1.5773472,-4.638302
AE+fsce,139,2,2,-1.4104481,-5.4990973
AE+fsce,139,3,3,-1.0829891,-5.9917493
AE+fsce,140,0,0,-4.291147,-0.27631363
AE+fsce,140,1,1,-4.0341263,-1.947828
AE+fsce,140,2,2,-1.7967529,-5.1929245
AE+fsce,140,3,3,-1.4125212,-5.8388658
AE+fsce,141,0,0,-0.523922,-1.3189303
AE+fsce,141,1,1,0.454184,-2.1721818
AE+fsce,141,2,2,0.918147,-2.3322663
AE+fsce,141,3,3,1.1023521,-2.9145572
AE+fsce,142,0,0,1.7698869,0.26476234
AE+fsce,142,1,1,1.5652317,-1.1859716
AE+fsce,142,2,2,1.4968922,-1.9280121
AE+fsce,142,3,3,1.5547242,-2.264011
AE+fsce,143,0,0,-2.735606,3.6521325
AE+fsce,143,1,1,0.75916755,-1.7209847
AE+fsce,143,2,2,1.2321436,-2.2786734
AE+fsce,143,3,3,1.6390527,-3.5255866
AE+fsce,144,0,0,-4.1516905,2.8779745
AE+fsce,144,1,1,0.8656019,-1.9419372
AE+fsce,144,2,2,0.45374134,-4.319634
AE+fsce,144,3,3,0.27687415,-7.003336
AE+fsce,145,0,0,-3.2320542,-4.3361044
AE+fsce,145,1,1,-2.034458,-5.533009
AE+fsce,145,2,2,-1.5309242,-5.92358
AE+fsce,145,3,3,-1.1282032,-6.263277
AE+fsce,146,0,0,-5.2521477,-2.2822664
AE+fsce,146,1,1,-3.799423,-4.923187
AE+fsce,146,2,2,-2.4934535,-5.76298
AE+fsce,146,3,3,-1.7276584,-6.3233514
AE+fsce,147,0,0,0.6265692,2.3868766
AE+fsce,147,1,1,1.1942894,-1.2820588
AE+fsce,147,2,2,1.2254688,-2.1177473
AE+fsce,147,3,3,1.4702854,-2.3582873
AE+fsce,148,0,0,-1.9861715,-1.5963424
AE+fsce,148,1,1,-0.48743245,-4.2049184
AE+fsce,148,2,2,-0.98302794,-5.7677894
AE+fsce,148,3,3,-0.60583895,-6.5064254
AE+fsce,149,0,0,-2.5696104,-0.40793335
AE+fsce,149,1,1,0.01678175,-2.4860077
AE+fsce,149,2,2,0.30273175,-3.2145712
AE+fsce,149,3,3,0.048534118,-4.405056
AE+fsce,150,0,0,-0.33962557,2.9119937
AE+fsce,150,1,1,0.6648965,-0.5947346
AE+fsce,150,2,2,1.0317034,-1.732448
AE+fsce,150,3,3,0.4457919,-4.251098
AE+fsce,151,0,0,-5.667381,-2.7975135
AE+fsce,151,1,1,-5.645729,-4.0263357
AE+fsce,151,2,2,-4.2926736,-6.091111
AE+fsce,151,3,3,-2.5273013,-7.2071786
AE+fsce,152,0,0,0.7783849,-2.1331406
AE+fsce,152,1,1,1.0921631,-2.4723315
AE+fsce,152,2,2,1.3659414,-2.5152125
AE+fsce,152,3,3,1.5294758,-2.8206282
AE+fsce,153,0,0,-1.6795723,-0.25511795
AE+fsce,153,1,1,0.46980512,-2.4354513
AE+fsce,153,2,2,0.87969697,-2.7691326
AE+fsce,153,3,3,0.85935783,-4.0102663
AE+fsce,154,0,0,0.46085587,0.90724283
AE+fsce,154,1,1,0.92599994,-0.8064891
AE+fsce,154,2,2,0.3674471,-3.4231422
AE+fsce,154,3,3,-0.54972297,-5.9314027
AE+fsce,155,0,0,-0.043415263,0.21361977
AE+fsce,155,1,1,0.63561463,-0.9423128
AE+fsce,155,2,2,0.8490313,-2.616227
AE+fsce,155,3,3,0.18003584,-5.8737664
AE+fsce,156,0,0,-4.390051,4.2855277
AE+fsce,156,1,1,-6.511661,5.1893344
AE+fsce,156,2,2,-3.956263,8.617528
AE+fsce,156,3,3,0.8596016,1.7890847
AE+fsce,157,0,0,-0.28726515,2.2264144
AE+fsce,157,1,1,0.78934884,-1.053325
AE+fsce,157,2,2,1.0700554,-1.9036554
AE+fsce,157,3,3,1.3743219,-2.3804867
AE+fsce,158,0,0,-1.4252071,-0.10875179
AE+fsce,158,1,1,0.858058,-2.7559447
AE+fsce,158,2,2,0.8558556,-4.725466
AE+fsce,158,3,3,1.0523385,-6.9948087
AE+fsce,159,0,0,-2.2881544,-0.19620025
AE+fsce,159,1,1,-0.040387653,-1.3011371
AE+fsce,159,2,2,0.23465404,-2.8345318
AE+fsce,159,3,3,-0.5260066,-4.957826
AE+fsce,160,0,0,-2.6252,3.9787834
AE+fsce,160,1,1,0.5892266,-1.3587984
AE+fsce,160,2,2,0.9414223,-2.8320665
AE+fsce,160,3,3,0.5935439,-6.4778843
AE+fsce,161,0,0,-5.5103025,2.7437298
AE+fsce,161,1,1,-7.732149,1.1727356
AE+fsce,161,2,2,-2.1819868,-6.212827
AE+fsce,161,3,3,-0.26477763,-7.5632687
AE+fsce,162,0,0,1.343731,-0.16350639
AE+fsce,162,1,1,1.3674768,-1.437469
AE+fsce,162,2,2,1.4802097,-1.8648406
AE+fsce,162,3,3,1.5753535,-2.3484972
AE+fsce,163,0,0,-0.9417266,-3.363549
AE+fsce,163,1,1,0.42677566,-3.1587796
AE+fsce,163,2,2,0.46730348,-3.9414086
AE+fsce,163,3,3,0.46928993,-4.6986456
AE+fsce,164,0,0,1.4371753,0.5321549
AE+fsce,164,1,1,1.4460834,-1.2542971
AE+fsce,164,2,2,1.4810728,-1.8928087
AE+fsce,164,3,3,1.6451569,-2.1566446
AE+fsce,165,0,0,-3.4875288,-3.2249863
AE+fsce,165,1,1,-2.335094,-4.713965
AE+fsce,165,2,2,-1.7479638,-5.4277754
AE+fsce,165,3,3,-1.3129872,-5.880041
AE+fsce,166,0,0,-2.3298044,-2.0657737
AE+fsce,166,1,1,-0.4235804,-2.565387
AE+fsce,166,2,2,-0.22832344,-3.6672616
AE+fsce,166,3,3,-0.3945671,-4.667076
AE+fsce,167,0,0,-2.6428642,-0.091179565
AE+fsce,167,1,1,0.08395543,-1.7872533
AE+fsce,167,2,2,0.80760705,-2.098931
AE+fsce,167,3,3,0.8868109,-2.949266
AE+fsce,168,0,0,1.2557902,3.3785174
AE+fsce,168,1,1,1.3593266,0.27588814
AE+fsce,168,2,2,1.5190817,-1.0693862
AE+fsce,168,3,3,1.900903,-1.8084505
AE+fsce,169,0,0,2.9122965,0.49306545
AE+fsce,169,1,1,2.7429848,-0.5419521
AE+fsce,169,2,2,2.5289197,-1.2941368
AE+fsce,169,3,3,2.3769512,-1.817707
AE+fsce,170,0,0,0.90449214,1.5351294
AE+fsce,170,1,1,1.0931116,-0.45404392
AE+fsce,170,2,2,1.2569324,-1.3788259
AE+fsce,170,3,3,1.4980286,-1.8746396
AE+fsce,171,0,0,1.0260344,1.1128173
AE+fsce,171,1,1,1.1966833,-0.63533986
AE+fsce,171,2,2,1.3311846,-1.556087
AE+fsce,171,3,3,1.680658,-1.9756798
AE+fsce,172,0,0,1.4190571,-0.41149205
AE+fsce,172,1,1,1.3608401,-1.5275985
AE+fsce,172,2,2,1.4696233,-1.9015609
AE+fsce,172,3,3,1.5193645,-2.4671612
AE+fsce,173,0,0,-4.2188134,-4.0458713
AE+fsce,173,1,1,-2.741731,-5.605928
AE+fsce,173,2,2,-1.8273242,-6.3834443
AE+fsce,173,3,3,-1.1820704,-6.824176
AE+fsce,174,0,0,0.46467966,2.5047195
AE+fsce,174,1,1,0.79916996,-0.009066786
AE+fsce,174,2,2,1.2216598,-1.052123
AE+fsce,174,3,3,1.3982702,-2.322148
AE+fsce,175,0,0,-1.32311,-1.423858
AE+fsce,175,1,1,-1.9194005,-5.1800437
AE+fsce,175,2,2,-1.6084332,-6.0424833
AE+fsce,175,3,3,-0.79834515,-6.7476387
AE+fsce,176,0,0,0.5899593,0.27086657
AE+fsce,176,1,1,0.8923508,-1.4498549
AE+fsce,176,2,2,1.0439292,-2.0947464
AE+fsce,176,3,3,1.270348,-2.2999413
AE+fsce,177,0,0,-0.33420825,1.0293742
AE+fsce,177,1,1,0.8218809,-1.7848827
AE+fsce,177,2,2,1.101567,-2.3216646
AE+fsce,177,3,3,1.5118262,-2.5144787
AE+fsce,178,0,0,2.4883797,0.42424664
AE+fsce,178,1,1,2.2045152,-0.69504666
AE+fsce,178,2,2,2.0596445,-1.407056
AE+fsce,178,3,3,2.0071173,-1.902344
AE+fsce,179,0,0,-1.4645836,-1.9100051
AE+fsce,179,1,1,0.07324321,-2.260969
AE+fsce,179,2,2,0.010555471,-3.7775695
AE+fsce,179,3,3,-0.5129584,-5.5149283
AE+fsce,180,0,0,-0.22533949,-2.374298
AE+fsce,180,1,1,0.5340282,-2.762224
AE+fsce,180,2,2,0.99311537,-2.7159834
AE+fsce,180,3,3,1.300461,-3.0112667
AE+fsce,181,0,0,-4.101469,-3.1877224
AE+fsce,181,1,1,-2.6917353,-4.8756266
AE+fsce,181,2,2,-1.9544139,-5.6221776
AE+fsce,181,3,3,-1.4265339,-6.083002
AE+fsce,182,0,0,-0.18449473,0.7758248
AE+fsce,182,1,1,0.47037354,-1.1520569
AE+fsce,182,2,2,0.887896,-1.8764799
AE+fsce,182,3,3,1.1704729,-2.352981
AE+fsce,183,0,0,-7.096551,-0.37988877
AE+fsce,183,1,1,-3.4829552,-5.1906724
AE+fsce,183,2,2,-2.1897237,-6.0260406
AE+fsce,183,3,3,-0.8197905,-7.1647267
AE+fsce,184,0,0,-3.2971547,1.5404701
AE+fsce,184,1,1,0.15292308,-1.3021809
AE+fsce,184,2,2,-1.4929509,-5.298112
AE+fsce,184,3,3,-1.4074632,-6.4537845
AE+fsce,185,0,0,-3.3233118,4.5434656
AE+fsce,185,1,1,1.062996,-1.5501764
AE+fsce,185,2,2,1.6175157,-2.9576824
AE+fsce,185,3,3,2.0979192,-6.129767
AE+fsce,186,0,0,-3.8302572,-2.9731872
AE+fsce,186,1,1,-2.386787,-5.087578
AE+fsce,186,2,2,-1.748445,-5.688015
AE+fsce,186,3,3,-1.2727458,-6.1124353
AE+fsce,187,0,0,-1.5722929,-3.0717843
AE+fsce,187,1,1,-0.16302913,-3.4470062
AE+fsce,187,2,2,-0.1765988,-4.2486305
AE+fsce,187,3,3,-0.11654228,-4.6506667
AE+fsce,188,0,0,0.15559845,-3.7480578
AE+fsce,188,1,1,0.8347446,-3.4109647
AE+fsce,188,2,2,0.9697691,-3.6930587
AE+fsce,188,3,3,0.98408264,-4.0905046
AE+fsce,189,0,0,-5.1894774,-0.023126084
AE+fsce,189,1,1,-5.8719153,-0.8992338
AE+fsce,189,2,2,-2.890168,-5.650487
AE+fsce,189,3,3,-1.2784879,-6.575435
AE+fsce,190,0,0,-2.0416553,-2.97772
AE+fsce,190,1,1,-1.0297933,-4.1754537
AE+fsce,190,2,2,-0.8987089,-4.9654856
AE+fsce,190,3,3,-0.6512808,-5.2279434
AE+fsce,191,0,0,-0.6262916,-2.5589087
AE+fsce,191,1,1,-0.26426885,-3.7450273
AE+fsce,191,2,2,-0.481642,-4.79522
AE+fsce,191,3,3,-0.44599771,-5.4744887
AE+fsce,192,0,0,0.79459155,-3.5486734
AE+fsce,192,1,1,0.7238088,-4.151993
AE+fsce,192,2,2,0.40823337,-5.00632
AE+fsce,192,3,3,0.3285496,-5.339136
AE+fsce,193,0,0,-4.598524,0.28204614
AE+fsce,193,1,1,-3.2726407,-5.091935
AE+fsce,193,2,2,-2.1010041,-5.7800713
AE+fsce,193,3,3,-1.4348772,-6.312322
AE+fsce,194,0,0,-5.0400925,-3.4201481
AE+fsce,194,1,1,-4.500561,-5.061324
AE+fsce,194,2,2,-3.1554368,-6.73926
AE+fsce,194,3,3,-1.680405,-7.6640196
AE+fsce,195,0,0,-5.362955,-2.94041
AE+fsce,195,1,1,-4.965987,-4.376993
AE+fsce,195,2,2,-3.4576988,-5.959124
AE+fsce,195,3,3,-2.2486923,-6.6917543
AE+fsce,196,0,0,-3.792573,-4.7058325
AE+fsce,196,1,1,-2.5132961,-5.78749
AE+fsce,196,2,2,-1.7793249,-6.3717914
AE+fsce,196,3,3,-1.1685457,-6.759742
AE+fsce,197,0,0,-1.1962451,-2.367991
AE+fsce,197,1,1,0.523972,-2.7555633
AE+fsce,197,2,2,0.8474207,-3.0273566
AE+fsce,197,3,3,0.8944207,-3.8684204
AE+fsce,198,0,0,0.5143471,-3.3395097
AE+fsce,198,1,1,0.80528444,-3.58857
AE+fsce,198,2,2,0.7361137,-4.201077
AE+fsce,198,3,3,0.74377865,-4.5583744
AE+fsce,199,0,0,-1.2239549,-0.13557215
AE+fsce,199,1,1,0.30517808,-1.0786078
AE+fsce,199,2,2,0.5674248,-2.3189738
AE+fsce,199,3,3,0.252863,-3.837401
AE+fsce,200,0,0,-4.7835655,-4.304151
AE+fsce,200,1,1,-3.0432098,-5.6531057
AE+fsce,200,2,2,-2.0531964,-6.3366446
AE+fsce,200,3,3,-1.3301914,-6.753281
AE+fsce,201,0,0,-3.6026444,2.5738947
AE+fsce,201,1,1,0.10978041,-2.2008104
AE+fsce,201,2,2,0.5412923,-3.1361618
AE+fsce,201,3,3,-0.031957015,-5.573694
AE+fsce,202,0,0,-5.5358706,-4.4567065
AE+fsce,202,1,1,-5.047426,-5.667719
AE+fsce,202,2,2,-3.8470702,-6.987668
AE+fsce,202,3,3,-2.442402,-7.7836695
AE+fsce,203,0,0,-1.8437843,-1.1882281
AE+fsce,203,1,1,-0.04242481,-2.1538074
AE+fsce,203,2,2,0.26750088,-3.0170574
AE+fsce,203,3,3,0.08029937,-4.1053157
AE+fsce,204,0,0,-1.1484845,0.8021722
AE+fsce,204,1,1,0.39184588,-1.6157498
AE+fsce,204,2,2,0.8957107,-2.0708287
AE+fsce,204,3,3,0.9326277,-3.0011406
AE+fsce,205,0,0,-5.551896,0.23378432
AE+fsce,205,1,1,-6.343816,-0.033264123
AE+fsce,205,2,2,-5.997533,-3.5060005
AE+fsce,205,3,3,-2.6229997,-6.8475924
AE+fsce,206,0,0,-1.1617763,3.8834462
AE+fsce,206,1,1,0.51795876,-0.63381803
AE+fsce,206,2,2,1.0666381,-1.7509835
AE+fsce,206,3,3,1.2497691,-3.1146877
AE+fsce,207,0,0,0.24482137,2.4530306
AE+fsce,207,1,1,0.81539977,0.5118514
AE+fsce,207,2,2,1.5153891,-0.6232193
AE+fsce,207,3,3,1.9640265,-2.4090838
AE+fsce,208,0,0,0.101492964,-5.061463
AE+fsce,208,1,1,0.41187388,-5.5847282
AE+fsce,208,2,2,0.5392077,-5.8923216
AE+fsce,208,3,3,0.575606,-6.0765967
AE+fsce,209,0,0,-0.88306063,-3.2213798
AE+fsce,209,1,1,-1.0710483,-4.9980245
AE+fsce,209,2,2,-0.8565208,-5.4099355
AE+fsce,209,3,3,-0.5708084,-5.649197
AE+fsce,210,0,0,-2.692115,-0.38735735
AE+fsce,210,1,1,-0.05922695,-2.358064
AE+fsce,210,2,2,0.14734627,-3.3622377
AE+fsce,210,3,3,-0.14863922,-4.623759
AE+fsce,211,0,0,-3.6897998,-3.818293
AE+fsce,211,1,1,-2.3815882,-5.172215
AE+fsce,211,2,2,-1.7703885,-5.698945
AE+fsce,211,3,3,-1.3341323,-6.070939
AE+fsce,212,0,0,-1.0029725,2.8895853
AE+fsce,212,1,1,0.69371504,-1.4127376
AE+fsce,212,2,2,1.0002114,-2.1159284
AE+fsce,212,3,3,1.246365,-2.6249545
AE+fsce,213,0,0,0.27444303,-3.6324518
AE+fsce,213,1,1,0.8084075,-3.3470476
AE+fsce,213,2,2,1.0278503,-3.2467566
AE+fsce,213,3,3,1.1136813,-3.3352342
AE+fsce,214,0,0,-2.1148562,-1.6804136
AE+fsce,214,1,1,0.0014605005,-2.6881223
AE+fsce,214,2,2,0.08035365,-3.626211
AE+fsce,214,3,3,-0.09238488,-4.575419
AE+fsce,215,0,0,2.0881968,-0.78605235
AE+fsce,215,1,1,1.8358072,-1.755065
AE+fsce,215,2,2,1.7586836,-2.0733175
AE+fsce,215,3,3,1.7215457,-2.262141
AE+fsce,216,0,0,-3.7351394,-3.4545503
AE+fsce,216,1,1,-2.2396994,-5.1339006
AE+fsce,216,2,2,-1.5753915,-5.7911253
AE+fsce,216,3,3,-1.0922688,-6.201915
AE+fsce,217,0,0,-0.86455894,-6.6028895
AE+fsce,217,1,1,-0.54758364,-6.726369
AE+fsce,217,2,2,-0.33709162,-6.7987437
AE+fsce,217,3,3,-0.17255692,-6.8665724
AE+fsce,218,0,0,0.21942724,-2.63271
AE+fsce,218,1,1,0.64307445,-2.84465
AE+fsce,218,2,2,0.3246751,-3.972373
AE+fsce,218,3,3,0.17088549,-4.736718
AE+fsce,219,0,0,2.0813766,-0.5628599
AE+fsce,219,1,1,1.7876676,-1.5690566
AE+fsce,219,2,2,1.645878,-2.1352062
AE+fsce,219,3,3,1.614435,-2.3716507
AE+fsce,220,0,0,-4.446566,-3.7791712
AE+fsce,220,1,1,-2.891376,-5.354256
AE+fsce,220,2,2,-2.144128,-5.904209
AE+fsce,220,3,3,-1.5564061,-6.3361244
AE+fsce,221,0,0,-5.9427814,-2.790953
AE+fsce,221,1,1,-5.6135297,-4.5736203
AE+fsce,221,2,2,-3.623094,-6.6859927
AE+fsce,221,3,3,-1.9099028,-7.4488263
AE+fsce,222,0,0,0.5287216,0.09199664
AE+fsce,222,1,1,0.95615804,-1.2803676
AE+fsce,222,2,2,1.1195111,-1.9129548
AE+fsce,222,3,3,1.3742334,-2.1247983
AE+fsce,223,0,0,-4.624372,-4.7945914
AE+fsce,223,1,1,-3.3593335,-5.9254875
AE+fsce,223,2,2,-2.3307674,-6.681499
AE+fsce,223,3,3,-1.553915,-7.119977
AE+fsce,224,0,0,-6.07303,-2.0265944
AE+fsce,224,1,1,-5.04915,-4.5132713
AE+fsce,224,2,2,-2.931278,-5.90678
AE+fsce,224,3,3,-1.8890046,-6.536327
AE+fsce,225,0,0,-1.6161398,0.45184645
AE+fsce,225,1,1,-1.1534053,-4.10698
AE+fsce,225,2,2,-1.7842246,-6.0041327
AE+fsce,225,3,3,-0.9864817,-6.7510033
AE+fsce,226,0,0,-2.4149277,3.0814865
AE+fsce,226,1,1,0.43563557,-1.2158649
AE+fsce,226,2,2,1.0220908,-1.9786026
AE+fsce,226,3,3,0.9132907,-3.7447119
AE+fsce,227,0,0,-5.2162523,-3.3303165
AE+fsce,227,1,1,-3.981094,-4.994488
AE+fsce,227,2,2,-2.6227233,-5.930992
AE+fsce,227,3,3,-1.7399708,-6.5069838
AE+fsce,228,0,0,-0.6032,-0.14198068
AE+fsce,228,1,1,0.39645264,-1.9222655
AE+fsce,228,2,2,0.91919446,-2.2770822
AE+fsce,228,3,3,1.0297071,-3.318856
AE+fsce,229,0,0,1.9708399,1.4914937
AE+fsce,229,1,1,1.731466,-0.63015217
AE+fsce,229,2,2,1.6615924,-1.5830092
AE+fsce,229,3,3,1.7451683,-2.1384237
AE+fsce,230,0,0,-2.5474222,-1.2906674
AE+fsce,230,1,1,0.13677752,-2.6896453
AE+fsce,230,2,2,-0.21032673,-4.232955
AE+fsce,230,3,3,-0.4467139,-5.3449645
AE+fsce,231,0,0,-1.438437,-2.7136536
AE+fsce,231,1,1,0.100492395,-2.8812091
AE+fsce,231,2,2,0.5524261,-3.0089486
AE+fsce,231,3,3,0.6764942,-3.3712378
AE+fsce,232,0,0,-0.38368925,-3.6077487
AE+fsce,232,1,1,0.46637106,-3.2956572
AE+fsce,232,2,2,0.53875387,-3.7231052
AE+fsce,232,3,3,0.54504377,-4.175029
AE+fsce,233,0,0,-5.0654106,-4.226744
AE+fsce,233,1,1,-3.4061208,-5.7436614
AE+fsce,233,2,2,-2.2481775,-6.4943423
AE+fsce,233,3,3,-1.4266311,-6.965358
AE+fsce,234,0,0,0.1759723,1.0431314
AE+fsce,234,1,1,0.6743543,-0.8788755
AE+fsce,234,2,2,-0.114826985,-3.7822251
AE+fsce,234,3,3,-0.9397615,-5.682532
AE+fsce,235,0,0,-4.694686,-3.4512634
AE+fsce,235,1,1,-3.9104083,-4.9562645
AE+fsce,235,2,2,-2.6715891,-6.2573986
AE+fsce,235,3,3,-1.6095741,-6.961978
AE+fsce,236,0,0,-1.3094792,-0.85707843
AE+fsce,236,1,1,-1.8637801,-3.8077035
AE+fsce,236,2,2,-2.026974,-5.435549
AE+fsce,236,3,3,-1.738842,-5.972093
AE+fsce,237,0,0,-2.1482751,-0.0490428
AE+fsce,237,1,1,-0.14218394,-1.8953961
AE+fsce,237,2,2,0.47381717,-2.65007
AE+fsce,237,3,3,-0.044713017,-4.5322013
AE+fsce,238,0,0,-5.191189,-2.7035463
AE+fsce,238,1,1,-4.8449125,-4.207668
AE+fsce,238,2,2,-3.3339515,-6.0197854
AE+fsce,238,3,3,-1.9956951,-6.841085
AE+fsce,239,0,0,0.99079925,1.1709843
AE+fsce,239,1,1,1.1264123,-0.87695605
AE+fsce,239,2,2,1.1933851,-1.7871095
AE+fsce,239,3,3,1.4188364,-2.1266778
AE+fsce,240,0,0,-4.113629,0.8569503
AE+fsce,240,1,1,0.48640534,-1.8446478
AE+fsce,240,2,2,0.114626534,-4.336749
AE+fsce,240,3,3,0.24780832,-6.964036
AE+fsce,241,0,0,-5.8744054,-3.2468653
AE+fsce,241,1,1,-5.6626782,-4.5462475
AE+fsce,241,2,2,-4.048434,-6.4230137
AE+fsce,241,3,3,-2.3806384,-7.2886467
AE+fsce,242,0,0,-0.7166535,3.1328557
AE+fsce,242,1,1,0.5083373,-0.04668843
AE+fsce,242,2,2,1.1810398,-1.2079045
AE+fsce,242,3,3,1.3749932,-2.9294217
AE+fsce,243,0,0,-6.0033054,-3.1298873
AE+fsce,243,1,1,-5.949783,-4.245063
AE+fsce,243,2,2,-4.48225,-6.1971555
AE+fsce,243,3,3,-2.69385,-7.227432
AE+fsce,244,0,0,-6.0128613,-2.2628796
AE+fsce,244,1,1,-3.8712037,-4.9494123
AE+fsce,244,2,2,-2.6380882,-5.7811947
AE+fsce,244,3,3,-1.7534773,-6.5323877
AE+fsce,245,0,0,-3.1716905,-3.4526477
AE+fsce,245,1,1,-1.9865315,-5.0089974
AE+fsce,245,2,2,-1.4949098,-5.5671444
AE+fsce,245,3,3,-1.1642644,-5.937044
AE+fsce,246,0,0,-2.7787611,-2.3698184
AE+fsce,246,1,1,-2.1581326,-5.1769886
AE+fsce,246,2,2,-1.648033,-5.6628985
AE+fsce,246,3,3,-1.2667569,-6.0051703
AE+fsce+tfidf,0,0,0,1.7161043,3.6346116
AE+fsce+tfidf,0,1,1,1.507867,1.2885246
AE+fsce+tfidf,0,2,2,1.3487692,0.27642614
AE+fsce+tfidf,0,3,3,0.95741004,-1.4731845
AE+fsce+tfidf,1,0,0,-2.278878,-1.8071333
AE+fsce+tfidf,1,1,1,1.2692009,1.1692853
AE+fsce+tfidf,1,2,2,1.5762995,-0.06309727
AE+fsce+tfidf,1,3,3,1.0012416,-3.4151137
AE+fsce+tfidf,2,0,0,-2.1359382,-3.5537076
AE+fsce+tfidf,2,1,1,-1.015953,-5.0039425
AE+fsce+tfidf,2,2,2,-0.6557026,-5.8595543
AE+fsce+tfidf,2,3,3,-0.3481559,-5.786328
AE+fsce+tfidf,3,0,0,-6.877331,4.6078076
AE+fsce+tfidf,3,1,1,-7.358699,3.5584147
AE+fsce+tfidf,3,2,2,-7.506295,2.212462
AE+fsce+tfidf,3,3,3,-7.3794312,0.9370385
AE+fsce+tfidf,4,0,0,-2.3561566,-1.1141386
AE+fsce+tfidf,4,1,1,0.20141368,-0.92173076
AE+fsce+tfidf,4,2,2,0.39351094,-2.191222
AE+fsce+tfidf,4,3,3,-0.2514989,-5.829812
AE+fsce+tfidf,5,0,0,-1.1641377,-1.9334297
AE+fsce+tfidf,5,1,1,-0.56223357,-2.4702525
AE+fsce+tfidf,5,2,2,-0.29527575,-3.2592978
AE+fsce+tfidf,5,3,3,-0.19877872,-4.771183
AE+fsce+tfidf,6,0,0,-0.43024397,-0.45918617
AE+fsce+tfidf,6,1,1,0.6879224,-0.6503144
AE+fsce+tfidf,6,2,2,0.6548039,-1.6744677
AE+fsce+tfidf,6,3,3,0.49247807,-2.9257612
AE+fsce+tfidf,7,0,0,-0.880615,0.413456
AE+fsce+tfidf,7,1,1,1.1566168,0.8795707
AE+fsce+tfidf,7,2,2,1.1475813,-0.2246027
AE+fsce+tfidf,7,3,3,0.62083566,-2.5439968
AE+fsce+tfidf,8,0,0,-1.7808737,-2.176974
AE+fsce+tfidf,8,1,1,-1.2539921,-3.1801012
AE+fsce+tfidf,8,2,2,-0.5622247,-4.3278832
AE+fsce+tfidf,8,3,3,-0.06418664,-4.4841905
AE+fsce+tfidf,9,0,0,-2.2142737,-2.997857
AE+fsce+tfidf,9,1,1,-0.44635385,-2.7686176
AE+fsce+tfidf,9,2,2,0.59111524,-2.8734856
AE+fsce+tfidf,9,3,3,0.7081032,-3.4179184
AE+fsce+tfidf,10,0,0,0.89103174,2.9175603
AE+fsce+tfidf,10,1,1,1.4548862,1.7192861
AE+fsce+tfidf,10,2,2,1.594127,-1.7315359
AE+fsce+tfidf,10,3,3,0.23457992,-6.1262355
AE+fsce+tfidf,11,0,0,0.66956735,-2.780733
AE+fsce+tfidf,11,1,1,0.3586996,-3.094216
AE+fsce+tfidf,11,2,2,0.1655184,-3.3498244
AE+fsce+tfidf,11,3,3,0.07286214,-3.5250492
AE+fsce+tfidf,12,0,0,-2.0482783,-1.8138648
AE+fsce+tfidf,12,1,1,1.7619972,1.0427464
AE+fsce+tfidf,12,2,2,0.50127214,-5.4172716
AE+fsce+tfidf,12,3,3,-0.23256238,-7.38662
AE+fsce+tfidf,13,0,0,-1.3181127,-2.312367
AE+fsce+tfidf,13,1,1,0.19734342,-1.4363271
AE+fsce+tfidf,13,2,2,0.55230933,-1.8290942
AE+fsce+tfidf,13,3,3,0.4428809,-3.250733
AE+fsce+tfidf,14,0,0,-5.101137,-4.511271
AE+fsce+tfidf,14,1,1,1.5893972,1.8231169
AE+fsce+tfidf,14,2,2,1.6360325,0.045549925
AE+fsce+tfidf,14,3,3,0.80845106,-4.1031036
AE+fsce+tfidf,15,0,0,-1.2184362,-2.798707
AE+fsce+tfidf,15,1,1,-0.6149837,-2.9826164
AE+fsce+tfidf,15,2,2,-0.5098792,-3.5300484
AE+fsce+tfidf,15,3,3,-0.28772384,-3.733948
AE+fsce+tfidf,16,0,0,-2.629502,-1.8066825
AE+fsce+tfidf,16,1,1,-1.0028483,-2.5793884
AE+fsce+tfidf,16,2,2,-0.11254059,-3.3636155
AE+fsce+tfidf,16,3,3,-0.34138513,-5.959458
AE+fsce+tfidf,17,0,0,-0.3840155,-0.9173202
AE+fsce+tfidf,17,1,1,-1.7214696,-4.304643
AE+fsce+tfidf,17,2,2,-1.381013,-6.5327883
AE+fsce+tfidf,17,3,3,-0.91916597,-7.2642817
AE+fsce+tfidf,18,0,0,-3.9569027,-3.3794172
AE+fsce+tfidf,18,1,1,-2.5038025,-4.888063
AE+fsce+tfidf,18,2,2,-1.7907965,-6.374008
AE+fsce+tfidf,18,3,3,-0.81352085,-6.96524
AE+fsce+tfidf,19,0,0,-0.7591527,-3.1222367
AE+fsce+tfidf,19,1,1,-0.71801937,-3.7143977
AE+fsce+tfidf,19,2,2,-0.71503377,-4.138882
AE+fsce+tfidf,19,3,3,-0.5755682,-4.321223
AE+fsce+tfidf,20,0,0,1.1273732,0.9516518
AE+fsce+tfidf,20,1,1,1.210529,0.30646178
AE+fsce+tfidf,20,2,2,1.034699,-0.7893482
AE+fsce+tfidf,20,3,3,0.6832832,-2.230334
AE+fsce+tfidf,21,0,0,-2.5733395,-4.7906365
AE+fsce+tfidf,21,1,1,-1.9600776,-5.7733192
AE+fsce+tfidf,21,2,2,-1.7560014,-6.621486
AE+fsce+tfidf,21,3,3,-1.2144433,-6.840431
AE+fsce+tfidf,22,0,0,-3.1698465,-5.841288
AE+fsce+tfidf,22,1,1,-1.3864653,-5.1087685
AE+fsce+tfidf,22,2,2,-0.29506955,-4.1103425
AE+fsce+tfidf,22,3,3,0.0957193,-4.09301
AE+fsce+tfidf,23,0,0,-2.18439,-2.233596
AE+fsce+tfidf,23,1,1,-1.9107101,-3.4154549
AE+fsce+tfidf,23,2,2,0.03487172,-3.9102976
AE+fsce+tfidf,23,3,3,0.33030388,-4.648811
AE+fsce+tfidf,24,0,0,-1.2198092,-2.567194
AE+fsce+tfidf,24,1,1,-0.6684815,-3.0495784
AE+fsce+tfidf,24,2,2,-0.49130064,-3.5302548
AE+fsce+tfidf,24,3,3,-0.20744959,-3.67848
AE+fsce+tfidf,25,0,0,-1.2444761,-3.6233685
AE+fsce+tfidf,25,1,1,-0.9496964,-4.6399226
AE+fsce+tfidf,25,2,2,-0.9663138,-5.4736133
AE+fsce+tfidf,25,3,3,-0.8250775,-5.7900157
AE+fsce+tfidf,26,0,0,-1.6838865,-1.58005
AE+fsce+tfidf,26,1,1,-0.9972897,-2.9998426
AE+fsce+tfidf,26,2,2,-0.7105266,-6.459459
AE+fsce+tfidf,26,3,3,-0.61412394,-7.3907986
AE+fsce+tfidf,27,0,0,-0.7217667,1.5648965
AE+fsce+tfidf,27,1,1,1.1277913,0.7422709
AE+fsce+tfidf,27,2,2,1.1247758,-0.12541276
AE+fsce+tfidf,27,3,3,0.61674756,-2.2089565
AE+fsce+tfidf,28,0,0,-3.2849903,-1.2002172
AE+fsce+tfidf,28,1,1,-4.676091,0.40906256
AE+fsce+tfidf,28,2,2,-6.4029703,-0.66432756
AE+fsce+tfidf,28,3,3,-2.380965,-7.5243325
AE+fsce+tfidf,29,0,0,-0.0035223337,-0.6485212
AE+fsce+tfidf,29,1,1,0.80794156,-0.4984796
AE+fsce+tfidf,29,2,2,0.84821194,-0.95857614
AE+fsce+tfidf,29,3,3,0.71666074,-1.6842194
AE+fsce+tfidf,30,0,0,-2.5400438,-1.7360303
AE+fsce+tfidf,30,1,1,1.2386239,1.390686
AE+fsce+tfidf,30,2,2,0.40532324,-2.505494
AE+fsce+tfidf,30,3,3,-0.8097584,-7.043254
AE+fsce+tfidf,31,0,0,-1.5794773,-2.9315014
AE+fsce+tfidf,31,1,1,-0.91001946,-3.4410913
AE+fsce+tfidf,31,2,2,-0.4303178,-3.9127524
AE+fsce+tfidf,31,3,3,-0.036523383,-4.171715
AE+fsce+tfidf,32,0,0,-0.12569235,0.392711
AE+fsce+tfidf,32,1,1,0.9168647,0.17189597
AE+fsce+tfidf,32,2,2,0.5989648,-1.9331752
AE+fsce+tfidf,32,3,3,0.39965454,-3.1518364
AE+fsce+tfidf,33,0,0,0.65734655,-0.43588558
AE+fsce+tfidf,33,1,1,0.8380088,-0.8024141
AE+fsce+tfidf,33,2,2,0.80226845,-1.3209122
AE+fsce+tfidf,33,3,3,0.66688675,-2.0886676
AE+fsce+tfidf,34,0,0,-0.9059523,-2.3787086
AE+fsce+tfidf,34,1,1,-0.20083044,-2.3343267
AE+fsce+tfidf,34,2,2,-0.028396547,-2.6801665
AE+fsce+tfidf,34,3,3,0.039543584,-3.1290963
AE+fsce+tfidf,35,0,0,-1.1022455,0.2280153
AE+fsce+tfidf,35,1,1,1.147523,0.81782454
AE+fsce+tfidf,35,2,2,1.146509,-0.1686828
AE+fsce+tfidf,35,3,3,0.66988033,-2.6522198
AE+fsce+tfidf,36,0,0,-1.4406025,-1.0618361
AE+fsce+tfidf,36,1,1,0.84342337,0.3345235
AE+fsce+tfidf,36,2,2,0.9819332,-0.97614866
AE+fsce+tfidf,36,3,3,0.65140146,-3.1271372
AE+fsce+tfidf,37,0,0,-0.1546708,-0.42824432
AE+fsce+tfidf,37,1,1,0.7649672,-0.16208953
AE+fsce+tfidf,37,2,2,0.5620608,-1.3538369
AE+fsce+tfidf,37,3,3,0.26925552,-2.630375
AE+fsce+tfidf,38,0,0,0.9161309,2.2796528
AE+fsce+tfidf,38,1,1,1.3824067,1.8378325
AE+fsce+tfidf,38,2,2,1.6917158,-0.89342874
AE+fsce+tfidf,38,3,3,0.6817209,-5.0778747
AE+fsce+tfidf,39,0,0,2.0982287,2.1282923
AE+fsce+tfidf,39,1,1,1.4481581,0.64868087
AE+fsce+tfidf,39,2,2,1.1845323,-0.25055462
AE+fsce+tfidf,39,3,3,0.97332734,-1.0207038
AE+fsce+tfidf,40,0,0,1.9540083,-2.5414588
AE+fsce+tfidf,40,1,1,1.4797999,-3.1849082
AE+fsce+tfidf,40,2,2,1.0411469,-3.7628515
AE+fsce+tfidf,40,3,3,0.7083003,-4.2001777
AE+fsce+tfidf,41,0,0,-0.4960396,2.1121259
AE+fsce+tfidf,41,1,1,1.0608491,0.3789364
AE+fsce+tfidf,41,2,2,0.92647904,-0.49809113
AE+fsce+tfidf,41,3,3,0.5241171,-1.9162296
AE+fsce+tfidf,42,0,0,1.1419822,-0.6335822
AE+fsce+tfidf,42,1,1,0.8358854,-1.1697861
AE+fsce+tfidf,42,2,2,0.6801639,-1.654565
AE+fsce+tfidf,42,3,3,0.58995163,-2.053222
AE+fsce+tfidf,43,0,0,0.47993693,-0.3224254
AE+fsce+tfidf,43,1,1,0.9081683,-0.42596355
AE+fsce+tfidf,43,2,2,0.6983506,-1.6475909
AE+fsce+tfidf,43,3,3,0.52822876,-2.6394734
AE+fsce+tfidf,44,0,0,-2.0762668,-5.19069
AE+fsce+tfidf,44,1,1,-2.1231918,-6.6707144
AE+fsce+tfidf,44,2,2,-1.780107,-7.6122117
AE+fsce+tfidf,44,3,3,-1.3175666,-7.9780407
AE+fsce+tfidf,45,0,0,1.2958293,2.624501
AE+fsce+tfidf,45,1,1,1.4149218,1.4701818
AE+fsce+tfidf,45,2,2,1.5458486,0.7564962
AE+fsce+tfidf,45,3,3,1.4948175,-0.91294384
AE+fsce+tfidf,46,0,0,-4.2137604,-3.7044816
AE+fsce+tfidf,46,1,1,1.4202845,1.3601611
AE+fsce+tfidf,46,2,2,1.599069,-0.50925124
AE+fsce+tfidf,46,3,3,0.62311554,-4.9170413
AE+fsce+tfidf,47,0,0,2.462364,4.4729686
AE+fsce+tfidf,47,1,1,1.9961284,2.9075215
AE+fsce+tfidf,47,2,2,1.5432336,0.6777808
AE+fsce+tfidf,47,3,3,0.72063255,-2.0943153
AE+fsce+tfidf,48,0,0,-5.001818,-5.63096
AE+fsce+tfidf,48,1,1,1.5585817,1.6875399
AE+fsce+tfidf,48,2,2,1.4306262,0.04980922
AE+fsce+tfidf,48,3,3,0.39277065,-4.616818
AE+fsce+tfidf,49,0,0,-0.485418,1.2738076
AE+fsce+tfidf,49,1,1,1.3671348,1.2187505
AE+fsce+tfidf,49,2,2,1.4422691,0.27463064
AE+fsce+tfidf,49,3,3,0.7147843,-3.4996035
AE+fsce+tfidf,50,0,0,1.4417181,2.6699324
AE+fsce+tfidf,50,1,1,1.6323993,1.6667881
AE+fsce+tfidf,50,2,2,0.46173322,-5.3092637
AE+fsce+tfidf,50,3,3,-0.36696017,-7.546104
AE+fsce+tfidf,51,0,0,-4.5480494,-3.4820282
AE+fsce+tfidf,51,1,1,-5.432373,-1.500937
AE+fsce+tfidf,51,2,2,-5.825601,-2.0128422
AE+fsce+tfidf,51,3,3,-0.8257816,-7.490007
AE+fsce+tfidf,52,0,0,-3.239475,-1.8438046
AE+fsce+tfidf,52,1,1,1.3743358,0.90716547
AE+fsce+tfidf,52,2,2,1.5052488,-1.1816317
AE+fsce+tfidf,52,3,3,0.74027026,-4.3972535
AE+fsce+tfidf,53,0,0,-0.64409804,1.4109812
AE+fsce+tfidf,53,1,1,1.3285393,1.2332888
AE+fsce+tfidf,53,2,2,0.9434794,-0.61086476
AE+fsce+tfidf,53,3,3,-0.21447915,-5.015111
AE+fsce+tfidf,54,0,0,-0.82999253,-0.456124
AE+fsce+tfidf,54,1,1,0.97656816,0.83451045
AE+fsce+tfidf,54,2,2,0.9822884,-1.0275455
AE+fsce+tfidf,54,3,3,0.57913417,-3.1771617
AE+fsce+tfidf,55,0,0,-1.7787706,-0.7562598
AE+fsce+tfidf,55,1,1,0.82436615,0.17827956
AE+fsce+tfidf,55,2,2,1.0820819,-0.42201033
AE+fsce+tfidf,55,3,3,0.7210402,-2.9964685
AE+fsce+tfidf,56,0,0,-0.531243,1.0539232
AE+fsce+tfidf,56,1,1,1.3236383,1.3980291
AE+fsce+tfidf,56,2,2,0.81857693,-1.1593549
AE+fsce+tfidf,56,3,3,-0.5302498,-6.1053424
AE+fsce+tfidf,57,0,0,-0.2324734,1.7990153
AE+fsce+tfidf,57,1,1,1.1945113,1.0831236
AE+fsce+tfidf,57,2,2,1.170817,-0.10378372
AE+fsce+tfidf,57,3,3,0.48941505,-2.6121323
AE+fsce+tfidf,58,0,0,-1.6986091,0.8424378
AE+fsce+tfidf,58,1,1,1.1640565,0.80508655
AE+fsce+tfidf,58,2,2,1.0522039,-0.21374558
AE+fsce+tfidf,58,3,3,0.36354363,-3.9648626
AE+fsce+tfidf,59,0,0,0.52453274,1.1761321
AE+fsce+tfidf,59,1,1,1.3575207,1.3425653
AE+fsce+tfidf,59,2,2,1.070933,-2.188374
AE+fsce+tfidf,59,3,3,-0.30265522,-6.535308
AE+fsce+tfidf,60,0,0,-3.0515134,-1.1619608
AE+fsce+tfidf,60,1,1,-1.2083025,-3.0651412
AE+fsce+tfidf,60,2,2,-1.5295277,-6.976741
AE+fsce+tfidf,60,3,3,-1.129214,-7.955489
AE+fsce+tfidf,61,0,0,-3.8067205,3.4335477
AE+fsce+tfidf,61,1,1,-7.1882057,1.7977834
AE+fsce+tfidf,61,2,2,-6.1219664,-4.4944987
AE+fsce+tfidf,61,3,3,-2.127999,-7.440381
AE+fsce+tfidf,62,0,0,2.8702195,3.254682
AE+fsce+tfidf,62,1,1,1.9497324,1.3382505
AE+fsce+tfidf,62,2,2,1.4696683,0.18703716
AE+fsce+tfidf,62,3,3,1.1905547,-0.6270273
AE+fsce+tfidf,63,0,0,1.7721543,0.14305265
AE+fsce+tfidf,63,1,1,1.1442395,-0.9220793
AE+fsce+tfidf,63,2,2,0.8436921,-1.4980283
AE+fsce+tfidf,63,3,3,0.7127402,-1.8121169
AE+fsce+tfidf,64,0,0,1.2408957,-1.222784
AE+fsce+tfidf,64,1,1,0.87300193,-1.7549098
AE+fsce+tfidf,64,2,2,0.6348075,-2.1428697
AE+fsce+tfidf,64,3,3,0.504202,-2.385461
AE+fsce+tfidf,65,0,0,-0.6661039,0.6440973
AE+fsce+tfidf,65,1,1,0.66420263,-0.6130625
AE+fsce+tfidf,65,2,2,0.767347,-0.9438311
AE+fsce+tfidf,65,3,3,0.64505064,-1.6373086
AE+fsce+tfidf,66,0,0,0.58623683,-0.67958593
AE+fsce+tfidf,66,1,1,0.66512245,-1.4602333
AE+fsce+tfidf,66,2,2,0.5328596,-2.4054694
AE+fsce+tfidf,66,3,3,0.4909451,-3.072422
AE+fsce+tfidf,67,0,0,1.5815719,0.4737163
AE+fsce+tfidf,67,1,1,1.330935,-0.11521741
AE+fsce+tfidf,67,2,2,1.1169542,-0.7586909
AE+fsce+tfidf,67,3,3,0.9439278,-1.3029937
AE+fsce+tfidf,68,0,0,0.055370834,-0.21133405
AE+fsce+tfidf,68,1,1,-0.080127686,-2.3005362
AE+fsce+tfidf,68,2,2,-0.797024,-5.2141953
AE+fsce+tfidf,68,3,3,-0.82976127,-6.660101
AE+fsce+tfidf,69,0,0,-1.2009193,-0.33357495
AE+fsce+tfidf,69,1,1,1.1189672,0.7641863
AE+fsce+tfidf,69,2,2,1.1224953,-0.35221952
AE+fsce+tfidf,69,3,3,0.71762615,-2.6888158
AE+fsce+tfidf,70,0,0,-2.50324,-4.7690425
AE+fsce+tfidf,70,1,1,-1.7997912,-5.764493
AE+fsce+tfidf,70,2,2,-1.6210407,-6.6585712
AE+fsce+tfidf,70,3,3,-1.1072004,-6.723168
AE+fsce+tfidf,71,0,0,1.6593231,2.1483614
AE+fsce+tfidf,71,1,1,1.551301,1.0192261
AE+fsce+tfidf,71,2,2,1.424014,-0.21846355
AE+fsce+tfidf,71,3,3,1.1417308,-1.6743976
AE+fsce+tfidf,72,0,0,-0.27204224,-0.5107444
AE+fsce+tfidf,72,1,1,0.7319536,-0.14025742
AE+fsce+tfidf,72,2,2,0.3677217,-1.9360957
AE+fsce+tfidf,72,3,3,-0.06882191,-3.5920365
AE+fsce+tfidf,73,0,0,0.6214994,4.4862785
AE+fsce+tfidf,73,1,1,1.3461367,1.2787544
AE+fsce+tfidf,73,2,2,1.1912348,0.09801333
AE+fsce+tfidf,73,3,3,0.53792936,-2.2651813
AE+fsce+tfidf,74,0,0,0.6714099,-1.9262993
AE+fsce+tfidf,74,1,1,0.30685732,-2.5238285
AE+fsce+tfidf,74,2,2,0.21268874,-2.8517566
AE+fsce+tfidf,74,3,3,0.21582124,-3.0766594
AE+fsce+tfidf,75,0,0,-1.0852944,-2.1642334
AE+fsce+tfidf,75,1,1,0.03335897,-2.0196745
AE+fsce+tfidf,75,2,2,0.30937842,-2.3872488
AE+fsce+tfidf,75,3,3,0.31830403,-3.236683
AE+fsce+tfidf,76,0,0,-2.084913,-1.7937703
AE+fsce+tfidf,76,1,1,-0.6594089,-2.0336564
AE+fsce+tfidf,76,2,2,0.8687467,-1.599821
AE+fsce+tfidf,76,3,3,0.619329,-3.8267598
AE+fsce+tfidf,77,0,0,1.077925,-1.2822319
AE+fsce+tfidf,77,1,1,0.80586034,-1.6962291
AE+fsce+tfidf,77,2,2,0.645484,-2.0162847
AE+fsce+tfidf,77,3,3,0.5467785,-2.2823336
AE+fsce+tfidf,78,0,0,1.301894,1.7746235
AE+fsce+tfidf,78,1,1,1.3668382,0.9675187
AE+fsce+tfidf,78,2,2,1.2934928,0.047407888
AE+fsce+tfidf,78,3,3,1.0286967,-1.0923519
AE+fsce+tfidf,79,0,0,1.7870691,2.0501277
AE+fsce+tfidf,79,1,1,1.4085765,0.8265511
AE+fsce+tfidf,79,2,2,1.2171372,-0.1717624
AE+fsce+tfidf,79,3,3,0.86304533,-1.3346448
AE+fsce+tfidf,80,0,0,-0.6014651,-2.4727898
AE+fsce+tfidf,80,1,1,-0.3340356,-2.812011
AE+fsce+tfidf,80,2,2,-0.22955178,-3.026038
AE+fsce+tfidf,80,3,3,-0.11680813,-3.1670105
AE+fsce+tfidf,81,0,0,0.92985356,-0.81836706
AE+fsce+tfidf,81,1,1,0.82222664,-1.2474946
AE+fsce+tfidf,81,2,2,0.7489335,-1.6893642
AE+fsce+tfidf,81,3,3,0.7053403,-2.165067
AE+fsce+tfidf,82,0,0,3.4631011,1.584936
AE+fsce+tfidf,82,1,1,2.848035,0.8037573
AE+fsce+tfidf,82,2,2,2.2811415,0.08469508
AE+fsce+tfidf,82,3,3,1.8299352,-0.5159819
AE+fsce+tfidf,83,0,0,3.6138213,4.3912473
AE+fsce+tfidf,83,1,1,3.2378788,3.237985
AE+fsce+tfidf,83,2,2,2.7351894,2.138759
AE+fsce+tfidf,83,3,3,2.3066578,1.2162379
AE+fsce+tfidf,84,0,0,2.670612,4.2602243
AE+fsce+tfidf,84,1,1,1.7683874,1.7934809
AE+fsce+tfidf,84,2,2,1.3864882,0.30032152
AE+fsce+tfidf,84,3,3,0.9867499,-1.0482267
AE+fsce+tfidf,85,0,0,-3.6170995,-4.3604283
AE+fsce+tfidf,85,1,1,-2.2012124,-5.158773
AE+fsce+tfidf,85,2,2,-0.98708117,-5.118572
AE+fsce+tfidf,85,3,3,-0.22382951,-5.1411004
AE+fsce+tfidf,86,0,0,-1.9791713,-2.6277773
AE+fsce+tfidf,86,1,1,-1.5128919,-3.8332522
AE+fsce+tfidf,86,2,2,-0.29132837,-4.8969293
AE+fsce+tfidf,86,3,3,0.18525594,-4.9172044
AE+fsce+tfidf,87,0,0,-1.0023537,-3.7637033
AE+fsce+tfidf,87,1,1,-1.008048,-4.609742
AE+fsce+tfidf,87,2,2,-0.88956493,-5.0415344
AE+fsce+tfidf,87,3,3,-0.5981997,-5.0942907
AE+fsce+tfidf,88,0,0,-1.6665351,0.32284835
AE+fsce+tfidf,88,1,1,0.94718254,0.34789097
AE+fsce+tfidf,88,2,2,1.0088643,-0.34755105
AE+fsce+tfidf,88,3,3,0.6705024,-2.578143
AE+fsce+tfidf,89,0,0,-3.4826803,-0.12529506
AE+fsce+tfidf,89,1,1,-4.7857957,0.49524254
AE+fsce+tfidf,89,2,2,-6.5911074,0.8265543
AE+fsce+tfidf,89,3,3,-3.1492414,-7.311777
AE+fsce+tfidf,90,0,0,-1.5346342,-5.00371
AE+fsce+tfidf,90,1,1,-1.469413,-5.31381
AE+fsce+tfidf,90,2,2,-1.155616,-5.1710753
AE+fsce+tfidf,90,3,3,-0.85945374,-4.9610972
AE+fsce+tfidf,91,0,0,-6.305436,-3.832546
AE+fsce+tfidf,91,1,1,1.4497899,1.7347475
AE+fsce+tfidf,91,2,2,1.2567179,-2.4253988
AE+fsce+tfidf,91,3,3,-0.033688948,-6.551476
AE+fsce+tfidf,92,0,0,0.74746186,0.12192612
AE+fsce+tfidf,92,1,1,0.989671,-0.13658196
AE+fsce+tfidf,92,2,2,0.9765407,-0.6367771
AE+fsce+tfidf,92,3,3,0.8171705,-1.327585
AE+fsce+tfidf,93,0,0,-1.3509115,1.8928483
AE+fsce+tfidf,93,1,1,0.8697057,0.032381345
AE+fsce+tfidf,93,2,2,0.9036011,-0.53445107
AE+fsce+tfidf,93,3,3,0.64566547,-1.5889848
AE+fsce+tfidf,94,0,0,-2.4717135,-1.8220382
AE+fsce+tfidf,94,1,1,0.09737057,-1.4434398
AE+fsce+tfidf,94,2,2,0.33751598,-1.7624934
AE+fsce+tfidf,94,3,3,0.13789813,-2.9330482
AE+fsce+tfidf,95,0,0,-0.49180382,0.8181015
AE+fsce+tfidf,95,1,1,1.0271485,0.4814537
AE+fsce+tfidf,95,2,2,-1.056324,-7.1623025
AE+fsce+tfidf,95,3,3,-0.9745737,-8.039391
AE+fsce+tfidf,96,0,0,-1.380173,1.043159
AE+fsce+tfidf,96,1,1,0.97937286,0.1856855
AE+fsce+tfidf,96,2,2,0.99817556,-0.6269773
AE+fsce+tfidf,96,3,3,0.7144272,-2.259421
AE+fsce+tfidf,97,0,0,0.5998858,2.342105
AE+fsce+tfidf,97,1,1,1.3860734,1.6197922
AE+fsce+tfidf,97,2,2,1.1178128,-0.88197285
AE+fsce+tfidf,97,3,3,-0.5392833,-6.335305
AE+fsce+tfidf,98,0,0,-2.1848807,-2.473375
AE+fsce+tfidf,98,1,1,-2.1515937,-3.6291149
AE+fsce+tfidf,98,2,2,-0.68089753,-5.364954
AE+fsce+tfidf,98,3,3,-0.032379303,-5.361473
AE+fsce+tfidf,99,0,0,-1.9490473,-2.8867667
AE+fsce+tfidf,99,1,1,-1.3519777,-3.517064
AE+fsce+tfidf,99,2,2,-0.8989061,-4.6613464
AE+fsce+tfidf,99,3,3,-0.30659774,-4.813705
AE+fsce+tfidf,100,0,0,-2.3635576,-2.6404316
AE+fsce+tfidf,100,1,1,-1.2173731,-2.5406675
AE+fsce+tfidf,100,2,2,0.87278634,-2.8415787
AE+fsce+tfidf,100,3,3,0.70618516,-4.1188626
AE+fsce+tfidf,101,0,0,0.8236746,1.2242204
AE+fsce+tfidf,101,1,1,1.1615478,0.86119914
AE+fsce+tfidf,101,2,2,0.94514275,-0.86448294
AE+fsce+tfidf,101,3,3,0.32961953,-2.9568956
AE+fsce+tfidf,102,0,0,0.3601248,1.9314051
AE+fsce+tfidf,102,1,1,1.2848301,1.3126669
AE+fsce+tfidf,102,2,2,1.3495007,-0.16239835
AE+fsce+tfidf,102,3,3,0.46168175,-4.076264
AE+fsce+tfidf,103,0,0,1.7189317,1.9104975
AE+fsce+tfidf,103,1,1,1.2386501,0.49607784
AE+fsce+tfidf,103,2,2,1.1113822,-0.26412252
AE+fsce+tfidf,103,3,3,0.8926849,-1.1326879
AE+fsce+tfidf,104,0,0,0.3487744,-1.741902
AE+fsce+tfidf,104,1,1,0.2791766,-2.140717
AE+fsce+tfidf,104,2,2,0.29969385,-2.3286173
AE+fsce+tfidf,104,3,3,0.32652652,-2.5005178
AE+fsce+tfidf,105,0,0,1.0326517,0.77212375
AE+fsce+tfidf,105,1,1,1.0851821,0.22950149
AE+fsce+tfidf,105,2,2,0.8907501,-0.8442386
AE+fsce+tfidf,105,3,3,0.5037014,-2.1479151
AE+fsce+tfidf,106,0,0,-4.056106,-7.856656
AE+fsce+tfidf,106,1,1,-3.6840522,-8.283
AE+fsce+tfidf,106,2,2,-3.1763468,-8.497045
AE+fsce+tfidf,106,3,3,-2.574187,-8.540276
AE+fsce+tfidf,107,0,0,-0.9053323,0.6245506
AE+fsce+tfidf,107,1,1,1.0083863,0.382513
AE+fsce+tfidf,107,2,2,1.0232137,-0.4241258
AE+fsce+tfidf,107,3,3,0.67913324,-1.8643292
AE+fsce+tfidf,108,0,0,-1.9276841,1.4204586
AE+fsce+tfidf,108,1,1,-5.3501596,-1.4106371
AE+fsce+tfidf,108,2,2,-1.097796,-2.5830228
AE+fsce+tfidf,108,3,3,-1.1055493,-6.718389
AE+fsce+tfidf,109,0,0,0.73049456,1.7315525
AE+fsce+tfidf,109,1,1,1.3716772,0.3141469
AE+fsce+tfidf,109,2,2,0.39422196,-4.0456734
AE+fsce+tfidf,109,3,3,-0.5498983,-6.9746847
AE+fsce+tfidf,110,0,0,-0.23070917,2.276985
AE+fsce+tfidf,110,1,1,1.2561504,0.8238213
AE+fsce+tfidf,110,2,2,1.2670938,0.07764968
AE+fsce+tfidf,110,3,3,0.92508316,-1.7280684
AE+fsce+tfidf,111,0,0,-2.8275268,-1.6843722
AE+fsce+tfidf,111,1,1,1.1924081,0.9463051
AE+fsce+tfidf,111,2,2,1.0065559,-0.5569818
AE+fsce+tfidf,111,3,3,-0.005442047,-5.17886
AE+fsce+tfidf,112,0,0,-2.1666605,-1.4597878
AE+fsce+tfidf,112,1,1,1.1982176,0.8133196
AE+fsce+tfidf,112,2,2,1.3618745,-0.14522438
AE+fsce+tfidf,112,3,3,1.0651542,-2.5480206
AE+fsce+tfidf,113,0,0,-1.4794014,-2.4974334
AE+fsce+tfidf,113,1,1,-0.7544466,-3.039598
AE+fsce+tfidf,113,2,2,-0.1934965,-3.216759
AE+fsce+tfidf,113,3,3,0.18678895,-3.3566523
AE+fsce+tfidf,114,0,0,-2.1896818,-0.16681343
AE+fsce+tfidf,114,1,1,0.29651904,0.12691501
AE+fsce+tfidf,114,2,2,-0.6016006,-4.5635457
AE+fsce+tfidf,114,3,3,-0.694403,-7.1471453
AE+fsce+tfidf,115,0,0,-3.4470317,-5.217543
AE+fsce+tfidf,115,1,1,-3.039105,-6.6949224
AE+fsce+tfidf,115,2,2,-1.9829687,-8.074659
AE+fsce+tfidf,115,3,3,-1.2959197,-8.198423
AE+fsce+tfidf,116,0,0,1.8641059,-0.86762124
AE+fsce+tfidf,116,1,1,1.3358917,-1.5321275
AE+fsce+tfidf,116,2,2,0.98462397,-2.0530744
AE+fsce+tfidf,116,3,3,0.7930625,-2.41087
AE+fsce+tfidf,117,0,0,-0.8549439,0.61146617
AE+fsce+tfidf,117,1,1,1.3003587,1.2189909
AE+fsce+tfidf,117,2,2,1.1095089,-0.36017478
AE+fsce+tfidf,117,3,3,0.095897995,-4.5362396
AE+fsce+tfidf,118,0,0,2.0280402,2.1180167
AE+fsce+tfidf,118,1,1,1.2645535,0.41152677
AE+fsce+tfidf,118,2,2,1.0403262,-0.42610726
AE+fsce+tfidf,118,3,3,0.7545963,-1.3430396
AE+fsce+tfidf,119,0,0,2.6071217,4.350219
AE+fsce+tfidf,119,1,1,1.5507829,1.4792758
AE+fsce+tfidf,119,2,2,1.3358834,0.3357526
AE+fsce+tfidf,119,3,3,1.06573,-0.85413784
AE+fsce+tfidf,120,0,0,-2.128908,-3.5177433
AE+fsce+tfidf,120,1,1,-2.162471,-7.3228397
AE+fsce+tfidf,120,2,2,-1.11145,-7.989692
AE+fsce+tfidf,120,3,3,-0.70111597,-7.841821
AE+fsce+tfidf,121,0,0,-2.2512014,-2.6542344
AE+fsce+tfidf,121,1,1,-1.2220536,-3.2142935
AE+fsce+tfidf,121,2,2,-0.42288288,-3.824658
AE+fsce+tfidf,121,3,3,0.045422655,-4.26835
AE+fsce+tfidf,122,0,0,-1.4860703,-3.280161
AE+fsce+tfidf,122,1,1,0.7534571,-0.4179395
AE+fsce+tfidf,122,2,2,0.5136477,-1.8316011
AE+fsce+tfidf,122,3,3,0.26468608,-3.7373364
AE+fsce+tfidf,123,0,0,-2.9905567,-3.6913471
AE+fsce+tfidf,123,1,1,-0.8610066,-3.0335405
AE+fsce+tfidf,123,2,2,0.8811111,-2.8957493
AE+fsce+tfidf,123,3,3,0.7515446,-4.089196
AE+fsce+tfidf,124,0,0,-4.7230544,-5.882375
AE+fsce+tfidf,124,1,1,1.5302702,1.586485
AE+fsce+tfidf,124,2,2,1.4937496,0.025189264
AE+fsce+tfidf,124,3,3,0.62488025,-4.1370907
AE+fsce+tfidf,125,0,0,0.03047972,0.51639515
AE+fsce+tfidf,125,1,1,1.0781696,1.0922331
AE+fsce+tfidf,125,2,2,1.0959806,-0.2896058
AE+fsce+tfidf,125,3,3,0.5637711,-2.2004647
AE+fsce+tfidf,126,0,0,-3.5596302,-6.049336
AE+fsce+tfidf,126,1,1,-0.83443624,-3.8827746
AE+fsce+tfidf,126,2,2,0.24081592,-2.5198164
AE+fsce+tfidf,126,3,3,0.33663788,-3.2457306
AE+fsce+tfidf,127,0,0,1.7189317,1.9104975
AE+fsce+tfidf,127,1,1,1.2386501,0.49607784
AE+fsce+tfidf,127,2,2,1.1113822,-0.26412252
AE+fsce+tfidf,127,3,3,0.8926849,-1.1326879
AE+fsce+tfidf,128,0,0,-4.967996,-4.6352825
AE+fsce+tfidf,128,1,1,1.4764907,1.4760832
AE+fsce+tfidf,128,2,2,1.0607237,-0.4224894
AE+fsce+tfidf,128,3,3,0.12512408,-4.483681
AE+fsce+tfidf,129,0,0,-1.4859172,-1.3605138
AE+fsce+tfidf,129,1,1,-0.16514042,-1.4962221
AE+fsce+tfidf,129,2,2,0.58998615,-1.5479203
AE+fsce+tfidf,129,3,3,0.51201874,-3.286408
AE+fsce+tfidf,130,0,0,-3.5500827,-5.8079276
AE+fsce+tfidf,130,1,1,-2.5764453,-6.2003884
AE+fsce+tfidf,130,2,2,-1.8605784,-6.4981155
AE+fsce+tfidf,130,3,3,-0.9888693,-6.4515214
AE+fsce+tfidf,131,0,0,-0.98346126,1.2226975
AE+fsce+tfidf,131,1,1,1.1588551,0.84210235
AE+fsce+tfidf,131,2,2,1.1267406,-0.0783527
AE+fsce+tfidf,131,3,3,0.5450159,-2.7869577
AE+fsce+tfidf,132,0,0,-4.8863673,-6.862548
AE+fsce+tfidf,132,1,1,-4.8365965,-8.557055
AE+fsce+tfidf,132,2,2,-2.700891,-8.701861
AE+fsce+tfidf,132,3,3,-1.2559786,-8.154009
AE+fsce+tfidf,133,0,0,-5.642706,-8.197973
AE+fsce+tfidf,133,1,1,-4.942297,-9.4640255
AE+fsce+tfidf,133,2,2,-2.6144068,-8.745557
AE+fsce+tfidf,133,3,3,-1.534004,-7.8307505
AE+fsce+tfidf,134,0,0,0.48944318,2.990647
AE+fsce+tfidf,134,1,1,1.4035777,1.4222944
AE+fsce+tfidf,134,2,2,1.4734166,0.19644144
AE+fsce+tfidf,134,3,3,0.28712285,-4.8310337
AE+fsce+tfidf,135,0,0,1.2284746,3.5344982
AE+fsce+tfidf,135,1,1,1.4422396,1.8358097
AE+fsce+tfidf,135,2,2,1.6442095,-0.7863545
AE+fsce+tfidf,135,3,3,0.31540984,-5.6662836
AE+fsce+tfidf,136,0,0,-3.1463935,-3.0900712
AE+fsce+tfidf,136,1,1,0.2974578,-1.0498302
AE+fsce+tfidf,136,2,2,-0.637163,-6.216576
AE+fsce+tfidf,136,3,3,-0.7630338,-7.4471107
AE+fsce+tfidf,137,0,0,-0.00049210887,-0.40102613
AE+fsce+tfidf,137,1,1,0.8935783,-0.15297574
AE+fsce+tfidf,137,2,2,0.8661248,-0.8660077
AE+fsce+tfidf,137,3,3,0.7128106,-1.6634778
AE+fsce+tfidf,138,0,0,0.6930926,2.1078553
AE+fsce+tfidf,138,1,1,1.3815241,1.7791257
AE+fsce+tfidf,138,2,2,1.5658239,-1.8796597
AE+fsce+tfidf,138,3,3,0.1391954,-6.406497
AE+fsce+tfidf,139,0,0,-0.61988837,-1.0914499
AE+fsce+tfidf,139,1,1,1.0334058,-0.013005043
AE+fsce+tfidf,139,2,2,0.9788166,-0.93500763
AE+fsce+tfidf,139,3,3,0.7676316,-2.6209764
AE+fsce+tfidf,140,0,0,-3.120016,-2.1170232
AE+fsce+tfidf,140,1,1,-2.2505236,-1.9918405
AE+fsce+tfidf,140,2,2,-0.69823104,-4.9488683
AE+fsce+tfidf,140,3,3,-0.9237179,-7.66821
AE+fsce+tfidf,141,0,0,0.39303604,0.12996271
AE+fsce+tfidf,141,1,1,1.0805749,0.2944583
AE+fsce+tfidf,141,2,2,0.76353824,-1.2825879
AE+fsce+tfidf,141,3,3,0.23245463,-3.4685714
AE+fsce+tfidf,142,0,0,1.5385876,1.701411
AE+fsce+tfidf,142,1,1,1.1934978,0.4657675
AE+fsce+tfidf,142,2,2,1.0960277,-0.2781518
AE+fsce+tfidf,142,3,3,0.86863565,-1.1897612
AE+fsce+tfidf,143,0,0,-3.1563869,1.9905111
AE+fsce+tfidf,143,1,1,0.9617478,0.41618884
AE+fsce+tfidf,143,2,2,0.1033256,-2.4099584
AE+fsce+tfidf,143,3,3,-0.7414903,-5.8456087
AE+fsce+tfidf,144,0,0,-3.2179449,0.8276006
AE+fsce+tfidf,144,1,1,-5.2539086,-1.6605151
AE+fsce+tfidf,144,2,2,-2.9432201,-2.7223291
AE+fsce+tfidf,144,3,3,-1.4486424,-5.757414
AE+fsce+tfidf,145,0,0,-4.2519255,-4.457646
AE+fsce+tfidf,145,1,1,-1.3260651,-4.275135
AE+fsce+tfidf,145,2,2,0.66881067,-1.9254447
AE+fsce+tfidf,145,3,3,0.7627844,-3.0658855
AE+fsce+tfidf,146,0,0,-4.805549,-5.137229
AE+fsce+tfidf,146,1,1,-7.4732656,-5.15439
AE+fsce+tfidf,146,2,2,-4.457017,-7.1464868
AE+fsce+tfidf,146,3,3,-0.42911685,-7.330457
AE+fsce+tfidf,147,0,0,0.9137528,2.9723835
AE+fsce+tfidf,147,1,1,1.21629,0.62145275
AE+fsce+tfidf,147,2,2,1.0966867,-0.18928619
AE+fsce+tfidf,147,3,3,0.7833932,-1.3045999
AE+fsce+tfidf,148,0,0,-0.4546763,-1.5628263
AE+fsce+tfidf,148,1,1,-0.8494368,-2.8199518
AE+fsce+tfidf,148,2,2,-1.3215389,-4.462388
AE+fsce+tfidf,148,3,3,-1.1772718,-5.811828
AE+fsce+tfidf,149,0,0,-1.683086,-0.09898575
AE+fsce+tfidf,149,1,1,0.50627387,-0.64026666
AE+fsce+tfidf,149,2,2,0.8171602,-0.8407191
AE+fsce+tfidf,149,3,3,0.6186094,-2.3125987
AE+fsce+tfidf,150,0,0,1.3870416,3.873389
AE+fsce+tfidf,150,1,1,1.5519352,1.5987482
AE+fsce+tfidf,150,2,2,1.3794266,0.46134424
AE+fsce+tfidf,150,3,3,0.71370554,-2.5283015
AE+fsce+tfidf,151,0,0,-5.6432886,-6.764334
AE+fsce+tfidf,151,1,1,-7.451948,-9.63397
AE+fsce+tfidf,151,2,2,-6.0344954,-9.104176
AE+fsce+tfidf,151,3,3,-4.1714807,-7.896787
AE+fsce+tfidf,152,0,0,0.36469984,-0.62187576
AE+fsce+tfidf,152,1,1,0.47431016,-0.9724317
AE+fsce+tfidf,152,2,2,0.14884028,-2.116779
AE+fsce+tfidf,152,3,3,-0.17659998,-3.1556032
AE+fsce+tfidf,153,0,0,-0.39386782,-0.5251253
AE+fsce+tfidf,153,1,1,0.63943785,-0.41270357
AE+fsce+tfidf,153,2,2,0.48372027,-1.4024106
AE+fsce+tfidf,153,3,3,0.2742097,-2.5023956
AE+fsce+tfidf,154,0,0,1.7234528,2.2738688
AE+fsce+tfidf,154,1,1,1.5853456,1.4843134
AE+fsce+tfidf,154,2,2,1.4400088,0.20938899
AE+fsce+tfidf,154,3,3,0.91556937,-2.2236753
AE+fsce+tfidf,155,0,0,1.2213272,1.566394
AE+fsce+tfidf,155,1,1,1.27626,0.3092168
AE+fsce+tfidf,155,2,2,-0.41621524,-4.593637
AE+fsce+tfidf,155,3,3,-0.84740216,-6.543274
AE+fsce+tfidf,156,0,0,-5.1459246,1.2880936
AE+fsce+tfidf,156,1,1,-7.241419,1.411209
AE+fsce+tfidf,156,2,2,-8.476625,1.6835437
AE+fsce+tfidf,156,3,3,-7.8072734,-0.5845419
AE+fsce+tfidf,157,0,0,-0.0974805,2.2164767
AE+fsce+tfidf,157,1,1,1.1302563,0.60397995
AE+fsce+tfidf,157,2,2,0.987029,-0.42430678
AE+fsce+tfidf,157,3,3,0.503018,-2.0675898
AE+fsce+tfidf,158,0,0,-3.4530246,0.57170933
AE+fsce+tfidf,158,1,1,-5.3707423,-1.223588
AE+fsce+tfidf,158,2,2,-2.4826267,-5.065911
AE+fsce+tfidf,158,3,3,-1.3654317,-7.170305
AE+fsce+tfidf,159,0,0,0.20240422,1.3454322
AE+fsce+tfidf,159,1,1,1.2388322,1.0258971
AE+fsce+tfidf,159,2,2,0.349381,-2.334937
AE+fsce+tfidf,159,3,3,-0.5078231,-5.6387887
AE+fsce+tfidf,160,0,0,-2.4154098,2.1914797
AE+fsce+tfidf,160,1,1,-5.5243664,-0.34358716
AE+fsce+tfidf,160,2,2,0.29123068,-1.7650487
AE+fsce+tfidf,160,3,3,-0.45959228,-5.387419
AE+fsce+tfidf,161,0,0,-5.9167633,-1.8975725
AE+fsce+tfidf,161,1,1,-7.3663416,-1.7787113
AE+fsce+tfidf,161,2,2,-8.7638,-1.6969746
AE+fsce+tfidf,161,3,3,-6.1983814,-4.556641
AE+fsce+tfidf,162,0,0,1.5363106,1.4725536
AE+fsce+tfidf,162,1,1,1.2131456,0.41303712
AE+fsce+tfidf,162,2,2,0.8510221,-0.90073055
AE+fsce+tfidf,162,3,3,0.42805097,-2.1208546
AE+fsce+tfidf,163,0,0,-0.83240783,-2.179827
AE+fsce+tfidf,163,1,1,-0.16767114,-2.025944
AE+fsce+tfidf,163,2,2,-0.018282773,-2.357135
AE+fsce+tfidf,163,3,3,-0.10253663,-2.992457
AE+fsce+tfidf,164,0,0,1.9393026,2.1802168
AE+fsce+tfidf,164,1,1,1.4279709,0.8411488
AE+fsce+tfidf,164,2,2,1.1656308,-0.20274515
AE+fsce+tfidf,164,3,3,0.8155495,-1.330012
AE+fsce+tfidf,165,0,0,-2.771792,-3.953994
AE+fsce+tfidf,165,1,1,-2.0351334,-5.0307045
AE+fsce+tfidf,165,2,2,-0.45584953,-5.1789064
AE+fsce+tfidf,165,3,3,0.033507157,-5.4726806
AE+fsce+tfidf,166,0,0,-2.7753077,-2.7576447
AE+fsce+tfidf,166,1,1,1.2596265,0.9349788
AE+fsce+tfidf,166,2,2,1.322152,-2.0853004
AE+fsce+tfidf,166,3,3,0.904999,-3.8808243
AE+fsce+tfidf,167,0,0,0.6650706,2.1985683
AE+fsce+tfidf,167,1,1,1.2442194,1.5658401
AE+fsce+tfidf,167,2,2,1.7494698,0.04203698
AE+fsce+tfidf,167,3,3,0.9397228,-4.0782495
AE+fsce+tfidf,168,0,0,2.017325,5.0398545
AE+fsce+tfidf,168,1,1,2.0213954,2.7752173
AE+fsce+tfidf,168,2,2,1.4133184,0.57296187
AE+fsce+tfidf,168,3,3,0.8448091,-1.3644987
AE+fsce+tfidf,169,0,0,3.0868018,3.4640367
AE+fsce+tfidf,169,1,1,2.7461598,2.6476772
AE+fsce+tfidf,169,2,2,2.2780695,1.6299516
AE+fsce+tfidf,169,3,3,1.8934482,0.6676228
AE+fsce+tfidf,170,0,0,1.9061197,2.9440413
AE+fsce+tfidf,170,1,1,1.5402545,1.4294679
AE+fsce+tfidf,170,2,2,1.2940851,0.1482105
AE+fsce+tfidf,170,3,3,0.82565784,-1.4560529
AE+fsce+tfidf,171,0,0,1.7360812,2.6099498
AE+fsce+tfidf,171,1,1,1.1831129,0.8992602
AE+fsce+tfidf,171,2,2,0.90046877,-0.69733244
AE+fsce+tfidf,171,3,3,0.4002163,-2.2867916
AE+fsce+tfidf,172,0,0,2.0182786,2.1146307
AE+fsce+tfidf,172,1,1,1.5549395,0.7770821
AE+fsce+tfidf,172,2,2,1.3064536,-0.14583957
AE+fsce+tfidf,172,3,3,1.0469831,-1.1403396
AE+fsce+tfidf,173,0,0,-3.920517,-5.693436
AE+fsce+tfidf,173,1,1,-2.8134465,-6.209047
AE+fsce+tfidf,173,2,2,-1.9282469,-7.114481
AE+fsce+tfidf,173,3,3,-0.9968747,-7.2037134
AE+fsce+tfidf,174,0,0,1.8025074,4.007817
AE+fsce+tfidf,174,1,1,1.599277,1.9465243
AE+fsce+tfidf,174,2,2,1.4633956,0.68559
AE+fsce+tfidf,174,3,3,0.8296978,-1.9425248
AE+fsce+tfidf,175,0,0,-5.355597,-1.4808893
AE+fsce+tfidf,175,1,1,-5.9046307,-1.222679
AE+fsce+tfidf,175,2,2,-3.9457486,-4.3326
AE+fsce+tfidf,175,3,3,-0.5646523,-7.356205
AE+fsce+tfidf,176,0,0,0.8434901,1.2236845
AE+fsce+tfidf,176,1,1,1.1079316,0.4384913
AE+fsce+tfidf,176,2,2,1.0429375,-0.51622903
AE+fsce+tfidf,176,3,3,0.7729253,-1.7235461
AE+fsce+tfidf,177,0,0,-0.02750269,2.960788
AE+fsce+tfidf,177,1,1,1.3968475,1.0095419
AE+fsce+tfidf,177,2,2,1.495938,0.3267593
AE+fsce+tfidf,177,3,3,1.3287768,-1.6048822
AE+fsce+tfidf,178,0,0,2.951716,3.8345678
AE+fsce+tfidf,178,1,1,2.1456032,1.8420398
AE+fsce+tfidf,178,2,2,1.628542,0.50370485
AE+fsce+tfidf,178,3,3,1.2815366,-0.50376385
AE+fsce+tfidf,179,0,0,-2.259164,-0.7984424
AE+fsce+tfidf,179,1,1,0.82965565,0.016616963
AE+fsce+tfidf,179,2,2,-0.3006963,-5.669504
AE+fsce+tfidf,179,3,3,-0.47993854,-7.178957
AE+fsce+tfidf,180,0,0,0.06482868,-0.57634413
AE+fsce+tfidf,180,1,1,0.89846873,-0.16637436
AE+fsce+tfidf,180,2,2,0.59591,-1.7781117
AE+fsce+tfidf,180,3,3,0.18183921,-3.877701
AE+fsce+tfidf,181,0,0,-3.7258618,-4.4377794
AE+fsce+tfidf,181,1,1,-2.6212914,-5.2966623
AE+fsce+tfidf,181,2,2,-0.7909369,-6.0723066
AE+fsce+tfidf,181,3,3,0.00066269754,-5.797404
AE+fsce+tfidf,182,0,0,0.18781798,0.76285845
AE+fsce+tfidf,182,1,1,1.227129,0.9249488
AE+fsce+tfidf,182,2,2,1.2374805,-0.0726847
AE+fsce+tfidf,182,3,3,0.8712997,-1.825466
AE+fsce+tfidf,183,0,0,-6.2736382,-1.0315478
AE+fsce+tfidf,183,1,1,-7.7601204,0.33822346
AE+fsce+tfidf,183,2,2,-8.2384,-2.0474706
AE+fsce+tfidf,183,3,3,-4.216314,-5.880496
AE+fsce+tfidf,184,0,0,-2.0119317,0.7948029
AE+fsce+tfidf,184,1,1,-5.9059305,-1.6101892
AE+fsce+tfidf,184,2,2,-4.061257,-6.031028
AE+fsce+tfidf,184,3,3,-0.89345545,-7.5649085
AE+fsce+tfidf,185,0,0,-3.5521107,2.4030626
AE+fsce+tfidf,185,1,1,-5.5897436,0.32070076
AE+fsce+tfidf,185,2,2,-5.423566,-2.2683356
AE+fsce+tfidf,185,3,3,-1.5653399,-7.826515
AE+fsce+tfidf,186,0,0,-3.2889872,-3.6363585
AE+fsce+tfidf,186,1,1,0.95800257,-0.004883986
AE+fsce+tfidf,186,2,2,-0.23241524,-4.230253
AE+fsce+tfidf,186,3,3,-0.6073761,-6.529387
AE+fsce+tfidf,187,0,0,-1.5210584,-2.5308387
AE+fsce+tfidf,187,1,1,-0.31775635,-2.6025748
AE+fsce+tfidf,187,2,2,-0.034875423,-3.2278447
AE+fsce+tfidf,187,3,3,0.18787754,-3.6663737
AE+fsce+tfidf,188,0,0,-0.77275753,-3.0522487
AE+fsce+tfidf,188,1,1,-0.41774487,-3.1975322
AE+fsce+tfidf,188,2,2,-0.12740278,-3.192726
AE+fsce+tfidf,188,3,3,0.08668782,-3.2683127
AE+fsce+tfidf,189,0,0,-3.8019948,-2.0968618
AE+fsce+tfidf,189,1,1,-4.3165526,-0.32536367
AE+fsce+tfidf,189,2,2,-5.5232186,0.462172
AE+fsce+tfidf,189,3,3,-2.4651213,-7.6377654
AE+fsce+tfidf,190,0,0,-1.5043834,-1.9840257
AE+fsce+tfidf,190,1,1,-0.7237447,-2.8710864
AE+fsce+tfidf,190,2,2,-0.34695905,-3.5720377
AE+fsce+tfidf,190,3,3,0.019131707,-3.8055086
AE+fsce+tfidf,191,0,0,-1.5233331,-3.3347945
AE+fsce+tfidf,191,1,1,1.0392425,-0.3578987
AE+fsce+tfidf,191,2,2,0.92998403,-2.4892292
AE+fsce+tfidf,191,3,3,0.5204994,-4.5475316
AE+fsce+tfidf,192,0,0,-0.24799697,-2.7699442
AE+fsce+tfidf,192,1,1,-0.26630804,-3.1483264
AE+fsce+tfidf,192,2,2,-0.19577003,-3.2623193
AE+fsce+tfidf,192,3,3,-0.10946576,-3.3565009
AE+fsce+tfidf,193,0,0,-4.086185,-1.8909963
AE+fsce+tfidf,193,1,1,-5.603019,-0.4737705
AE+fsce+tfidf,193,2,2,-4.842225,-5.229197
AE+fsce+tfidf,193,3,3,-0.7493696,-7.603799
AE+fsce+tfidf,194,0,0,-4.6080155,-6.5062766
AE+fsce+tfidf,194,1,1,-5.28005,-9.7161875
AE+fsce+tfidf,194,2,2,-3.1398199,-9.703948
AE+fsce+tfidf,194,3,3,-2.0932515,-8.86446
AE+fsce+tfidf,195,0,0,-4.4312935,-5.72566
AE+fsce+tfidf,195,1,1,-6.684349,-10.079199
AE+fsce+tfidf,195,2,2,-3.634224,-8.413946
AE+fsce+tfidf,195,3,3,-2.0958397,-7.3476076
AE+fsce+tfidf,196,0,0,-4.173657,-6.635799
AE+fsce+tfidf,196,1,1,-3.4307587,-6.462371
AE+fsce+tfidf,196,2,2,-1.9773579,-6.2177286
AE+fsce+tfidf,196,3,3,-0.8073098,-6.286752
AE+fsce+tfidf,197,0,0,-0.9977022,-2.289465
AE+fsce+tfidf,197,1,1,0.6400053,-0.49276257
AE+fsce+tfidf,197,2,2,0.57219535,-1.2448266
AE+fsce+tfidf,197,3,3,0.38191515,-2.4479825
AE+fsce+tfidf,198,0,0,-0.11836656,-2.2106926
AE+fsce+tfidf,198,1,1,-0.006357794,-2.5047157
AE+fsce+tfidf,198,2,2,0.05812351,-2.8224614
AE+fsce+tfidf,198,3,3,0.055869322,-3.2300181
AE+fsce+tfidf,199,0,0,1.0063874,2.6490324
AE+fsce+tfidf,199,1,1,1.4271955,1.7602869
AE+fsce+tfidf,199,2,2,1.617788,0.04442574
AE+fsce+tfidf,199,3,3,0.8127427,-3.7427595
AE+fsce+tfidf,200,0,0,-4.680829,-6.3063684
AE+fsce+tfidf,200,1,1,-4.3612943,-8.301747
AE+fsce+tfidf,200,2,2,-0.32239485,-7.0630126
AE+fsce+tfidf,200,3,3,0.27397174,-6.3810725
AE+fsce+tfidf,201,0,0,-2.3443923,0.6652921
AE+fsce+tfidf,201,1,1,-4.768353,-0.95351076
AE+fsce+tfidf,201,2,2,-0.6625489,-3.1757035
AE+fsce+tfidf,201,3,3,-0.8232241,-6.798257
AE+fsce+tfidf,202,0,0,-6.543253,-8.896611
AE+fsce+tfidf,202,1,1,-6.1833496,-9.83104
AE+fsce+tfidf,202,2,2,-4.7306824,-9.526485
AE+fsce+tfidf,202,3,3,-3.6180406,-8.794969
AE+fsce+tfidf,203,0,0,-1.2139461,-0.556137
AE+fsce+tfidf,203,1,1,0.8565692,0.068242334
AE+fsce+tfidf,203,2,2,0.91613644,-0.8053726
AE+fsce+tfidf,203,3,3,0.64843625,-2.4655178
AE+fsce+tfidf,204,0,0,-0.6302203,1.263657
AE+fsce+tfidf,204,1,1,1.1076667,0.5397798
AE+fsce+tfidf,204,2,2,0.9570076,-0.5591596
AE+fsce+tfidf,204,3,3,0.48508853,-2.3214784
AE+fsce+tfidf,205,0,0,-4.5665708,-0.53131837
AE+fsce+tfidf,205,1,1,-5.5219226,0.12987183
AE+fsce+tfidf,205,2,2,-8.662671,-0.93721277
AE+fsce+tfidf,205,3,3,-6.9454293,-3.5059266
AE+fsce+tfidf,206,0,0,-0.06197922,3.7869196
AE+fsce+tfidf,206,1,1,1.2355491,1.0320356
AE+fsce+tfidf,206,2,2,1.1582137,0.041095752
AE+fsce+tfidf,206,3,3,0.37627506,-2.8682492
AE+fsce+tfidf,207,0,0,1.7806389,4.0912
AE+fsce+tfidf,207,1,1,1.4141461,1.4829084
AE+fsce+tfidf,207,2,2,0.05483971,-2.7449195
AE+fsce+tfidf,207,3,3,-0.9040717,-5.686446
AE+fsce+tfidf,208,0,0,-0.97201633,-3.7891657
AE+fsce+tfidf,208,1,1,-0.6169336,-4.4517546
AE+fsce+tfidf,208,2,2,-0.6331687,-5.0819273
AE+fsce+tfidf,208,3,3,-0.6833184,-5.545576
AE+fsce+tfidf,209,0,0,-0.5671731,-2.2866223
AE+fsce+tfidf,209,1,1,0.006971143,-2.2336264
AE+fsce+tfidf,209,2,2,0.14247844,-2.6052954
AE+fsce+tfidf,209,3,3,0.06557649,-3.47469
AE+fsce+tfidf,210,0,0,-1.6973162,-0.29318908
AE+fsce+tfidf,210,1,1,0.6092757,-0.38718355
AE+fsce+tfidf,210,2,2,0.8921669,-0.7063532
AE+fsce+tfidf,210,3,3,0.6649876,-2.453781
AE+fsce+tfidf,211,0,0,-4.218194,-5.7966213
AE+fsce+tfidf,211,1,1,-1.2468512,-4.2891364
AE+fsce+tfidf,211,2,2,0.4260312,-2.487021
AE+fsce+tfidf,211,3,3,0.54222023,-3.455134
AE+fsce+tfidf,212,0,0,-0.8862435,2.0163622
AE+fsce+tfidf,212,1,1,1.0444996,0.41259384
AE+fsce+tfidf,212,2,2,1.0363041,-0.29351097
AE+fsce+tfidf,212,3,3,0.7014205,-1.6209773
AE+fsce+tfidf,213,0,0,0.3557449,-2.1271129
AE+fsce+tfidf,213,1,1,0.5131534,-2.4506204
AE+fsce+tfidf,213,2,2,0.5340288,-2.8758903
AE+fsce+tfidf,213,3,3,0.54173356,-3.2581952
AE+fsce+tfidf,214,0,0,-1.5799661,-0.6926411
AE+fsce+tfidf,214,1,1,0.10775828,-1.4441029
AE+fsce+tfidf,214,2,2,0.6202102,-1.3172402
AE+fsce+tfidf,214,3,3,0.52296597,-2.4887705
AE+fsce+tfidf,215,0,0,1.8298967,1.0260642
AE+fsce+tfidf,215,1,1,1.3907582,0.10384459
AE+fsce+tfidf,215,2,2,1.1549973,-0.62617534
AE+fsce+tfidf,215,3,3,0.97246605,-1.2136129
AE+fsce+tfidf,216,0,0,-3.3464563,-3.94395
AE+fsce+tfidf,216,1,1,-2.3653846,-5.1961823
AE+fsce+tfidf,216,2,2,-0.23966403,-5.028738
AE+fsce+tfidf,216,3,3,0.17677703,-5.30092
AE+fsce+tfidf,217,0,0,-2.033616,-5.656139
AE+fsce+tfidf,217,1,1,-0.77752966,-4.4167495
AE+fsce+tfidf,217,2,2,-0.29825997,-3.892275
AE+fsce+tfidf,217,3,3,-0.09985009,-3.8521893
AE+fsce+tfidf,218,0,0,-0.080514625,-1.9233905
AE+fsce+tfidf,218,1,1,0.30411386,-1.8909595
AE+fsce+tfidf,218,2,2,0.4766018,-1.9738748
AE+fsce+tfidf,218,3,3,0.40016094,-2.6688793
AE+fsce+tfidf,219,0,0,1.0106207,0.0004805617
AE+fsce+tfidf,219,1,1,0.9671348,-0.30978885
AE+fsce+tfidf,219,2,2,0.886785,-0.8851591
AE+fsce+tfidf,219,3,3,0.7825732,-1.4211999
AE+fsce+tfidf,220,0,0,-4.2920537,-6.2587924
AE+fsce+tfidf,220,1,1,1.4955021,1.1619606
AE+fsce+tfidf,220,2,2,1.3785461,-0.31476307
AE+fsce+tfidf,220,3,3,0.9252755,-2.9000385
AE+fsce+tfidf,221,0,0,-5.531133,-6.279395
AE+fsce+tfidf,221,1,1,-7.830015,-9.5229845
AE+fsce+tfidf,221,2,2,-6.2122736,-8.602377
AE+fsce+tfidf,221,3,3,-4.080149,-7.442159
AE+fsce+tfidf,222,0,0,1.1173471,1.2182887
AE+fsce+tfidf,222,1,1,1.2326133,0.77867186
AE+fsce+tfidf,222,2,2,1.0915636,-0.3958968
AE+fsce+tfidf,222,3,3,0.6156023,-2.0229793
AE+fsce+tfidf,223,0,0,-4.534006,-6.761987
AE+fsce+tfidf,223,1,1,-3.905892,-7.518228
AE+fsce+tfidf,223,2,2,-2.4450169,-7.6600766
AE+fsce+tfidf,223,3,3,-0.8710333,-6.953872
AE+fsce+tfidf,224,0,0,-4.484278,-5.514951
AE+fsce+tfidf,224,1,1,-8.329463,-4.2101326
AE+fsce+tfidf,224,2,2,-5.759675,-5.7607827
AE+fsce+tfidf,224,3,3,-1.4616802,-7.404122
AE+fsce+tfidf,225,0,0,-5.713427,-2.8393104
AE+fsce+tfidf,225,1,1,-5.909734,-2.196644
AE+fsce+tfidf,225,2,2,-1.94242,-3.6126902
AE+fsce+tfidf,225,3,3,-0.454858,-6.399947
AE+fsce+tfidf,226,0,0,-0.8993414,2.619405
AE+fsce+tfidf,226,1,1,1.208774,0.84515494
AE+fsce+tfidf,226,2,2,0.8096865,-0.5708332
AE+fsce+tfidf,226,3,3,-0.029530548,-3.6299381
AE+fsce+tfidf,227,0,0,-6.885143,-7.8422713
AE+fsce+tfidf,227,1,1,-8.047364,-7.9577317
AE+fsce+tfidf,227,2,2,-5.047379,-6.683122
AE+fsce+tfidf,227,3,3,-2.7464736,-6.887901
AE+fsce+tfidf,228,0,0,-0.4737502,-0.746855
AE+fsce+tfidf,228,1,1,0.92850137,0.317215
AE+fsce+tfidf,228,2,2,0.5957179,-1.3969102
AE+fsce+tfidf,228,3,3,0.007281479,-3.6383212
AE+fsce+tfidf,229,0,0,2.5858035,3.9449298
AE+fsce+tfidf,229,1,1,1.8595048,1.845305
AE+fsce+tfidf,229,2,2,1.4205912,0.43655682
AE+fsce+tfidf,229,3,3,1.0378057,-0.83417153
AE+fsce+tfidf,230,0,0,-2.0889328,-0.110488586
AE+fsce+tfidf,230,1,1,0.051475387,-1.5777681
AE+fsce+tfidf,230,2,2,0.20504312,-2.0263622
AE+fsce+tfidf,230,3,3,0.015280309,-3.5481563
AE+fsce+tfidf,231,0,0,-0.38940024,-0.10338241
AE+fsce+tfidf,231,1,1,1.4637552,0.36825523
AE+fsce+tfidf,231,2,2,1.5334145,-1.5680133
AE+fsce+tfidf,231,3,3,1.2169803,-2.9494812
AE+fsce+tfidf,232,0,0,-0.79424137,-2.6116815
AE+fsce+tfidf,232,1,1,-0.48381686,-3.1142805
AE+fsce+tfidf,232,2,2,-0.27047434,-3.3861928
AE+fsce+tfidf,232,3,3,-0.12732132,-3.739565
AE+fsce+tfidf,233,0,0,-5.5955048,-6.4401703
AE+fsce+tfidf,233,1,1,-5.2182355,-7.1724567
AE+fsce+tfidf,233,2,2,-3.2761207,-8.32384
AE+fsce+tfidf,233,3,3,-1.0982263,-7.679121
AE+fsce+tfidf,234,0,0,1.4246293,3.0396976
AE+fsce+tfidf,234,1,1,1.5759733,1.5908692
AE+fsce+tfidf,234,2,2,1.6076922,0.39875203
AE+fsce+tfidf,234,3,3,1.1457613,-2.6723778
AE+fsce+tfidf,235,0,0,-4.135334,-5.4444537
AE+fsce+tfidf,235,1,1,-5.580795,-9.236931
AE+fsce+tfidf,235,2,2,-2.7070832,-9.397733
AE+fsce+tfidf,235,3,3,-1.5678147,-8.556506
AE+fsce+tfidf,236,0,0,1.0480604,2.1634922
AE+fsce+tfidf,236,1,1,1.6962517,1.2817346
AE+fsce+tfidf,236,2,2,1.5420349,-2.3664355
AE+fsce+tfidf,236,3,3,0.62106055,-5.2767925
AE+fsce+tfidf,237,0,0,-0.41451964,1.5238364
AE+fsce+tfidf,237,1,1,1.3931712,1.008083
AE+fsce+tfidf,237,2,2,1.6548022,-0.5767028
AE+fsce+tfidf,237,3,3,1.1429232,-3.4119773
AE+fsce+tfidf,238,0,0,-4.3491426,-5.231642
AE+fsce+tfidf,238,1,1,-6.7963157,-9.553801
AE+fsce+tfidf,238,2,2,-4.026508,-9.133818
AE+fsce+tfidf,238,3,3,-2.302492,-7.8767595
AE+fsce+tfidf,239,0,0,1.0231458,1.5097301
AE+fsce+tfidf,239,1,1,1.1488299,0.68495566
AE+fsce+tfidf,239,2,2,1.0972737,-0.20605661
AE+fsce+tfidf,239,3,3,0.7487451,-1.5036497
AE+fsce+tfidf,240,0,0,-0.6524826,0.36993816
AE+fsce+tfidf,240,1,1,1.2370178,0.3784532
AE+fsce+tfidf,240,2,2,0.39469743,-4.4540377
AE+fsce+tfidf,240,3,3,-0.38223276,-6.98533
AE+fsce+tfidf,241,0,0,-6.287841,-7.5270853
AE+fsce+tfidf,241,1,1,-7.109568,-9.316651
AE+fsce+tfidf,241,2,2,-5.8709917,-9.0931835
AE+fsce+tfidf,241,3,3,-4.1737475,-7.929766
AE+fsce+tfidf,242,0,0,0.83105356,3.8117201
AE+fsce+tfidf,242,1,1,1.3725238,1.4156879
AE+fsce+tfidf,242,2,2,0.7781993,-1.1591489
AE+fsce+tfidf,242,3,3,-0.49383742,-4.96355
AE+fsce+tfidf,243,0,0,-6.4845552,-7.802556
AE+fsce+tfidf,243,1,1,-7.408018,-9.3451
AE+fsce+tfidf,243,2,2,-6.368427,-8.913155
AE+fsce+tfidf,243,3,3,-4.8014426,-7.8120103
AE+fsce+tfidf,244,0,0,-7.157518,-4.9296765
AE+fsce+tfidf,244,1,1,-7.457926,-1.9546038
AE+fsce+tfidf,244,2,2,-7.843921,-3.1945794
AE+fsce+tfidf,244,3,3,-2.6297054,-6.751929
AE+fsce+tfidf,245,0,0,-2.9852207,-4.20826
AE+fsce+tfidf,245,1,1,-1.227076,-3.95946
AE+fsce+tfidf,245,2,2,-0.08403564,-3.258436
AE+fsce+tfidf,245,3,3,0.2995427,-3.7024672
AE+fsce+tfidf,246,0,0,-3.8734636,-4.1113663
AE+fsce+tfidf,246,1,1,-0.15376765,-2.2159474
AE+fsce+tfidf,246,2,2,0.573381,-1.7501053
AE+fsce+tfidf,246,3,3,0.59742206,-3.0224402
DAE,0,0,0,-3.8774288,0.73870504
DAE,0,1,1,-3.0084918,1.3630227
DAE,0,2,2,0.67700416,0.003506291
DAE,0,3,3,1.0384175,0.024268325
DAE,1,0,0,-0.78257257,-0.41927162
DAE,1,1,1,-2.5426183,0.8826031
DAE,1,2,2,-1.5524355,1.428602
DAE,1,3,3,-1.064702,1.999751
DAE,2,0,0,-0.8320206,0.4030729
DAE,2,1,1,-0.101243675,1.5598907
DAE,2,2,2,-0.34479645,3.6179004
DAE,2,3,3,-0.31870142,3.8593025
DAE,3,0,0,-1.2035345,-8.914193
DAE,3,1,1,-2.3495388,-8.776698
DAE,3,2,2,-3.8440297,-8.235547
DAE,3,3,3,-4.87936,-7.6349316
DAE,4,0,0,-0.9523969,-0.775592
DAE,4,1,1,-3.6673353,-1.0292903
DAE,4,2,2,-1.5791565,1.4142041
DAE,4,3,3,-0.8764295,1.7998387
DAE,5,0,0,-1.0656499,-0.7879045
DAE,5,1,1,-0.8187668,1.126572
DAE,5,2,2,-0.8771517,1.7499948
DAE,5,3,3,-0.7257158,2.0644853
DAE,6,0,0,-0.5037521,0.010971684
DAE,6,1,1,-1.184938,1.1546688
DAE,6,2,2,-0.56588674,1.6768053
DAE,6,3,3,-0.36051404,1.9522499
DAE,7,0,0,-0.47941947,-0.61245924
DAE,7,1,1,-3.2090826,1.1854062
DAE,7,2,2,0.46767405,0.12953775
DAE,7,3,3,0.8046931,0.19753666
DAE,8,0,0,-0.6896237,0.019199895
DAE,8,1,1,-0.8279921,0.69114166
DAE,8,2,2,-0.52734065,1.4682165
DAE,8,3,3,-0.7058698,2.2246234
DAE,9,0,0,-0.78803813,0.051092926
DAE,9,1,1,-0.61629176,0.86086595
DAE,9,2,2,-0.7021038,2.0629144
DAE,9,3,3,-0.6091906,2.5083656
DAE,10,0,0,-2.8821392,0.22131386
DAE,10,1,1,-3.0860326,0.7346283
DAE,10,2,2,-2.7024846,1.5363255
DAE,10,3,3,-1.3881171,2.0459504
DAE,11,0,0,2.124301,2.407046
DAE,11,1,1,2.5994248,1.14064
DAE,11,2,2,2.8524132,0.40335676
DAE,11,3,3,3.0052006,0.1653433
DAE,12,0,0,-1.5810565,-0.024835642
DAE,12,1,1,-2.5380862,0.16546434
DAE,12,2,2,-1.0564587,1.817394
DAE,12,3,3,-0.7711891,1.8840749
DAE,13,0,0,-0.50803065,0.10075069
DAE,13,1,1,-0.7080918,1.2279992
DAE,13,2,2,-0.8414827,1.9858607
DAE,13,3,3,-0.5942948,2.242625
DAE,14,0,0,-3.7767103,0.11930579
DAE,14,1,1,-3.1806643,1.0386353
DAE,14,2,2,-1.9879878,1.478258
DAE,14,3,3,-1.1164334,1.7480911
DAE,15,0,0,-0.45676267,0.4297307
DAE,15,1,1,-0.24299133,1.3308281
DAE,15,2,2,-0.38247752,2.2086375
DAE,15,3,3,-0.21737865,2.5928354
DAE,16,0,0,-0.9837949,-0.545144
DAE,16,1,1,-1.875234,0.32299143
DAE,16,2,2,-0.79695785,1.4275266
DAE,16,3,3,-0.7232133,1.9775786
DAE,17,0,0,-3.0502052,1.898048
DAE,17,1,1,-0.79371804,1.5545801
DAE,17,2,2,-0.68975264,1.8709811
DAE,17,3,3,-0.6044782,2.061758
DAE,18,0,0,-2.132097,-0.39623618
DAE,18,1,1,-1.7245913,0.6150285
DAE,18,2,2,-1.1585866,2.1152337
DAE,18,3,3,-0.8397615,2.3966987
DAE,19,0,0,-0.26302707,1.045066
DAE,19,1,1,-0.44788703,1.9697987
DAE,19,2,2,-0.39970312,2.371653
DAE,19,3,3,-0.30979684,2.6798418
DAE,20,0,0,0.14052236,-0.019575153
DAE,20,1,1,0.54033583,0.13846639
DAE,20,2,2,1.0304652,0.32593486
DAE,20,3,3,1.3400513,0.30433565
DAE,21,0,0,-1.3464152,1.0818554
DAE,21,1,1,-1.5955836,2.6286163
DAE,21,2,2,-1.0961577,3.0176048
DAE,21,3,3,-0.8363809,3.3508658
DAE,22,0,0,-1.7297932,1.3439368
DAE,22,1,1,-1.28527,2.089124
DAE,22,2,2,-0.88583565,2.499373
DAE,22,3,3,-0.67976564,2.875923
DAE,23,0,0,-0.7700542,-0.11087037
DAE,23,1,1,-1.166543,0.49238926
DAE,23,2,2,-0.72745645,1.216058
DAE,23,3,3,-0.87758374,2.136597
DAE,24,0,0,-0.483056,0.30889368
DAE,24,1,1,-0.26026976,1.2166362
DAE,24,2,2,-0.46581957,2.1509445
DAE,24,3,3,-0.3087764,2.5308897
DAE,25,0,0,-0.6435197,0.61951876
DAE,25,1,1,0.15838741,2.389547
DAE,25,2,2,-0.13429041,3.654523
DAE,25,3,3,-0.17981607,3.847615
DAE,26,0,0,-0.8141528,-0.21656127
DAE,26,1,1,-1.3055338,0.9136781
DAE,26,2,2,-0.8753158,1.50834
DAE,26,3,3,-0.80364436,1.9054937
DAE,27,0,0,-0.3078581,-2.6653717
DAE,27,1,1,0.9266942,-0.53247476
DAE,27,2,2,0.67918384,-0.18002972
DAE,27,3,3,1.0014215,-0.03327804
DAE,28,0,0,-1.6205479,-1.4676875
DAE,28,1,1,-3.3298311,-2.6465373
DAE,28,2,2,-3.7390013,-3.3642366
DAE,28,3,3,-3.3766987,-1.4730463
DAE,29,0,0,-0.11398657,0.19182889
DAE,29,1,1,0.9792764,-0.22911842
DAE,29,2,2,1.3476684,-0.045074508
DAE,29,3,3,1.6656024,-0.014536587
DAE,30,0,0,-1.0964385,-0.7365701
DAE,30,1,1,-3.2076294,-1.7117766
DAE,30,2,2,-1.7703038,1.298727
DAE,30,3,3,-0.8219515,1.9754653
DAE,31,0,0,-0.7168382,0.58305997
DAE,31,1,1,-0.34540164,1.099449
DAE,31,2,2,-0.6075311,2.191436
DAE,31,3,3,-0.55032575,2.6069133
DAE,32,0,0,-0.23768826,-0.23141687
DAE,32,1,1,0.51527435,-0.059371732
DAE,32,2,2,0.9540983,-0.024000084
DAE,32,3,3,1.176311,0.21309
DAE,33,0,0,0.5519847,0.5658747
DAE,33,1,1,0.92760414,0.25686476
DAE,33,2,2,1.2736404,0.2782736
DAE,33,3,3,1.5005522,0.2673338
DAE,34,0,0,-0.42469442,0.3816926
DAE,34,1,1,-0.56770915,1.4079585
DAE,34,2,2,-0.3576424,2.053866
DAE,34,3,3,-0.090684995,2.3047662
DAE,35,0,0,-0.63301736,-0.68465006
DAE,35,1,1,-3.0955417,1.0431911
DAE,35,2,2,-2.1176162,1.4599212
DAE,35,3,3,-0.54298466,1.630265
DAE,36,0,0,-0.6306782,-0.19726126
DAE,36,1,1,-2.1618557,0.915067
DAE,36,2,2,-1.3856708,1.4118402
DAE,36,3,3,-1.0529944,2.00019
DAE,37,0,0,-0.83256024,-1.33203
DAE,37,1,1,0.85875046,-0.30344406
DAE,37,2,2,0.8586657,-0.14082663
DAE,37,3,3,1.2404597,-0.101844564
DAE,38,0,0,-1.828729,-0.30296144
DAE,38,1,1,-4.2646675,-3.2598045
DAE,38,2,2,-3.7870312,0.44306555
DAE,38,3,3,-0.9527754,1.8810071
DAE,39,0,0,2.5520597,-2.7160046
DAE,39,1,1,1.5572071,-0.40940273
DAE,39,2,2,1.6696951,-0.2868082
DAE,39,3,3,1.7120531,-0.08480703
DAE,40,0,0,4.470023,3.97902
DAE,40,1,1,3.6883888,3.8235714
DAE,40,2,2,2.885704,3.689406
DAE,40,3,3,2.3447862,3.4279895
DAE,41,0,0,-0.34393233,-3.609626
DAE,41,1,1,0.88079685,-0.35593528
DAE,41,2,2,0.82911,-0.12558837
DAE,41,3,3,1.2351027,-0.028816879
DAE,42,0,0,1.0807331,1.0847068
DAE,42,1,1,1.5660095,0.14744149
DAE,42,2,2,1.7567135,0.091879815
DAE,42,3,3,1.906317,0.1407419
DAE,43,0,0,-0.3926605,0.6240411
DAE,43,1,1,0.4153703,0.78772664
DAE,43,2,2,0.7537887,1.0394492
DAE,43,3,3,0.7305167,1.465973
DAE,44,0,0,-1.8062767,2.5707574
DAE,44,1,1,-1.0470134,2.653308
DAE,44,2,2,-0.80474705,2.8598185
DAE,44,3,3,-0.6955699,2.9874763
DAE,45,0,0,0.14558296,-0.7821931
DAE,45,1,1,0.30634093,-0.2948702
DAE,45,2,2,0.48554593,-0.09975233
DAE,45,3,3,0.74533314,0.077350035
DAE,46,0,0,-3.0519278,-0.06068359
DAE,46,1,1,-3.4988086,-0.10940922
DAE,46,2,2,-1.9148228,1.466368
DAE,46,3,3,-0.98259616,1.7913436
DAE,47,0,0,1.3022695,-2.3618875
DAE,47,1,1,0.5832839,-0.47360355
DAE,47,2,2,0.58919996,-0.23374262
DAE,47,3,3,0.71922344,-0.084903546
DAE,48,0,0,-3.363685,0.33120963
DAE,48,1,1,-3.2304862,0.9608451
DAE,48,2,2,-2.260751,1.3080473
DAE,48,3,3,-1.40206,1.7420787
DAE,49,0,0,-0.38313055,-1.1457293
DAE,49,1,1,-3.3918746,0.8468116
DAE,49,2,2,0.42280576,0.08373009
DAE,49,3,3,0.6633917,0.18232627
DAE,50,0,0,-2.5632684,0.4982436
DAE,50,1,1,-3.1573732,0.902142
DAE,50,2,2,-1.7395873,1.320817
DAE,50,3,3,-0.98571706,1.5493207
DAE,51,0,0,-3.4934387,-0.40327412
DAE,51,1,1,-3.9045546,-1.2966973
DAE,51,2,2,-2.0971003,1.9276053
DAE,51,3,3,-0.8780333,1.8426615
DAE,52,0,0,-2.4682412,-0.5774999
DAE,52,1,1,-2.3336089,0.8203248
DAE,52,2,2,-1.1288847,1.727769
DAE,52,3,3,-0.706557,1.9260497
DAE,53,0,0,-0.99096155,-1.559613
DAE,53,1,1,-4.0753837,-0.7589082
DAE,53,2,2,-2.8348446,1.3812938
DAE,53,3,3,-1.1572412,1.8115906
DAE,54,0,0,-0.56897914,-0.119315565
DAE,54,1,1,-2.3605452,0.9839568
DAE,54,2,2,-1.7245687,1.3684034
DAE,54,3,3,-1.2085525,1.9524589
DAE,55,0,0,-0.7049851,-0.42931992
DAE,55,1,1,-2.4648087,0.9749903
DAE,55,2,2,-1.5132781,1.4802651
DAE,55,3,3,-1.0316176,2.0075953
DAE,56,0,0,-1.0276449,-0.93214345
DAE,56,1,1,-3.9954543,-1.6477807
DAE,56,2,2,-2.298693,1.3952101
DAE,56,3,3,-1.0909797,1.9346292
DAE,57,0,0,0.028760577,-2.648949
DAE,57,1,1,0.5538069,-0.38027433
DAE,57,2,2,0.5682015,-0.16573368
DAE,57,3,3,0.8139521,0.014841661
DAE,58,0,0,-0.87036544,-1.5618223
DAE,58,1,1,-4.047018,-0.42102158
DAE,58,2,2,-2.2952342,1.3201176
DAE,58,3,3,-1.2895248,1.8737136
DAE,59,0,0,-0.16561857,-0.358343
DAE,59,1,1,0.6942283,-0.23564887
DAE,59,2,2,0.41925684,-0.1063215
DAE,59,3,3,0.4667249,0.026674226
DAE,60,0,0,-1.177185,-0.8078042
DAE,60,1,1,-2.886795,-2.2333627
DAE,60,2,2,-0.6265672,1.9445783
DAE,60,3,3,-0.5063175,2.1099534
DAE,61,0,0,-2.2704675,-5.3642054
DAE,61,1,1,-4.364249,-4.6739635
DAE,61,2,2,-1.5403112,1.541734
DAE,61,3,3,-0.3124859,0.49177212
DAE,62,0,0,3.05931,-3.4228067
DAE,62,1,1,1.7170435,-0.34642744
DAE,62,2,2,1.7498624,-0.22175801
DAE,62,3,3,1.7660886,-0.040500086
DAE,63,0,0,2.3672698,-0.33669814
DAE,63,1,1,2.5432763,-0.54996896
DAE,63,2,2,2.6244051,-0.42424333
DAE,63,3,3,2.7016356,-0.3104775
DAE,64,0,0,2.2754138,1.2194539
DAE,64,1,1,2.4486794,0.22718929
DAE,64,2,2,2.4790835,0.03307352
DAE,64,3,3,2.5029645,0.045013268
DAE,65,0,0,-0.98934907,-3.1612773
DAE,65,1,1,1.2503523,-0.535266
DAE,65,2,2,1.5894253,-0.4111681
DAE,65,3,3,1.955966,-0.36097613
DAE,66,0,0,0.54520565,0.56495047
DAE,66,1,1,0.9987577,0.19291715
DAE,66,2,2,1.4400902,0.15843038
DAE,66,3,3,1.7081653,0.13498494
DAE,67,0,0,1.3774737,0.20411254
DAE,67,1,1,1.371492,0.04815659
DAE,67,2,2,1.4726489,0.1441909
DAE,67,3,3,1.557087,0.24639302
DAE,68,0,0,-1.5865737,-2.6654263
DAE,68,1,1,0.025314268,0.5078356
DAE,68,2,2,0.4588275,0.49261588
DAE,68,3,3,0.52715135,0.8024649
DAE,69,0,0,-0.6047469,-0.3709426
DAE,69,1,1,-2.8173463,1.0103441
DAE,69,2,2,-2.158845,1.5226334
DAE,69,3,3,-1.0741367,1.9642861
DAE,70,0,0,-1.0282094,0.53364277
DAE,70,1,1,-1.4246193,2.585515
DAE,70,2,2,-1.0647519,3.0645642
DAE,70,3,3,-0.82044584,3.3982384
DAE,71,0,0,-2.8581712,1.032218
DAE,71,1,1,-2.317366,1.6302785
DAE,71,2,2,-1.182175,2.0159678
DAE,71,3,3,-0.5856925,2.135593
DAE,72,0,0,-0.14492837,0.10396528
DAE,72,1,1,0.5687386,-0.07487153
DAE,72,2,2,0.924503,-0.07121413
DAE,72,3,3,1.2381558,-0.056503024
DAE,73,0,0,0.5898813,-3.8531408
DAE,73,1,1,0.59648496,-0.45502856
DAE,73,2,2,0.5738291,-0.19147262
DAE,73,3,3,0.79513156,-0.012892296
DAE,74,0,0,1.2801614,1.664567
DAE,74,1,1,2.0873976,0.42313856
DAE,74,2,2,2.3784602,0.026195087
DAE,74,3,3,2.4441786,0.17752536
DAE,75,0,0,-0.48180664,0.22350818
DAE,75,1,1,-0.70413095,1.3049294
DAE,75,2,2,-0.566202,1.9792892
DAE,75,3,3,-0.34935585,2.2284002
DAE,76,0,0,-0.74331963,-0.23257416
DAE,76,1,1,-1.8065834,0.7809028
DAE,76,2,2,-1.058068,1.3559265
DAE,76,3,3,-0.91721576,2.0110018
DAE,77,0,0,1.9304824,0.71512246
DAE,77,1,1,2.1015072,0.10800008
DAE,77,2,2,2.152103,0.10146716
DAE,77,3,3,2.1994414,0.15077415
DAE,78,0,0,0.5539771,-0.31953824
DAE,78,1,1,0.76464766,-0.19578145
DAE,78,2,2,0.9763134,0.019120239
DAE,78,3,3,1.2026387,0.13949943
DAE,79,0,0,1.1906939,-0.98323864
DAE,79,1,1,1.0861213,-0.40562996
DAE,79,2,2,1.2578632,-0.1243955
DAE,79,3,3,1.4555696,0.0031537598
DAE,80,0,0,0.10621589,0.9031786
DAE,80,1,1,0.7294195,0.9029529
DAE,80,2,2,1.7531216,0.17478429
DAE,80,3,3,1.8404719,0.47062144
DAE,81,0,0,1.0898241,0.499448
DAE,81,1,1,1.5258996,0.059350047
DAE,81,2,2,1.9032986,-0.04930284
DAE,81,3,3,1.9985652,0.116605304
DAE,82,0,0,4.1043825,-0.54037255
DAE,82,1,1,2.9331138,0.5545951
DAE,82,2,2,2.6624036,0.51217055
DAE,82,3,3,2.5223765,0.46322966
DAE,83,0,0,4.4461565,-4.049981
DAE,83,1,1,3.1134164,-0.4019657
DAE,83,2,2,2.3413136,0.5199237
DAE,83,3,3,2.1947343,0.48852855
DAE,84,0,0,1.8313584,-3.1791477
DAE,84,1,1,0.89997035,-0.13539891
DAE,84,2,2,1.0242918,0.029171146
DAE,84,3,3,1.1209216,0.17820705
DAE,85,0,0,-1.9654624,-0.16574684
DAE,85,1,1,-1.4641095,1.4069122
DAE,85,2,2,-1.1671718,2.30364
DAE,85,3,3,-0.8763532,2.6677744
DAE,86,0,0,-0.8875126,-0.08603529
DAE,86,1,1,-0.8164404,0.7082339
DAE,86,2,2,-0.7538513,1.9171159
DAE,86,3,3,-0.74478275,2.424248
DAE,87,0,0,-0.22028534,1.1470735
DAE,87,1,1,-0.19935858,2.4824727
DAE,87,2,2,-0.30921376,2.9847815
DAE,87,3,3,-0.27024072,3.278296
DAE,88,0,0,-0.76122487,-0.7950066
DAE,88,1,1,-2.8867767,1.1561711
DAE,88,2,2,-1.8481048,1.5467031
DAE,88,3,3,-1.0139788,2.0123904
DAE,89,0,0,-1.6842955,-2.3406541
DAE,89,1,1,-3.1731904,-2.5148232
DAE,89,2,2,-3.5285914,-3.1340823
DAE,89,3,3,-1.2534213,2.168678
DAE,90,0,0,-0.38976583,2.5399704
DAE,90,1,1,-0.36011523,2.8349397
DAE,90,2,2,-0.2632196,3.1531973
DAE,90,3,3,-0.172964,3.4375336
DAE,91,0,0,-4.02001,-0.1406692
DAE,91,1,1,-4.1612573,-0.49541828
DAE,91,2,2,-2.5261898,1.4505686
DAE,91,3,3,-1.1114068,1.7313888
DAE,92,0,0,0.21208222,0.35802114
DAE,92,1,1,1.2645425,-0.37515122
DAE,92,2,2,1.4320198,-0.10925047
DAE,92,3,3,1.6226417,0.018443404
DAE,93,0,0,-0.3501123,-4.514057
DAE,93,1,1,1.2191677,-0.61630356
DAE,93,2,2,1.0694642,-0.2888675
DAE,93,3,3,1.4984739,-0.23233472
DAE,94,0,0,-1.0426401,-0.8499085
DAE,94,1,1,-0.9151313,1.5131102
DAE,94,2,2,-0.82257056,1.9192091
DAE,94,3,3,-0.54426885,2.2645698
DAE,95,0,0,-1.6360567,-2.1942074
DAE,95,1,1,-4.119017,-4.0101132
DAE,95,2,2,-3.1689124,2.1045423
DAE,95,3,3,-0.7070074,1.7049898
DAE,96,0,0,-0.92174566,-2.9008603
DAE,96,1,1,0.66430205,-0.1367535
DAE,96,2,2,0.77432346,-0.135185
DAE,96,3,3,1.0903063,-0.06503969
DAE,97,0,0,-0.7516198,-1.1485394
DAE,97,1,1,-4.311962,-2.271313
DAE,97,2,2,0.033899974,0.4130537
DAE,97,3,3,0.4953543,0.3553024
DAE,98,0,0,-0.79893523,-0.04673472
DAE,98,1,1,-0.96903116,0.3733731
DAE,98,2,2,-0.51345927,1.1244637
DAE,98,3,3,-0.84484786,2.3358226
DAE,99,0,0,-0.8400433,-0.1488789
DAE,99,1,1,-0.6912618,0.76206225
DAE,99,2,2,-0.58652705,1.9036889
DAE,99,3,3,-0.645099,2.5380316
DAE,100,0,0,-0.8220659,-0.08435825
DAE,100,1,1,-1.1365457,0.5440305
DAE,100,2,2,-0.8013979,1.4319843
DAE,100,3,3,-0.85409635,2.188191
DAE,101,0,0,0.25251898,-0.7456923
DAE,101,1,1,0.47535977,-0.20108218
DAE,101,2,2,0.5609205,-0.07570322
DAE,101,3,3,0.7655136,0.05340977
DAE,102,0,0,-1.0078014,-0.7194706
DAE,102,1,1,-3.5928175,-0.7456046
DAE,102,2,2,-1.664935,1.6859826
DAE,102,3,3,-0.92279655,2.1178536
DAE,103,0,0,2.3472874,-2.7151918
DAE,103,1,1,1.3526858,-0.4467257
DAE,103,2,2,1.4699138,-0.25334087
DAE,103,3,3,1.5636114,-0.049682736
DAE,104,0,0,1.5499885,0.67894006
DAE,104,1,1,2.0432856,-0.16453144
DAE,104,2,2,2.2298574,-0.22681384
DAE,104,3,3,2.3677797,-0.19016081
DAE,105,0,0,0.0947016,0.11549836
DAE,105,1,1,0.6225763,-0.0031895256
DAE,105,2,2,1.0196719,0.16252385
DAE,105,3,3,1.3449771,0.21253707
DAE,106,0,0,-2.684146,2.8518748
DAE,106,1,1,-1.9468185,3.094783
DAE,106,2,2,-1.4898878,3.3696582
DAE,106,3,3,-1.1884972,3.5909216
DAE,107,0,0,-0.6771884,-1.3841643
DAE,107,1,1,0.9433651,-0.4454663
DAE,107,2,2,0.8337697,-0.15232025
DAE,107,3,3,1.2312558,-0.06348303
DAE,108,0,0,-1.3519312,-2.8956997
DAE,108,1,1,-4.054806,-1.8817601
DAE,108,2,2,-4.2652316,-0.98396975
DAE,108,3,3,-1.3367609,1.964493
DAE,109,0,0,-0.0661951,-0.40809116
DAE,109,1,1,0.12588854,-0.42286584
DAE,109,2,2,0.38607264,0.023021547
DAE,109,3,3,0.46592927,0.025103927
DAE,110,0,0,-0.040885795,-2.534764
DAE,110,1,1,0.5053126,-0.27133644
DAE,110,2,2,0.6010517,-0.094583
DAE,110,3,3,0.9282175,0.077899285
DAE,111,0,0,-0.95116,-0.8207756
DAE,111,1,1,-3.7209723,-1.2507168
DAE,111,2,2,-1.7225604,1.378982
DAE,111,3,3,-0.92949396,1.8938125
DAE,112,0,0,-0.7544278,-0.43111786
DAE,112,1,1,-2.2978144,0.9922388
DAE,112,2,2,-1.5479891,1.683662
DAE,112,3,3,-0.9709071,2.091787
DAE,113,0,0,-0.530564,0.2589379
DAE,113,1,1,-0.2903281,1.0593448
DAE,113,2,2,-0.46286687,2.0519543
DAE,113,3,3,-0.38223463,2.458459
DAE,114,0,0,-1.1118821,-2.1026244
DAE,114,1,1,-3.8147979,0.56216943
DAE,114,2,2,-1.7524424,1.3928142
DAE,114,3,3,-0.94095266,1.7223263
DAE,115,0,0,-1.5590323,0.4044233
DAE,115,1,1,-1.8248191,1.9487678
DAE,115,2,2,-1.443379,2.5747027
DAE,115,3,3,-1.0813524,2.856443
DAE,116,0,0,2.1134403,1.5459045
DAE,116,1,1,2.0127885,0.9668773
DAE,116,2,2,2.100737,0.5723847
DAE,116,3,3,2.2383964,0.42213535
DAE,117,0,0,-0.8802203,-0.7904118
DAE,117,1,1,-3.4878652,0.42680675
DAE,117,2,2,-2.4107862,1.3776933
DAE,117,3,3,-1.2780911,1.9480819
DAE,118,0,0,3.0435138,-3.385265
DAE,118,1,1,1.630949,-0.5736726
DAE,118,2,2,1.7090477,-0.4187487
DAE,118,3,3,1.7301823,-0.16878888
DAE,119,0,0,1.5105844,-3.4560757
DAE,119,1,1,0.7569208,-0.16266821
DAE,119,2,2,0.8506173,0.020590952
DAE,119,3,3,0.99427783,0.16848928
DAE,120,0,0,-2.7822118,-1.8028657
DAE,120,1,1,-0.7299612,2.3592672
DAE,120,2,2,-0.48441383,2.6074624
DAE,120,3,3,-0.4786037,2.6278024
DAE,121,0,0,-0.87598926,-0.31036252
DAE,121,1,1,-0.8594376,0.8414605
DAE,121,2,2,-0.7521434,1.8042399
DAE,121,3,3,-0.72174066,2.334365
DAE,122,0,0,-2.6199124,0.33536
DAE,122,1,1,-1.3881333,1.6424131
DAE,122,2,2,-0.8681643,1.9757093
DAE,122,3,3,-0.6523702,2.2453876
DAE,123,0,0,-1.311822,0.0065762503
DAE,123,1,1,-1.4433208,0.71159554
DAE,123,2,2,-1.09571,1.954069
DAE,123,3,3,-0.8912592,2.4478345
DAE,124,0,0,-2.974114,0.2986522
DAE,124,1,1,-2.8850505,0.8650156
DAE,124,2,2,-1.9548695,1.3468025
DAE,124,3,3,-1.2681352,1.7924137
DAE,125,0,0,-0.3316219,-0.21852192
DAE,125,1,1,0.47099623,-0.26282
DAE,125,2,2,0.5715408,-0.1231496
DAE,125,3,3,0.8084384,0.052401207
DAE,126,0,0,-3.5081818,1.6300226
DAE,126,1,1,-1.971059,1.8383943
DAE,126,2,2,-1.1252682,2.0798073
DAE,126,3,3,-0.8325313,2.3706625
DAE,127,0,0,2.3472874,-2.7151918
DAE,127,1,1,1.3526858,-0.4467257
DAE,127,2,2,1.4699138,-0.25334087
DAE,127,3,3,1.5636114,-0.049682736
DAE,128,0,0,-3.1958237,-0.092970975
DAE,128,1,1,-3.3474982,0.45221448
DAE,128,2,2,-1.9916466,1.4402338
DAE,128,3,3,-1.1135546,1.8121543
DAE,129,0,0,-0.67592067,-0.289408
DAE,129,1,1,-1.3656362,1.009579
DAE,129,2,2,-1.058192,1.5
DAE,129,3,3,-0.8850387,2.0085325
DAE,130,0,0,-3.4104512,1.9594655
DAE,130,1,1,-2.1723702,2.3050969
DAE,130,2,2,-1.3167664,2.533306
DAE,130,3,3,-0.97533303,2.9168177
DAE,131,0,0,-0.6885289,-1.9462937
DAE,131,1,1,-3.2555625,1.0804902
DAE,131,2,2,-0.6636308,0.9127391
DAE,131,3,3,0.45888036,0.57298213
DAE,132,0,0,-4.6533175,1.6959136
DAE,132,1,1,-3.0276742,2.3558025
DAE,132,2,2,-1.6425208,2.3261847
DAE,132,3,3,-1.1898322,2.5620277
DAE,133,0,0,-4.373824,2.111915
DAE,133,1,1,-2.2198572,2.3233259
DAE,133,2,2,-1.4267415,2.6832123
DAE,133,3,3,-1.0814284,2.9554317
DAE,134,0,0,-0.17161433,-2.1867177
DAE,134,1,1,-4.056495,-3.3727036
DAE,134,2,2,-1.7054262,0.68942934
DAE,134,3,3,0.36841458,0.48814014
DAE,135,0,0,0.08972464,-1.1882231
DAE,135,1,1,0.07079658,0.13431633
DAE,135,2,2,0.43711793,-0.10674742
DAE,135,3,3,0.63627124,0.17882998
DAE,136,0,0,-1.4079207,-0.89342666
DAE,136,1,1,-2.9953132,-2.4629781
DAE,136,2,2,-0.74090046,2.1781466
DAE,136,3,3,-0.5378191,2.1693392
DAE,137,0,0,-0.22142103,0.04074354
DAE,137,1,1,0.7876669,-0.2799569
DAE,137,2,2,0.95880824,-0.07026166
DAE,137,3,3,1.2512268,0.024141664
DAE,138,0,0,-1.6686801,-1.4959698
DAE,138,1,1,-4.074642,-3.8300114
DAE,138,2,2,-4.2569885,-2.8359745
DAE,138,3,3,-0.69060236,2.018514
DAE,139,0,0,-2.7149494,0.4628744
DAE,139,1,1,-2.2059433,1.2416426
DAE,139,2,2,-1.4533664,1.6577387
DAE,139,3,3,-1.0014449,2.0027435
DAE,140,0,0,-1.1512579,-0.7099595
DAE,140,1,1,-2.5588017,-1.4605153
DAE,140,2,2,-2.7350907,-1.2579874
DAE,140,3,3,-0.6150462,2.1479285
DAE,141,0,0,-0.106537916,0.029009158
DAE,141,1,1,0.4862831,-0.019711496
DAE,141,2,2,0.89133,-0.029740961
DAE,141,3,3,1.1895164,0.03739636
DAE,142,0,0,2.1867776,-2.5570288
DAE,142,1,1,1.2813088,-0.43045416
DAE,142,2,2,1.3938403,-0.2207298
DAE,142,3,3,1.5014437,-0.02562383
DAE,143,0,0,-0.9040402,-4.55504
DAE,143,1,1,-3.938223,-3.7279325
DAE,143,2,2,-1.5325634,1.6119388
DAE,143,3,3,0.31310987,0.38986
DAE,144,0,0,-1.5691972,-2.6184127
DAE,144,1,1,-3.684693,-1.8934662
DAE,144,2,2,-4.0944996,-2.0016284
DAE,144,3,3,-1.210934,2.4772127
DAE,145,0,0,-2.5007477,0.25276706
DAE,145,1,1,-1.9709336,1.7444509
DAE,145,2,2,-1.1337612,2.0604222
DAE,145,3,3,-0.8472111,2.4054217
DAE,146,0,0,-3.2661147,-0.08954764
DAE,146,1,1,-3.125724,0.9807105
DAE,146,2,2,-1.7839893,1.640979
DAE,146,3,3,-1.0489188,1.814795
DAE,147,0,0,0.64601284,-4.687119
DAE,147,1,1,0.9462457,-0.47005555
DAE,147,2,2,1.0533216,-0.20161793
DAE,147,3,3,1.3017287,-0.02346641
DAE,148,0,0,-1.9311273,-2.3828483
DAE,148,1,1,-3.2742178,-2.5525103
DAE,148,2,2,-0.8584666,2.4801223
DAE,148,3,3,-0.3953286,2.1390884
DAE,149,0,0,-0.68951,-0.52085155
DAE,149,1,1,-2.2257686,1.293938
DAE,149,2,2,-1.440571,1.7304213
DAE,149,3,3,-0.78296626,2.106419
DAE,150,0,0,-2.7283354,-0.036277417
DAE,150,1,1,-3.3906424,1.0665952
DAE,150,2,2,-2.8743036,1.5818912
DAE,150,3,3,-0.45653936,1.2788236
DAE,151,0,0,-8.216298,1.4381133
DAE,151,1,1,-6.4552116,2.595454
DAE,151,2,2,-2.6027613,2.5024562
DAE,151,3,3,-1.395019,2.5754848
DAE,152,0,0,0.14351052,0.5289434
DAE,152,1,1,0.9163781,-0.0143837
DAE,152,2,2,1.6579674,-0.24963818
DAE,152,3,3,1.9541581,-0.2783872
DAE,153,0,0,-1.1665804,-2.2435048
DAE,153,1,1,-2.2112875,1.6606451
DAE,153,2,2,1.0382134,-0.2923861
DAE,153,3,3,1.4258668,-0.2175294
DAE,154,0,0,-3.8961754,0.96752185
DAE,154,1,1,-3.0474799,1.2093371
DAE,154,2,2,-2.506839,1.550043
DAE,154,3,3,-1.4918544,1.8602353
DAE,155,0,0,-3.7548363,0.8703655
DAE,155,1,1,-3.2994792,1.2178386
DAE,155,2,2,-1.6292601,1.1158164
DAE,155,3,3,0.43403754,0.091170326
DAE,156,0,0,-2.3980088,-3.7680442
DAE,156,1,1,-3.9719787,-3.6192205
DAE,156,2,2,-4.677708,-4.3001127
DAE,156,3,3,-4.984023,-4.8369308
DAE,157,0,0,0.014446518,-3.3444896
DAE,157,1,1,0.64144456,-0.28518078
DAE,157,2,2,0.6980726,-0.101618275
DAE,157,3,3,1.0251585,0.06241413
DAE,158,0,0,-1.7662743,-3.925456
DAE,158,1,1,-5.4565253,-0.32980603
DAE,158,2,2,-1.0338742,1.4608265
DAE,158,3,3,-0.23912905,1.0685902
DAE,159,0,0,-1.1922382,-1.2378107
DAE,159,1,1,-3.3924923,0.30595362
DAE,159,2,2,-2.1416104,1.6261082
DAE,159,3,3,-1.0208174,2.026289
DAE,160,0,0,-0.8530175,-3.8488417
DAE,160,1,1,-4.695326,-1.9811432
DAE,160,2,2,-2.6553948,1.8058491
DAE,160,3,3,-0.012785912,0.44352692
DAE,161,0,0,-2.525504,-2.0821116
DAE,161,1,1,-3.4999921,-2.0412734
DAE,161,2,2,-3.8113697,-2.722201
DAE,161,3,3,-4.385882,-3.4374363
DAE,162,0,0,0.89653087,-0.37716323
DAE,162,1,1,0.9640125,-0.26741615
DAE,162,2,2,1.2989433,-0.05967864
DAE,162,3,3,1.5841324,-0.038783133
DAE,163,0,0,-1.1185242,-1.0702491
DAE,163,1,1,-0.5729181,1.6215198
DAE,163,2,2,-0.45481777,1.9730729
DAE,163,3,3,-0.174602,2.2511377
DAE,164,0,0,1.4427387,-1.5887278
DAE,164,1,1,0.92716074,-0.29113182
DAE,164,2,2,1.2020388,-0.029320097
DAE,164,3,3,1.4638972,0.040028453
DAE,165,0,0,-1.339531,-0.091664895
DAE,165,1,1,-1.2326978,0.7952416
DAE,165,2,2,-1.1108906,2.0740879
DAE,165,3,3,-0.89568144,2.4489114
DAE,166,0,0,-0.93552595,-0.32315445
DAE,166,1,1,-1.6216248,0.8598967
DAE,166,2,2,-1.0469865,1.9418957
DAE,166,3,3,-0.82173526,2.3117654
DAE,167,0,0,-1.0393105,-0.8345634
DAE,167,1,1,-4.2186713,-3.2470622
DAE,167,2,2,-3.0513928,2.0328918
DAE,167,3,3,-0.63932264,1.7841694
DAE,168,0,0,1.0958422,-3.8056781
DAE,168,1,1,0.71459746,-0.45273477
DAE,168,2,2,0.7424669,-0.21972163
DAE,168,3,3,0.8752666,-0.012772906
DAE,169,0,0,3.6761067,-4.087195
DAE,169,1,1,2.581964,-1.4007369
DAE,169,2,2,2.1875622,-0.49816194
DAE,169,3,3,2.1620846,-0.3199325
DAE,170,0,0,1.0459675,-1.8647553
DAE,170,1,1,0.7728941,-0.4343585
DAE,170,2,2,0.8575561,-0.14874393
DAE,170,3,3,1.1325072,0.016804637
DAE,171,0,0,1.1071048,-2.7808816
DAE,171,1,1,0.63133365,-0.2638171
DAE,171,2,2,0.7406401,-0.07711742
DAE,171,3,3,0.95132756,0.085289665
DAE,172,0,0,1.1017789,-0.5824635
DAE,172,1,1,1.1971977,-0.24909753
DAE,172,2,2,1.4978659,-0.13636966
DAE,172,3,3,1.7128056,-0.1328428
DAE,173,0,0,-1.929263,0.38496125
DAE,173,1,1,-2.104164,1.975974
DAE,173,2,2,-1.3771777,2.341142
DAE,173,3,3,-1.0327177,2.6652067
DAE,174,0,0,0.65469325,-2.0255046
DAE,174,1,1,0.6574245,-0.19637313
DAE,174,2,2,0.7077344,-0.25841507
DAE,174,3,3,0.89964527,-0.083183296
DAE,175,0,0,-4.8795843,-1.6396562
DAE,175,1,1,-4.0809054,1.1254421
DAE,175,2,2,-1.6270036,1.5000929
DAE,175,3,3,-0.80516803,1.6650631
DAE,176,0,0,-0.054644022,0.18988158
DAE,176,1,1,0.8245017,-0.2692475
DAE,176,2,2,0.99901843,-0.029167347
DAE,176,3,3,1.2660718,0.11334149
DAE,177,0,0,0.10897309,-2.4278138
DAE,177,1,1,0.14663424,-0.3624622
DAE,177,2,2,0.45631093,0.018379735
DAE,177,3,3,0.83891314,0.18876606
DAE,178,0,0,2.955329,-3.5819788
DAE,178,1,1,1.6101575,-0.33915085
DAE,178,2,2,1.6205655,-0.16434526
DAE,178,3,3,1.6334367,0.0047402666
DAE,179,0,0,-1.8251065,-2.5494318
DAE,179,1,1,-2.9934874,1.2503382
DAE,179,2,2,-1.0999633,1.5717281
DAE,179,3,3,-0.7261874,1.8615892
DAE,180,0,0,0.058360208,0.35438666
DAE,180,1,1,0.52239364,0.057023127
DAE,180,2,2,1.0561886,-0.19518842
DAE,180,3,3,1.37491,-0.21654089
DAE,181,0,0,-1.6908528,0.03517444
DAE,181,1,1,-1.5175573,0.7155464
DAE,181,2,2,-1.3865976,2.1754901
DAE,181,3,3,-1.0280507,2.545593
DAE,182,0,0,-0.40436497,-0.57877123
DAE,182,1,1,0.45078394,-0.24466795
DAE,182,2,2,0.58708715,-0.06632474
DAE,182,3,3,0.8888497,0.1143638
DAE,183,0,0,-4.9071803,-3.5927103
DAE,183,1,1,-4.8599586,-4.2797775
DAE,183,2,2,-5.845825,-0.3171652
DAE,183,3,3,-1.0880975,1.4299886
DAE,184,0,0,-1.6745384,-2.9914703
DAE,184,1,1,-4.5124564,-1.9935234
DAE,184,2,2,-3.3813074,1.5164852
DAE,184,3,3,-1.2740606,1.8262101
DAE,185,0,0,-1.3993509,-4.335057
DAE,185,1,1,-4.024336,-3.5797093
DAE,185,2,2,-4.059475,2.061598
DAE,185,3,3,-0.29480743,0.83325666
DAE,186,0,0,-2.4378211,-0.20881636
DAE,186,1,1,-1.5480951,1.1191646
DAE,186,2,2,-1.0114105,1.7949911
DAE,186,3,3,-0.7739087,2.0282922
DAE,187,0,0,-0.5514577,0.24151069
DAE,187,1,1,-0.54867524,1.178449
DAE,187,2,2,-0.5923855,2.1075137
DAE,187,3,3,-0.37137166,2.4403603
DAE,188,0,0,0.09923335,1.1459273
DAE,188,1,1,0.46225542,1.8146992
DAE,188,2,2,1.1520257,1.3466089
DAE,188,3,3,1.2539825,1.6365712
DAE,189,0,0,-2.2888117,-0.7084669
DAE,189,1,1,-2.925379,-1.5026853
DAE,189,2,2,-3.1244833,-2.1040387
DAE,189,3,3,-0.75342244,2.5278883
DAE,190,0,0,-0.5771063,0.08667081
DAE,190,1,1,-0.62616205,0.9301885
DAE,190,2,2,-0.65220016,1.8046283
DAE,190,3,3,-0.60227287,2.2844481
DAE,191,0,0,-1.895529,0.71870303
DAE,191,1,1,-1.1707196,1.5826057
DAE,191,2,2,-0.848484,1.9935559
DAE,191,3,3,-0.7083813,2.2092316
DAE,192,0,0,0.33084336,1.7778753
DAE,192,1,1,1.4572902,0.6880149
DAE,192,2,2,1.8446012,0.41254213
DAE,192,3,3,1.7941929,0.7836157
DAE,193,0,0,-3.2655532,-1.0435588
DAE,193,1,1,-3.8113678,-2.2317774
DAE,193,2,2,-3.5288339,-1.2700934
DAE,193,3,3,-0.8352116,2.0267355
DAE,194,0,0,-1.5658638,0.023628948
DAE,194,1,1,-2.9821963,3.2175984
DAE,194,2,2,-1.9619414,3.510238
DAE,194,3,3,-1.3105268,3.759564
DAE,195,0,0,-1.9245803,-0.023772059
DAE,195,1,1,-2.8855815,1.5667577
DAE,195,2,2,-2.0964818,2.6389031
DAE,195,3,3,-1.3157223,2.801581
DAE,196,0,0,-4.02136,0.8707517
DAE,196,1,1,-1.9850096,1.7034073
DAE,196,2,2,-1.1874464,1.8987306
DAE,196,3,3,-0.9276677,2.1326885
DAE,197,0,0,-1.3754263,-1.7966757
DAE,197,1,1,-1.0719585,1.8938586
DAE,197,2,2,-0.5774177,1.7724801
DAE,197,3,3,-0.086014025,1.8950232
DAE,198,0,0,-0.18152563,1.4930172
DAE,198,1,1,0.47843236,1.4118438
DAE,198,2,2,0.7746158,1.5604187
DAE,198,3,3,0.7599995,1.9940882
DAE,199,0,0,-2.241106,-0.05537803
DAE,199,1,1,-2.9576955,0.76515734
DAE,199,2,2,-1.777787,1.6572659
DAE,199,3,3,-1.0810513,2.0200813
DAE,200,0,0,-2.6566823,0.40789586
DAE,200,1,1,-2.1005976,1.5755919
DAE,200,2,2,-1.3076965,1.8278396
DAE,200,3,3,-0.9644598,2.080764
DAE,201,0,0,-1.1588721,-3.7528255
DAE,201,1,1,-4.824494,-2.3459346
DAE,201,2,2,-2.284346,1.5637002
DAE,201,3,3,-0.89229625,1.6799308
DAE,202,0,0,-11.493777,3.5268655
DAE,202,1,1,-7.080062,3.9170043
DAE,202,2,2,-3.8149297,3.6576073
DAE,202,3,3,-2.2272263,3.6745486
DAE,203,0,0,-0.588211,-0.3103865
DAE,203,1,1,-2.3213198,1.1250503
DAE,203,2,2,-1.6507425,1.6695518
DAE,203,3,3,-0.8462407,2.0510867
DAE,204,0,0,-0.5973255,-1.0064331
DAE,204,1,1,-0.21562272,0.526049
DAE,204,2,2,0.805932,-0.117085576
DAE,204,3,3,1.1941715,0.0028126913
DAE,205,0,0,-3.2623165,-1.8150191
DAE,205,1,1,-3.7389638,-2.783584
DAE,205,2,2,-4.0642343,-3.5346282
DAE,205,3,3,-4.5602193,-3.7213712
DAE,206,0,0,0.4062764,-3.9015439
DAE,206,1,1,0.8817775,-0.6843762
DAE,206,2,2,0.599557,-0.20231815
DAE,206,3,3,0.8427613,-0.038655233
DAE,207,0,0,0.24447227,-2.278178
DAE,207,1,1,0.31358168,-0.2672927
DAE,207,2,2,0.4087443,-0.13963762
DAE,207,3,3,0.56548816,-0.010347942
DAE,208,0,0,-0.2309095,1.0867013
DAE,208,1,1,1.481936,3.526714
DAE,208,2,2,1.0643615,4.880613
DAE,208,3,3,0.58853865,4.8015337
DAE,209,0,0,-1.0632212,1.011447
DAE,209,1,1,-1.1316775,1.6974921
DAE,209,2,2,-0.7663713,2.1444895
DAE,209,3,3,-0.5568214,2.4300191
DAE,210,0,0,-0.6873041,-0.4774522
DAE,210,1,1,-2.3089483,1.1971912
DAE,210,2,2,-1.4770398,1.6567459
DAE,210,3,3,-0.89994085,2.0871878
DAE,211,0,0,-2.1806252,0.36062074
DAE,211,1,1,-1.7999599,1.2464154
DAE,211,2,2,-1.2567213,1.9763454
DAE,211,3,3,-0.9322649,2.3093758
DAE,212,0,0,-0.03759167,-3.9208596
DAE,212,1,1,0.87286305,-0.428419
DAE,212,2,2,0.80753404,-0.15612419
DAE,212,3,3,1.1603616,-0.018709447
DAE,213,0,0,0.734503,1.280504
DAE,213,1,1,0.8646626,1.502507
DAE,213,2,2,1.1204401,1.137467
DAE,213,3,3,1.2023662,1.2551092
DAE,214,0,0,-0.6584713,-0.37987107
DAE,214,1,1,-1.6773684,1.2797543
DAE,214,2,2,-1.1576594,1.7983637
DAE,214,3,3,-0.7116666,2.1785545
DAE,215,0,0,1.7093773,-0.3938615
DAE,215,1,1,1.8822895,-0.3728405
DAE,215,2,2,1.9912391,-0.20016396
DAE,215,3,3,2.100702,-0.113081224
DAE,216,0,0,-1.7016833,-0.14404842
DAE,216,1,1,-1.181153,0.9183418
DAE,216,2,2,-1.145461,2.4291604
DAE,216,3,3,-0.86491054,2.7644074
DAE,217,0,0,-0.87900245,2.3019493
DAE,217,1,1,-0.5886895,2.6745853
DAE,217,2,2,-0.3937391,3.0703568
DAE,217,3,3,-0.25671792,3.3905637
DAE,218,0,0,-2.075164,1.3830813
DAE,218,1,1,-0.9032094,1.7226697
DAE,218,2,2,-0.17085269,1.8862516
DAE,218,3,3,-0.043857392,2.1202314
DAE,219,0,0,1.1025404,-0.16707484
DAE,219,1,1,1.5403508,-0.35513937
DAE,219,2,2,1.6668683,-0.18989182
DAE,219,3,3,1.7343556,-0.027667418
DAE,220,0,0,-3.251678,0.671442
DAE,220,1,1,-2.6155376,1.4572849
DAE,220,2,2,-1.6099471,1.7526141
DAE,220,3,3,-1.1431606,1.995432
DAE,221,0,0,-4.476447,-0.6705807
DAE,221,1,1,-3.4861238,1.8314424
DAE,221,2,2,-1.5805717,2.1663852
DAE,221,3,3,-1.0039679,2.4278548
DAE,222,0,0,0.0029980736,-0.18562044
DAE,222,1,1,0.4651799,-0.049536362
DAE,222,2,2,0.7601907,0.15625508
DAE,222,3,3,1.0624151,0.29135484
DAE,223,0,0,-4.3326864,1.8687999
DAE,223,1,1,-2.4432304,2.0196388
DAE,223,2,2,-1.5681597,2.1732965
DAE,223,3,3,-1.1974008,2.441137
DAE,224,0,0,-2.698294,-0.10254053
DAE,224,1,1,-3.073931,-0.05117807
DAE,224,2,2,-1.8251215,1.6350441
DAE,224,3,3,-1.0251756,1.7451025
DAE,225,0,0,-4.783622,-0.65094644
DAE,225,1,1,-4.4714484,-0.6076093
DAE,225,2,2,-2.591527,1.5398324
DAE,225,3,3,-1.126082,1.6355318
DAE,226,0,0,-0.07137858,-3.7780614
DAE,226,1,1,-4.1959715,-1.6005051
DAE,226,2,2,-2.3177035,1.5917331
DAE,226,3,3,0.6378098,0.30477178
DAE,227,0,0,-2.5459342,0.1383823
DAE,227,1,1,-6.123169,2.427316
DAE,227,2,2,-1.5335995,2.1649036
DAE,227,3,3,-0.9903348,2.0906796
DAE,228,0,0,-0.9097755,-1.6978446
DAE,228,1,1,0.5939837,-0.012641867
DAE,228,2,2,0.8397943,-0.18941215
DAE,228,3,3,1.1645205,-0.14722228
DAE,229,0,0,1.9797655,-4.4111385
DAE,229,1,1,1.2340329,-0.55972546
DAE,229,2,2,1.2855138,-0.31282645
DAE,229,3,3,1.3737857,-0.06316348
DAE,230,0,0,-1.1669368,-1.1882815
DAE,230,1,1,-1.5864404,1.5065908
DAE,230,2,2,-0.9912235,1.8325227
DAE,230,3,3,-0.6954919,2.143051
DAE,231,0,0,-1.0009892,-0.03518777
DAE,231,1,1,-0.7191705,0.8794763
DAE,231,2,2,-0.810237,2.2697709
DAE,231,3,3,-0.67715937,2.5711808
DAE,232,0,0,-0.23463774,0.6810811
DAE,232,1,1,-0.37024215,1.7479577
DAE,232,2,2,-0.16092397,2.1452956
DAE,232,3,3,-0.046199687,2.394051
DAE,233,0,0,-5.5135574,1.6229148
DAE,233,1,1,-2.9173737,1.8756135
DAE,233,2,2,-1.5429128,1.946332
DAE,233,3,3,-1.0862305,2.1089368
DAE,234,0,0,-3.2561796,0.436589
DAE,234,1,1,-2.799207,0.9419411
DAE,234,2,2,-2.0364394,1.4744743
DAE,234,3,3,-1.3298007,1.8210062
DAE,235,0,0,-1.4589771,0.120410934
DAE,235,1,1,-3.2324207,2.5045705
DAE,235,2,2,-2.1063411,3.1057827
DAE,235,3,3,-1.3823626,3.3447814
DAE,236,0,0,-2.5812256,0.48613268
DAE,236,1,1,-2.5012398,0.81347096
DAE,236,2,2,-1.6601386,1.7257863
DAE,236,3,3,-1.1567303,2.0642555
DAE,237,0,0,-0.43843108,-1.0733684
DAE,237,1,1,-3.2170794,0.9400973
DAE,237,2,2,-0.12582314,0.99751145
DAE,237,3,3,-0.23591381,1.6500912
DAE,238,0,0,-1.7905364,-0.10253547
DAE,238,1,1,-3.0016692,1.7419273
DAE,238,2,2,-2.0092275,2.5536056
DAE,238,3,3,-1.250001,2.61813
DAE,239,0,0,1.081096,-3.2668543
DAE,239,1,1,0.82043225,-0.3618098
DAE,239,2,2,0.9193129,-0.11756949
DAE,239,3,3,1.1301159,0.05623781
DAE,240,0,0,-1.3692595,-2.0607681
DAE,240,1,1,-3.5201337,-3.8431907
DAE,240,2,2,0.35526162,0.2393318
DAE,240,3,3,0.75332624,0.26285583
DAE,241,0,0,-9.427299,1.5777755
DAE,241,1,1,-6.9582,2.3131027
DAE,241,2,2,-3.0270534,2.4094532
DAE,241,3,3,-1.5620567,2.4752142
DAE,242,0,0,0.27114964,-2.9701424
DAE,242,1,1,0.5315343,-0.47029626
DAE,242,2,2,0.47234684,-0.15447846
DAE,242,3,3,0.68820834,-0.0011727266
DAE,243,0,0,-10.318205,1.3594393
DAE,243,1,1,-8.631998,2.07763
DAE,243,2,2,-3.7128391,2.4454477
DAE,243,3,3,-1.7154585,2.4705667
DAE,244,0,0,-4.903799,0.46722144
DAE,244,1,1,-5.380364,0.40662193
DAE,244,2,2,-2.6067357,1.3669752
DAE,244,3,3,-1.0687493,1.4392473
DAE,245,0,0,-1.471867,0.049622864
DAE,245,1,1,-1.152733,1.0674713
DAE,245,2,2,-1.0423251,2.0452576
DAE,245,3,3,-0.80223954,2.4351513
DAE,246,0,0,-2.2292206,-0.082878195
DAE,246,1,1,-2.023562,1.389958
DAE,246,2,2,-1.2160643,1.9066869
DAE,246,3,3,-0.87035376,2.2301724
DAE+fsce,0,0,0,2.1893332,-2.0634859
DAE+fsce,0,1,1,1.932155,-0.6619146
DAE+fsce,0,2,2,1.4586858,0.48710498
DAE+fsce,0,3,3,0.6897686,1.2107105
DAE+fsce,1,0,0,-1.2958019,-2.8834867
DAE+fsce,1,1,1,1.4652263,0.08949456
DAE+fsce,1,2,2,0.9581514,0.49971822
DAE+fsce,1,3,3,0.3633364,1.3399376
DAE+fsce,2,0,0,-1.5927459,-0.04609175
DAE+fsce,2,1,1,-1.3238575,2.0790029
DAE+fsce,2,2,2,-1.1125472,2.7627203
DAE+fsce,2,3,3,-0.9251115,2.7138042
DAE+fsce,3,0,0,-2.1702552,-8.805244
DAE+fsce,3,1,1,-1.921505,-8.447361
DAE+fsce,3,2,2,-1.4567103,-8.039462
DAE+fsce,3,3,3,-1.3811601,-7.928787
DAE+fsce,4,0,0,-1.3496399,-3.480716
DAE+fsce,4,1,1,-0.9391255,0.6219799
DAE+fsce,4,2,2,0.81141305,0.4387381
DAE+fsce,4,3,3,0.46261755,1.2136256
DAE+fsce,5,0,0,-0.9439553,-2.259248
DAE+fsce,5,1,1,-0.35631424,0.60449195
DAE+fsce,5,2,2,0.22568193,1.2512964
DAE+fsce,5,3,3,-0.12245207,1.7206316
DAE+fsce,6,0,0,-0.34789932,-0.9673516
DAE+fsce,6,1,1,0.9092785,0.48813328
DAE+fsce,6,2,2,0.40511817,1.3699023
DAE+fsce,6,3,3,-0.016125092,1.7475126
DAE+fsce,7,0,0,1.0955076,-2.3358297
DAE+fsce,7,1,1,1.4537066,-0.4747048
DAE+fsce,7,2,2,1.1573033,0.4520754
DAE+fsce,7,3,3,0.65544116,1.1452498
DAE+fsce,8,0,0,-1.2627996,-1.2545155
DAE+fsce,8,1,1,-0.796289,0.3722316
DAE+fsce,8,2,2,-0.1465047,1.5390387
DAE+fsce,8,3,3,-0.2387735,1.907521
DAE+fsce,9,0,0,-1.367507,-0.99046546
DAE+fsce,9,1,1,-0.40411335,0.49646744
DAE+fsce,9,2,2,-0.06592178,1.7549725
DAE+fsce,9,3,3,-0.2889997,2.000788
DAE+fsce,10,0,0,2.742325,-5.0113316
DAE+fsce,10,1,1,1.8376533,-0.13452853
DAE+fsce,10,2,2,1.1647316,0.48616686
DAE+fsce,10,3,3,0.42751944,1.2771752
DAE+fsce,11,0,0,0.7081345,3.1531425
DAE+fsce,11,1,1,0.4848879,3.0401642
DAE+fsce,11,2,2,0.039252613,2.9603157
DAE+fsce,11,3,3,-0.2552229,2.8837576
DAE+fsce,12,0,0,-2.354936,-2.0684857
DAE+fsce,12,1,1,-2.9085019,0.13787471
DAE+fsce,12,2,2,0.18142384,1.3105959
DAE+fsce,12,3,3,-0.23553447,1.7922252
DAE+fsce,13,0,0,-0.50167114,-0.40116045
DAE+fsce,13,1,1,0.4392937,0.5163349
DAE+fsce,13,2,2,0.24291329,1.323092
DAE+fsce,13,3,3,-0.11413436,1.7529407
DAE+fsce,14,0,0,-3.805951,-1.5104176
DAE+fsce,14,1,1,-2.580896,1.3283256
DAE+fsce,14,2,2,0.108438246,1.369246
DAE+fsce,14,3,3,-0.5528778,1.8772354
DAE+fsce,15,0,0,-0.74335265,0.33746898
DAE+fsce,15,1,1,-0.9592898,1.5993056
DAE+fsce,15,2,2,-0.94751114,2.146042
DAE+fsce,15,3,3,-0.7949162,2.2652872
DAE+fsce,16,0,0,-1.869799,-3.0402248
DAE+fsce,16,1,1,-1.5821474,0.5406904
DAE+fsce,16,2,2,0.42994633,0.8767815
DAE+fsce,16,3,3,0.18694198,1.5216638
DAE+fsce,17,0,0,-1.2750793,0.8947222
DAE+fsce,17,1,1,-0.42116496,1.4459243
DAE+fsce,17,2,2,-0.55331135,1.9366118
DAE+fsce,17,3,3,-0.793687,2.2856815
DAE+fsce,18,0,0,-2.8381906,-2.727825
DAE+fsce,18,1,1,-2.7225866,0.47994536
DAE+fsce,18,2,2,-2.2197845,2.1567726
DAE+fsce,18,3,3,-1.1620538,2.3010104
DAE+fsce,19,0,0,-1.0722556,1.3094275
DAE+fsce,19,1,1,-1.2042292,1.9511666
DAE+fsce,19,2,2,-1.0374132,2.259712
DAE+fsce,19,3,3,-0.8839228,2.355311
DAE+fsce,20,0,0,1.5972207,0.5922883
DAE+fsce,20,1,1,0.83700347,0.7438197
DAE+fsce,20,2,2,0.49698356,1.2899177
DAE+fsce,20,3,3,0.12957607,1.6935217
DAE+fsce,21,0,0,-2.3941834,0.5710257
DAE+fsce,21,1,1,-2.0504174,1.8966783
DAE+fsce,21,2,2,-1.930891,2.3739114
DAE+fsce,21,3,3,-1.7422969,2.5294945
DAE+fsce,22,0,0,-2.1890008,1.059189
DAE+fsce,22,1,1,-1.6679503,2.0456028
DAE+fsce,22,2,2,-1.1081132,2.3179717
DAE+fsce,22,3,3,-0.8728755,2.3565245
DAE+fsce,23,0,0,-1.5645432,-1.9594185
DAE+fsce,23,1,1,-1.48549,-0.06992275
DAE+fsce,23,2,2,0.119344465,1.0955151
DAE+fsce,23,3,3,-0.0614985,1.6712921
DAE+fsce,24,0,0,-0.71973616,0.11317424
DAE+fsce,24,1,1,-0.83368,1.4363679
DAE+fsce,24,2,2,-0.7808159,2.0217195
DAE+fsce,24,3,3,-0.68575096,2.1874673
DAE+fsce,25,0,0,-1.438767,0.28340468
DAE+fsce,25,1,1,-1.2090873,2.6269727
DAE+fsce,25,2,2,-1.1684148,2.7931747
DAE+fsce,25,3,3,-1.0878401,2.7597733
DAE+fsce,26,0,0,-0.7884282,-1.3598869
DAE+fsce,26,1,1,-0.0038156824,0.16338982
DAE+fsce,26,2,2,0.34134173,0.90742
DAE+fsce,26,3,3,-0.1772315,1.6349509
DAE+fsce,27,0,0,1.3801124,-2.936709
DAE+fsce,27,1,1,1.5592787,-0.5375916
DAE+fsce,27,2,2,1.286107,0.364228
DAE+fsce,27,3,3,0.676105,1.1119348
DAE+fsce,28,0,0,-1.8907217,-4.628034
DAE+fsce,28,1,1,-2.4043112,-4.9802985
DAE+fsce,28,2,2,0.3492611,0.6056814
DAE+fsce,28,3,3,0.4540868,1.4369403
DAE+fsce,29,0,0,0.6620623,-0.6641054
DAE+fsce,29,1,1,0.6778674,0.78082204
DAE+fsce,29,2,2,0.34062007,1.374347
DAE+fsce,29,3,3,0.0325236,1.6820518
DAE+fsce,30,0,0,-1.9358042,-3.2228615
DAE+fsce,30,1,1,-2.8387651,-3.9619555
DAE+fsce,30,2,2,0.8937352,0.38793758
DAE+fsce,30,3,3,0.6080885,1.1922023
DAE+fsce,31,0,0,-1.449611,0.51223683
DAE+fsce,31,1,1,-1.0161228,1.4687245
DAE+fsce,31,2,2,-0.65416986,1.8408304
DAE+fsce,31,3,3,-0.5579062,2.0204217
DAE+fsce,32,0,0,-0.45318913,-0.9559871
DAE+fsce,32,1,1,0.51992303,0.86403596
DAE+fsce,32,2,2,0.3591307,1.503659
DAE+fsce,32,3,3,0.08738203,1.7362328
DAE+fsce,33,0,0,0.45283338,0.6050653
DAE+fsce,33,1,1,0.4739477,1.1667246
DAE+fsce,33,2,2,0.23373495,1.4887563
DAE+fsce,33,3,3,-0.009235298,1.7717382
DAE+fsce,34,0,0,-0.37522617,0.04040172
DAE+fsce,34,1,1,-0.24551441,1.3888184
DAE+fsce,34,2,2,-0.3927287,1.8727022
DAE+fsce,34,3,3,-0.413249,2.0085814
DAE+fsce,35,0,0,0.01740466,-2.868927
DAE+fsce,35,1,1,1.4222349,-0.35956338
DAE+fsce,35,2,2,1.0439255,0.47143912
DAE+fsce,35,3,3,0.5373572,1.1947876
DAE+fsce,36,0,0,-0.85163313,-2.212229
DAE+fsce,36,1,1,1.1852657,-0.2578271
DAE+fsce,36,2,2,0.8199123,0.87346697
DAE+fsce,36,3,3,0.27277637,1.4792953
DAE+fsce,37,0,0,0.95551866,-1.6079024
DAE+fsce,37,1,1,1.1268852,-0.05636296
DAE+fsce,37,2,2,0.92484856,0.7815152
DAE+fsce,37,3,3,0.5118643,1.2734762
DAE+fsce,38,0,0,0.9866243,-7.149219
DAE+fsce,38,1,1,0.034238864,-4.8245535
DAE+fsce,38,2,2,0.6306809,1.2203125
DAE+fsce,38,3,3,-0.32752413,1.8839076
DAE+fsce,39,0,0,3.2475746,0.4747151
DAE+fsce,39,1,1,1.2688915,1.1572384
DAE+fsce,39,2,2,0.2611924,1.5462123
DAE+fsce,39,3,3,-0.0014055772,1.825915
DAE+fsce,40,0,0,0.9652493,3.9971497
DAE+fsce,40,1,1,0.5444535,3.6733065
DAE+fsce,40,2,2,0.21974279,3.4339466
DAE+fsce,40,3,3,0.0042901128,3.2628105
DAE+fsce,41,0,0,1.3649775,-2.6611524
DAE+fsce,41,1,1,1.4119422,-0.16837433
DAE+fsce,41,2,2,1.0343183,0.7222094
DAE+fsce,41,3,3,0.45833313,1.2982714
DAE+fsce,42,0,0,1.1836202,1.658136
DAE+fsce,42,1,1,0.07860545,1.6653872
DAE+fsce,42,2,2,-0.10061139,1.7559835
DAE+fsce,42,3,3,-0.18054071,1.9225895
DAE+fsce,43,0,0,0.009895281,0.0889553
DAE+fsce,43,1,1,0.54465145,1.0918741
DAE+fsce,43,2,2,0.07191198,1.6653478
DAE+fsce,43,3,3,-0.14061366,1.8689666
DAE+fsce,44,0,0,-2.3888304,1.5401002
DAE+fsce,44,1,1,-2.3504002,2.5773842
DAE+fsce,44,2,2,-2.0846756,2.68504
DAE+fsce,44,3,3,-1.8042173,2.734109
DAE+fsce,45,0,0,4.2648787,-2.6583564
DAE+fsce,45,1,1,3.8326013,-1.8594983
DAE+fsce,45,2,2,1.806856,0.6006003
DAE+fsce,45,3,3,0.67967856,1.2535224
DAE+fsce,46,0,0,-3.6198251,-1.6359565
DAE+fsce,46,1,1,-3.3110418,0.123363286
DAE+fsce,46,2,2,0.5311024,0.9564153
DAE+fsce,46,3,3,-0.15576711,1.6596364
DAE+fsce,47,0,0,2.8357751,-1.7092063
DAE+fsce,47,1,1,3.601919,-1.8184195
DAE+fsce,47,2,2,2.54144,-0.46394762
DAE+fsce,47,3,3,1.3193481,0.6831985
DAE+fsce,48,0,0,-3.9462314,-2.1369216
DAE+fsce,48,1,1,0.072237715,0.8946849
DAE+fsce,48,2,2,1.1489425,0.41230726
DAE+fsce,48,3,3,0.38357168,1.3049767
DAE+fsce,49,0,0,2.7488875,-4.4642076
DAE+fsce,49,1,1,1.6832467,-0.31727338
DAE+fsce,49,2,2,1.2856755,0.2152814
DAE+fsce,49,3,3,0.6479833,1.0563956
DAE+fsce,50,0,0,-2.9928746,-1.9856931
DAE+fsce,50,1,1,1.3893306,0.543553
DAE+fsce,50,2,2,0.87751675,0.49337515
DAE+fsce,50,3,3,0.18791375,1.3710428
DAE+fsce,51,0,0,-3.9012785,-2.7224095
DAE+fsce,51,1,1,-3.4251063,-0.6585451
DAE+fsce,51,2,2,-2.4142652,1.6160097
DAE+fsce,51,3,3,-1.372749,2.153616
DAE+fsce,52,0,0,-3.2074745,-2.8683138
DAE+fsce,52,1,1,-2.723236,0.9877906
DAE+fsce,52,2,2,0.48932403,1.1664907
DAE+fsce,52,3,3,-0.008825289,1.6910663
DAE+fsce,53,0,0,-0.80248547,-3.936714
DAE+fsce,53,1,1,1.7140316,-0.36289242
DAE+fsce,53,2,2,1.1337003,0.2211289
DAE+fsce,53,3,3,0.6983169,0.98582673
DAE+fsce,54,0,0,-0.9019869,-1.8051165
DAE+fsce,54,1,1,1.1427336,-0.35252926
DAE+fsce,54,2,2,0.83353513,0.9564868
DAE+fsce,54,3,3,0.3174611,1.4818764
DAE+fsce,55,0,0,-0.6978244,-3.1886637
DAE+fsce,55,1,1,0.7626018,0.35028523
DAE+fsce,55,2,2,0.8071823,0.6887887
DAE+fsce,55,3,3,0.26752326,1.4158981
DAE+fsce,56,0,0,-1.5428127,-3.8076804
DAE+fsce,56,1,1,0.4288129,0.7732875
DAE+fsce,56,2,2,1.017986,0.24783702
DAE+fsce,56,3,3,0.69320786,1.0279149
DAE+fsce,57,0,0,2.1540864,-3.1405
DAE+fsce,57,1,1,2.2561247,-0.9423895
DAE+fsce,57,2,2,1.5284498,0.17781898
DAE+fsce,57,3,3,0.9393367,0.9382965
DAE+fsce,58,0,0,-0.23128898,-3.5861917
DAE+fsce,58,1,1,1.6537182,-0.17866477
DAE+fsce,58,2,2,0.9869347,0.34153116
DAE+fsce,58,3,3,0.42954785,1.1788648
DAE+fsce,59,0,0,2.3838556,-5.595677
DAE+fsce,59,1,1,1.8490306,0.3471171
DAE+fsce,59,2,2,1.2045119,0.30846044
DAE+fsce,59,3,3,0.63157487,1.0013344
DAE+fsce,60,0,0,-1.996692,-3.5969126
DAE+fsce,60,1,1,-1.9438468,0.67872125
DAE+fsce,60,2,2,0.30315843,1.1993166
DAE+fsce,60,3,3,0.10381432,1.6369818
DAE+fsce,61,0,0,-1.3813773,-6.02178
DAE+fsce,61,1,1,0.33393636,0.41136107
DAE+fsce,61,2,2,0.7613083,0.4367443
DAE+fsce,61,3,3,0.5501565,0.8521795
DAE+fsce,62,0,0,3.3394542,0.64265335
DAE+fsce,62,1,1,2.15936,1.401255
DAE+fsce,62,2,2,0.49023014,1.7859628
DAE+fsce,62,3,3,0.04535014,1.9543439
DAE+fsce,63,0,0,1.2453039,2.5095296
DAE+fsce,63,1,1,0.34109288,2.2500157
DAE+fsce,63,2,2,-0.060029633,2.2239578
DAE+fsce,63,3,3,-0.24980727,2.2800474
DAE+fsce,64,0,0,0.8511164,2.6123538
DAE+fsce,64,1,1,0.29785568,2.4167335
DAE+fsce,64,2,2,-0.028116224,2.2890596
DAE+fsce,64,3,3,-0.16860066,2.2577612
DAE+fsce,65,0,0,0.94712615,-1.0653915
DAE+fsce,65,1,1,0.818021,0.62445205
DAE+fsce,65,2,2,0.28717014,1.3174466
DAE+fsce,65,3,3,-0.141281,1.7933539
DAE+fsce,66,0,0,0.68041825,1.0355592
DAE+fsce,66,1,1,0.0993032,1.2879815
DAE+fsce,66,2,2,-0.021415697,1.6467481
DAE+fsce,66,3,3,-0.1496451,1.8819447
DAE+fsce,67,0,0,2.2093377,1.2822977
DAE+fsce,67,1,1,1.2414147,1.8729647
DAE+fsce,67,2,2,0.25194225,1.9690033
DAE+fsce,67,3,3,-0.08744051,2.0365417
DAE+fsce,68,0,0,0.37934893,-0.56447923
DAE+fsce,68,1,1,0.8034216,0.21116062
DAE+fsce,68,2,2,0.7766619,0.77316874
DAE+fsce,68,3,3,0.33417708,1.3341906
DAE+fsce,69,0,0,-0.34612924,-2.7305372
DAE+fsce,69,1,1,1.465795,-0.30363506
DAE+fsce,69,2,2,0.9725069,0.5952387
DAE+fsce,69,3,3,0.46362552,1.2880468
DAE+fsce,70,0,0,-1.6797888,0.55844015
DAE+fsce,70,1,1,-1.4119382,1.4644239
DAE+fsce,70,2,2,-1.5861676,2.256059
DAE+fsce,70,3,3,-1.4921167,2.4794662
DAE+fsce,71,0,0,2.2643716,-0.48209757
DAE+fsce,71,1,1,1.3311503,0.77811366
DAE+fsce,71,2,2,0.5398247,1.4151102
DAE+fsce,71,3,3,0.07260882,1.8292053
DAE+fsce,72,0,0,0.8783585,-1.292226
DAE+fsce,72,1,1,0.95912886,0.09363064
DAE+fsce,72,2,2,0.74769324,0.86176246
DAE+fsce,72,3,3,0.22626047,1.4990566
DAE+fsce,73,0,0,1.5445143,-3.5309699
DAE+fsce,73,1,1,3.0661082,-1.5390711
DAE+fsce,73,2,2,1.6697812,0.08133265
DAE+fsce,73,3,3,1.0392926,0.85010886
DAE+fsce,74,0,0,0.49576923,2.0848117
DAE+fsce,74,1,1,-0.111271374,2.1412904
DAE+fsce,74,2,2,-0.39780337,2.307535
DAE+fsce,74,3,3,-0.48338002,2.3884196
DAE+fsce,75,0,0,-0.5421479,-0.29293397
DAE+fsce,75,1,1,0.2773393,0.7409134
DAE+fsce,75,2,2,0.09921547,1.5071807
DAE+fsce,75,3,3,-0.1576005,1.8298682
DAE+fsce,76,0,0,-1.1927717,-2.4759834
DAE+fsce,76,1,1,-0.8427446,0.44911653
DAE+fsce,76,2,2,0.56241363,0.96151614
DAE+fsce,76,3,3,0.10314469,1.5697395
DAE+fsce,77,0,0,0.93001205,2.321818
DAE+fsce,77,1,1,0.16784601,2.1699126
DAE+fsce,77,2,2,-0.12268938,2.1125655
DAE+fsce,77,3,3,-0.22838,2.1740706
DAE+fsce,78,0,0,2.9110332,-1.0275735
DAE+fsce,78,1,1,1.1372592,1.0145189
DAE+fsce,78,2,2,0.5419768,1.3879616
DAE+fsce,78,3,3,0.20371494,1.6716999
DAE+fsce,79,0,0,2.2186162,-0.98000836
DAE+fsce,79,1,1,1.3594533,0.49935636
DAE+fsce,79,2,2,0.6785007,1.2013856
DAE+fsce,79,3,3,0.26823166,1.5718664
DAE+fsce,80,0,0,-0.42710134,0.9223261
DAE+fsce,80,1,1,-0.5328934,1.7348295
DAE+fsce,80,2,2,-0.6461944,2.1359386
DAE+fsce,80,3,3,-0.6482458,2.297296
DAE+fsce,81,0,0,0.61474884,1.4657716
DAE+fsce,81,1,1,0.01635969,1.6190345
DAE+fsce,81,2,2,-0.17942695,1.8948028
DAE+fsce,81,3,3,-0.3323465,2.12678
DAE+fsce,82,0,0,2.5639992,2.333458
DAE+fsce,82,1,1,2.2614212,2.6043236
DAE+fsce,82,2,2,1.8952081,2.6928923
DAE+fsce,82,3,3,1.4150282,2.7230074
DAE+fsce,83,0,0,3.979473,1.5423177
DAE+fsce,83,1,1,3.4050136,2.3146677
DAE+fsce,83,2,2,2.9182835,2.6352146
DAE+fsce,83,3,3,2.470834,2.6538165
DAE+fsce,84,0,0,3.6482756,-0.32202446
DAE+fsce,84,1,1,2.5304067,0.47264844
DAE+fsce,84,2,2,1.0695266,1.1624585
DAE+fsce,84,3,3,0.447445,1.4980694
DAE+fsce,85,0,0,-2.7765903,-1.4304533
DAE+fsce,85,1,1,-2.350662,0.98209304
DAE+fsce,85,2,2,-1.9728442,2.2105672
DAE+fsce,85,3,3,-1.2206007,2.3326209
DAE+fsce,86,0,0,-1.5397949,-1.1811284
DAE+fsce,86,1,1,-1.0646154,0.37999496
DAE+fsce,86,2,2,-0.16065325,1.6371789
DAE+fsce,86,3,3,-0.37902573,1.9811723
DAE+fsce,87,0,0,-1.0622327,1.2517147
DAE+fsce,87,1,1,-0.9717165,2.1029615
DAE+fsce,87,2,2,-0.9890511,2.4243925
DAE+fsce,87,3,3,-0.9286381,2.5181315
DAE+fsce,88,0,0,-0.24731258,-3.3827395
DAE+fsce,88,1,1,1.0666152,0.15073128
DAE+fsce,88,2,2,0.8476565,0.63593477
DAE+fsce,88,3,3,0.28872314,1.3665674
DAE+fsce,89,0,0,-1.3888878,-5.213324
DAE+fsce,89,1,1,-2.2980292,-5.0668025
DAE+fsce,89,2,2,0.6108308,0.61915797
DAE+fsce,89,3,3,0.38501507,1.3134474
DAE+fsce,90,0,0,-1.4389718,1.9626946
DAE+fsce,90,1,1,-1.4478656,2.3312643
DAE+fsce,90,2,2,-1.3954433,2.5577612
DAE+fsce,90,3,3,-1.2956396,2.6668775
DAE+fsce,91,0,0,-3.9541547,-2.57866
DAE+fsce,91,1,1,-2.7013497,0.9282593
DAE+fsce,91,2,2,0.07187666,1.375748
DAE+fsce,91,3,3,-0.80181235,1.9994404
DAE+fsce,92,0,0,2.0454187,-0.14952879
DAE+fsce,92,1,1,0.5828518,0.7359238
DAE+fsce,92,2,2,0.2610078,1.3546218
DAE+fsce,92,3,3,0.035362642,1.6904244
DAE+fsce,93,0,0,1.0374925,-2.8430283
DAE+fsce,93,1,1,1.3742863,-0.09088859
DAE+fsce,93,2,2,0.85915005,0.8707783
DAE+fsce,93,3,3,0.21822275,1.4545462
DAE+fsce,94,0,0,-1.3289682,-3.0011163
DAE+fsce,94,1,1,-1.1953967,1.2437829
DAE+fsce,94,2,2,-0.287338,1.7034674
DAE+fsce,94,3,3,-0.2829136,1.8590583
DAE+fsce,95,0,0,-0.6317351,-6.2977314
DAE+fsce,95,1,1,1.1553344,0.034644246
DAE+fsce,95,2,2,0.9359038,0.3288861
DAE+fsce,95,3,3,0.6046507,1.0550604
DAE+fsce,96,0,0,0.5647946,-3.4256701
DAE+fsce,96,1,1,1.0620246,0.023368623
DAE+fsce,96,2,2,1.0272174,0.5810346
DAE+fsce,96,3,3,0.4477035,1.2464457
DAE+fsce,97,0,0,1.7137196,-5.791609
DAE+fsce,97,1,1,1.9245507,-0.036311228
DAE+fsce,97,2,2,1.2531556,0.16016899
DAE+fsce,97,3,3,0.8573888,0.9037002
DAE+fsce,98,0,0,-1.6995355,-1.5539541
DAE+fsce,98,1,1,-1.6165868,-0.2071227
DAE+fsce,98,2,2,-0.5281665,1.0544403
DAE+fsce,98,3,3,-0.22924004,1.7879434
DAE+fsce,99,0,0,-1.3225819,-1.0102851
DAE+fsce,99,1,1,-1.22351,0.7743496
DAE+fsce,99,2,2,-0.6612423,1.8256583
DAE+fsce,99,3,3,-0.57486105,2.0999177
DAE+fsce,100,0,0,-1.7494094,-1.7026496
DAE+fsce,100,1,1,-1.4076816,-0.076961905
DAE+fsce,100,2,2,0.45082697,1.0552082
DAE+fsce,100,3,3,0.006428437,1.6814203
DAE+fsce,101,0,0,3.4319155,-1.9822975
DAE+fsce,101,1,1,2.2009728,-0.2667843
DAE+fsce,101,2,2,1.1835216,0.47614676
DAE+fsce,101,3,3,0.7166868,1.1079444
DAE+fsce,102,0,0,-1.6689411,-3.3858504
DAE+fsce,102,1,1,1.1233526,0.26254526
DAE+fsce,102,2,2,0.9716962,0.5014525
DAE+fsce,102,3,3,0.525902,1.2585863
DAE+fsce,103,0,0,2.9863033,-0.06828157
DAE+fsce,103,1,1,1.0077718,0.56485033
DAE+fsce,103,2,2,0.37367788,1.2595825
DAE+fsce,103,3,3,0.07432226,1.6745068
DAE+fsce,104,0,0,0.04479182,1.8486747
DAE+fsce,104,1,1,-0.032027118,1.8929206
DAE+fsce,104,2,2,-0.16841045,2.0161622
DAE+fsce,104,3,3,-0.2817018,2.1348722
DAE+fsce,105,0,0,1.6619302,-0.10590812
DAE+fsce,105,1,1,0.9629887,0.676402
DAE+fsce,105,2,2,0.61330616,1.2238375
DAE+fsce,105,3,3,0.2972962,1.5069789
DAE+fsce,106,0,0,-3.2050354,1.7833838
DAE+fsce,106,1,1,-2.7513146,2.2532368
DAE+fsce,106,2,2,-2.3450587,2.477849
DAE+fsce,106,3,3,-2.091785,2.6128857
DAE+fsce,107,0,0,0.88151777,-2.373954
DAE+fsce,107,1,1,1.3578321,-0.28620458
DAE+fsce,107,2,2,0.99853116,0.73770845
DAE+fsce,107,3,3,0.47127098,1.3094037
DAE+fsce,108,0,0,-0.19225577,-4.1345396
DAE+fsce,108,1,1,-1.6186628,0.7377975
DAE+fsce,108,2,2,0.43074948,0.9616058
DAE+fsce,108,3,3,-0.3468564,1.7096124
DAE+fsce,109,0,0,1.5688819,-5.831505
DAE+fsce,109,1,1,4.304276,-2.7397678
DAE+fsce,109,2,2,1.3368207,0.49543038
DAE+fsce,109,3,3,0.50184286,1.1319815
DAE+fsce,110,0,0,2.2961369,-3.5804474
DAE+fsce,110,1,1,1.8048651,-0.18023703
DAE+fsce,110,2,2,1.3012795,0.43901372
DAE+fsce,110,3,3,0.658787,1.133485
DAE+fsce,111,0,0,-1.3453188,-3.718885
DAE+fsce,111,1,1,-2.7892604,0.6336029
DAE+fsce,111,2,2,0.85769093,0.4268052
DAE+fsce,111,3,3,0.4437269,1.2258179
DAE+fsce,112,0,0,-1.1351675,-3.0111756
DAE+fsce,112,1,1,1.22786,0.11961446
DAE+fsce,112,2,2,0.86456096,0.70796794
DAE+fsce,112,3,3,0.26659435,1.4372976
DAE+fsce,113,0,0,-0.7006182,-0.26615447
DAE+fsce,113,1,1,-0.50672936,1.1006111
DAE+fsce,113,2,2,-0.28810504,1.6929073
DAE+fsce,113,3,3,-0.34908992,1.9492126
DAE+fsce,114,0,0,-0.06643796,-2.5691857
DAE+fsce,114,1,1,0.9432927,-0.074443944
DAE+fsce,114,2,2,0.83944,0.37094682
DAE+fsce,114,3,3,0.3669732,1.1790495
DAE+fsce,115,0,0,-2.3913295,-0.4409614
DAE+fsce,115,1,1,-2.3781643,0.930154
DAE+fsce,115,2,2,-2.104609,2.2341187
DAE+fsce,115,3,3,-1.7852889,2.3966205
DAE+fsce,116,0,0,1.4092065,2.4566815
DAE+fsce,116,1,1,0.9408837,2.3902478
DAE+fsce,116,2,2,0.25653583,2.2897015
DAE+fsce,116,3,3,-0.14377278,2.2832615
DAE+fsce,117,0,0,-1.1678634,-3.731491
DAE+fsce,117,1,1,1.5623678,-0.23229112
DAE+fsce,117,2,2,1.0615453,0.30481455
DAE+fsce,117,3,3,0.6554566,1.063925
DAE+fsce,118,0,0,3.005026,0.47607657
DAE+fsce,118,1,1,0.9923351,0.6671295
DAE+fsce,118,2,2,0.43817088,1.2697252
DAE+fsce,118,3,3,0.14783406,1.6433159
DAE+fsce,119,0,0,3.857023,-0.8390654
DAE+fsce,119,1,1,2.7721362,-0.2324743
DAE+fsce,119,2,2,1.0686897,0.98514
DAE+fsce,119,3,3,0.4864335,1.4107646
DAE+fsce,120,0,0,-2.6586199,-5.032624
DAE+fsce,120,1,1,-2.3666742,2.3224802
DAE+fsce,120,2,2,-1.9344559,2.600518
DAE+fsce,120,3,3,-1.5676748,2.6435807
DAE+fsce,121,0,0,-1.4031808,-1.7482907
DAE+fsce,121,1,1,-1.2218319,0.89762217
DAE+fsce,121,2,2,-0.40541437,1.7199427
DAE+fsce,121,3,3,-0.37016976,1.9414282
DAE+fsce,122,0,0,-3.054537,0.33417374
DAE+fsce,122,1,1,-2.0968416,1.6040541
DAE+fsce,122,2,2,-0.46356788,1.8288821
DAE+fsce,122,3,3,-0.45523807,1.9914206
DAE+fsce,123,0,0,-2.2687132,-1.4615461
DAE+fsce,123,1,1,-3.0474231,0.17655422
DAE+fsce,123,2,2,-0.78664285,1.9469244
DAE+fsce,123,3,3,-0.45507544,2.0124433
DAE+fsce,124,0,0,-3.6966648,-1.8130574
DAE+fsce,124,1,1,-2.8795917,0.74776894
DAE+fsce,124,2,2,1.0914676,0.48526707
DAE+fsce,124,3,3,0.3925727,1.3417104
DAE+fsce,125,0,0,2.6822436,-3.044176
DAE+fsce,125,1,1,1.9507186,-0.41171536
DAE+fsce,125,2,2,1.2167178,0.5831342
DAE+fsce,125,3,3,0.6793401,1.2277445
DAE+fsce,126,0,0,-3.7864375,-0.102625005
DAE+fsce,126,1,1,-2.255078,1.5309511
DAE+fsce,126,2,2,-0.9511739,2.0858097
DAE+fsce,126,3,3,-0.78700787,2.2025099
DAE+fsce,127,0,0,2.9863033,-0.06828157
DAE+fsce,127,1,1,1.0077718,0.56485033
DAE+fsce,127,2,2,0.37367788,1.2595825
DAE+fsce,127,3,3,0.07432226,1.6745068
DAE+fsce,128,0,0,-3.8700976,-2.413569
DAE+fsce,128,1,1,-2.703301,1.2351629
DAE+fsce,128,2,2,0.9903026,0.5844165
DAE+fsce,128,3,3,0.35761458,1.3473326
DAE+fsce,129,0,0,-0.4510434,-2.1182082
DAE+fsce,129,1,1,0.13887925,0.18481858
DAE+fsce,129,2,2,0.53096443,1.0272189
DAE+fsce,129,3,3,0.1695015,1.510071
DAE+fsce,130,0,0,-3.993834,-0.07992111
DAE+fsce,130,1,1,-2.7329426,1.4770354
DAE+fsce,130,2,2,-2.0729182,2.124811
DAE+fsce,130,3,3,-1.7919093,2.3852735
DAE+fsce,131,0,0,0.41761583,-3.0308332
DAE+fsce,131,1,1,1.4704498,-0.50587964
DAE+fsce,131,2,2,1.1433347,0.34880772
DAE+fsce,131,3,3,0.56679094,1.1309932
DAE+fsce,132,0,0,-3.6010587,-1.0113022
DAE+fsce,132,1,1,-2.7035809,0.9219948
DAE+fsce,132,2,2,-2.1814067,2.1382122
DAE+fsce,132,3,3,-1.8159078,2.3617034
DAE+fsce,133,0,0,-3.358494,0.078045525
DAE+fsce,133,1,1,-2.623441,1.5003105
DAE+fsce,133,2,2,-2.2658212,2.2068307
DAE+fsce,133,3,3,-2.0519176,2.4572146
DAE+fsce,134,0,0,1.1749256,-5.5142965
DAE+fsce,134,1,1,0.28468242,-5.7492056
DAE+fsce,134,2,2,1.2221392,0.36825287
DAE+fsce,134,3,3,0.46565497,1.2277461
DAE+fsce,135,0,0,2.3587077,-4.395681
DAE+fsce,135,1,1,3.1739156,-1.8069451
DAE+fsce,135,2,2,1.844863,0.1906934
DAE+fsce,135,3,3,0.6795741,1.1361463
DAE+fsce,136,0,0,-2.3025713,-3.829051
DAE+fsce,136,1,1,-1.6782563,1.5642314
DAE+fsce,136,2,2,0.08402884,1.9851885
DAE+fsce,136,3,3,-0.42161566,2.1973326
DAE+fsce,137,0,0,1.040697,-1.0891595
DAE+fsce,137,1,1,1.0476772,0.29434386
DAE+fsce,137,2,2,0.80510545,1.0284272
DAE+fsce,137,3,3,0.3524715,1.4070357
DAE+fsce,138,0,0,0.30189276,-6.7320666
DAE+fsce,138,1,1,-2.4621656,-4.8650103
DAE+fsce,138,2,2,0.33401322,1.4960747
DAE+fsce,138,3,3,-0.6218929,2.0868704
DAE+fsce,139,0,0,-3.9202423,-1.9121573
DAE+fsce,139,1,1,-0.8403442,1.2232598
DAE+fsce,139,2,2,0.63868713,1.1528825
DAE+fsce,139,3,3,0.16981402,1.5716753
DAE+fsce,140,0,0,-1.9711672,-3.164319
DAE+fsce,140,1,1,-2.5367787,-4.558382
DAE+fsce,140,2,2,0.12642409,1.004679
DAE+fsce,140,3,3,0.30505285,1.5254812
DAE+fsce,141,0,0,0.34817654,-0.6165826
DAE+fsce,141,1,1,0.7773547,0.31682575
DAE+fsce,141,2,2,0.78992444,0.77583367
DAE+fsce,141,3,3,0.3939613,1.310612
DAE+fsce,142,0,0,2.9305365,-0.20274574
DAE+fsce,142,1,1,1.0348525,0.49011058
DAE+fsce,142,2,2,0.41960344,1.2182465
DAE+fsce,142,3,3,0.10486751,1.6448175
DAE+fsce,143,0,0,-0.10459852,-5.1772037
DAE+fsce,143,1,1,0.662075,0.24785118
DAE+fsce,143,2,2,0.92880553,0.48907632
DAE+fsce,143,3,3,0.33388445,1.2371446
DAE+fsce,144,0,0,-0.7992569,-4.6450977
DAE+fsce,144,1,1,-2.8360522,1.0326179
DAE+fsce,144,2,2,-1.8520823,1.8875285
DAE+fsce,144,3,3,-1.5257651,2.2585118
DAE+fsce,145,0,0,-3.7471137,-0.82965094
DAE+fsce,145,1,1,-2.595063,1.0911173
DAE+fsce,145,2,2,-1.4116449,2.1182837
DAE+fsce,145,3,3,-0.8752812,2.1974685
DAE+fsce,146,0,0,-4.244365,-2.193402
DAE+fsce,146,1,1,-3.4100811,-0.021095049
DAE+fsce,146,2,2,-2.3249545,1.5576903
DAE+fsce,146,3,3,-1.2693322,2.1067874
DAE+fsce,147,0,0,1.4882252,-2.3657384
DAE+fsce,147,1,1,1.44937,-0.26156685
DAE+fsce,147,2,2,0.87921923,0.838467
DAE+fsce,147,3,3,0.38526243,1.3981487
DAE+fsce,148,0,0,-1.6114521,-4.8396535
DAE+fsce,148,1,1,-0.2685956,0.9740014
DAE+fsce,148,2,2,-0.38198218,1.8581312
DAE+fsce,148,3,3,-0.8186967,2.2384143
DAE+fsce,149,0,0,-0.12402261,-3.0465636
DAE+fsce,149,1,1,0.78044415,0.26918975
DAE+fsce,149,2,2,0.59088254,1.0145775
DAE+fsce,149,3,3,0.08692764,1.5627868
DAE+fsce,150,0,0,2.064589,-2.2634003
DAE+fsce,150,1,1,2.030854,-0.9698252
DAE+fsce,150,2,2,1.6002499,0.18798353
DAE+fsce,150,3,3,0.565177,1.2234465
DAE+fsce,151,0,0,-3.3456697,-1.884209
DAE+fsce,151,1,1,-2.6912413,0.6409213
DAE+fsce,151,2,2,-2.3099146,1.3432988
DAE+fsce,151,3,3,-2.0828226,2.2021592
DAE+fsce,152,0,0,0.87959397,0.104330815
DAE+fsce,152,1,1,0.6694494,0.8960544
DAE+fsce,152,2,2,0.23541208,1.4238405
DAE+fsce,152,3,3,-0.08208147,1.7602054
DAE+fsce,153,0,0,0.95538396,-1.7762481
DAE+fsce,153,1,1,1.0442396,0.026118895
DAE+fsce,153,2,2,0.8042125,0.86138386
DAE+fsce,153,3,3,0.3656087,1.3504082
DAE+fsce,154,0,0,2.3157392,-1.8842705
DAE+fsce,154,1,1,1.8750113,-0.67141587
DAE+fsce,154,2,2,1.3799615,0.57129323
DAE+fsce,154,3,3,0.47852027,1.3674057
DAE+fsce,155,0,0,3.0095682,-2.3857648
DAE+fsce,155,1,1,1.6510291,-0.5389323
DAE+fsce,155,2,2,1.364627,0.30854884
DAE+fsce,155,3,3,0.72755677,1.0637128
DAE+fsce,156,0,0,-2.188428,-5.7342343
DAE+fsce,156,1,1,-2.3367467,-5.539325
DAE+fsce,156,2,2,-2.377107,-4.703744
DAE+fsce,156,3,3,-1.7240149,1.7873493
DAE+fsce,157,0,0,1.6849537,-2.7271156
DAE+fsce,157,1,1,1.5795833,-0.3146248
DAE+fsce,157,2,2,1.2025973,0.5693893
DAE+fsce,157,3,3,0.668919,1.1661065
DAE+fsce,158,0,0,1.0068204,-1.0231533
DAE+fsce,158,1,1,0.7285508,0.10355365
DAE+fsce,158,2,2,0.6847749,0.59505
DAE+fsce,158,3,3,0.058802597,1.4279522
DAE+fsce,159,0,0,-1.7169561,-4.5012
DAE+fsce,159,1,1,1.2054645,-0.098720394
DAE+fsce,159,2,2,1.0401831,0.4825291
DAE+fsce,159,3,3,0.48050275,1.3148549
DAE+fsce,160,0,0,0.3424212,-4.277344
DAE+fsce,160,1,1,1.6080009,-0.5006588
DAE+fsce,160,2,2,0.9358398,0.4089378
DAE+fsce,160,3,3,0.3829916,1.1836928
DAE+fsce,161,0,0,-3.3768322,-4.7897377
DAE+fsce,161,1,1,-3.0937452,-4.902456
DAE+fsce,161,2,2,-2.930663,-4.831339
DAE+fsce,161,3,3,-2.5689292,2.2317593
DAE+fsce,162,0,0,1.8500848,-0.6690887
DAE+fsce,162,1,1,1.3451061,0.52634025
DAE+fsce,162,2,2,0.65938663,1.2394121
DAE+fsce,162,3,3,0.19426239,1.6473681
DAE+fsce,163,0,0,-0.16996105,0.05447943
DAE+fsce,163,1,1,-0.6031372,1.3504316
DAE+fsce,163,2,2,-0.42331016,1.7477249
DAE+fsce,163,3,3,-0.3896375,1.9001828
DAE+fsce,164,0,0,2.1200798,-0.71646637
DAE+fsce,164,1,1,1.4697287,0.47459182
DAE+fsce,164,2,2,0.81294435,1.1240997
DAE+fsce,164,3,3,0.35619476,1.500329
DAE+fsce,165,0,0,-2.2705576,-1.7340884
DAE+fsce,165,1,1,-2.1414185,0.8387876
DAE+fsce,165,2,2,-1.2152717,2.0071678
DAE+fsce,165,3,3,-0.78872687,2.1276636
DAE+fsce,166,0,0,-1.4961913,-1.8616039
DAE+fsce,166,1,1,0.6985028,0.2843994
DAE+fsce,166,2,2,0.5482897,1.1837817
DAE+fsce,166,3,3,0.06111365,1.6497713
DAE+fsce,167,0,0,1.6787056,-6.577591
DAE+fsce,167,1,1,2.9857366,-1.9026891
DAE+fsce,167,2,2,1.0487232,0.4889097
DAE+fsce,167,3,3,0.3716683,1.3799503
DAE+fsce,168,0,0,2.3708448,-1.9863387
DAE+fsce,168,1,1,3.3931518,-1.6343266
DAE+fsce,168,2,2,1.6764169,0.12894024
DAE+fsce,168,3,3,0.9458948,0.96714044
DAE+fsce,169,0,0,4.122508,0.9576288
DAE+fsce,169,1,1,3.576532,2.1903152
DAE+fsce,169,2,2,2.1163177,2.6089683
DAE+fsce,169,3,3,0.78276086,2.3813517
DAE+fsce,170,0,0,2.1855829,-1.7964345
DAE+fsce,170,1,1,1.9549031,-0.34452778
DAE+fsce,170,2,2,1.3944103,0.5900069
DAE+fsce,170,3,3,0.77426547,1.1854832
DAE+fsce,171,0,0,2.5946646,-1.5261182
DAE+fsce,171,1,1,2.235066,-0.5356697
DAE+fsce,171,2,2,1.2494669,0.4669481
DAE+fsce,171,3,3,0.7035431,1.2505705
DAE+fsce,172,0,0,2.4147987,-1.0446546
DAE+fsce,172,1,1,1.5921203,0.17616695
DAE+fsce,172,2,2,0.88666844,1.3813386
DAE+fsce,172,3,3,-0.059810102,2.251009
DAE+fsce,173,0,0,-2.8761065,-0.57354456
DAE+fsce,173,1,1,-2.623202,1.0135927
DAE+fsce,173,2,2,-2.186802,2.2211266
DAE+fsce,173,3,3,-1.6021609,2.3961504
DAE+fsce,174,0,0,2.0090365,-2.6554215
DAE+fsce,174,1,1,3.159743,-1.7590442
DAE+fsce,174,2,2,1.9603832,-0.052615423
DAE+fsce,174,3,3,1.2682945,0.7453026
DAE+fsce,175,0,0,-4.476333,-2.3710914
DAE+fsce,175,1,1,-3.0903888,0.67658454
DAE+fsce,175,2,2,0.22551617,1.0236881
DAE+fsce,175,3,3,-0.11550019,1.5741894
DAE+fsce,176,0,0,2.5568779,-1.1904064
DAE+fsce,176,1,1,0.96002537,0.41618425
DAE+fsce,176,2,2,0.48997366,1.1824677
DAE+fsce,176,3,3,0.18029885,1.5701667
DAE+fsce,177,0,0,4.7704678,-2.62687
DAE+fsce,177,1,1,3.2623723,-1.0157859
DAE+fsce,177,2,2,0.77677065,0.83103806
DAE+fsce,177,3,3,-0.35787332,1.9800535
DAE+fsce,178,0,0,3.469285,0.46678662
DAE+fsce,178,1,1,2.569707,1.287336
DAE+fsce,178,2,2,0.90535116,1.8060521
DAE+fsce,178,3,3,0.18420516,1.9650097
DAE+fsce,179,0,0,-1.546791,-4.2381577
DAE+fsce,179,1,1,0.8595565,0.09657781
DAE+fsce,179,2,2,0.6631017,0.763708
DAE+fsce,179,3,3,-0.16826744,1.6819623
DAE+fsce,180,0,0,0.07789163,0.31791052
DAE+fsce,180,1,1,0.51999736,0.5325116
DAE+fsce,180,2,2,0.5212084,0.85145795
DAE+fsce,180,3,3,0.20106235,1.4713578
DAE+fsce,181,0,0,-2.5368645,-1.6239966
DAE+fsce,181,1,1,-2.793815,0.38975418
DAE+fsce,181,2,2,-1.9952371,1.9879926
DAE+fsce,181,3,3,-1.1018809,2.2263725
DAE+fsce,182,0,0,2.970875,-3.372015
DAE+fsce,182,1,1,1.9469744,-0.18633492
DAE+fsce,182,2,2,1.2467369,0.5724283
DAE+fsce,182,3,3,0.702278,1.1629006
DAE+fsce,183,0,0,-2.779712,-5.6136136
DAE+fsce,183,1,1,-2.9970896,-5.379214
DAE+fsce,183,2,2,-0.07483037,1.1847602
DAE+fsce,183,3,3,-0.71117777,1.8328631
DAE+fsce,184,0,0,-0.65103,-4.4977136
DAE+fsce,184,1,1,-3.5359201,-2.1894038
DAE+fsce,184,2,2,-1.5575726,1.7283299
DAE+fsce,184,3,3,-1.4138609,2.1594691
DAE+fsce,185,0,0,-0.8864885,-5.430391
DAE+fsce,185,1,1,0.9544189,-0.038317613
DAE+fsce,185,2,2,0.8119073,0.43429056
DAE+fsce,185,3,3,0.31269845,1.1447766
DAE+fsce,186,0,0,-3.1074078,-2.885327
DAE+fsce,186,1,1,-2.3368974,1.0581925
DAE+fsce,186,2,2,0.29441583,1.3456541
DAE+fsce,186,3,3,0.0014672932,1.6885357
DAE+fsce,187,0,0,-0.59829605,-0.24123332
DAE+fsce,187,1,1,-0.10269149,1.1728742
DAE+fsce,187,2,2,-0.19091256,1.7818952
DAE+fsce,187,3,3,-0.31199694,1.9832692
DAE+fsce,188,0,0,-0.52875185,1.0396196
DAE+fsce,188,1,1,-0.593668,1.9029721
DAE+fsce,188,2,2,-0.64724517,2.1987076
DAE+fsce,188,3,3,-0.6387575,2.307297
DAE+fsce,189,0,0,-2.7978003,-3.2832036
DAE+fsce,189,1,1,-2.7371907,-4.6915755
DAE+fsce,189,2,2,-2.4360487,1.9147776
DAE+fsce,189,3,3,-1.2334868,2.4120033
DAE+fsce,190,0,0,-0.83944744,-0.9490259
DAE+fsce,190,1,1,-0.46807447,0.90158725
DAE+fsce,190,2,2,-0.17189227,1.679061
DAE+fsce,190,3,3,-0.29164433,1.9413382
DAE+fsce,191,0,0,-2.569493,0.3254046
DAE+fsce,191,1,1,-1.0925008,1.7368797
DAE+fsce,191,2,2,-0.5143707,1.9767418
DAE+fsce,191,3,3,-0.73714155,2.2241337
DAE+fsce,192,0,0,-0.4254435,1.7168667
DAE+fsce,192,1,1,-0.5477552,2.0468738
DAE+fsce,192,2,2,-0.6157879,2.2891617
DAE+fsce,192,3,3,-0.62143284,2.3860877
DAE+fsce,193,0,0,-3.5880003,-3.885881
DAE+fsce,193,1,1,-2.9985914,-5.048079
DAE+fsce,193,2,2,-2.1401575,1.8551401
DAE+fsce,193,3,3,-1.3950442,2.2854552
DAE+fsce,194,0,0,-2.4679456,-2.4293199
DAE+fsce,194,1,1,-2.290855,0.88228464
DAE+fsce,194,2,2,-2.2729137,2.5032175
DAE+fsce,194,3,3,-2.089653,2.6165614
DAE+fsce,195,0,0,-2.7122014,-1.27909
DAE+fsce,195,1,1,-2.8097508,0.20507134
DAE+fsce,195,2,2,-2.3029604,1.8017386
DAE+fsce,195,3,3,-1.9762098,2.2537725
DAE+fsce,196,0,0,-3.6348774,-3.9668329
DAE+fsce,196,1,1,-2.6208682,1.4498504
DAE+fsce,196,2,2,-1.7792399,2.3158674
DAE+fsce,196,3,3,-1.4574244,2.4608333
DAE+fsce,197,0,0,0.2983813,-0.45108142
DAE+fsce,197,1,1,0.6569676,0.4529882
DAE+fsce,197,2,2,0.4507287,1.1648548
DAE+fsce,197,3,3,0.07317883,1.5826902
DAE+fsce,198,0,0,-0.8496405,1.596295
DAE+fsce,198,1,1,-0.91487074,2.1209908
DAE+fsce,198,2,2,-0.7442186,2.232379
DAE+fsce,198,3,3,-0.6411652,2.2642882
DAE+fsce,199,0,0,-2.5618782,-3.947484
DAE+fsce,199,1,1,1.7153362,-0.14302067
DAE+fsce,199,2,2,1.1387739,0.5888582
DAE+fsce,199,3,3,0.5217445,1.337635
DAE+fsce,200,0,0,-3.3018737,-0.68292487
DAE+fsce,200,1,1,-2.95392,0.6779815
DAE+fsce,200,2,2,-2.2551408,2.017062
DAE+fsce,200,3,3,-1.7293308,2.3075097
DAE+fsce,201,0,0,0.048584133,-3.3968995
DAE+fsce,201,1,1,1.0353264,-0.09393269
DAE+fsce,201,2,2,0.8508625,0.37211365
DAE+fsce,201,3,3,0.31637192,1.1832072
DAE+fsce,202,0,0,-5.9286094,-1.2326802
DAE+fsce,202,1,1,-4.8698716,0.31772333
DAE+fsce,202,2,2,-2.7287655,1.8614875
DAE+fsce,202,3,3,-2.219227,2.2154765
DAE+fsce,203,0,0,-0.34922546,-2.5119383
DAE+fsce,203,1,1,1.2991064,-0.16044523
DAE+fsce,203,2,2,0.7830598,0.9288016
DAE+fsce,203,3,3,0.26262295,1.4773976
DAE+fsce,204,0,0,0.71048623,-2.1263943
DAE+fsce,204,1,1,1.2932805,-0.15692805
DAE+fsce,204,2,2,1.0033002,0.6869326
DAE+fsce,204,3,3,0.51853156,1.2594669
DAE+fsce,205,0,0,-3.1453311,-5.022333
DAE+fsce,205,1,1,-2.642782,-5.142738
DAE+fsce,205,2,2,-2.596849,-4.931563
DAE+fsce,205,3,3,-1.9789225,2.4999547
DAE+fsce,206,0,0,1.2984401,-3.7270849
DAE+fsce,206,1,1,2.0087385,-0.904326
DAE+fsce,206,2,2,1.5708561,0.07426069
DAE+fsce,206,3,3,0.82036316,0.9692685
DAE+fsce,207,0,0,2.9131699,-2.1853135
DAE+fsce,207,1,1,3.8084843,-1.8553979
DAE+fsce,207,2,2,2.4314473,-0.38094383
DAE+fsce,207,3,3,1.4823966,0.48531985
DAE+fsce,208,0,0,-0.9868777,0.86523235
DAE+fsce,208,1,1,-0.7895326,3.141312
DAE+fsce,208,2,2,-0.8926643,3.166156
DAE+fsce,208,3,3,-0.8984198,3.0498269
DAE+fsce,209,0,0,-2.0346143,1.0575169
DAE+fsce,209,1,1,-1.3635062,1.8197973
DAE+fsce,209,2,2,-0.61197513,2.0018983
DAE+fsce,209,3,3,-0.4960744,2.060573
DAE+fsce,210,0,0,-0.32094502,-3.122713
DAE+fsce,210,1,1,0.79585296,0.27304953
DAE+fsce,210,2,2,0.6704188,0.9098223
DAE+fsce,210,3,3,0.14772093,1.5155762
DAE+fsce,211,0,0,-3.2441392,-1.195409
DAE+fsce,211,1,1,-2.6545184,0.9000127
DAE+fsce,211,2,2,-0.9301555,2.0389364
DAE+fsce,211,3,3,-0.54827803,2.0629604
DAE+fsce,212,0,0,1.208527,-2.7966356
DAE+fsce,212,1,1,1.5294061,-0.35466808
DAE+fsce,212,2,2,1.1016506,0.6457646
DAE+fsce,212,3,3,0.4939627,1.2753
DAE+fsce,213,0,0,-0.12506372,0.9213998
DAE+fsce,213,1,1,-0.10157277,1.4991627
DAE+fsce,213,2,2,-0.18680549,1.8783879
DAE+fsce,213,3,3,-0.28584242,2.0496058
DAE+fsce,214,0,0,-0.23199983,-2.5520654
DAE+fsce,214,1,1,0.41008246,0.4946803
DAE+fsce,214,2,2,0.3146683,1.294679
DAE+fsce,214,3,3,-0.06298585,1.6947043
DAE+fsce,215,0,0,1.4754556,1.0429205
DAE+fsce,215,1,1,0.3385911,1.5062349
DAE+fsce,215,2,2,0.0454098,1.7162694
DAE+fsce,215,3,3,-0.13024467,1.9224932
DAE+fsce,216,0,0,-2.5928998,-1.3703704
DAE+fsce,216,1,1,-2.6732688,0.5946643
DAE+fsce,216,2,2,-1.9321432,2.2650845
DAE+fsce,216,3,3,-1.0796595,2.3108935
DAE+fsce,217,0,0,-1.6504639,1.9986932
DAE+fsce,217,1,1,-1.4681548,2.3491247
DAE+fsce,217,2,2,-1.2139727,2.4851022
DAE+fsce,217,3,3,-1.0359694,2.52709
DAE+fsce,218,0,0,1.198266,0.07612665
DAE+fsce,218,1,1,0.282342,1.4034728
DAE+fsce,218,2,2,-0.2631341,1.8947071
DAE+fsce,218,3,3,-0.5163518,2.2085226
DAE+fsce,219,0,0,2.688613,0.7663532
DAE+fsce,219,1,1,0.58227766,1.4250554
DAE+fsce,219,2,2,0.094118625,1.6409699
DAE+fsce,219,3,3,-0.08558477,1.8657495
DAE+fsce,220,0,0,-3.762277,-1.2248756
DAE+fsce,220,1,1,-2.686424,1.1187143
DAE+fsce,220,2,2,0.1487935,1.5386044
DAE+fsce,220,3,3,-0.32404017,1.8895657
DAE+fsce,221,0,0,-3.1446736,-1.7155788
DAE+fsce,221,1,1,-2.8104239,0.21055757
DAE+fsce,221,2,2,-2.353129,1.5873584
DAE+fsce,221,3,3,-2.1266375,2.2479043
DAE+fsce,222,0,0,1.8856164,0.09437485
DAE+fsce,222,1,1,1.2193787,0.7113472
DAE+fsce,222,2,2,0.75530547,1.1188403
DAE+fsce,222,3,3,0.4657774,1.3890663
DAE+fsce,223,0,0,-3.450266,-0.4097142
DAE+fsce,223,1,1,-2.60108,1.1172516
DAE+fsce,223,2,2,-1.9832214,2.0655727
DAE+fsce,223,3,3,-1.5413986,2.2810357
DAE+fsce,224,0,0,-3.2195628,-2.1484795
DAE+fsce,224,1,1,-3.2367299,-0.08719198
DAE+fsce,224,2,2,-2.2866433,1.7137834
DAE+fsce,224,3,3,-1.3389951,2.1698117
DAE+fsce,225,0,0,-4.0868325,-3.7357621
DAE+fsce,225,1,1,-3.274808,0.6010932
DAE+fsce,225,2,2,-0.1779666,1.3092659
DAE+fsce,225,3,3,-0.69278944,1.8965644
DAE+fsce,226,0,0,0.5017072,-4.324666
DAE+fsce,226,1,1,1.5204555,-0.31600624
DAE+fsce,226,2,2,1.1287464,0.3416281
DAE+fsce,226,3,3,0.51799744,1.1291553
DAE+fsce,227,0,0,-2.8150835,-1.1243478
DAE+fsce,227,1,1,-2.4857674,0.20144199
DAE+fsce,227,2,2,-2.2840502,1.624205
DAE+fsce,227,3,3,-1.7558882,2.1721168
DAE+fsce,228,0,0,0.61831796,-1.9825537
DAE+fsce,228,1,1,0.88995016,0.060818538
DAE+fsce,228,2,2,0.9039124,0.6206428
DAE+fsce,228,3,3,0.45130455,1.2283769
DAE+fsce,229,0,0,3.1627984,-0.10455204
DAE+fsce,229,1,1,1.7660893,-0.002284182
DAE+fsce,229,2,2,0.7809351,0.8605939
DAE+fsce,229,3,3,0.34871557,1.4835572
DAE+fsce,230,0,0,-1.102173,-4.341201
DAE+fsce,230,1,1,-0.49983355,0.9235036
DAE+fsce,230,2,2,0.12864771,1.3880146
DAE+fsce,230,3,3,-0.26160282,1.8346955
DAE+fsce,231,0,0,-1.6410387,-0.8893613
DAE+fsce,231,1,1,0.13443463,0.655014
DAE+fsce,231,2,2,0.27678946,1.6039661
DAE+fsce,231,3,3,-0.13583447,1.9102261
DAE+fsce,232,0,0,-0.48513928,0.4545867
DAE+fsce,232,1,1,-0.24281819,1.5235611
DAE+fsce,232,2,2,-0.4143285,1.9800059
DAE+fsce,232,3,3,-0.49163422,2.1548903
DAE+fsce,233,0,0,-4.3215694,-1.2215469
DAE+fsce,233,1,1,-2.8943982,0.9171499
DAE+fsce,233,2,2,-2.3558977,1.9579157
DAE+fsce,233,3,3,-1.8944693,2.2947822
DAE+fsce,234,0,0,2.8829327,-2.2149448
DAE+fsce,234,1,1,1.9887913,-0.63340384
DAE+fsce,234,2,2,1.3301878,0.5977953
DAE+fsce,234,3,3,0.23740627,1.5106221
DAE+fsce,235,0,0,-2.2962353,-1.3123695
DAE+fsce,235,1,1,-2.3360682,0.14335126
DAE+fsce,235,2,2,-2.183514,2.0263484
DAE+fsce,235,3,3,-2.0145996,2.3755095
DAE+fsce,236,0,0,-3.029657,-1.045047
DAE+fsce,236,1,1,1.6604384,-0.05552717
DAE+fsce,236,2,2,0.67026305,1.0874127
DAE+fsce,236,3,3,-0.26094028,1.7791107
DAE+fsce,237,0,0,2.280601,-5.665344
DAE+fsce,237,1,1,1.1450604,0.30695677
DAE+fsce,237,2,2,0.91387135,0.6889377
DAE+fsce,237,3,3,0.35109356,1.3360913
DAE+fsce,238,0,0,-2.5835905,-1.8080555
DAE+fsce,238,1,1,-2.5802538,0.3016034
DAE+fsce,238,2,2,-2.3109558,1.6498708
DAE+fsce,238,3,3,-2.0700655,2.298426
DAE+fsce,239,0,0,2.2620835,-1.5887718
DAE+fsce,239,1,1,1.5626681,-0.17657447
DAE+fsce,239,2,2,0.9291815,0.79749566
DAE+fsce,239,3,3,0.44217733,1.3778132
DAE+fsce,240,0,0,-0.1929543,-5.8492417
DAE+fsce,240,1,1,1.0963118,0.26887956
DAE+fsce,240,2,2,0.7843951,0.68976617
DAE+fsce,240,3,3,0.52681386,1.2376155
DAE+fsce,241,0,0,-5.4947844,-2.4253974
DAE+fsce,241,1,1,-3.6800494,-0.02367179
DAE+fsce,241,2,2,-2.3878944,1.4853652
DAE+fsce,241,3,3,-2.1037955,2.1085184
DAE+fsce,242,0,0,1.4300843,-4.342022
DAE+fsce,242,1,1,2.9567897,-1.7482517
DAE+fsce,242,2,2,1.7005892,-0.060145818
DAE+fsce,242,3,3,1.1186259,0.7253032
DAE+fsce,243,0,0,-5.5990896,-2.5461423
DAE+fsce,243,1,1,-4.032662,-0.7914153
DAE+fsce,243,2,2,-2.3505847,1.299571
DAE+fsce,243,3,3,-2.0667996,2.0436792
DAE+fsce,244,0,0,-4.4055114,-3.9522464
DAE+fsce,244,1,1,-3.9569147,-3.7856221
DAE+fsce,244,2,2,-0.29231113,1.2380506
DAE+fsce,244,3,3,-0.59208,1.7277182
DAE+fsce,245,0,0,-2.3328485,-0.8857452
DAE+fsce,245,1,1,-1.8805164,1.1950816
DAE+fsce,245,2,2,-1.1987778,2.0217721
DAE+fsce,245,3,3,-0.69142973,2.1122422
DAE+fsce,246,0,0,-3.2721796,-1.7049311
DAE+fsce,246,1,1,-2.5988364,0.9328099
DAE+fsce,246,2,2,-0.8572058,1.901775
DAE+fsce,246,3,3,-0.46245208,1.9669197
DAE+fsce+tfidf (Ours),0,0,0,1.4004868,2.955419
DAE+fsce+tfidf (Ours),0,1,1,1.4960868,1.1950487
DAE+fsce+tfidf (Ours),0,2,2,1.5379634,0.96001893
DAE+fsce+tfidf (Ours),0,3,3,1.6044155,0.92201036
DAE+fsce+tfidf (Ours),1,0,0,-0.79783356,0.06521652
DAE+fsce+tfidf (Ours),1,1,1,1.1229663,0.9121511
DAE+fsce+tfidf (Ours),1,2,2,1.353915,0.809774
DAE+fsce+tfidf (Ours),1,3,3,1.5102705,0.81489617
DAE+fsce+tfidf (Ours),2,0,0,-1.1198614,-1.9198792
DAE+fsce+tfidf (Ours),2,1,1,-0.42999727,-2.7634523
DAE+fsce+tfidf (Ours),2,2,2,-0.73981696,-3.5006945
DAE+fsce+tfidf (Ours),2,3,3,-0.83242697,-3.8283222
DAE+fsce+tfidf (Ours),3,0,0,-6.840012,0.5383495
DAE+fsce+tfidf (Ours),3,1,1,-6.905949,0.7124596
DAE+fsce+tfidf (Ours),3,2,2,-7.0163927,1.0697185
DAE+fsce+tfidf (Ours),3,3,3,-7.1547337,1.4312197
DAE+fsce+tfidf (Ours),4,0,0,-1.7176411,0.58056194
DAE+fsce+tfidf (Ours),4,1,1,1.2920707,1.0690596
DAE+fsce+tfidf (Ours),4,2,2,1.3462981,0.90967816
DAE+fsce+tfidf (Ours),4,3,3,1.4445459,0.8934711
DAE+fsce+tfidf (Ours),5,0,0,-1.906052,0.38071483
DAE+fsce+tfidf (Ours),5,1,1,0.8117998,0.49297988
DAE+fsce+tfidf (Ours),5,2,2,1.2382523,0.9132448
DAE+fsce+tfidf (Ours),5,3,3,1.4507291,0.92603624
DAE+fsce+tfidf (Ours),6,0,0,0.067445874,-0.07610101
DAE+fsce+tfidf (Ours),6,1,1,1.1871006,0.69056237
DAE+fsce+tfidf (Ours),6,2,2,1.5418022,0.76349103
DAE+fsce+tfidf (Ours),6,3,3,1.6182296,0.7068349
DAE+fsce+tfidf (Ours),7,0,0,0.22588232,1.6972269
DAE+fsce+tfidf (Ours),7,1,1,1.3375847,1.1307547
DAE+fsce+tfidf (Ours),7,2,2,1.4193853,0.8912618
DAE+fsce+tfidf (Ours),7,3,3,1.5225041,0.8487635
DAE+fsce+tfidf (Ours),8,0,0,-0.8372571,-0.89261687
DAE+fsce+tfidf (Ours),8,1,1,-0.7089738,-1.8938551
DAE+fsce+tfidf (Ours),8,2,2,-1.1602883,-3.2515213
DAE+fsce+tfidf (Ours),8,3,3,-0.9219914,-3.7131503
DAE+fsce+tfidf (Ours),9,0,0,-0.6977584,-1.0592893
DAE+fsce+tfidf (Ours),9,1,1,-0.40166894,-2.1522045
DAE+fsce+tfidf (Ours),9,2,2,-0.6023601,-3.3579812
DAE+fsce+tfidf (Ours),9,3,3,0.8573619,-1.7367171
DAE+fsce+tfidf (Ours),10,0,0,-0.14265686,5.153049
DAE+fsce+tfidf (Ours),10,1,1,1.3396196,1.181524
DAE+fsce+tfidf (Ours),10,2,2,1.4601079,0.90728647
DAE+fsce+tfidf (Ours),10,3,3,1.5397403,0.811049
DAE+fsce+tfidf (Ours),11,0,0,0.98552054,-1.7954961
DAE+fsce+tfidf (Ours),11,1,1,1.1459143,-1.6708251
DAE+fsce+tfidf (Ours),11,2,2,1.3687904,-1.42821
DAE+fsce+tfidf (Ours),11,3,3,1.6995957,-1.0307249
DAE+fsce+tfidf (Ours),12,0,0,-1.7823863,-2.0547156
DAE+fsce+tfidf (Ours),12,1,1,-4.4815664,2.8533375
DAE+fsce+tfidf (Ours),12,2,2,1.3276464,1.481183
DAE+fsce+tfidf (Ours),12,3,3,1.5203104,1.1815569
DAE+fsce+tfidf (Ours),13,0,0,-0.21515207,-0.8086485
DAE+fsce+tfidf (Ours),13,1,1,0.4433087,-0.36324796
DAE+fsce+tfidf (Ours),13,2,2,1.2734901,0.5099709
DAE+fsce+tfidf (Ours),13,3,3,1.5920618,0.6523809
DAE+fsce+tfidf (Ours),14,0,0,1.4776248,2.693579
DAE+fsce+tfidf (Ours),14,1,1,1.5002824,1.2619895
DAE+fsce+tfidf (Ours),14,2,2,1.5340804,0.9539454
DAE+fsce+tfidf (Ours),14,3,3,1.5928346,0.92421913
DAE+fsce+tfidf (Ours),15,0,0,-0.4731455,-1.4847065
DAE+fsce+tfidf (Ours),15,1,1,-0.64835066,-2.3924773
DAE+fsce+tfidf (Ours),15,2,2,-0.90419865,-3.1719396
DAE+fsce+tfidf (Ours),15,3,3,0.24865371,-2.4227026
DAE+fsce+tfidf (Ours),16,0,0,-1.7774531,-0.03346026
DAE+fsce+tfidf (Ours),16,1,1,-1.0576519,-1.7880061
DAE+fsce+tfidf (Ours),16,2,2,1.3052748,1.0281804
DAE+fsce+tfidf (Ours),16,3,3,1.4314889,0.96912456
DAE+fsce+tfidf (Ours),17,0,0,-1.3758632,-2.6240637
DAE+fsce+tfidf (Ours),17,1,1,-1.4014533,-2.9426212
DAE+fsce+tfidf (Ours),17,2,2,-0.5531553,-1.9187784
DAE+fsce+tfidf (Ours),17,3,3,1.057062,0.26233715
DAE+fsce+tfidf (Ours),18,0,0,-2.7709193,-1.2027175
DAE+fsce+tfidf (Ours),18,1,1,-2.098212,-2.9972928
DAE+fsce+tfidf (Ours),18,2,2,-2.0557244,-3.4704053
DAE+fsce+tfidf (Ours),18,3,3,1.374873,0.8672494
DAE+fsce+tfidf (Ours),19,0,0,-0.80009764,-2.3737392
DAE+fsce+tfidf (Ours),19,1,1,-1.138194,-3.0923567
DAE+fsce+tfidf (Ours),19,2,2,-1.1245127,-3.5425062
DAE+fsce+tfidf (Ours),19,3,3,-0.78590846,-3.6780026
DAE+fsce+tfidf (Ours),20,0,0,1.3626589,0.29735768
DAE+fsce+tfidf (Ours),20,1,1,1.5404302,0.40856588
DAE+fsce+tfidf (Ours),20,2,2,1.5721853,0.44202587
DAE+fsce+tfidf (Ours),20,3,3,1.5885507,0.4717084
DAE+fsce+tfidf (Ours),21,0,0,-2.023677,-3.1215765
DAE+fsce+tfidf (Ours),21,1,1,-1.639419,-3.4361622
DAE+fsce+tfidf (Ours),21,2,2,-1.4755784,-3.5494008
DAE+fsce+tfidf (Ours),21,3,3,-1.3367463,-3.67128
DAE+fsce+tfidf (Ours),22,0,0,-1.8616927,-3.046143
DAE+fsce+tfidf (Ours),22,1,1,-1.4943519,-3.2077575
DAE+fsce+tfidf (Ours),22,2,2,-1.1903243,-3.585949
DAE+fsce+tfidf (Ours),22,3,3,1.2766417,-0.8286049
DAE+fsce+tfidf (Ours),23,0,0,-1.3223053,-0.8041867
DAE+fsce+tfidf (Ours),23,1,1,-1.9729784,-2.3579187
DAE+fsce+tfidf (Ours),23,2,2,-2.0934284,-3.1431234
DAE+fsce+tfidf (Ours),23,3,3,-0.42272097,-2.0538065
DAE+fsce+tfidf (Ours),24,0,0,-0.4238284,-1.3391359
DAE+fsce+tfidf (Ours),24,1,1,-0.5426022,-2.264925
DAE+fsce+tfidf (Ours),24,2,2,-0.8715406,-3.082156
DAE+fsce+tfidf (Ours),24,3,3,0.2083004,-2.3993526
DAE+fsce+tfidf (Ours),25,0,0,-0.7378733,-2.0215573
DAE+fsce+tfidf (Ours),25,1,1,-0.36304992,-2.895686
DAE+fsce+tfidf (Ours),25,2,2,-0.71139157,-3.5096848
DAE+fsce+tfidf (Ours),25,3,3,-0.86942935,-3.820769
DAE+fsce+tfidf (Ours),26,0,0,-1.1231518,-0.4364778
DAE+fsce+tfidf (Ours),26,1,1,-1.3688587,-2.1677432
DAE+fsce+tfidf (Ours),26,2,2,0.2487165,-0.5962447
DAE+fsce+tfidf (Ours),26,3,3,1.0607678,0.56145185
DAE+fsce+tfidf (Ours),27,0,0,0.4182235,2.4112196
DAE+fsce+tfidf (Ours),27,1,1,1.4173099,1.130762
DAE+fsce+tfidf (Ours),27,2,2,1.4609072,0.90470463
DAE+fsce+tfidf (Ours),27,3,3,1.5366449,0.85845006
DAE+fsce+tfidf (Ours),28,0,0,-2.8663492,1.3365477
DAE+fsce+tfidf (Ours),28,1,1,-3.1354795,2.7437532
DAE+fsce+tfidf (Ours),28,2,2,-2.540666,2.2929196
DAE+fsce+tfidf (Ours),28,3,3,1.4479102,1.1827475
DAE+fsce+tfidf (Ours),29,0,0,0.459018,-0.54165006
DAE+fsce+tfidf (Ours),29,1,1,1.6160363,0.7839016
DAE+fsce+tfidf (Ours),29,2,2,1.7889001,0.8754731
DAE+fsce+tfidf (Ours),29,3,3,1.8219401,0.8261966
DAE+fsce+tfidf (Ours),30,0,0,-2.1597888,-0.06079921
DAE+fsce+tfidf (Ours),30,1,1,-3.46106,2.0062537
DAE+fsce+tfidf (Ours),30,2,2,1.4165399,1.0554817
DAE+fsce+tfidf (Ours),30,3,3,1.4320012,0.98104405
DAE+fsce+tfidf (Ours),31,0,0,-1.0505536,-1.8924088
DAE+fsce+tfidf (Ours),31,1,1,-0.7890602,-2.5193977
DAE+fsce+tfidf (Ours),31,2,2,-0.9383025,-3.3878543
DAE+fsce+tfidf (Ours),31,3,3,0.2968539,-2.5338707
DAE+fsce+tfidf (Ours),32,0,0,-0.085998535,-0.040580697
DAE+fsce+tfidf (Ours),32,1,1,1.4429982,0.5537862
DAE+fsce+tfidf (Ours),32,2,2,1.6739892,0.6642982
DAE+fsce+tfidf (Ours),32,3,3,1.6983001,0.66124064
DAE+fsce+tfidf (Ours),33,0,0,1.3817801,0.20834288
DAE+fsce+tfidf (Ours),33,1,1,1.6755031,0.4646989
DAE+fsce+tfidf (Ours),33,2,2,1.7481784,0.52374804
DAE+fsce+tfidf (Ours),33,3,3,1.7634698,0.5457225
DAE+fsce+tfidf (Ours),34,0,0,-0.19598737,-1.0728383
DAE+fsce+tfidf (Ours),34,1,1,0.14660358,-1.2374456
DAE+fsce+tfidf (Ours),34,2,2,1.4988569,0.20590955
DAE+fsce+tfidf (Ours),34,3,3,1.9221947,0.6100857
DAE+fsce+tfidf (Ours),35,0,0,-0.009268566,1.475422
DAE+fsce+tfidf (Ours),35,1,1,1.3069615,1.0471866
DAE+fsce+tfidf (Ours),35,2,2,1.3976153,0.85137105
DAE+fsce+tfidf (Ours),35,3,3,1.4991442,0.8318256
DAE+fsce+tfidf (Ours),36,0,0,-0.6587151,-0.13313593
DAE+fsce+tfidf (Ours),36,1,1,0.99309134,0.8599698
DAE+fsce+tfidf (Ours),36,2,2,1.3096906,0.86831355
DAE+fsce+tfidf (Ours),36,3,3,1.4926401,0.84087145
DAE+fsce+tfidf (Ours),37,0,0,0.8206496,0.70611006
DAE+fsce+tfidf (Ours),37,1,1,1.4182441,1.0125821
DAE+fsce+tfidf (Ours),37,2,2,1.537608,0.92644674
DAE+fsce+tfidf (Ours),37,3,3,1.6075343,0.8986585
DAE+fsce+tfidf (Ours),38,0,0,-1.7480131,4.940369
DAE+fsce+tfidf (Ours),38,1,1,-2.13453,4.6893697
DAE+fsce+tfidf (Ours),38,2,2,-2.7311535,4.11101
DAE+fsce+tfidf (Ours),38,3,3,-2.976512,3.395029
DAE+fsce+tfidf (Ours),39,0,0,2.700247,3.1808286
DAE+fsce+tfidf (Ours),39,1,1,1.9378817,1.1579747
DAE+fsce+tfidf (Ours),39,2,2,1.9432011,1.0639335
DAE+fsce+tfidf (Ours),39,3,3,1.9501227,1.0109
DAE+fsce+tfidf (Ours),40,0,0,1.6597369,-1.7244313
DAE+fsce+tfidf (Ours),40,1,1,1.490259,-1.9186759
DAE+fsce+tfidf (Ours),40,2,2,1.2340591,-2.2779765
DAE+fsce+tfidf (Ours),40,3,3,0.98776734,-2.6152923
DAE+fsce+tfidf (Ours),41,0,0,-0.23765716,2.4417653
DAE+fsce+tfidf (Ours),41,1,1,1.4528207,0.98551923
DAE+fsce+tfidf (Ours),41,2,2,1.5510616,0.90837646
DAE+fsce+tfidf (Ours),41,3,3,1.6158844,0.8899513
DAE+fsce+tfidf (Ours),42,0,0,1.4622784,-0.14498039
DAE+fsce+tfidf (Ours),42,1,1,1.8752202,0.46429557
DAE+fsce+tfidf (Ours),42,2,2,2.0037239,0.61955
DAE+fsce+tfidf (Ours),42,3,3,2.0336967,0.6368557
DAE+fsce+tfidf (Ours),43,0,0,0.49506557,-0.5808562
DAE+fsce+tfidf (Ours),43,1,1,1.6495911,0.38989913
DAE+fsce+tfidf (Ours),43,2,2,1.8450925,0.4704115
DAE+fsce+tfidf (Ours),43,3,3,1.8845915,0.4793023
DAE+fsce+tfidf (Ours),44,0,0,-4.1910367,2.1224983
DAE+fsce+tfidf (Ours),44,1,1,-2.576954,-0.7082408
DAE+fsce+tfidf (Ours),44,2,2,-1.5617751,-3.2524152
DAE+fsce+tfidf (Ours),44,3,3,-1.4813163,-3.591674
DAE+fsce+tfidf (Ours),45,0,0,1.5861894,5.613276
DAE+fsce+tfidf (Ours),45,1,1,0.43714583,6.733966
DAE+fsce+tfidf (Ours),45,2,2,1.999108,8.062503
DAE+fsce+tfidf (Ours),45,3,3,1.4354987,-0.08744016
DAE+fsce+tfidf (Ours),46,0,0,-3.26697,-2.069376
DAE+fsce+tfidf (Ours),46,1,1,1.4058824,1.191073
DAE+fsce+tfidf (Ours),46,2,2,1.4300144,0.8663749
DAE+fsce+tfidf (Ours),46,3,3,1.5170356,0.8584581
DAE+fsce+tfidf (Ours),47,0,0,1.9646941,4.48864
DAE+fsce+tfidf (Ours),47,1,1,2.7258296,6.257587
DAE+fsce+tfidf (Ours),47,2,2,1.7818213,1.0120318
DAE+fsce+tfidf (Ours),47,3,3,1.7295321,0.9004982
DAE+fsce+tfidf (Ours),48,0,0,1.0686058,2.6174939
DAE+fsce+tfidf (Ours),48,1,1,1.3312263,1.245033
DAE+fsce+tfidf (Ours),48,2,2,1.4220399,0.90771145
DAE+fsce+tfidf (Ours),48,3,3,1.4895681,0.878371
DAE+fsce+tfidf (Ours),49,0,0,0.07897941,2.5469224
DAE+fsce+tfidf (Ours),49,1,1,1.2691963,1.087872
DAE+fsce+tfidf (Ours),49,2,2,1.4095365,0.8568956
DAE+fsce+tfidf (Ours),49,3,3,1.5168341,0.8093742
DAE+fsce+tfidf (Ours),50,0,0,-5.1234155,-1.9180092
DAE+fsce+tfidf (Ours),50,1,1,1.2241459,1.1084594
DAE+fsce+tfidf (Ours),50,2,2,1.5226021,1.0099021
DAE+fsce+tfidf (Ours),50,3,3,1.5595933,0.97400117
DAE+fsce+tfidf (Ours),51,0,0,-3.6175895,-1.1486804
DAE+fsce+tfidf (Ours),51,1,1,-3.1355767,-0.37541807
DAE+fsce+tfidf (Ours),51,2,2,1.4908662,1.0740696
DAE+fsce+tfidf (Ours),51,3,3,1.5155685,1.0072194
DAE+fsce+tfidf (Ours),52,0,0,-2.9261732,-1.102283
DAE+fsce+tfidf (Ours),52,1,1,1.3926784,0.9623814
DAE+fsce+tfidf (Ours),52,2,2,1.5089794,0.86220646
DAE+fsce+tfidf (Ours),52,3,3,1.5924401,0.84811294
DAE+fsce+tfidf (Ours),53,0,0,-1.8709792,2.0533128
DAE+fsce+tfidf (Ours),53,1,1,1.3051089,1.1648709
DAE+fsce+tfidf (Ours),53,2,2,1.376001,0.89593333
DAE+fsce+tfidf (Ours),53,3,3,1.4483751,0.8633267
DAE+fsce+tfidf (Ours),54,0,0,-0.4367423,-0.115515746
DAE+fsce+tfidf (Ours),54,1,1,1.0126622,0.836215
DAE+fsce+tfidf (Ours),54,2,2,1.4091291,0.8938528
DAE+fsce+tfidf (Ours),54,3,3,1.5489837,0.8426904
DAE+fsce+tfidf (Ours),55,0,0,-0.8700779,0.633608
DAE+fsce+tfidf (Ours),55,1,1,1.1486021,0.9762633
DAE+fsce+tfidf (Ours),55,2,2,1.3476183,0.8766733
DAE+fsce+tfidf (Ours),55,3,3,1.4693533,0.8332664
DAE+fsce+tfidf (Ours),56,0,0,-2.2850006,0.71636224
DAE+fsce+tfidf (Ours),56,1,1,1.2866977,1.1222659
DAE+fsce+tfidf (Ours),56,2,2,1.3698405,0.92487067
DAE+fsce+tfidf (Ours),56,3,3,1.4328746,0.8957718
DAE+fsce+tfidf (Ours),57,0,0,0.7454267,2.8669248
DAE+fsce+tfidf (Ours),57,1,1,1.3787869,1.2320622
DAE+fsce+tfidf (Ours),57,2,2,1.4711176,0.97254276
DAE+fsce+tfidf (Ours),57,3,3,1.5434395,0.8761905
DAE+fsce+tfidf (Ours),58,0,0,-0.6259927,1.7328281
DAE+fsce+tfidf (Ours),58,1,1,1.312561,1.1002434
DAE+fsce+tfidf (Ours),58,2,2,1.388002,0.86785156
DAE+fsce+tfidf (Ours),58,3,3,1.4614824,0.83829415
DAE+fsce+tfidf (Ours),59,0,0,-0.7889033,4.685988
DAE+fsce+tfidf (Ours),59,1,1,-1.5103948,4.944771
DAE+fsce+tfidf (Ours),59,2,2,-2.7000072,3.592235
DAE+fsce+tfidf (Ours),59,3,3,1.8073624,1.086757
DAE+fsce+tfidf (Ours),60,0,0,-1.9867946,0.08578035
DAE+fsce+tfidf (Ours),60,1,1,-4.3799915,2.9173331
DAE+fsce+tfidf (Ours),60,2,2,1.2920426,1.2483227
DAE+fsce+tfidf (Ours),60,3,3,1.3584038,1.0971742
DAE+fsce+tfidf (Ours),61,0,0,-4.6520286,1.1316112
DAE+fsce+tfidf (Ours),61,1,1,-4.389351,1.1022046
DAE+fsce+tfidf (Ours),61,2,2,1.3422515,0.80325997
DAE+fsce+tfidf (Ours),61,3,3,1.3500398,0.9321214
DAE+fsce+tfidf (Ours),62,0,0,2.8210094,3.4270978
DAE+fsce+tfidf (Ours),62,1,1,2.1210558,1.3768029
DAE+fsce+tfidf (Ours),62,2,2,1.9519314,0.97139525
DAE+fsce+tfidf (Ours),62,3,3,1.9620864,0.9367343
DAE+fsce+tfidf (Ours),63,0,0,2.7047246,1.6460098
DAE+fsce+tfidf (Ours),63,1,1,2.6481986,1.5792407
DAE+fsce+tfidf (Ours),63,2,2,2.581622,1.4785722
DAE+fsce+tfidf (Ours),63,3,3,2.5170605,1.3667082
DAE+fsce+tfidf (Ours),64,0,0,2.6078174,0.36256343
DAE+fsce+tfidf (Ours),64,1,1,2.561639,0.6060091
DAE+fsce+tfidf (Ours),64,2,2,2.5113688,0.7043464
DAE+fsce+tfidf (Ours),64,3,3,2.467099,0.7390539
DAE+fsce+tfidf (Ours),65,0,0,-0.90370226,2.015784
DAE+fsce+tfidf (Ours),65,1,1,1.4584581,0.7707843
DAE+fsce+tfidf (Ours),65,2,2,1.8148569,1.0330362
DAE+fsce+tfidf (Ours),65,3,3,1.8669273,0.9903987
DAE+fsce+tfidf (Ours),66,0,0,0.90904933,-0.52613556
DAE+fsce+tfidf (Ours),66,1,1,1.4871122,0.09747445
DAE+fsce+tfidf (Ours),66,2,2,1.720526,0.37637272
DAE+fsce+tfidf (Ours),66,3,3,1.7930027,0.45929438
DAE+fsce+tfidf (Ours),67,0,0,1.7050072,0.45712876
DAE+fsce+tfidf (Ours),67,1,1,1.7760032,0.4301038
DAE+fsce+tfidf (Ours),67,2,2,1.8349352,0.5003169
DAE+fsce+tfidf (Ours),67,3,3,1.8329887,0.50034124
DAE+fsce+tfidf (Ours),68,0,0,0.8702276,0.74998385
DAE+fsce+tfidf (Ours),68,1,1,1.3104033,0.91255915
DAE+fsce+tfidf (Ours),68,2,2,1.3910834,0.8703315
DAE+fsce+tfidf (Ours),68,3,3,1.4751896,0.8747181
DAE+fsce+tfidf (Ours),69,0,0,-0.2209895,0.9001514
DAE+fsce+tfidf (Ours),69,1,1,1.219225,0.97387093
DAE+fsce+tfidf (Ours),69,2,2,1.3774853,0.83569956
DAE+fsce+tfidf (Ours),69,3,3,1.5014464,0.8277409
DAE+fsce+tfidf (Ours),70,0,0,-1.6693982,-2.685685
DAE+fsce+tfidf (Ours),70,1,1,-1.4884393,-3.2919884
DAE+fsce+tfidf (Ours),70,2,2,-1.354677,-3.4801643
DAE+fsce+tfidf (Ours),70,3,3,-1.2843939,-3.653352
DAE+fsce+tfidf (Ours),71,0,0,1.6619022,1.5682011
DAE+fsce+tfidf (Ours),71,1,1,1.794629,1.1779138
DAE+fsce+tfidf (Ours),71,2,2,1.8210202,1.0502464
DAE+fsce+tfidf (Ours),71,3,3,1.8089949,0.97707903
DAE+fsce+tfidf (Ours),72,0,0,0.65371585,0.32760772
DAE+fsce+tfidf (Ours),72,1,1,1.2620653,0.79121643
DAE+fsce+tfidf (Ours),72,2,2,1.4358113,0.8601513
DAE+fsce+tfidf (Ours),72,3,3,1.5388788,0.8894426
DAE+fsce+tfidf (Ours),73,0,0,0.84624064,3.800688
DAE+fsce+tfidf (Ours),73,1,1,1.4397396,1.2127221
DAE+fsce+tfidf (Ours),73,2,2,1.4958268,0.96597373
DAE+fsce+tfidf (Ours),73,3,3,1.5519769,0.88857293
DAE+fsce+tfidf (Ours),74,0,0,0.5676752,-1.6266407
DAE+fsce+tfidf (Ours),74,1,1,1.0963477,-1.2210374
DAE+fsce+tfidf (Ours),74,2,2,1.8170711,-0.39772367
DAE+fsce+tfidf (Ours),74,3,3,2.1692648,0.09990178
DAE+fsce+tfidf (Ours),75,0,0,-0.17701389,-0.96089387
DAE+fsce+tfidf (Ours),75,1,1,0.38043258,-0.7380561
DAE+fsce+tfidf (Ours),75,2,2,1.3288308,0.1521141
DAE+fsce+tfidf (Ours),75,3,3,1.6920154,0.43778592
DAE+fsce+tfidf (Ours),76,0,0,-1.0995477,-0.357258
DAE+fsce+tfidf (Ours),76,1,1,-1.0402173,-1.4701461
DAE+fsce+tfidf (Ours),76,2,2,0.8200931,0.4894762
DAE+fsce+tfidf (Ours),76,3,3,1.3404858,0.8058521
DAE+fsce+tfidf (Ours),77,0,0,2.0871413,-0.02120468
DAE+fsce+tfidf (Ours),77,1,1,2.1190863,0.2626733
DAE+fsce+tfidf (Ours),77,2,2,2.1695478,0.4490873
DAE+fsce+tfidf (Ours),77,3,3,2.1911366,0.5395674
DAE+fsce+tfidf (Ours),78,0,0,1.7989111,1.4087753
DAE+fsce+tfidf (Ours),78,1,1,1.7928672,0.9721034
DAE+fsce+tfidf (Ours),78,2,2,1.7123827,0.729338
DAE+fsce+tfidf (Ours),78,3,3,1.6735431,0.65243846
DAE+fsce+tfidf (Ours),79,0,0,1.8198775,1.9873575
DAE+fsce+tfidf (Ours),79,1,1,1.7707632,1.2063867
DAE+fsce+tfidf (Ours),79,2,2,1.7852492,1.0700661
DAE+fsce+tfidf (Ours),79,3,3,1.7872994,0.9944977
DAE+fsce+tfidf (Ours),80,0,0,-0.13130255,-1.6580073
DAE+fsce+tfidf (Ours),80,1,1,-0.33769998,-2.3080556
DAE+fsce+tfidf (Ours),80,2,2,0.76644605,-1.3174441
DAE+fsce+tfidf (Ours),80,3,3,1.8725634,0.12560944
DAE+fsce+tfidf (Ours),81,0,0,1.6197801,0.26026213
DAE+fsce+tfidf (Ours),81,1,1,1.9770628,0.7207191
DAE+fsce+tfidf (Ours),81,2,2,1.9933331,0.64312744
DAE+fsce+tfidf (Ours),81,3,3,1.984803,0.5872349
DAE+fsce+tfidf (Ours),82,0,0,3.046555,1.038295
DAE+fsce+tfidf (Ours),82,1,1,2.5094848,0.22278838
DAE+fsce+tfidf (Ours),82,2,2,2.264953,0.09113506
DAE+fsce+tfidf (Ours),82,3,3,2.1925151,0.12958704
DAE+fsce+tfidf (Ours),83,0,0,3.8277507,3.7120974
DAE+fsce+tfidf (Ours),83,1,1,3.284536,2.1517172
DAE+fsce+tfidf (Ours),83,2,2,2.3753848,0.90755683
DAE+fsce+tfidf (Ours),83,3,3,1.8850219,0.32366318
DAE+fsce+tfidf (Ours),84,0,0,2.5651107,4.263296
DAE+fsce+tfidf (Ours),84,1,1,1.7025728,0.71151155
DAE+fsce+tfidf (Ours),84,2,2,1.6141819,0.5500297
DAE+fsce+tfidf (Ours),84,3,3,1.5915382,0.50941783
DAE+fsce+tfidf (Ours),85,0,0,-2.4771729,-1.8731489
DAE+fsce+tfidf (Ours),85,1,1,-1.7638246,-2.9051125
DAE+fsce+tfidf (Ours),85,2,2,-1.6688204,-3.2783732
DAE+fsce+tfidf (Ours),85,3,3,-1.175779,-3.6571736
DAE+fsce+tfidf (Ours),86,0,0,-1.1233975,-1.2000475
DAE+fsce+tfidf (Ours),86,1,1,-1.8174164,-2.600102
DAE+fsce+tfidf (Ours),86,2,2,-1.6856834,-3.4822464
DAE+fsce+tfidf (Ours),86,3,3,-1.4522504,-3.907883
DAE+fsce+tfidf (Ours),87,0,0,-0.3713272,-2.2885933
DAE+fsce+tfidf (Ours),87,1,1,-0.68573266,-2.9800506
DAE+fsce+tfidf (Ours),87,2,2,-0.87749326,-3.443194
DAE+fsce+tfidf (Ours),87,3,3,-0.8909422,-3.6920369
DAE+fsce+tfidf (Ours),88,0,0,-0.7331263,1.2498498
DAE+fsce+tfidf (Ours),88,1,1,1.2817268,0.9658195
DAE+fsce+tfidf (Ours),88,2,2,1.4206103,0.8733866
DAE+fsce+tfidf (Ours),88,3,3,1.516827,0.8426995
DAE+fsce+tfidf (Ours),89,0,0,-2.6256466,1.6290284
DAE+fsce+tfidf (Ours),89,1,1,-3.4249032,2.3768973
DAE+fsce+tfidf (Ours),89,2,2,0.8447548,1.3539861
DAE+fsce+tfidf (Ours),89,3,3,1.3836659,1.0786241
DAE+fsce+tfidf (Ours),90,0,0,-1.0578308,-3.2778037
DAE+fsce+tfidf (Ours),90,1,1,-1.1807519,-3.5217881
DAE+fsce+tfidf (Ours),90,2,2,-1.1533345,-3.5701876
DAE+fsce+tfidf (Ours),90,3,3,-1.0800974,-3.587684
DAE+fsce+tfidf (Ours),91,0,0,-4.4510655,-0.9135068
DAE+fsce+tfidf (Ours),91,1,1,1.3121059,1.0904727
DAE+fsce+tfidf (Ours),91,2,2,1.4808131,0.86797786
DAE+fsce+tfidf (Ours),91,3,3,1.514937,0.8171935
DAE+fsce+tfidf (Ours),92,0,0,1.0913965,-0.010342928
DAE+fsce+tfidf (Ours),92,1,1,1.7299179,0.91004574
DAE+fsce+tfidf (Ours),92,2,2,1.8530766,0.97011
DAE+fsce+tfidf (Ours),92,3,3,1.8658261,0.9035738
DAE+fsce+tfidf (Ours),93,0,0,-0.33433956,2.3251553
DAE+fsce+tfidf (Ours),93,1,1,1.4006371,0.8664867
DAE+fsce+tfidf (Ours),93,2,2,1.6149919,0.9540563
DAE+fsce+tfidf (Ours),93,3,3,1.6853293,0.9358327
DAE+fsce+tfidf (Ours),94,0,0,-1.9919003,0.6248551
DAE+fsce+tfidf (Ours),94,1,1,1.185851,0.6546732
DAE+fsce+tfidf (Ours),94,2,2,1.5276188,0.956062
DAE+fsce+tfidf (Ours),94,3,3,1.7042024,0.91971785
DAE+fsce+tfidf (Ours),95,0,0,-3.2028327,2.0339165
DAE+fsce+tfidf (Ours),95,1,1,-3.2899256,2.2323322
DAE+fsce+tfidf (Ours),95,2,2,1.391753,1.0071329
DAE+fsce+tfidf (Ours),95,3,3,1.4421458,0.98219347
DAE+fsce+tfidf (Ours),96,0,0,-1.0314525,1.828661
DAE+fsce+tfidf (Ours),96,1,1,1.445611,0.98944855
DAE+fsce+tfidf (Ours),96,2,2,1.5429761,0.875653
DAE+fsce+tfidf (Ours),96,3,3,1.5998684,0.8386988
DAE+fsce+tfidf (Ours),97,0,0,-1.4472979,3.9651108
DAE+fsce+tfidf (Ours),97,1,1,-2.5731173,3.2083528
DAE+fsce+tfidf (Ours),97,2,2,1.4656711,1.0254774
DAE+fsce+tfidf (Ours),97,3,3,1.5285574,0.9076351
DAE+fsce+tfidf (Ours),98,0,0,-1.3314694,-1.0414261
DAE+fsce+tfidf (Ours),98,1,1,-1.7042847,-2.0875487
DAE+fsce+tfidf (Ours),98,2,2,-1.8200825,-3.1410763
DAE+fsce+tfidf (Ours),98,3,3,-1.5307108,-3.8818765
DAE+fsce+tfidf (Ours),99,0,0,-0.9159352,-1.2298287
DAE+fsce+tfidf (Ours),99,1,1,-1.1063292,-2.283393
DAE+fsce+tfidf (Ours),99,2,2,-1.2820263,-3.3242457
DAE+fsce+tfidf (Ours),99,3,3,-1.1270963,-3.9719574
DAE+fsce+tfidf (Ours),100,0,0,-1.2786679,-0.9549954
DAE+fsce+tfidf (Ours),100,1,1,-2.1629086,-2.578967
DAE+fsce+tfidf (Ours),100,2,2,-1.9672914,-3.3999038
DAE+fsce+tfidf (Ours),100,3,3,0.059475984,-1.7668123
DAE+fsce+tfidf (Ours),101,0,0,0.6105942,0.87236136
DAE+fsce+tfidf (Ours),101,1,1,1.4755265,1.0152664
DAE+fsce+tfidf (Ours),101,2,2,1.5728806,0.8384819
DAE+fsce+tfidf (Ours),101,3,3,1.5560777,0.7089112
DAE+fsce+tfidf (Ours),102,0,0,-1.6027017,0.13643461
DAE+fsce+tfidf (Ours),102,1,1,1.3231788,0.9720064
DAE+fsce+tfidf (Ours),102,2,2,1.4213538,0.86312604
DAE+fsce+tfidf (Ours),102,3,3,1.5122255,0.8494123
DAE+fsce+tfidf (Ours),103,0,0,2.6874673,3.4489143
DAE+fsce+tfidf (Ours),103,1,1,1.8205276,1.0898992
DAE+fsce+tfidf (Ours),103,2,2,1.8699013,1.0670265
DAE+fsce+tfidf (Ours),103,3,3,1.8733338,0.99980533
DAE+fsce+tfidf (Ours),104,0,0,1.7823055,0.23624483
DAE+fsce+tfidf (Ours),104,1,1,2.2356675,0.95807296
DAE+fsce+tfidf (Ours),104,2,2,2.305539,1.0280638
DAE+fsce+tfidf (Ours),104,3,3,2.3067162,0.9721038
DAE+fsce+tfidf (Ours),105,0,0,1.263506,0.8762048
DAE+fsce+tfidf (Ours),105,1,1,1.6259787,0.84217596
DAE+fsce+tfidf (Ours),105,2,2,1.6581408,0.7537781
DAE+fsce+tfidf (Ours),105,3,3,1.6825074,0.7277563
DAE+fsce+tfidf (Ours),106,0,0,-2.8591883,-4.3984165
DAE+fsce+tfidf (Ours),106,1,1,-2.3532557,-4.2757616
DAE+fsce+tfidf (Ours),106,2,2,-1.995028,-4.175285
DAE+fsce+tfidf (Ours),106,3,3,-1.7563151,-4.1138206
DAE+fsce+tfidf (Ours),107,0,0,0.26984647,2.107913
DAE+fsce+tfidf (Ours),107,1,1,1.4015831,0.9971479
DAE+fsce+tfidf (Ours),107,2,2,1.5180593,0.88763285
DAE+fsce+tfidf (Ours),107,3,3,1.5936127,0.8534955
DAE+fsce+tfidf (Ours),108,0,0,-1.9657153,2.3933148
DAE+fsce+tfidf (Ours),108,1,1,1.3170161,1.045718
DAE+fsce+tfidf (Ours),108,2,2,1.3591698,0.92690134
DAE+fsce+tfidf (Ours),108,3,3,1.4189799,0.8990507
DAE+fsce+tfidf (Ours),109,0,0,0.11025651,5.485303
DAE+fsce+tfidf (Ours),109,1,1,-0.057205293,6.213839
DAE+fsce+tfidf (Ours),109,2,2,-1.6809019,5.3967257
DAE+fsce+tfidf (Ours),109,3,3,-2.7621021,4.216979
DAE+fsce+tfidf (Ours),110,0,0,0.4809624,2.8127177
DAE+fsce+tfidf (Ours),110,1,1,1.4408014,1.0805235
DAE+fsce+tfidf (Ours),110,2,2,1.5215861,0.8633692
DAE+fsce+tfidf (Ours),110,3,3,1.5771463,0.79822433
DAE+fsce+tfidf (Ours),111,0,0,-1.6602228,0.63356864
DAE+fsce+tfidf (Ours),111,1,1,1.2653768,1.0641067
DAE+fsce+tfidf (Ours),111,2,2,1.3556733,0.87876755
DAE+fsce+tfidf (Ours),111,3,3,1.4304895,0.8656325
DAE+fsce+tfidf (Ours),112,0,0,-0.83974206,0.37268803
DAE+fsce+tfidf (Ours),112,1,1,1.1966134,0.8604027
DAE+fsce+tfidf (Ours),112,2,2,1.4211138,0.79866165
DAE+fsce+tfidf (Ours),112,3,3,1.5490857,0.78382194
DAE+fsce+tfidf (Ours),113,0,0,-0.38095692,-1.1147655
DAE+fsce+tfidf (Ours),113,1,1,-0.1225516,-1.8687205
DAE+fsce+tfidf (Ours),113,2,2,-0.02274427,-2.3407266
DAE+fsce+tfidf (Ours),113,3,3,1.3841245,-0.8257926
DAE+fsce+tfidf (Ours),114,0,0,-0.9948137,1.409437
DAE+fsce+tfidf (Ours),114,1,1,1.1256067,0.85906595
DAE+fsce+tfidf (Ours),114,2,2,1.3233255,0.86214876
DAE+fsce+tfidf (Ours),114,3,3,1.3882352,0.8592334
DAE+fsce+tfidf (Ours),115,0,0,-2.3491535,-2.6598606
DAE+fsce+tfidf (Ours),115,1,1,-2.0155458,-3.181282
DAE+fsce+tfidf (Ours),115,2,2,-1.71618,-3.5132077
DAE+fsce+tfidf (Ours),115,3,3,-1.5384315,-3.8853672
DAE+fsce+tfidf (Ours),116,0,0,1.9584972,-0.56597114
DAE+fsce+tfidf (Ours),116,1,1,2.0792115,-0.2042058
DAE+fsce+tfidf (Ours),116,2,2,2.1298923,-0.0065154047
DAE+fsce+tfidf (Ours),116,3,3,2.146165,0.08851359
DAE+fsce+tfidf (Ours),117,0,0,-1.4322101,0.49859062
DAE+fsce+tfidf (Ours),117,1,1,1.2430029,1.1030184
DAE+fsce+tfidf (Ours),117,2,2,1.356561,0.8663534
DAE+fsce+tfidf (Ours),117,3,3,1.4487659,0.8538905
DAE+fsce+tfidf (Ours),118,0,0,2.593781,2.980795
DAE+fsce+tfidf (Ours),118,1,1,1.9716731,1.3287358
DAE+fsce+tfidf (Ours),118,2,2,1.9516056,1.17666
DAE+fsce+tfidf (Ours),118,3,3,1.9599947,1.1155847
DAE+fsce+tfidf (Ours),119,0,0,2.544206,4.299045
DAE+fsce+tfidf (Ours),119,1,1,1.7088461,0.8076808
DAE+fsce+tfidf (Ours),119,2,2,1.6385177,0.61258245
DAE+fsce+tfidf (Ours),119,3,3,1.6072937,0.55230576
DAE+fsce+tfidf (Ours),120,0,0,-3.4161248,1.2343876
DAE+fsce+tfidf (Ours),120,1,1,-4.791107,4.2980127
DAE+fsce+tfidf (Ours),120,2,2,-4.4062467,3.0386832
DAE+fsce+tfidf (Ours),120,3,3,-3.9738855,1.4250163
DAE+fsce+tfidf (Ours),121,0,0,-1.2964532,-0.75361
DAE+fsce+tfidf (Ours),121,1,1,-1.3862576,-2.43453
DAE+fsce+tfidf (Ours),121,2,2,-1.7267445,-3.3249683
DAE+fsce+tfidf (Ours),121,3,3,0.6243791,-1.2913499
DAE+fsce+tfidf (Ours),122,0,0,-1.120432,-2.4261515
DAE+fsce+tfidf (Ours),122,1,1,1.0189769,0.3261733
DAE+fsce+tfidf (Ours),122,2,2,1.4883837,0.90096503
DAE+fsce+tfidf (Ours),122,3,3,1.6500295,0.8913357
DAE+fsce+tfidf (Ours),123,0,0,-1.9503919,-1.7740642
DAE+fsce+tfidf (Ours),123,1,1,-2.2117188,-2.8254962
DAE+fsce+tfidf (Ours),123,2,2,-1.9403629,-3.4244332
DAE+fsce+tfidf (Ours),123,3,3,-0.21432519,-2.3131783
DAE+fsce+tfidf (Ours),124,0,0,-3.4018242,-2.469604
DAE+fsce+tfidf (Ours),124,1,1,1.2967937,1.2118764
DAE+fsce+tfidf (Ours),124,2,2,1.401467,0.8931799
DAE+fsce+tfidf (Ours),124,3,3,1.4860847,0.87902385
DAE+fsce+tfidf (Ours),125,0,0,0.47887948,1.1562139
DAE+fsce+tfidf (Ours),125,1,1,1.4724962,1.238723
DAE+fsce+tfidf (Ours),125,2,2,1.6136065,0.9740732
DAE+fsce+tfidf (Ours),125,3,3,1.5980144,0.7808955
DAE+fsce+tfidf (Ours),126,0,0,-2.4512928,-3.4021995
DAE+fsce+tfidf (Ours),126,1,1,-1.8643454,-3.2145956
DAE+fsce+tfidf (Ours),126,2,2,0.13407585,-1.2387661
DAE+fsce+tfidf (Ours),126,3,3,1.6268665,0.72237647
DAE+fsce+tfidf (Ours),127,0,0,2.6874673,3.4489143
DAE+fsce+tfidf (Ours),127,1,1,1.8205276,1.0898992
DAE+fsce+tfidf (Ours),127,2,2,1.8699013,1.0670265
DAE+fsce+tfidf (Ours),127,3,3,1.8733338,0.99980533
DAE+fsce+tfidf (Ours),128,0,0,-3.5684705,-0.898048
DAE+fsce+tfidf (Ours),128,1,1,1.3877074,1.1504269
DAE+fsce+tfidf (Ours),128,2,2,1.4390439,0.89979875
DAE+fsce+tfidf (Ours),128,3,3,1.5010326,0.8936923
DAE+fsce+tfidf (Ours),129,0,0,-1.1381105,0.20198958
DAE+fsce+tfidf (Ours),129,1,1,0.92720443,0.72533643
DAE+fsce+tfidf (Ours),129,2,2,1.3065712,0.88531464
DAE+fsce+tfidf (Ours),129,3,3,1.5196804,0.8590883
DAE+fsce+tfidf (Ours),130,0,0,-2.9506805,-3.7318501
DAE+fsce+tfidf (Ours),130,1,1,-2.0542316,-3.5430224
DAE+fsce+tfidf (Ours),130,2,2,-1.6357833,-3.4631732
DAE+fsce+tfidf (Ours),130,3,3,-1.3391094,-3.559367
DAE+fsce+tfidf (Ours),131,0,0,0.006638111,2.1242814
DAE+fsce+tfidf (Ours),131,1,1,1.370251,1.1088185
DAE+fsce+tfidf (Ours),131,2,2,1.4180201,0.87491244
DAE+fsce+tfidf (Ours),131,3,3,1.497949,0.84282887
DAE+fsce+tfidf (Ours),132,0,0,-3.9771168,-3.6179576
DAE+fsce+tfidf (Ours),132,1,1,-2.4748595,-3.4059675
DAE+fsce+tfidf (Ours),132,2,2,-1.9069571,-3.2888668
DAE+fsce+tfidf (Ours),132,3,3,-1.6442455,-3.4311275
DAE+fsce+tfidf (Ours),133,0,0,-3.4253483,-3.7766986
DAE+fsce+tfidf (Ours),133,1,1,-2.3836699,-3.375358
DAE+fsce+tfidf (Ours),133,2,2,-1.9718896,-3.3949373
DAE+fsce+tfidf (Ours),133,3,3,-1.8364596,-3.8335412
DAE+fsce+tfidf (Ours),134,0,0,-0.9918197,3.8028278
DAE+fsce+tfidf (Ours),134,1,1,1.5181402,1.8824943
DAE+fsce+tfidf (Ours),134,2,2,1.47052,0.8668735
DAE+fsce+tfidf (Ours),134,3,3,1.5215249,0.7847706
DAE+fsce+tfidf (Ours),135,0,0,0.8067171,4.9066358
DAE+fsce+tfidf (Ours),135,1,1,1.8819493,4.320814
DAE+fsce+tfidf (Ours),135,2,2,1.5568237,0.93228656
DAE+fsce+tfidf (Ours),135,3,3,1.5708171,0.74249506
DAE+fsce+tfidf (Ours),136,0,0,-3.5444849,2.4507945
DAE+fsce+tfidf (Ours),136,1,1,-3.8728182,3.1023328
DAE+fsce+tfidf (Ours),136,2,2,-4.4759555,3.3981054
DAE+fsce+tfidf (Ours),136,3,3,-5.350384,3.7059836
DAE+fsce+tfidf (Ours),137,0,0,0.5466312,-0.14739868
DAE+fsce+tfidf (Ours),137,1,1,1.5712517,0.9324932
DAE+fsce+tfidf (Ours),137,2,2,1.6768178,0.88743293
DAE+fsce+tfidf (Ours),137,3,3,1.7086447,0.8460547
DAE+fsce+tfidf (Ours),138,0,0,-2.1927896,4.339553
DAE+fsce+tfidf (Ours),138,1,1,-2.6210473,4.130868
DAE+fsce+tfidf (Ours),138,2,2,-3.0906885,3.589807
DAE+fsce+tfidf (Ours),138,3,3,-3.4048913,3.2566328
DAE+fsce+tfidf (Ours),139,0,0,0.5316592,1.2411752
DAE+fsce+tfidf (Ours),139,1,1,1.3495028,1.119659
DAE+fsce+tfidf (Ours),139,2,2,1.4786431,0.9569992
DAE+fsce+tfidf (Ours),139,3,3,1.6114398,0.9257008
DAE+fsce+tfidf (Ours),140,0,0,-2.1050909,-0.26199988
DAE+fsce+tfidf (Ours),140,1,1,-3.7615821,1.4665935
DAE+fsce+tfidf (Ours),140,2,2,1.43202,1.3089956
DAE+fsce+tfidf (Ours),140,3,3,1.4043207,1.0542634
DAE+fsce+tfidf (Ours),141,0,0,0.53952575,0.2308952
DAE+fsce+tfidf (Ours),141,1,1,1.3032988,0.7901776
DAE+fsce+tfidf (Ours),141,2,2,1.4751921,0.8209082
DAE+fsce+tfidf (Ours),141,3,3,1.5500795,0.8223597
DAE+fsce+tfidf (Ours),142,0,0,2.6355617,3.4609334
DAE+fsce+tfidf (Ours),142,1,1,1.78551,1.0501643
DAE+fsce+tfidf (Ours),142,2,2,1.8429079,1.0410019
DAE+fsce+tfidf (Ours),142,3,3,1.8450919,0.9753037
DAE+fsce+tfidf (Ours),143,0,0,-1.0994337,3.1212914
DAE+fsce+tfidf (Ours),143,1,1,1.3590239,0.93104327
DAE+fsce+tfidf (Ours),143,2,2,1.4122059,0.86402595
DAE+fsce+tfidf (Ours),143,3,3,1.4740778,0.8650597
DAE+fsce+tfidf (Ours),144,0,0,-2.6931908,1.6057386
DAE+fsce+tfidf (Ours),144,1,1,1.3827112,0.9366218
DAE+fsce+tfidf (Ours),144,2,2,1.3835305,0.9438748
DAE+fsce+tfidf (Ours),144,3,3,1.4515322,0.95476925
DAE+fsce+tfidf (Ours),145,0,0,-2.7561383,-2.8475711
DAE+fsce+tfidf (Ours),145,1,1,-1.8603383,-3.1138163
DAE+fsce+tfidf (Ours),145,2,2,1.2123747,0.28202724
DAE+fsce+tfidf (Ours),145,3,3,1.7172476,0.80816424
DAE+fsce+tfidf (Ours),146,0,0,-4.0874124,-2.2440712
DAE+fsce+tfidf (Ours),146,1,1,-3.188005,-2.5732603
DAE+fsce+tfidf (Ours),146,2,2,1.4353083,1.2007878
DAE+fsce+tfidf (Ours),146,3,3,1.4746069,1.0158324
DAE+fsce+tfidf (Ours),147,0,0,0.74555385,3.1879508
DAE+fsce+tfidf (Ours),147,1,1,1.550182,0.96520966
DAE+fsce+tfidf (Ours),147,2,2,1.6909933,0.9880744
DAE+fsce+tfidf (Ours),147,3,3,1.726645,0.9496471
DAE+fsce+tfidf (Ours),148,0,0,-3.2184467,0.5455563
DAE+fsce+tfidf (Ours),148,1,1,-3.745827,2.2870195
DAE+fsce+tfidf (Ours),148,2,2,1.3424659,1.0496333
DAE+fsce+tfidf (Ours),148,3,3,1.4325589,1.0595679
DAE+fsce+tfidf (Ours),149,0,0,-0.94596416,1.0526285
DAE+fsce+tfidf (Ours),149,1,1,1.1838056,0.82853544
DAE+fsce+tfidf (Ours),149,2,2,1.4706556,0.9072138
DAE+fsce+tfidf (Ours),149,3,3,1.5905727,0.86260486
DAE+fsce+tfidf (Ours),150,0,0,1.137131,3.2469807
DAE+fsce+tfidf (Ours),150,1,1,1.4466482,1.2418299
DAE+fsce+tfidf (Ours),150,2,2,1.4865408,0.94962025
DAE+fsce+tfidf (Ours),150,3,3,1.5446681,0.9063058
DAE+fsce+tfidf (Ours),151,0,0,-4.167641,-3.4856992
DAE+fsce+tfidf (Ours),151,1,1,-3.569989,-3.8040369
DAE+fsce+tfidf (Ours),151,2,2,-2.2617452,-3.1831927
DAE+fsce+tfidf (Ours),151,3,3,-1.9703501,-3.3439324
DAE+fsce+tfidf (Ours),152,0,0,1.0398805,0.38467267
DAE+fsce+tfidf (Ours),152,1,1,1.4847198,0.94785136
DAE+fsce+tfidf (Ours),152,2,2,1.6746857,1.0778995
DAE+fsce+tfidf (Ours),152,3,3,1.7683758,1.0782984
DAE+fsce+tfidf (Ours),153,0,0,-1.8511176,1.728174
DAE+fsce+tfidf (Ours),153,1,1,1.3892739,0.9607842
DAE+fsce+tfidf (Ours),153,2,2,1.560603,0.9476899
DAE+fsce+tfidf (Ours),153,3,3,1.6471847,0.9291607
DAE+fsce+tfidf (Ours),154,0,0,1.3685465,2.1254652
DAE+fsce+tfidf (Ours),154,1,1,1.5176686,1.2314664
DAE+fsce+tfidf (Ours),154,2,2,1.569139,1.0320654
DAE+fsce+tfidf (Ours),154,3,3,1.6361688,1.003592
DAE+fsce+tfidf (Ours),155,0,0,0.95207965,1.4860866
DAE+fsce+tfidf (Ours),155,1,1,1.3323619,1.1193306
DAE+fsce+tfidf (Ours),155,2,2,1.4844221,0.994848
DAE+fsce+tfidf (Ours),155,3,3,1.5469117,0.9256739
DAE+fsce+tfidf (Ours),156,0,0,-4.3145437,0.7461719
DAE+fsce+tfidf (Ours),156,1,1,-4.375571,1.0614154
DAE+fsce+tfidf (Ours),156,2,2,-4.4742093,1.6426098
DAE+fsce+tfidf (Ours),156,3,3,-4.6283026,2.1274745
DAE+fsce+tfidf (Ours),157,0,0,0.90711415,2.83268
DAE+fsce+tfidf (Ours),157,1,1,1.4738805,1.0857267
DAE+fsce+tfidf (Ours),157,2,2,1.5376531,0.92412084
DAE+fsce+tfidf (Ours),157,3,3,1.5863603,0.8773839
DAE+fsce+tfidf (Ours),158,0,0,-4.009652,1.0893098
DAE+fsce+tfidf (Ours),158,1,1,1.2307664,0.743503
DAE+fsce+tfidf (Ours),158,2,2,1.3421973,0.8783133
DAE+fsce+tfidf (Ours),158,3,3,1.411957,0.91232926
DAE+fsce+tfidf (Ours),159,0,0,-3.2081947,1.2654856
DAE+fsce+tfidf (Ours),159,1,1,1.2277917,1.0104401
DAE+fsce+tfidf (Ours),159,2,2,1.3737453,0.9267468
DAE+fsce+tfidf (Ours),159,3,3,1.4532099,0.92172205
DAE+fsce+tfidf (Ours),160,0,0,-0.8865181,2.5775204
DAE+fsce+tfidf (Ours),160,1,1,1.3829006,1.1471133
DAE+fsce+tfidf (Ours),160,2,2,1.4237646,0.94100845
DAE+fsce+tfidf (Ours),160,3,3,1.4898148,0.89309704
DAE+fsce+tfidf (Ours),161,0,0,-3.9634564,-0.1711111
DAE+fsce+tfidf (Ours),161,1,1,-3.9791772,1.485335
DAE+fsce+tfidf (Ours),161,2,2,-4.2985196,2.9791546
DAE+fsce+tfidf (Ours),161,3,3,-4.455839,3.4200606
DAE+fsce+tfidf (Ours),162,0,0,1.6042945,1.4816465
DAE+fsce+tfidf (Ours),162,1,1,1.638126,1.1123768
DAE+fsce+tfidf (Ours),162,2,2,1.7195005,1.0785532
DAE+fsce+tfidf (Ours),162,3,3,1.7626711,1.0408105
DAE+fsce+tfidf (Ours),163,0,0,0.18532334,-0.63426983
DAE+fsce+tfidf (Ours),163,1,1,1.2715762,0.73140734
DAE+fsce+tfidf (Ours),163,2,2,1.7348169,1.0796967
DAE+fsce+tfidf (Ours),163,3,3,1.9208107,1.0649234
DAE+fsce+tfidf (Ours),164,0,0,2.0197034,2.3961542
DAE+fsce+tfidf (Ours),164,1,1,1.690511,1.0406531
DAE+fsce+tfidf (Ours),164,2,2,1.7451323,0.9925319
DAE+fsce+tfidf (Ours),164,3,3,1.7640421,0.9465962
DAE+fsce+tfidf (Ours),165,0,0,-2.191239,-1.5409762
DAE+fsce+tfidf (Ours),165,1,1,-2.0301023,-2.80076
DAE+fsce+tfidf (Ours),165,2,2,-1.9582622,-3.1600773
DAE+fsce+tfidf (Ours),165,3,3,-1.7946136,-3.7602322
DAE+fsce+tfidf (Ours),166,0,0,-1.0192825,-0.7637666
DAE+fsce+tfidf (Ours),166,1,1,1.041667,0.6489941
DAE+fsce+tfidf (Ours),166,2,2,1.5216906,0.7573987
DAE+fsce+tfidf (Ours),166,3,3,1.6025345,0.65295833
DAE+fsce+tfidf (Ours),167,0,0,-1.7159903,4.15868
DAE+fsce+tfidf (Ours),167,1,1,-2.4400356,3.8992023
DAE+fsce+tfidf (Ours),167,2,2,1.7402829,0.7853182
DAE+fsce+tfidf (Ours),167,3,3,1.5601038,0.62852454
DAE+fsce+tfidf (Ours),168,0,0,1.7190341,3.950632
DAE+fsce+tfidf (Ours),168,1,1,1.7907256,1.6099106
DAE+fsce+tfidf (Ours),168,2,2,1.6387888,1.0005479
DAE+fsce+tfidf (Ours),168,3,3,1.6476372,0.893712
DAE+fsce+tfidf (Ours),169,0,0,3.165902,3.573208
DAE+fsce+tfidf (Ours),169,1,1,2.8385584,2.4541817
DAE+fsce+tfidf (Ours),169,2,2,2.315439,1.6355994
DAE+fsce+tfidf (Ours),169,3,3,2.1312275,1.2881314
DAE+fsce+tfidf (Ours),170,0,0,1.720107,3.0235922
DAE+fsce+tfidf (Ours),170,1,1,1.5508828,1.1937416
DAE+fsce+tfidf (Ours),170,2,2,1.612448,1.0105172
DAE+fsce+tfidf (Ours),170,3,3,1.6442415,0.9390596
DAE+fsce+tfidf (Ours),171,0,0,1.9753886,3.513518
DAE+fsce+tfidf (Ours),171,1,1,1.556257,1.0969325
DAE+fsce+tfidf (Ours),171,2,2,1.6103925,0.94410545
DAE+fsce+tfidf (Ours),171,3,3,1.6227511,0.8645549
DAE+fsce+tfidf (Ours),172,0,0,2.1089363,2.23925
DAE+fsce+tfidf (Ours),172,1,1,1.7863469,1.1583745
DAE+fsce+tfidf (Ours),172,2,2,1.8361945,1.1097468
DAE+fsce+tfidf (Ours),172,3,3,1.8451421,1.0553434
DAE+fsce+tfidf (Ours),173,0,0,-2.9188833,-3.1098518
DAE+fsce+tfidf (Ours),173,1,1,-2.10857,-3.260898
DAE+fsce+tfidf (Ours),173,2,2,-1.7532138,-3.4073985
DAE+fsce+tfidf (Ours),173,3,3,-1.5907447,-3.985987
DAE+fsce+tfidf (Ours),174,0,0,1.5399941,3.6710858
DAE+fsce+tfidf (Ours),174,1,1,1.4292098,1.3381746
DAE+fsce+tfidf (Ours),174,2,2,1.5407465,1.0517489
DAE+fsce+tfidf (Ours),174,3,3,1.5854832,0.9243198
DAE+fsce+tfidf (Ours),175,0,0,-4.157891,-0.45160246
DAE+fsce+tfidf (Ours),175,1,1,1.4889776,1.2005095
DAE+fsce+tfidf (Ours),175,2,2,1.3898371,0.9746656
DAE+fsce+tfidf (Ours),175,3,3,1.4587799,0.9369687
DAE+fsce+tfidf (Ours),176,0,0,1.0973924,0.5202651
DAE+fsce+tfidf (Ours),176,1,1,1.6161376,0.91910636
DAE+fsce+tfidf (Ours),176,2,2,1.6917517,0.8538572
DAE+fsce+tfidf (Ours),176,3,3,1.7079493,0.806761
DAE+fsce+tfidf (Ours),177,0,0,0.09569123,4.734686
DAE+fsce+tfidf (Ours),177,1,1,1.3373141,0.02102722
DAE+fsce+tfidf (Ours),177,2,2,1.469883,0.2630192
DAE+fsce+tfidf (Ours),177,3,3,1.5109837,0.3702674
DAE+fsce+tfidf (Ours),178,0,0,2.8002663,3.578238
DAE+fsce+tfidf (Ours),178,1,1,2.1221876,1.4553434
DAE+fsce+tfidf (Ours),178,2,2,1.8683505,0.8728798
DAE+fsce+tfidf (Ours),178,3,3,1.8660998,0.8354391
DAE+fsce+tfidf (Ours),179,0,0,-3.3309639,1.7760667
DAE+fsce+tfidf (Ours),179,1,1,1.0163355,0.62109953
DAE+fsce+tfidf (Ours),179,2,2,1.3257023,0.8923208
DAE+fsce+tfidf (Ours),179,3,3,1.4165473,0.9209998
DAE+fsce+tfidf (Ours),180,0,0,0.47268015,-0.16912317
DAE+fsce+tfidf (Ours),180,1,1,1.1963286,0.55108774
DAE+fsce+tfidf (Ours),180,2,2,1.4942871,0.7788579
DAE+fsce+tfidf (Ours),180,3,3,1.5767168,0.7991343
DAE+fsce+tfidf (Ours),181,0,0,-2.5784683,-2.1630778
DAE+fsce+tfidf (Ours),181,1,1,-2.1034179,-2.8865643
DAE+fsce+tfidf (Ours),181,2,2,-1.8851343,-3.1443264
DAE+fsce+tfidf (Ours),181,3,3,-1.6841127,-3.766885
DAE+fsce+tfidf (Ours),182,0,0,0.28641722,1.0690628
DAE+fsce+tfidf (Ours),182,1,1,1.4298785,1.1078299
DAE+fsce+tfidf (Ours),182,2,2,1.5707395,0.8622903
DAE+fsce+tfidf (Ours),182,3,3,1.5844232,0.74078006
DAE+fsce+tfidf (Ours),183,0,0,-4.3875976,0.6728993
DAE+fsce+tfidf (Ours),183,1,1,-4.1927257,1.445325
DAE+fsce+tfidf (Ours),183,2,2,-4.4249225,2.2186165
DAE+fsce+tfidf (Ours),183,3,3,0.3592523,1.240512
DAE+fsce+tfidf (Ours),184,0,0,-4.152144,0.069099054
DAE+fsce+tfidf (Ours),184,1,1,-3.9033525,1.2835902
DAE+fsce+tfidf (Ours),184,2,2,1.4985895,0.77904284
DAE+fsce+tfidf (Ours),184,3,3,1.49873,0.87938285
DAE+fsce+tfidf (Ours),185,0,0,-2.123986,2.2302914
DAE+fsce+tfidf (Ours),185,1,1,1.2223362,0.68067
DAE+fsce+tfidf (Ours),185,2,2,1.3335092,0.8357091
DAE+fsce+tfidf (Ours),185,3,3,1.3874439,0.88199675
DAE+fsce+tfidf (Ours),186,0,0,-2.8608136,-0.8546638
DAE+fsce+tfidf (Ours),186,1,1,-0.12640843,-0.8028329
DAE+fsce+tfidf (Ours),186,2,2,1.2733641,0.9875583
DAE+fsce+tfidf (Ours),186,3,3,1.4056901,0.9648585
DAE+fsce+tfidf (Ours),187,0,0,-0.35977483,-0.9901676
DAE+fsce+tfidf (Ours),187,1,1,0.48771662,-0.9271205
DAE+fsce+tfidf (Ours),187,2,2,1.4931611,0.13605918
DAE+fsce+tfidf (Ours),187,3,3,1.8264357,0.41945755
DAE+fsce+tfidf (Ours),188,0,0,0.10081874,-1.685403
DAE+fsce+tfidf (Ours),188,1,1,0.070192486,-2.2667701
DAE+fsce+tfidf (Ours),188,2,2,1.1133535,-1.411718
DAE+fsce+tfidf (Ours),188,3,3,1.8946964,-0.3507484
DAE+fsce+tfidf (Ours),189,0,0,-2.8305295,-0.6468834
DAE+fsce+tfidf (Ours),189,1,1,-3.296126,0.66793114
DAE+fsce+tfidf (Ours),189,2,2,-3.906119,2.8942456
DAE+fsce+tfidf (Ours),189,3,3,1.5028735,1.285255
DAE+fsce+tfidf (Ours),190,0,0,-0.48788768,-0.8793626
DAE+fsce+tfidf (Ours),190,1,1,-0.23618436,-1.756589
DAE+fsce+tfidf (Ours),190,2,2,-0.69807917,-2.849771
DAE+fsce+tfidf (Ours),190,3,3,0.86251515,-1.4465421
DAE+fsce+tfidf (Ours),191,0,0,-1.7421222,-2.6945348
DAE+fsce+tfidf (Ours),191,1,1,-1.9054115,-3.0877914
DAE+fsce+tfidf (Ours),191,2,2,0.8671702,0.041770127
DAE+fsce+tfidf (Ours),191,3,3,1.414935,0.54773915
DAE+fsce+tfidf (Ours),192,0,0,-0.103070706,-2.051363
DAE+fsce+tfidf (Ours),192,1,1,-0.094667405,-2.4134176
DAE+fsce+tfidf (Ours),192,2,2,0.8885396,-1.5206143
DAE+fsce+tfidf (Ours),192,3,3,1.8965915,-0.21414715
DAE+fsce+tfidf (Ours),193,0,0,-3.416799,-0.49074873
DAE+fsce+tfidf (Ours),193,1,1,-3.9225805,2.1656268
DAE+fsce+tfidf (Ours),193,2,2,1.4559603,1.1494427
DAE+fsce+tfidf (Ours),193,3,3,1.4633199,1.0159498
DAE+fsce+tfidf (Ours),194,0,0,-2.273381,-2.1968915
DAE+fsce+tfidf (Ours),194,1,1,-2.1986568,-3.566529
DAE+fsce+tfidf (Ours),194,2,2,-1.8137268,-3.9329178
DAE+fsce+tfidf (Ours),194,3,3,-1.5618742,-3.954019
DAE+fsce+tfidf (Ours),195,0,0,-3.7090929,-3.18353
DAE+fsce+tfidf (Ours),195,1,1,-2.470081,-2.9786334
DAE+fsce+tfidf (Ours),195,2,2,-2.2510858,-3.1349869
DAE+fsce+tfidf (Ours),195,3,3,-2.2749324,-3.7191472
DAE+fsce+tfidf (Ours),196,0,0,-3.8528855,-0.7585657
DAE+fsce+tfidf (Ours),196,1,1,-2.1077955,-3.5460224
DAE+fsce+tfidf (Ours),196,2,2,1.3723785,0.9832359
DAE+fsce+tfidf (Ours),196,3,3,1.5410867,1.1000482
DAE+fsce+tfidf (Ours),197,0,0,-2.3874743,1.4771181
DAE+fsce+tfidf (Ours),197,1,1,1.4273057,0.92138577
DAE+fsce+tfidf (Ours),197,2,2,1.6412939,0.9307074
DAE+fsce+tfidf (Ours),197,3,3,1.7359815,0.9076412
DAE+fsce+tfidf (Ours),198,0,0,-0.27565017,-1.9942886
DAE+fsce+tfidf (Ours),198,1,1,-0.028027933,-2.2452881
DAE+fsce+tfidf (Ours),198,2,2,1.7546017,-0.1327809
DAE+fsce+tfidf (Ours),198,3,3,2.138352,0.45474935
DAE+fsce+tfidf (Ours),199,0,0,-1.6375861,4.5534086
DAE+fsce+tfidf (Ours),199,1,1,1.0968858,3.328354
DAE+fsce+tfidf (Ours),199,2,2,1.5487616,0.803143
DAE+fsce+tfidf (Ours),199,3,3,1.5861158,0.7843678
DAE+fsce+tfidf (Ours),200,0,0,-3.3411477,-3.0793376
DAE+fsce+tfidf (Ours),200,1,1,-2.5019016,-3.4098535
DAE+fsce+tfidf (Ours),200,2,2,1.5694896,1.1854528
DAE+fsce+tfidf (Ours),200,3,3,1.6913036,1.066804
DAE+fsce+tfidf (Ours),201,0,0,-1.0964292,2.041097
DAE+fsce+tfidf (Ours),201,1,1,1.2168199,0.80681247
DAE+fsce+tfidf (Ours),201,2,2,1.3613956,0.85054517
DAE+fsce+tfidf (Ours),201,3,3,1.4176917,0.85281277
DAE+fsce+tfidf (Ours),202,0,0,-4.595872,-4.5687757
DAE+fsce+tfidf (Ours),202,1,1,-3.9188128,-4.5142274
DAE+fsce+tfidf (Ours),202,2,2,-3.0095882,-4.266459
DAE+fsce+tfidf (Ours),202,3,3,-2.1228476,-3.9082377
DAE+fsce+tfidf (Ours),203,0,0,-0.6369883,0.48837027
DAE+fsce+tfidf (Ours),203,1,1,1.1543114,0.8465242
DAE+fsce+tfidf (Ours),203,2,2,1.4306461,0.84830475
DAE+fsce+tfidf (Ours),203,3,3,1.5631795,0.8249466
DAE+fsce+tfidf (Ours),204,0,0,0.7149969,1.3421714
DAE+fsce+tfidf (Ours),204,1,1,1.4076447,1.0317259
DAE+fsce+tfidf (Ours),204,2,2,1.4857389,0.8804277
DAE+fsce+tfidf (Ours),204,3,3,1.5637823,0.85541266
DAE+fsce+tfidf (Ours),205,0,0,-3.5228198,0.49127054
DAE+fsce+tfidf (Ours),205,1,1,-4.1372113,2.5297446
DAE+fsce+tfidf (Ours),205,2,2,-4.189757,3.0014312
DAE+fsce+tfidf (Ours),205,3,3,-4.3070564,3.0395808
DAE+fsce+tfidf (Ours),206,0,0,0.4660657,3.6651223
DAE+fsce+tfidf (Ours),206,1,1,1.4112281,1.200829
DAE+fsce+tfidf (Ours),206,2,2,1.4508951,0.9349446
DAE+fsce+tfidf (Ours),206,3,3,1.5141349,0.8742244
DAE+fsce+tfidf (Ours),207,0,0,1.5309038,4.7644916
DAE+fsce+tfidf (Ours),207,1,1,0.034049585,5.592472
DAE+fsce+tfidf (Ours),207,2,2,-1.2352705,4.218392
DAE+fsce+tfidf (Ours),207,3,3,1.6974293,0.57699966
DAE+fsce+tfidf (Ours),208,0,0,0.08708776,-2.1125898
DAE+fsce+tfidf (Ours),208,1,1,0.2928142,-2.5176325
DAE+fsce+tfidf (Ours),208,2,2,0.00082806975,-2.9483125
DAE+fsce+tfidf (Ours),208,3,3,-0.31577098,-3.34121
DAE+fsce+tfidf (Ours),209,0,0,-0.6610041,-2.1369538
DAE+fsce+tfidf (Ours),209,1,1,-1.3725022,-2.9754884
DAE+fsce+tfidf (Ours),209,2,2,0.17374663,-1.4944587
DAE+fsce+tfidf (Ours),209,3,3,1.6131082,0.3626443
DAE+fsce+tfidf (Ours),210,0,0,-0.9211591,0.919453
DAE+fsce+tfidf (Ours),210,1,1,1.1818234,0.8817927
DAE+fsce+tfidf (Ours),210,2,2,1.4253592,0.8930547
DAE+fsce+tfidf (Ours),210,3,3,1.5468503,0.8459561
DAE+fsce+tfidf (Ours),211,0,0,-2.8582976,-2.8079257
DAE+fsce+tfidf (Ours),211,1,1,-1.9940681,-3.0299435
DAE+fsce+tfidf (Ours),211,2,2,-1.0997498,-2.6595128
DAE+fsce+tfidf (Ours),211,3,3,1.378942,0.3764632
DAE+fsce+tfidf (Ours),212,0,0,0.24572235,2.4985003
DAE+fsce+tfidf (Ours),212,1,1,1.4444727,0.991202
DAE+fsce+tfidf (Ours),212,2,2,1.5544486,0.9110379
DAE+fsce+tfidf (Ours),212,3,3,1.6146251,0.8784626
DAE+fsce+tfidf (Ours),213,0,0,0.9560137,-1.0451758
DAE+fsce+tfidf (Ours),213,1,1,1.2242572,-1.1863291
DAE+fsce+tfidf (Ours),213,2,2,1.6647656,-0.76310474
DAE+fsce+tfidf (Ours),213,3,3,1.852729,-0.40636888
DAE+fsce+tfidf (Ours),214,0,0,-1.0700009,0.66939676
DAE+fsce+tfidf (Ours),214,1,1,0.9686991,0.49738258
DAE+fsce+tfidf (Ours),214,2,2,1.459647,0.8686641
DAE+fsce+tfidf (Ours),214,3,3,1.6278375,0.84272254
DAE+fsce+tfidf (Ours),215,0,0,2.2605584,1.7056106
DAE+fsce+tfidf (Ours),215,1,1,2.221033,1.4675329
DAE+fsce+tfidf (Ours),215,2,2,2.1573203,1.2538502
DAE+fsce+tfidf (Ours),215,3,3,2.1207502,1.1193774
DAE+fsce+tfidf (Ours),216,0,0,-2.3416145,-1.7344582
DAE+fsce+tfidf (Ours),216,1,1,-1.983654,-2.9075665
DAE+fsce+tfidf (Ours),216,2,2,-1.7938375,-3.5305085
DAE+fsce+tfidf (Ours),216,3,3,-0.44793046,-3.0071323
DAE+fsce+tfidf (Ours),217,0,0,-1.2203912,-3.372862
DAE+fsce+tfidf (Ours),217,1,1,-0.8433991,-3.3273754
DAE+fsce+tfidf (Ours),217,2,2,-0.106620766,-2.8895614
DAE+fsce+tfidf (Ours),217,3,3,1.3949091,-1.158525
DAE+fsce+tfidf (Ours),218,0,0,0.9295727,0.2066725
DAE+fsce+tfidf (Ours),218,1,1,1.6417567,1.042135
DAE+fsce+tfidf (Ours),218,2,2,1.8029225,0.9964521
DAE+fsce+tfidf (Ours),218,3,3,1.8827903,0.90575314
DAE+fsce+tfidf (Ours),219,0,0,1.8387692,0.98568815
DAE+fsce+tfidf (Ours),219,1,1,1.8863804,0.9758244
DAE+fsce+tfidf (Ours),219,2,2,1.9630975,1.0010803
DAE+fsce+tfidf (Ours),219,3,3,1.9684517,0.94694954
DAE+fsce+tfidf (Ours),220,0,0,-3.7802603,-2.5311353
DAE+fsce+tfidf (Ours),220,1,1,1.52652,1.5347962
DAE+fsce+tfidf (Ours),220,2,2,1.5935417,1.1693109
DAE+fsce+tfidf (Ours),220,3,3,1.6690162,1.094978
DAE+fsce+tfidf (Ours),221,0,0,-4.052224,-3.1693745
DAE+fsce+tfidf (Ours),221,1,1,-3.02202,-3.5023873
DAE+fsce+tfidf (Ours),221,2,2,-2.1387434,-3.0826375
DAE+fsce+tfidf (Ours),221,3,3,-2.0558622,-3.5258536
DAE+fsce+tfidf (Ours),222,0,0,1.5213096,1.0137082
DAE+fsce+tfidf (Ours),222,1,1,1.5913813,0.71160537
DAE+fsce+tfidf (Ours),222,2,2,1.5683938,0.6250708
DAE+fsce+tfidf (Ours),222,3,3,1.561534,0.58974653
DAE+fsce+tfidf (Ours),223,0,0,-3.2902234,-3.4567623
DAE+fsce+tfidf (Ours),223,1,1,-2.4283855,-3.5714986
DAE+fsce+tfidf (Ours),223,2,2,-1.874653,-3.6116652
DAE+fsce+tfidf (Ours),223,3,3,0.05188115,-1.6704199
DAE+fsce+tfidf (Ours),224,0,0,-3.569131,-2.3922415
DAE+fsce+tfidf (Ours),224,1,1,-2.5258331,-2.818672
DAE+fsce+tfidf (Ours),224,2,2,1.5436076,1.2855182
DAE+fsce+tfidf (Ours),224,3,3,1.5968778,1.1387247
DAE+fsce+tfidf (Ours),225,0,0,-4.068218,-0.5479249
DAE+fsce+tfidf (Ours),225,1,1,1.3730731,1.1590352
DAE+fsce+tfidf (Ours),225,2,2,1.412998,0.94057596
DAE+fsce+tfidf (Ours),225,3,3,1.495126,0.92895705
DAE+fsce+tfidf (Ours),226,0,0,-0.67251045,3.278876
DAE+fsce+tfidf (Ours),226,1,1,1.3983246,1.1162542
DAE+fsce+tfidf (Ours),226,2,2,1.434756,0.9030317
DAE+fsce+tfidf (Ours),226,3,3,1.4964331,0.874401
DAE+fsce+tfidf (Ours),227,0,0,-4.752812,-3.688506
DAE+fsce+tfidf (Ours),227,1,1,-3.4479105,-3.235526
DAE+fsce+tfidf (Ours),227,2,2,-2.1411073,-3.1092846
DAE+fsce+tfidf (Ours),227,3,3,-2.1154103,-3.763476
DAE+fsce+tfidf (Ours),228,0,0,0.45392677,0.5390865
DAE+fsce+tfidf (Ours),228,1,1,1.2880473,0.8367508
DAE+fsce+tfidf (Ours),228,2,2,1.4258292,0.8511305
DAE+fsce+tfidf (Ours),228,3,3,1.5081,0.85638237
DAE+fsce+tfidf (Ours),229,0,0,2.335266,3.8154433
DAE+fsce+tfidf (Ours),229,1,1,2.007109,1.6147065
DAE+fsce+tfidf (Ours),229,2,2,1.7831593,1.0361841
DAE+fsce+tfidf (Ours),229,3,3,1.7980152,0.9973318
DAE+fsce+tfidf (Ours),230,0,0,-1.9932735,1.0884066
DAE+fsce+tfidf (Ours),230,1,1,1.2312055,0.7826938
DAE+fsce+tfidf (Ours),230,2,2,1.3844416,0.9537392
DAE+fsce+tfidf (Ours),230,3,3,1.5128036,0.9141079
DAE+fsce+tfidf (Ours),231,0,0,-0.7472965,-0.9878601
DAE+fsce+tfidf (Ours),231,1,1,0.7532333,-1.4900296
DAE+fsce+tfidf (Ours),231,2,2,1.2345403,-0.79248786
DAE+fsce+tfidf (Ours),231,3,3,1.3982394,-0.29997447
DAE+fsce+tfidf (Ours),232,0,0,-0.18906327,-1.5217253
DAE+fsce+tfidf (Ours),232,1,1,-0.48192948,-2.3064475
DAE+fsce+tfidf (Ours),232,2,2,0.15270095,-2.1666794
DAE+fsce+tfidf (Ours),232,3,3,1.5541658,-0.45808682
DAE+fsce+tfidf (Ours),233,0,0,-4.232306,-3.0128198
DAE+fsce+tfidf (Ours),233,1,1,-2.5330381,-3.5431354
DAE+fsce+tfidf (Ours),233,2,2,-1.9570726,-3.4900317
DAE+fsce+tfidf (Ours),233,3,3,1.269802,0.7326864
DAE+fsce+tfidf (Ours),234,0,0,1.2383279,2.2103348
DAE+fsce+tfidf (Ours),234,1,1,1.4881155,1.1875873
DAE+fsce+tfidf (Ours),234,2,2,1.544707,0.937066
DAE+fsce+tfidf (Ours),234,3,3,1.6054728,0.8938824
DAE+fsce+tfidf (Ours),235,0,0,-2.8766377,-2.7321944
DAE+fsce+tfidf (Ours),235,1,1,-2.4628196,-3.1883996
DAE+fsce+tfidf (Ours),235,2,2,-2.0065372,-3.5371106
DAE+fsce+tfidf (Ours),235,3,3,-1.6960003,-3.680492
DAE+fsce+tfidf (Ours),236,0,0,-3.6329758,-2.9470718
DAE+fsce+tfidf (Ours),236,1,1,1.3632442,1.0176144
DAE+fsce+tfidf (Ours),236,2,2,1.5240614,0.66939205
DAE+fsce+tfidf (Ours),236,3,3,1.547907,0.6263692
DAE+fsce+tfidf (Ours),237,0,0,-0.8519396,2.942247
DAE+fsce+tfidf (Ours),237,1,1,1.3484632,0.95311993
DAE+fsce+tfidf (Ours),237,2,2,1.4867436,0.77569604
DAE+fsce+tfidf (Ours),237,3,3,1.5697724,0.73592025
DAE+fsce+tfidf (Ours),238,0,0,-3.181076,-2.5456092
DAE+fsce+tfidf (Ours),238,1,1,-2.505854,-3.1126077
DAE+fsce+tfidf (Ours),238,2,2,-2.106631,-3.173125
DAE+fsce+tfidf (Ours),238,3,3,-1.9611509,-3.54419
DAE+fsce+tfidf (Ours),239,0,0,1.5075954,3.4267924
DAE+fsce+tfidf (Ours),239,1,1,1.6067519,1.0608455
DAE+fsce+tfidf (Ours),239,2,2,1.6843637,0.9603114
DAE+fsce+tfidf (Ours),239,3,3,1.6954329,0.89368486
DAE+fsce+tfidf (Ours),240,0,0,-2.9293032,2.0005195
DAE+fsce+tfidf (Ours),240,1,1,1.3820206,1.0358962
DAE+fsce+tfidf (Ours),240,2,2,1.4636953,0.90662277
DAE+fsce+tfidf (Ours),240,3,3,1.5313407,0.85788697
DAE+fsce+tfidf (Ours),241,0,0,-4.6030717,-3.764339
DAE+fsce+tfidf (Ours),241,1,1,-3.7401743,-3.8847494
DAE+fsce+tfidf (Ours),241,2,2,-2.4468286,-3.3849251
DAE+fsce+tfidf (Ours),241,3,3,-1.9074485,-3.2167096
DAE+fsce+tfidf (Ours),242,0,0,0.82189375,4.347839
DAE+fsce+tfidf (Ours),242,1,1,1.3318292,1.2808883
DAE+fsce+tfidf (Ours),242,2,2,1.4435776,1.0256846
DAE+fsce+tfidf (Ours),242,3,3,1.5089194,0.9177472
DAE+fsce+tfidf (Ours),243,0,0,-4.727727,-3.8709989
DAE+fsce+tfidf (Ours),243,1,1,-4.1179423,-3.8932543
DAE+fsce+tfidf (Ours),243,2,2,-2.795907,-3.4978142
DAE+fsce+tfidf (Ours),243,3,3,-1.9892688,-3.152325
DAE+fsce+tfidf (Ours),244,0,0,-5.1451077,-0.9284958
DAE+fsce+tfidf (Ours),244,1,1,-4.4079065,-0.054959327
DAE+fsce+tfidf (Ours),244,2,2,1.405819,1.051783
DAE+fsce+tfidf (Ours),244,3,3,1.4758748,0.99352115
DAE+fsce+tfidf (Ours),245,0,0,-1.868089,-2.198668
DAE+fsce+tfidf (Ours),245,1,1,-1.5727462,-2.7907531
DAE+fsce+tfidf (Ours),245,2,2,-1.539279,-3.2248578
DAE+fsce+tfidf (Ours),245,3,3,0.03600004,-2.1333797
DAE+fsce+tfidf (Ours),246,0,0,-2.814927,-1.7201678
DAE+fsce+tfidf (Ours),246,1,1,-1.9499172,-3.0561929
DAE+fsce+tfidf (Ours),246,2,2,0.7355857,-0.11090806
DAE+fsce+tfidf (Ours),246,3,3,1.5216657,0.743624
