cell_x,cell_y,n_poi,kept
-329,-351,1,0
-328,-361,2,0
-328,-360,3,0
-328,-354,1,0
-328,-341,1,0
-328,-337,1,0
-327,-363,1,0
-327,-362,2,0
-327,-361,1,0
-327,-360,1,0
-327,-358,1,0
-327,-357,1,0
-327,-354,1,0
-327,-351,1,0
-327,-340,1,0
-327,-321,1,0
-326,-357,1,0
-326,-327,1,0
-326,-321,1,0
-326,-316,1,0
-325,-362,1,0
-325,-359,1,0
-325,-358,1,0
-325,-329,1,0
-325,-321,1,0
-325,-310,3,0
-324,-381,2,0
-324,-370,3,0
-324,-365,1,0
-324,-364,2,0
-324,-363,1,0
-324,-362,1,0
-324,-324,1,0
-324,-323,1,0
-324,-322,1,0
-324,-320,1,0
-324,-318,1,0
-324,-307,1,0
-323,-382,1,0
-323,-381,1,0
-323,-371,1,0
-323,-370,9,0
-323,-369,3,0
-323,-368,5,0
-323,-366,3,0
-323,-365,2,0
-323,-364,3,0
-323,-363,1,0
-323,-361,1,0
-323,-317,1,0
-323,-314,1,0
-323,-302,1,0
-323,-299,1,0
-322,-378,1,0
-322,-367,1,0
-322,-366,2,0
-322,-365,5,0
-322,-364,3,0
-322,-363,2,0
-322,-362,1,0
-322,-361,1,0
-322,-360,1,0
-322,-354,1,0
-322,-345,1,0
-322,-332,3,0
-322,-326,1,0
-322,-320,3,0
-322,-317,1,0
-322,-315,2,0
-322,-313,2,0
-322,-303,1,0
-322,-301,2,0
-322,-299,2,0
-321,-389,1,0
-321,-381,1,0
-321,-379,3,0
-321,-375,1,0
-321,-369,1,0
-321,-367,1,0
-321,-366,5,0
-321,-365,9,0
-321,-364,28,1
-321,-363,5,0
-321,-361,1,0
-321,-359,1,0
-321,-357,1,0
-321,-356,1,0
-321,-355,1,0
-321,-353,1,0
-321,-351,2,0
-321,-350,1,0
-321,-348,2,0
-321,-347,1,0
-321,-346,1,0
-321,-335,1,0
-321,-334,1,0
-321,-332,3,0
-321,-331,6,0
-321,-325,1,0
-321,-319,1,0
-321,-299,1,0
-320,-382,1,0
-320,-381,1,0
-320,-372,1,0
-320,-366,1,0
-320,-365,4,0
-320,-364,35,1
-320,-363,5,0
-320,-362,1,0
-320,-354,1,0
-320,-347,1,0
-320,-344,1,0
-320,-341,1,0
-320,-334,14,1
-320,-333,27,1
-320,-332,20,1
-320,-331,3,0
-320,-330,2,0
-320,-329,3,0
-320,-326,1,0
-320,-315,1,0
-320,-311,2,0
-320,-310,3,0
-320,-309,3,0
-320,-308,5,0
-320,-307,2,0
-320,-306,1,0
-319,-378,1,0
-319,-371,1,0
-319,-365,5,0
-319,-364,10,1
-319,-363,6,0
-319,-362,2,0
-319,-360,5,0
-319,-350,2,0
-319,-347,1,0
-319,-346,1,0
-319,-345,1,0
-319,-337,1,0
-319,-334,2,0
-319,-333,2,0
-319,-332,19,1
-319,-331,9,0
-319,-330,2,0
-319,-329,1,0
-319,-328,2,0
-319,-295,1,0
-318,-399,4,0
-318,-368,1,0
-318,-366,1,0
-318,-365,1,0
-318,-363,2,0
-318,-359,1,0
-318,-334,1,0
-318,-333,1,0
-318,-332,10,1
-318,-331,2,0
-318,-330,1,0
-318,-328,6,0
-318,-327,1,0
-318,-326,1,0
-318,-307,2,0
-318,-297,2,0
-317,-374,1,0
-317,-371,1,0
-317,-370,1,0
-317,-366,2,0
-317,-365,2,0
-317,-363,3,0
-317,-362,1,0
-317,-361,1,0
-317,-360,1,0
-317,-359,1,0
-317,-333,3,0
-317,-331,2,0
-317,-329,1,0
-317,-310,1,0
-316,-408,1,0
-316,-374,1,0
-316,-370,1,0
-316,-365,1,0
-316,-363,1,0
-316,-362,1,0
-316,-358,1,0
-316,-346,1,0
-316,-339,1,0
-316,-333,2,0
-316,-329,1,0
-316,-325,1,0
-316,-288,1,0
-315,-408,1,0
-315,-375,1,0
-315,-374,1,0
-315,-368,1,0
-315,-366,2,0
-315,-365,4,0
-315,-363,1,0
-315,-356,1,0
-315,-338,1,0
-315,-334,3,0
-315,-328,1,0
-315,-307,1,0
-315,-297,1,0
-315,-281,1,0
-314,-407,1,0
-314,-380,1,0
-314,-363,1,0
-314,-326,1,0
-314,-324,1,0
-314,-316,1,0
-314,-315,1,0
-314,-299,1,0
-314,-295,1,0
-314,-294,3,0
-314,-292,3,0
-314,-282,1,0
-313,-413,1,0
-313,-404,1,0
-313,-393,1,0
-313,-391,1,0
-313,-381,1,0
-313,-380,1,0
-313,-370,1,0
-313,-364,2,0
-313,-359,1,0
-313,-349,1,0
-313,-341,1,0
-313,-335,1,0
-313,-324,1,0
-313,-317,1,0
-313,-312,1,0
-313,-308,1,0
-313,-307,1,0
-313,-305,1,0
-313,-304,1,0
-313,-303,1,0
-313,-300,1,0
-313,-299,3,0
-313,-294,2,0
-313,-293,2,0
-313,-292,5,0
-313,-291,2,0
-313,-282,1,0
-312,-399,1,0
-312,-398,1,0
-312,-393,1,0
-312,-390,1,0
-312,-389,1,0
-312,-381,1,0
-312,-370,1,0
-312,-362,2,0
-312,-349,1,0
-312,-348,1,0
-312,-333,1,0
-312,-326,1,0
-312,-323,1,0
-312,-316,1,0
-312,-314,1,0
-312,-292,2,0
-311,-398,3,0
-311,-397,1,0
-311,-390,2,0
-311,-379,1,0
-311,-365,1,0
-311,-361,1,0
-311,-347,1,0
-311,-346,1,0
-311,-330,1,0
-311,-326,1,0
-311,-325,1,0
-311,-307,1,0
-311,-299,1,0
-311,-293,1,0
-310,-429,1,0
-310,-366,1,0
-310,-358,1,0
-310,-334,1,0
-310,-331,1,0
-310,-327,3,0
-310,-326,1,0
-310,-314,2,0
-310,-307,1,0
-310,-301,1,0
-310,-299,2,0
-310,-294,1,0
-310,-291,1,0
-310,-290,1,0
-310,-283,1,0
-309,-413,1,0
-309,-382,1,0
-309,-366,2,0
-309,-363,1,0
-309,-362,1,0
-309,-328,2,0
-309,-298,1,0
-309,-292,1,0
-308,-423,1,0
-308,-391,1,0
-308,-369,1,0
-308,-357,1,0
-308,-349,1,0
-308,-317,1,0
-308,-282,1,0
-307,-370,1,0
-307,-368,1,0
-307,-367,3,0
-307,-365,1,0
-307,-363,1,0
-307,-331,1,0
-307,-262,1,0
-306,-433,1,0
-306,-367,1,0
-306,-344,1,0
-306,-323,2,0
-306,-319,1,0
-306,-293,1,0
-306,-278,1,0
-305,-380,1,0
-305,-363,1,0
-305,-357,1,0
-305,-350,1,0
-305,-325,1,0
-305,-321,1,0
-305,-320,4,0
-305,-319,2,0
-305,-318,1,0
-305,-315,2,0
-305,-314,2,0
-305,-311,1,0
-305,-309,1,0
-305,-299,1,0
-305,-294,1,0
-305,-285,1,0
-305,-277,1,0
-305,-270,1,0
-304,-427,1,0
-304,-402,2,0
-304,-401,1,0
-304,-394,1,0
-304,-393,1,0
-304,-378,1,0
-304,-376,1,0
-304,-346,2,0
-304,-342,1,0
-304,-341,1,0
-304,-340,2,0
-304,-339,2,0
-304,-333,1,0
-304,-323,1,0
-304,-308,1,0
-304,-307,1,0
-304,-306,2,0
-304,-304,1,0
-304,-302,1,0
-304,-299,1,0
-303,-403,1,0
-303,-401,2,0
-303,-400,1,0
-303,-381,1,0
-303,-366,2,0
-303,-365,1,0
-303,-362,1,0
-303,-361,1,0
-303,-359,1,0
-303,-358,1,0
-303,-353,1,0
-303,-351,1,0
-303,-348,1,0
-303,-346,1,0
-303,-334,1,0
-303,-298,1,0
-303,-297,1,0
-303,-292,1,0
-303,-286,2,0
-303,-279,1,0
-302,-444,1,0
-302,-442,1,0
-302,-404,5,0
-302,-403,1,0
-302,-350,1,0
-302,-348,1,0
-302,-344,1,0
-302,-342,1,0
-302,-326,3,0
-302,-307,1,0
-302,-303,1,0
-302,-291,1,0
-302,-288,1,0
-302,-286,1,0
-302,-280,1,0
-302,-278,1,0
-302,-250,1,0
-301,-441,1,0
-301,-438,1,0
-301,-405,2,0
-301,-366,1,0
-301,-365,1,0
-301,-342,1,0
-301,-339,1,0
-301,-333,1,0
-301,-309,1,0
-301,-302,1,0
-301,-287,3,0
-301,-273,1,0
-300,-440,2,0
-300,-439,1,0
-300,-425,1,0
-300,-394,1,0
-300,-370,4,0
-300,-366,1,0
-300,-365,1,0
-300,-344,1,0
-300,-327,1,0
-300,-326,1,0
-300,-299,1,0
-300,-288,1,0
-300,-287,2,0
-300,-286,1,0
-299,-371,1,0
-299,-326,1,0
-299,-311,1,0
-299,-299,1,0
-299,-298,2,0
-299,-288,1,0
-299,-284,1,0
-299,-283,1,0
-298,-449,1,0
-298,-444,1,0
-298,-441,1,0
-298,-439,3,0
-298,-402,1,0
-298,-401,1,0
-298,-370,1,0
-298,-367,1,0
-298,-366,2,0
-298,-332,3,0
-298,-307,1,0
-298,-300,1,0
-298,-283,3,0
-298,-282,1,0
-298,-251,1,0
-298,-250,1,0
-297,-440,2,0
-297,-439,1,0
-297,-437,4,0
-297,-369,1,0
-297,-366,1,0
-297,-360,1,0
-297,-338,2,0
-297,-335,1,0
-297,-334,2,0
-297,-332,14,1
-297,-331,9,0
-297,-330,7,0
-297,-327,1,0
-297,-321,1,0
-297,-299,1,0
-297,-293,1,0
-297,-283,1,0
-297,-270,1,0
-296,-445,1,0
-296,-442,3,0
-296,-441,10,1
-296,-440,18,1
-296,-439,9,0
-296,-438,4,0
-296,-437,1,0
-296,-424,2,0
-296,-334,3,0
-296,-333,13,1
-296,-332,6,0
-296,-331,7,0
-296,-330,4,0
-296,-327,1,0
-296,-310,1,0
-296,-309,1,0
-296,-303,1,0
-296,-299,1,0
-296,-289,2,0
-296,-288,1,0
-296,-276,1,0
-296,-273,1,0
-296,-243,1,0
-295,-444,1,0
-295,-443,1,0
-295,-441,3,0
-295,-440,27,1
-295,-439,7,0
-295,-437,1,0
-295,-429,1,0
-295,-377,1,0
-295,-368,1,0
-295,-339,1,0
-295,-335,1,0
-295,-334,1,0
-295,-332,5,0
-295,-331,2,0
-295,-330,2,0
-295,-329,5,0
-295,-328,1,0
-295,-327,1,0
-295,-317,1,0
-295,-316,1,0
-295,-314,1,0
-295,-309,1,0
-295,-281,1,0
-295,-277,2,0
-294,-449,3,0
-294,-443,1,0
-294,-442,4,0
-294,-441,6,0
-294,-440,14,1
-294,-398,1,0
-294,-345,1,0
-294,-338,1,0
-294,-317,1,0
-294,-310,2,0
-294,-289,1,0
-294,-233,1,0
-293,-443,1,0
-293,-442,3,0
-293,-402,1,0
-293,-399,1,0
-293,-398,1,0
-293,-384,1,0
-293,-374,1,0
-293,-373,1,0
-293,-370,1,0
-293,-345,2,0
-293,-327,1,0
-293,-309,1,0
-293,-307,1,0
-293,-306,1,0
-293,-303,1,0
-293,-290,3,0
-293,-285,1,0
-293,-261,1,0
-292,-448,1,0
-292,-435,1,0
-292,-397,1,0
-292,-374,1,0
-292,-373,2,0
-292,-372,1,0
-292,-345,2,0
-292,-335,1,0
-292,-334,1,0
-292,-333,1,0
-292,-326,1,0
-292,-319,1,0
-292,-304,1,0
-292,-303,5,0
-292,-290,1,0
-292,-267,2,0
-292,-262,1,0
-291,-456,1,0
-291,-453,1,0
-291,-435,1,0
-291,-378,1,0
-291,-375,4,0
-291,-373,2,0
-291,-371,1,0
-291,-370,1,0
-291,-363,1,0
-291,-355,1,0
-291,-346,1,0
-291,-315,1,0
-291,-304,5,0
-291,-303,3,0
-291,-302,1,0
-291,-300,1,0
-291,-299,1,0
-291,-296,2,0
-291,-294,1,0
-291,-290,1,0
-291,-277,1,0
-291,-267,9,0
-290,-397,1,0
-290,-375,1,0
-290,-370,1,0
-290,-369,1,0
-290,-368,1,0
-290,-317,2,0
-290,-307,1,0
-290,-305,1,0
-290,-304,3,0
-290,-303,12,1
-290,-291,2,0
-290,-289,1,0
-290,-288,2,0
-290,-287,1,0
-290,-286,2,0
-290,-284,2,0
-290,-228,1,0
-290,-227,3,0
-289,-415,1,0
-289,-405,1,0
-289,-371,1,0
-289,-370,1,0
-289,-346,1,0
-289,-327,1,0
-289,-308,1,0
-289,-304,1,0
-289,-303,1,0
-289,-301,1,0
-289,-291,1,0
-289,-284,1,0
-289,-283,1,0
-289,-282,2,0
-289,-279,2,0
-289,-268,1,0
-289,-239,1,0
-289,-230,2,0
-289,-228,1,0
-288,-465,1,0
-288,-437,1,0
-288,-435,1,0
-288,-434,6,0
-288,-417,1,0
-288,-416,2,0
-288,-405,1,0
-288,-404,2,0
-288,-397,1,0
-288,-370,1,0
-288,-346,2,0
-288,-342,1,0
-288,-339,1,0
-288,-335,1,0
-288,-327,2,0
-288,-291,1,0
-288,-272,2,0
-288,-269,1,0
-288,-267,2,0
-288,-229,1,0
-288,-227,1,0
-287,-441,1,0
-287,-434,1,0
-287,-416,2,0
-287,-408,2,0
-287,-407,3,0
-287,-402,1,0
-287,-359,1,0
-287,-358,1,0
-287,-323,1,0
-287,-322,1,0
-287,-317,1,0
-287,-299,1,0
-287,-295,1,0
-287,-292,2,0
-287,-291,1,0
-287,-267,1,0
-287,-266,3,0
-287,-262,1,0
-287,-260,1,0
-287,-259,3,0
-287,-256,1,0
-287,-255,1,0
-287,-246,2,0
-287,-224,1,0
-286,-449,1,0
-286,-417,1,0
-286,-415,1,0
-286,-404,1,0
-286,-393,1,0
-286,-392,1,0
-286,-379,1,0
-286,-370,1,0
-286,-359,3,0
-286,-349,1,0
-286,-344,1,0
-286,-336,1,0
-286,-333,1,0
-286,-330,1,0
-286,-319,1,0
-286,-316,1,0
-286,-266,2,0
-286,-256,1,0
-286,-253,1,0
-286,-248,2,0
-286,-223,1,0
-285,-460,1,0
-285,-448,2,0
-285,-417,1,0
-285,-416,1,0
-285,-411,1,0
-285,-404,1,0
-285,-398,1,0
-285,-361,1,0
-285,-359,1,0
-285,-358,1,0
-285,-339,1,0
-285,-334,1,0
-285,-333,1,0
-285,-327,1,0
-285,-308,1,0
-285,-264,1,0
-285,-254,2,0
-285,-253,1,0
-285,-252,2,0
-285,-251,1,0
-285,-227,1,0
-284,-444,1,0
-284,-417,1,0
-284,-415,1,0
-284,-400,1,0
-284,-399,1,0
-284,-398,4,0
-284,-397,1,0
-284,-370,1,0
-284,-369,1,0
-284,-361,1,0
-284,-354,1,0
-284,-334,3,0
-284,-333,1,0
-284,-329,1,0
-284,-317,1,0
-284,-292,1,0
-284,-284,1,0
-284,-257,1,0
-284,-254,1,0
-284,-253,5,0
-284,-252,3,0
-284,-250,2,0
-283,-448,1,0
-283,-428,1,0
-283,-416,1,0
-283,-399,1,0
-283,-398,3,0
-283,-397,1,0
-283,-378,1,0
-283,-374,1,0
-283,-363,1,0
-283,-328,1,0
-283,-327,1,0
-283,-324,1,0
-283,-323,1,0
-283,-309,1,0
-283,-304,1,0
-283,-270,2,0
-283,-268,1,0
-283,-253,2,0
-283,-252,3,0
-283,-251,2,0
-283,-250,1,0
-283,-247,2,0
-283,-225,1,0
-282,-417,1,0
-282,-401,1,0
-282,-386,1,0
-282,-378,2,0
-282,-377,1,0
-282,-376,1,0
-282,-359,1,0
-282,-337,1,0
-282,-336,1,0
-282,-335,1,0
-282,-333,1,0
-282,-332,4,0
-282,-330,1,0
-282,-329,1,0
-282,-327,1,0
-282,-323,2,0
-282,-322,5,0
-282,-320,1,0
-282,-319,2,0
-282,-314,1,0
-282,-299,2,0
-282,-272,1,0
-282,-271,1,0
-282,-251,3,0
-282,-243,1,0
-281,-402,1,0
-281,-401,1,0
-281,-377,7,0
-281,-376,5,0
-281,-375,2,0
-281,-373,2,0
-281,-372,1,0
-281,-371,1,0
-281,-361,1,0
-281,-351,1,0
-281,-335,1,0
-281,-333,1,0
-281,-332,1,0
-281,-331,2,0
-281,-323,1,0
-281,-321,1,0
-281,-320,1,0
-281,-295,1,0
-281,-294,1,0
-281,-293,2,0
-281,-271,1,0
-281,-252,1,0
-280,-451,2,0
-280,-450,1,0
-280,-403,1,0
-280,-402,1,0
-280,-377,1,0
-280,-374,2,0
-280,-334,2,0
-280,-333,7,0
-280,-332,9,0
-280,-331,8,0
-280,-329,1,0
-280,-322,2,0
-280,-321,1,0
-280,-315,1,0
-280,-300,1,0
-280,-294,2,0
-280,-283,1,0
-280,-250,1,0
-279,-470,2,0
-279,-458,1,0
-279,-385,1,0
-279,-378,1,0
-279,-377,1,0
-279,-373,3,0
-279,-371,2,0
-279,-356,1,0
-279,-334,1,0
-279,-332,1,0
-279,-331,4,0
-279,-330,1,0
-279,-329,1,0
-279,-327,1,0
-279,-319,1,0
-279,-294,2,0
-279,-285,3,0
-279,-284,1,0
-278,-477,2,0
-278,-470,2,0
-278,-458,1,0
-278,-394,1,0
-278,-389,1,0
-278,-382,1,0
-278,-381,1,0
-278,-377,1,0
-278,-373,1,0
-278,-372,1,0
-278,-371,1,0
-278,-356,1,0
-278,-338,1,0
-278,-337,1,0
-278,-332,1,0
-278,-327,1,0
-278,-285,1,0
-278,-267,1,0
-277,-475,1,0
-277,-469,1,0
-277,-447,1,0
-277,-446,1,0
-277,-428,7,0
-277,-410,1,0
-277,-386,1,0
-277,-374,1,0
-277,-372,1,0
-277,-352,1,0
-277,-327,1,0
-277,-316,1,0
-277,-221,1,0
-276,-473,1,0
-276,-467,1,0
-276,-392,1,0
-276,-390,1,0
-276,-383,3,0
-276,-382,2,0
-276,-375,1,0
-276,-363,2,0
-276,-347,1,0
-276,-329,1,0
-276,-327,1,0
-276,-306,1,0
-276,-295,1,0
-276,-267,2,0
-275,-475,1,0
-275,-449,1,0
-275,-416,1,0
-275,-408,1,0
-275,-407,3,0
-275,-406,1,0
-275,-387,1,0
-275,-384,1,0
-275,-383,2,0
-275,-382,2,0
-275,-381,4,0
-275,-367,1,0
-275,-361,1,0
-275,-349,1,0
-275,-348,1,0
-275,-347,1,0
-275,-339,1,0
-275,-327,1,0
-275,-319,2,0
-275,-268,2,0
-275,-245,1,0
-274,-473,1,0
-274,-428,1,0
-274,-416,1,0
-274,-407,1,0
-274,-406,9,0
-274,-384,5,0
-274,-380,1,0
-274,-379,2,0
-274,-372,1,0
-274,-369,1,0
-274,-368,1,0
-274,-348,1,0
-274,-345,1,0
-274,-344,1,0
-274,-311,1,0
-274,-310,1,0
-274,-300,1,0
-274,-223,1,0
-273,-472,1,0
-273,-465,1,0
-273,-445,1,0
-273,-406,5,0
-273,-390,1,0
-273,-378,1,0
-273,-377,1,0
-273,-376,1,0
-273,-375,2,0
-273,-319,1,0
-273,-303,1,0
-273,-299,1,0
-273,-296,1,0
-273,-295,1,0
-273,-289,1,0
-273,-267,1,0
-273,-210,1,0
-272,-457,1,0
-272,-445,1,0
-272,-438,1,0
-272,-406,6,0
-272,-405,1,0
-272,-397,1,0
-272,-393,1,0
-272,-383,1,0
-272,-373,1,0
-272,-348,1,0
-272,-323,1,0
-272,-319,1,0
-272,-317,1,0
-272,-315,1,0
-272,-299,1,0
-272,-266,5,0
-272,-265,2,0
-272,-264,1,0
-272,-236,1,0
-271,-470,1,0
-271,-468,3,0
-271,-445,1,0
-271,-408,1,0
-271,-407,10,1
-271,-406,3,0
-271,-386,1,0
-271,-381,1,0
-271,-372,1,0
-271,-329,2,0
-271,-328,1,0
-271,-326,1,0
-271,-322,1,0
-271,-315,1,0
-271,-297,1,0
-271,-291,1,0
-271,-282,1,0
-271,-267,1,0
-271,-266,8,0
-271,-265,1,0
-270,-470,1,0
-270,-460,1,0
-270,-459,1,0
-270,-457,1,0
-270,-452,1,0
-270,-423,1,0
-270,-408,2,0
-270,-407,1,0
-270,-398,1,0
-270,-395,1,0
-270,-394,2,0
-270,-389,1,0
-270,-386,1,0
-270,-380,2,0
-270,-368,1,0
-270,-328,2,0
-270,-327,1,0
-270,-313,1,0
-270,-312,1,0
-270,-302,1,0
-270,-300,1,0
-270,-268,2,0
-270,-266,3,0
-270,-265,3,0
-270,-261,1,0
-270,-228,1,0
-269,-474,1,0
-269,-458,1,0
-269,-444,1,0
-269,-443,2,0
-269,-410,1,0
-269,-395,1,0
-269,-394,5,0
-269,-387,3,0
-269,-382,1,0
-269,-380,1,0
-269,-369,1,0
-269,-368,1,0
-269,-367,1,0
-269,-354,1,0
-269,-353,1,0
-269,-328,1,0
-269,-320,1,0
-269,-297,2,0
-269,-293,1,0
-269,-265,1,0
-269,-263,2,0
-268,-451,1,0
-268,-443,2,0
-268,-428,1,0
-268,-416,1,0
-268,-411,2,0
-268,-402,1,0
-268,-384,1,0
-268,-380,1,0
-268,-360,1,0
-268,-345,1,0
-268,-344,1,0
-268,-343,1,0
-268,-338,1,0
-268,-335,2,0
-268,-334,1,0
-268,-320,1,0
-268,-304,2,0
-268,-300,1,0
-268,-272,1,0
-268,-263,1,0
-268,-210,1,0
-267,-458,1,0
-267,-455,2,0
-267,-430,1,0
-267,-427,2,0
-267,-426,1,0
-267,-396,2,0
-267,-393,1,0
-267,-383,1,0
-267,-380,1,0
-267,-377,1,0
-267,-376,1,0
-267,-365,1,0
-267,-357,1,0
-267,-354,3,0
-267,-349,1,0
-267,-344,2,0
-267,-338,2,0
-267,-305,1,0
-267,-303,3,0
-267,-302,3,0
-267,-301,1,0
-267,-300,1,0
-267,-246,1,0
-266,-468,1,0
-266,-451,1,0
-266,-443,3,0
-266,-437,1,0
-266,-431,1,0
-266,-429,1,0
-266,-428,3,0
-266,-427,3,0
-266,-394,2,0
-266,-388,2,0
-266,-385,1,0
-266,-384,2,0
-266,-381,3,0
-266,-380,3,0
-266,-379,2,0
-266,-354,3,0
-266,-353,1,0
-266,-328,1,0
-266,-303,3,0
-266,-302,8,0
-266,-301,7,0
-266,-300,1,0
-266,-299,1,0
-266,-288,1,0
-266,-261,1,0
-266,-259,2,0
-265,-457,1,0
-265,-456,1,0
-265,-442,1,0
-265,-433,1,0
-265,-428,2,0
-265,-427,4,0
-265,-425,1,0
-265,-414,1,0
-265,-393,1,0
-265,-389,7,0
-265,-388,3,0
-265,-387,1,0
-265,-385,1,0
-265,-383,1,0
-265,-382,1,0
-265,-381,3,0
-265,-380,3,0
-265,-379,1,0
-265,-376,2,0
-265,-354,1,0
-265,-352,1,0
-265,-332,2,0
-265,-323,1,0
-265,-303,1,0
-265,-302,1,0
-265,-301,2,0
-265,-278,1,0
-265,-238,2,0
-265,-219,1,0
-264,-458,1,0
-264,-451,1,0
-264,-428,2,0
-264,-427,8,0
-264,-426,1,0
-264,-390,2,0
-264,-389,4,0
-264,-387,4,0
-264,-386,5,0
-264,-385,11,1
-264,-384,4,0
-264,-383,1,0
-264,-382,1,0
-264,-381,2,0
-264,-380,6,0
-264,-373,2,0
-264,-369,1,0
-264,-354,1,0
-264,-340,1,0
-264,-332,1,0
-264,-330,3,0
-264,-327,1,0
-264,-310,1,0
-264,-308,1,0
-264,-305,1,0
-264,-287,1,0
-264,-284,2,0
-264,-200,1,0
-263,-461,1,0
-263,-451,1,0
-263,-433,1,0
-263,-432,1,0
-263,-402,1,0
-263,-390,6,0
-263,-389,7,0
-263,-388,10,1
-263,-387,12,1
-263,-386,10,1
-263,-385,26,1
-263,-384,3,0
-263,-382,5,0
-263,-381,8,0
-263,-380,11,1
-263,-379,2,0
-263,-378,10,1
-263,-361,1,0
-263,-354,2,0
-263,-353,1,0
-263,-332,4,0
-263,-330,7,0
-263,-329,2,0
-263,-328,1,0
-263,-326,1,0
-263,-323,1,0
-263,-320,1,0
-263,-315,1,0
-263,-312,1,0
-263,-298,1,0
-263,-287,1,0
-263,-283,1,0
-263,-278,4,0
-263,-275,1,0
-263,-274,1,0
-263,-236,1,0
-263,-210,1,0
-262,-478,2,0
-262,-453,1,0
-262,-451,1,0
-262,-430,1,0
-262,-427,1,0
-262,-426,2,0
-262,-417,1,0
-262,-413,2,0
-262,-398,1,0
-262,-388,2,0
-262,-387,17,1
-262,-386,23,1
-262,-385,11,1
-262,-384,16,1
-262,-383,4,0
-262,-382,4,0
-262,-381,8,0
-262,-380,6,0
-262,-379,3,0
-262,-378,1,0
-262,-367,1,0
-262,-364,2,0
-262,-354,1,0
-262,-353,3,0
-262,-332,6,0
-262,-331,15,1
-262,-330,17,1
-262,-329,6,0
-262,-328,3,0
-262,-326,1,0
-262,-320,2,0
-262,-301,1,0
-262,-300,1,0
-262,-298,2,0
-262,-276,3,0
-262,-275,5,0
-262,-274,1,0
-262,-273,1,0
-262,-264,1,0
-262,-210,1,0
-262,-202,1,0
-261,-478,4,0
-261,-417,1,0
-261,-405,1,0
-261,-391,2,0
-261,-387,8,0
-261,-386,14,1
-261,-385,3,0
-261,-383,1,0
-261,-381,1,0
-261,-365,2,0
-261,-353,1,0
-261,-350,1,0
-261,-348,1,0
-261,-343,1,0
-261,-342,1,0
-261,-341,1,0
-261,-340,1,0
-261,-339,1,0
-261,-338,1,0
-261,-336,1,0
-261,-332,5,0
-261,-331,4,0
-261,-330,1,0
-261,-277,1,0
-261,-276,14,1
-261,-275,12,1
-261,-274,2,0
-260,-494,1,0
-260,-452,1,0
-260,-391,1,0
-260,-388,1,0
-260,-387,2,0
-260,-386,4,0
-260,-385,1,0
-260,-384,1,0
-260,-369,1,0
-260,-358,1,0
-260,-357,1,0
-260,-349,1,0
-260,-342,1,0
-260,-332,2,0
-260,-331,1,0
-260,-330,1,0
-260,-328,4,0
-260,-301,1,0
-260,-298,1,0
-260,-276,2,0
-260,-275,3,0
-260,-274,2,0
-260,-273,2,0
-260,-216,1,0
-259,-479,1,0
-259,-478,1,0
-259,-443,1,0
-259,-430,2,0
-259,-429,3,0
-259,-427,2,0
-259,-424,1,0
-259,-413,1,0
-259,-412,1,0
-259,-392,1,0
-259,-387,1,0
-259,-386,3,0
-259,-384,2,0
-259,-383,1,0
-259,-381,1,0
-259,-380,1,0
-259,-375,1,0
-259,-369,1,0
-259,-357,2,0
-259,-355,1,0
-259,-353,4,0
-259,-337,2,0
-259,-313,2,0
-259,-312,1,0
-259,-298,1,0
-259,-274,2,0
-259,-273,1,0
-259,-268,1,0
-259,-210,1,0
-259,-204,1,0
-258,-491,1,0
-258,-479,2,0
-258,-452,1,0
-258,-443,1,0
-258,-430,3,0
-258,-429,1,0
-258,-419,1,0
-258,-416,1,0
-258,-411,1,0
-258,-409,1,0
-258,-392,1,0
-258,-375,1,0
-258,-373,1,0
-258,-370,1,0
-258,-369,3,0
-258,-368,1,0
-258,-357,1,0
-258,-354,1,0
-258,-353,1,0
-258,-350,1,0
-258,-315,1,0
-258,-314,3,0
-258,-298,3,0
-258,-214,1,0
-258,-203,1,0
-257,-489,1,0
-257,-488,2,0
-257,-487,1,0
-257,-464,1,0
-257,-456,1,0
-257,-435,1,0
-257,-430,1,0
-257,-429,1,0
-257,-419,2,0
-257,-411,1,0
-257,-410,3,0
-257,-409,1,0
-257,-400,1,0
-257,-399,1,0
-257,-387,3,0
-257,-370,3,0
-257,-369,1,0
-257,-368,2,0
-257,-363,1,0
-257,-353,3,0
-257,-348,1,0
-257,-347,2,0
-257,-326,1,0
-257,-315,2,0
-257,-298,2,0
-257,-297,1,0
-257,-296,2,0
-257,-265,1,0
-257,-232,1,0
-257,-213,1,0
-257,-203,6,0
-257,-202,6,0
-257,-201,1,0
-256,-490,7,0
-256,-479,4,0
-256,-436,1,0
-256,-420,2,0
-256,-410,3,0
-256,-401,1,0
-256,-400,1,0
-256,-398,2,0
-256,-396,1,0
-256,-390,1,0
-256,-389,3,0
-256,-388,4,0
-256,-387,1,0
-256,-385,2,0
-256,-382,1,0
-256,-379,1,0
-256,-370,1,0
-256,-347,2,0
-256,-343,1,0
-256,-298,2,0
-256,-297,1,0
-256,-277,1,0
-256,-271,4,0
-256,-265,2,0
-256,-219,1,0
-256,-200,2,0
-255,-490,1,0
-255,-485,1,0
-255,-482,1,0
-255,-480,2,0
-255,-479,10,1
-255,-477,1,0
-255,-452,1,0
-255,-441,1,0
-255,-433,1,0
-255,-432,1,0
-255,-410,1,0
-255,-402,1,0
-255,-400,1,0
-255,-385,2,0
-255,-377,2,0
-255,-364,1,0
-255,-298,1,0
-255,-285,1,0
-255,-282,1,0
-255,-274,1,0
-255,-237,1,0
-255,-196,1,0
-254,-492,2,0
-254,-490,1,0
-254,-484,2,0
-254,-483,1,0
-254,-480,1,0
-254,-479,21,1
-254,-477,1,0
-254,-476,2,0
-254,-454,4,0
-254,-448,1,0
-254,-447,1,0
-254,-444,1,0
-254,-433,3,0
-254,-432,5,0
-254,-418,1,0
-254,-410,1,0
-254,-393,1,0
-254,-388,1,0
-254,-387,2,0
-254,-374,1,0
-254,-369,2,0
-254,-367,1,0
-254,-345,1,0
-254,-337,2,0
-254,-326,1,0
-254,-324,1,0
-254,-318,1,0
-254,-316,1,0
-254,-302,3,0
-254,-301,3,0
-254,-292,1,0
-254,-195,1,0
-253,-494,2,0
-253,-493,1,0
-253,-479,1,0
-253,-477,4,0
-253,-476,1,0
-253,-468,2,0
-253,-467,3,0
-253,-453,1,0
-253,-445,1,0
-253,-435,4,0
-253,-434,2,0
-253,-433,6,0
-253,-432,1,0
-253,-431,4,0
-253,-402,1,0
-253,-397,1,0
-253,-393,1,0
-253,-385,1,0
-253,-369,1,0
-253,-367,1,0
-253,-358,1,0
-253,-354,2,0
-253,-351,1,0
-253,-339,1,0
-253,-316,1,0
-253,-308,1,0
-253,-305,1,0
-253,-300,2,0
-253,-228,1,0
-253,-207,1,0
-253,-205,1,0
-253,-193,1,0
-252,-501,1,0
-252,-479,1,0
-252,-470,3,0
-252,-469,1,0
-252,-455,1,0
-252,-434,1,0
-252,-433,2,0
-252,-432,1,0
-252,-431,3,0
-252,-425,1,0
-252,-398,1,0
-252,-393,1,0
-252,-386,2,0
-252,-381,1,0
-252,-367,1,0
-252,-366,1,0
-252,-358,2,0
-252,-351,1,0
-252,-334,1,0
-252,-328,1,0
-252,-314,1,0
-252,-313,1,0
-252,-206,1,0
-252,-189,1,0
-251,-502,1,0
-251,-477,1,0
-251,-471,1,0
-251,-469,3,0
-251,-468,1,0
-251,-467,2,0
-251,-449,1,0
-251,-446,1,0
-251,-389,1,0
-251,-388,1,0
-251,-386,1,0
-251,-376,1,0
-251,-369,1,0
-251,-354,1,0
-251,-353,1,0
-251,-323,1,0
-251,-307,1,0
-251,-288,1,0
-251,-260,1,0
-251,-250,1,0
-251,-218,4,0
-250,-488,1,0
-250,-487,2,0
-250,-486,1,0
-250,-471,1,0
-250,-470,2,0
-250,-469,12,1
-250,-468,7,0
-250,-467,3,0
-250,-466,2,0
-250,-464,2,0
-250,-456,1,0
-250,-448,2,0
-250,-435,2,0
-250,-428,2,0
-250,-425,1,0
-250,-424,1,0
-250,-394,1,0
-250,-389,6,0
-250,-388,10,1
-250,-387,4,0
-250,-386,1,0
-250,-385,1,0
-250,-377,1,0
-250,-368,1,0
-250,-361,2,0
-250,-353,1,0
-250,-352,1,0
-250,-351,1,0
-250,-346,1,0
-250,-341,2,0
-250,-328,1,0
-250,-324,2,0
-250,-309,1,0
-250,-306,1,0
-250,-304,1,0
-250,-278,1,0
-250,-255,1,0
-250,-222,1,0
-250,-220,2,0
-250,-218,2,0
-249,-499,1,0
-249,-487,2,0
-249,-472,1,0
-249,-470,3,0
-249,-469,9,0
-249,-468,15,1
-249,-467,5,0
-249,-466,3,0
-249,-465,2,0
-249,-456,2,0
-249,-448,1,0
-249,-427,1,0
-249,-424,2,0
-249,-419,1,0
-249,-389,8,0
-249,-388,1,0
-249,-387,1,0
-249,-385,1,0
-249,-363,1,0
-249,-355,1,0
-249,-351,1,0
-249,-349,1,0
-249,-348,1,0
-249,-347,1,0
-249,-341,1,0
-249,-340,1,0
-249,-337,1,0
-249,-335,3,0
-249,-333,2,0
-249,-329,2,0
-249,-324,2,0
-249,-314,1,0
-249,-312,1,0
-249,-287,2,0
-249,-267,2,0
-249,-222,1,0
-249,-220,2,0
-249,-219,1,0
-249,-218,1,0
-248,-486,1,0
-248,-467,2,0
-248,-466,1,0
-248,-457,2,0
-248,-448,1,0
-248,-423,1,0
-248,-394,1,0
-248,-391,1,0
-248,-386,1,0
-248,-352,1,0
-248,-351,2,0
-248,-341,1,0
-248,-340,2,0
-248,-339,3,0
-248,-335,1,0
-248,-334,1,0
-248,-333,4,0
-248,-332,4,0
-248,-331,8,0
-248,-329,7,0
-248,-328,1,0
-248,-327,3,0
-248,-324,3,0
-248,-322,1,0
-248,-320,1,0
-248,-276,1,0
-248,-257,1,0
-248,-245,1,0
-248,-244,1,0
-248,-221,1,0
-247,-498,1,0
-247,-472,1,0
-247,-435,2,0
-247,-434,1,0
-247,-433,1,0
-247,-432,1,0
-247,-427,1,0
-247,-422,1,0
-247,-421,1,0
-247,-404,1,0
-247,-400,1,0
-247,-385,1,0
-247,-384,1,0
-247,-346,1,0
-247,-342,1,0
-247,-339,4,0
-247,-338,5,0
-247,-337,2,0
-247,-336,4,0
-247,-335,9,0
-247,-334,6,0
-247,-333,9,0
-247,-332,17,1
-247,-331,21,1
-247,-330,30,1
-247,-329,13,1
-247,-328,9,0
-247,-327,2,0
-247,-326,3,0
-247,-325,8,0
-247,-324,1,0
-247,-318,1,0
-247,-309,1,0
-247,-274,2,0
-247,-256,1,0
-247,-222,2,0
-247,-202,2,0
-247,-186,1,0
-246,-457,2,0
-246,-455,1,0
-246,-448,1,0
-246,-447,1,0
-246,-424,1,0
-246,-423,1,0
-246,-422,2,0
-246,-421,2,0
-246,-414,1,0
-246,-393,3,0
-246,-388,1,0
-246,-385,1,0
-246,-384,1,0
-246,-369,1,0
-246,-368,2,0
-246,-361,1,0
-246,-346,1,0
-246,-345,1,0
-246,-341,1,0
-246,-335,1,0
-246,-334,1,0
-246,-333,1,0
-246,-332,5,0
-246,-331,3,0
-246,-330,5,0
-246,-329,4,0
-246,-328,3,0
-246,-327,1,0
-246,-326,1,0
-246,-325,2,0
-246,-324,2,0
-246,-323,5,0
-246,-322,1,0
-246,-319,1,0
-246,-318,2,0
-246,-317,2,0
-246,-316,1,0
-246,-312,2,0
-246,-311,2,0
-246,-304,1,0
-246,-295,2,0
-246,-256,1,0
-246,-234,1,0
-246,-223,2,0
-246,-222,1,0
-246,-203,1,0
-246,-189,1,0
-246,-188,3,0
-246,-187,1,0
-245,-481,1,0
-245,-480,1,0
-245,-458,1,0
-245,-446,1,0
-245,-426,6,0
-245,-424,1,0
-245,-423,1,0
-245,-420,1,0
-245,-414,1,0
-245,-392,2,0
-245,-383,1,0
-245,-366,1,0
-245,-362,1,0
-245,-352,1,0
-245,-351,1,0
-245,-335,1,0
-245,-334,2,0
-245,-332,4,0
-245,-331,1,0
-245,-330,1,0
-245,-329,3,0
-245,-328,2,0
-245,-327,1,0
-245,-326,1,0
-245,-321,1,0
-245,-319,1,0
-245,-307,1,0
-245,-306,1,0
-245,-303,1,0
-245,-301,2,0
-245,-297,1,0
-245,-274,1,0
-245,-255,1,0
-245,-252,1,0
-245,-224,1,0
-245,-200,1,0
-245,-188,3,0
-244,-502,1,0
-244,-488,1,0
-244,-481,1,0
-244,-461,1,0
-244,-426,17,1
-244,-425,7,0
-244,-424,3,0
-244,-423,1,0
-244,-422,2,0
-244,-415,1,0
-244,-392,2,0
-244,-390,1,0
-244,-383,1,0
-244,-380,1,0
-244,-377,1,0
-244,-365,1,0
-244,-352,2,0
-244,-351,1,0
-244,-345,2,0
-244,-336,1,0
-244,-329,1,0
-244,-328,1,0
-244,-320,1,0
-244,-319,1,0
-244,-304,2,0
-244,-303,1,0
-244,-302,7,0
-244,-301,6,0
-244,-297,1,0
-244,-281,1,0
-244,-213,2,0
-244,-201,1,0
-244,-200,1,0
-244,-186,1,0
-243,-480,1,0
-243,-477,1,0
-243,-468,1,0
-243,-458,1,0
-243,-428,1,0
-243,-427,7,0
-243,-426,5,0
-243,-425,6,0
-243,-424,7,0
-243,-422,1,0
-243,-419,2,0
-243,-418,1,0
-243,-402,1,0
-243,-395,1,0
-243,-385,1,0
-243,-378,1,0
-243,-372,2,0
-243,-370,1,0
-243,-352,1,0
-243,-342,1,0
-243,-339,2,0
-243,-337,1,0
-243,-335,1,0
-243,-332,2,0
-243,-329,1,0
-243,-326,4,0
-243,-320,1,0
-243,-316,2,0
-243,-313,1,0
-243,-302,1,0
-243,-301,1,0
-243,-300,2,0
-243,-298,1,0
-243,-255,2,0
-243,-253,1,0
-243,-245,1,0
-243,-229,1,0
-243,-221,1,0
-243,-210,1,0
-243,-201,1,0
-243,-199,1,0
-243,-198,2,0
-242,-504,4,0
-242,-486,1,0
-242,-480,1,0
-242,-477,1,0
-242,-470,1,0
-242,-429,1,0
-242,-428,3,0
-242,-427,2,0
-242,-424,5,0
-242,-423,1,0
-242,-396,1,0
-242,-395,2,0
-242,-386,1,0
-242,-384,4,0
-242,-383,1,0
-242,-382,3,0
-242,-376,1,0
-242,-361,1,0
-242,-357,1,0
-242,-351,1,0
-242,-348,1,0
-242,-347,2,0
-242,-342,1,0
-242,-335,1,0
-242,-332,1,0
-242,-329,1,0
-242,-326,1,0
-242,-320,2,0
-242,-314,1,0
-242,-313,1,0
-242,-307,1,0
-242,-299,1,0
-242,-298,1,0
-242,-297,1,0
-242,-280,5,0
-242,-279,1,0
-242,-238,1,0
-242,-229,1,0
-242,-225,1,0
-242,-210,1,0
-242,-207,1,0
-241,-488,1,0
-241,-486,2,0
-241,-483,1,0
-241,-475,1,0
-241,-444,1,0
-241,-428,1,0
-241,-423,1,0
-241,-420,1,0
-241,-419,2,0
-241,-418,1,0
-241,-408,1,0
-241,-407,1,0
-241,-397,1,0
-241,-387,1,0
-241,-386,1,0
-241,-384,2,0
-241,-383,4,0
-241,-382,1,0
-241,-381,3,0
-241,-380,2,0
-241,-361,1,0
-241,-360,1,0
-241,-358,1,0
-241,-357,3,0
-241,-356,1,0
-241,-354,1,0
-241,-352,2,0
-241,-349,1,0
-241,-333,2,0
-241,-330,1,0
-241,-326,1,0
-241,-325,1,0
-241,-313,1,0
-241,-312,1,0
-241,-307,3,0
-241,-281,1,0
-241,-280,16,1
-241,-279,2,0
-241,-278,1,0
-241,-277,1,0
-241,-276,3,0
-241,-262,1,0
-241,-225,1,0
-241,-224,1,0
-241,-223,1,0
-241,-219,1,0
-241,-211,1,0
-241,-209,1,0
-241,-207,1,0
-241,-205,1,0
-240,-506,2,0
-240,-487,1,0
-240,-485,3,0
-240,-474,1,0
-240,-458,2,0
-240,-435,1,0
-240,-429,1,0
-240,-422,4,0
-240,-421,22,1
-240,-420,2,0
-240,-405,1,0
-240,-385,1,0
-240,-381,1,0
-240,-380,3,0
-240,-362,1,0
-240,-359,1,0
-240,-355,1,0
-240,-352,1,0
-240,-351,1,0
-240,-350,1,0
-240,-347,1,0
-240,-345,1,0
-240,-342,1,0
-240,-340,1,0
-240,-327,1,0
-240,-321,2,0
-240,-314,1,0
-240,-310,1,0
-240,-308,1,0
-240,-307,1,0
-240,-302,1,0
-240,-280,3,0
-240,-234,1,0
-240,-226,1,0
-240,-225,1,0
-240,-223,1,0
-240,-222,2,0
-240,-220,1,0
-240,-207,1,0
-240,-206,1,0
-240,-186,1,0
-239,-508,1,0
-239,-505,3,0
-239,-504,1,0
-239,-503,1,0
-239,-489,1,0
-239,-486,2,0
-239,-485,7,0
-239,-484,4,0
-239,-472,1,0
-239,-458,1,0
-239,-457,1,0
-239,-451,1,0
-239,-444,2,0
-239,-430,1,0
-239,-428,1,0
-239,-424,1,0
-239,-422,8,0
-239,-421,13,1
-239,-420,3,0
-239,-414,1,0
-239,-406,1,0
-239,-385,2,0
-239,-380,2,0
-239,-352,1,0
-239,-345,1,0
-239,-343,3,0
-239,-342,3,0
-239,-340,1,0
-239,-337,1,0
-239,-327,1,0
-239,-326,1,0
-239,-321,1,0
-239,-308,1,0
-239,-279,4,0
-239,-277,1,0
-239,-226,1,0
-239,-199,1,0
-239,-190,2,0
-238,-508,1,0
-238,-504,1,0
-238,-502,1,0
-238,-485,2,0
-238,-484,1,0
-238,-468,1,0
-238,-467,1,0
-238,-466,1,0
-238,-450,1,0
-238,-444,1,0
-238,-431,2,0
-238,-430,3,0
-238,-424,1,0
-238,-423,2,0
-238,-422,3,0
-238,-416,1,0
-238,-415,1,0
-238,-396,1,0
-238,-395,2,0
-238,-380,1,0
-238,-365,1,0
-238,-343,1,0
-238,-339,1,0
-238,-338,2,0
-238,-337,3,0
-238,-328,2,0
-238,-245,1,0
-238,-220,1,0
-238,-219,1,0
-238,-211,1,0
-238,-209,1,0
-238,-208,3,0
-238,-191,1,0
-238,-190,3,0
-237,-508,1,0
-237,-507,2,0
-237,-506,9,0
-237,-505,5,0
-237,-486,2,0
-237,-485,1,0
-237,-480,1,0
-237,-468,4,0
-237,-466,1,0
-237,-459,1,0
-237,-458,2,0
-237,-451,1,0
-237,-448,1,0
-237,-430,2,0
-237,-428,2,0
-237,-426,1,0
-237,-425,2,0
-237,-424,1,0
-237,-422,1,0
-237,-416,1,0
-237,-415,1,0
-237,-402,1,0
-237,-389,1,0
-237,-384,1,0
-237,-379,2,0
-237,-373,1,0
-237,-354,1,0
-237,-347,1,0
-237,-346,1,0
-237,-345,1,0
-237,-339,1,0
-237,-336,1,0
-237,-328,1,0
-237,-327,1,0
-237,-322,3,0
-237,-320,2,0
-237,-301,1,0
-237,-299,1,0
-237,-298,1,0
-237,-294,1,0
-237,-284,1,0
-237,-276,1,0
-237,-274,1,0
-237,-227,1,0
-237,-219,1,0
-237,-208,1,0
-237,-205,1,0
-237,-200,3,0
-237,-199,3,0
-236,-508,3,0
-236,-507,5,0
-236,-505,3,0
-236,-504,2,0
-236,-503,1,0
-236,-501,1,0
-236,-500,1,0
-236,-490,1,0
-236,-488,1,0
-236,-480,1,0
-236,-470,4,0
-236,-468,12,1
-236,-467,6,0
-236,-466,3,0
-236,-450,1,0
-236,-433,4,0
-236,-432,1,0
-236,-415,1,0
-236,-414,4,0
-236,-410,1,0
-236,-405,2,0
-236,-397,1,0
-236,-383,1,0
-236,-382,1,0
-236,-381,2,0
-236,-380,1,0
-236,-379,4,0
-236,-378,2,0
-236,-367,1,0
-236,-360,1,0
-236,-354,1,0
-236,-349,1,0
-236,-334,1,0
-236,-333,1,0
-236,-332,1,0
-236,-327,1,0
-236,-322,2,0
-236,-321,1,0
-236,-319,2,0
-236,-316,1,0
-236,-307,1,0
-236,-303,2,0
-236,-273,1,0
-236,-270,1,0
-236,-267,1,0
-236,-256,2,0
-236,-244,1,0
-236,-243,1,0
-236,-227,1,0
-236,-214,1,0
-236,-197,1,0
-236,-192,3,0
-236,-180,1,0
-235,-507,1,0
-235,-505,5,0
-235,-504,4,0
-235,-503,1,0
-235,-499,5,0
-235,-487,8,0
-235,-486,1,0
-235,-481,1,0
-235,-471,1,0
-235,-468,1,0
-235,-459,1,0
-235,-457,1,0
-235,-430,1,0
-235,-416,1,0
-235,-414,1,0
-235,-413,2,0
-235,-412,2,0
-235,-402,1,0
-235,-380,5,0
-235,-379,10,1
-235,-378,2,0
-235,-357,1,0
-235,-354,2,0
-235,-334,1,0
-235,-329,1,0
-235,-328,2,0
-235,-323,2,0
-235,-298,1,0
-235,-264,1,0
-235,-223,1,0
-235,-201,1,0
-235,-199,2,0
-235,-198,9,0
-235,-197,4,0
-235,-196,1,0
-234,-509,1,0
-234,-504,7,0
-234,-503,3,0
-234,-501,1,0
-234,-500,1,0
-234,-499,5,0
-234,-498,2,0
-234,-497,1,0
-234,-495,1,0
-234,-494,1,0
-234,-487,3,0
-234,-486,1,0
-234,-482,2,0
-234,-469,5,0
-234,-463,1,0
-234,-459,1,0
-234,-452,1,0
-234,-433,1,0
-234,-421,2,0
-234,-416,1,0
-234,-393,1,0
-234,-382,2,0
-234,-381,1,0
-234,-380,13,1
-234,-379,6,0
-234,-378,3,0
-234,-369,1,0
-234,-358,1,0
-234,-353,2,0
-234,-333,1,0
-234,-332,1,0
-234,-331,6,0
-234,-329,8,0
-234,-328,6,0
-234,-327,1,0
-234,-323,2,0
-234,-322,1,0
-234,-307,2,0
-234,-303,1,0
-234,-278,2,0
-234,-272,1,0
-234,-266,1,0
-234,-200,1,0
-234,-199,7,0
-234,-198,4,0
-234,-197,16,1
-234,-196,11,1
-234,-195,1,0
-234,-192,1,0
-234,-186,1,0
-234,-182,1,0
-234,-181,1,0
-234,-177,1,0
-233,-509,1,0
-233,-501,1,0
-233,-499,1,0
-233,-497,1,0
-233,-496,1,0
-233,-483,1,0
-233,-482,1,0
-233,-476,1,0
-233,-473,1,0
-233,-472,1,0
-233,-471,1,0
-233,-470,1,0
-233,-460,1,0
-233,-456,1,0
-233,-445,1,0
-233,-431,1,0
-233,-428,1,0
-233,-427,4,0
-233,-423,1,0
-233,-411,1,0
-233,-409,5,0
-233,-407,1,0
-233,-399,1,0
-233,-397,1,0
-233,-386,2,0
-233,-381,1,0
-233,-379,2,0
-233,-358,2,0
-233,-354,1,0
-233,-349,1,0
-233,-339,1,0
-233,-334,1,0
-233,-333,1,0
-233,-331,5,0
-233,-330,5,0
-233,-329,7,0
-233,-328,7,0
-233,-327,9,0
-233,-326,4,0
-233,-307,1,0
-233,-302,2,0
-233,-298,1,0
-233,-293,2,0
-233,-292,1,0
-233,-219,1,0
-233,-217,1,0
-233,-215,1,0
-233,-214,2,0
-233,-213,1,0
-233,-211,1,0
-233,-210,1,0
-233,-209,3,0
-233,-208,1,0
-233,-199,2,0
-233,-198,1,0
-233,-197,4,0
-233,-196,5,0
-233,-195,4,0
-233,-193,2,0
-232,-514,1,0
-232,-503,1,0
-232,-502,1,0
-232,-501,7,0
-232,-500,1,0
-232,-497,1,0
-232,-496,9,0
-232,-495,10,1
-232,-494,20,1
-232,-491,1,0
-232,-460,1,0
-232,-456,1,0
-232,-444,1,0
-232,-435,1,0
-232,-425,2,0
-232,-409,7,0
-232,-408,6,0
-232,-407,3,0
-232,-406,3,0
-232,-405,1,0
-232,-394,1,0
-232,-370,1,0
-232,-351,1,0
-232,-339,1,0
-232,-333,1,0
-232,-330,20,1
-232,-329,15,1
-232,-328,15,1
-232,-327,21,1
-232,-326,3,0
-232,-324,1,0
-232,-317,1,0
-232,-307,2,0
-232,-303,1,0
-232,-302,2,0
-232,-301,1,0
-232,-298,1,0
-232,-297,1,0
-232,-223,1,0
-232,-221,1,0
-232,-220,1,0
-232,-215,1,0
-232,-207,1,0
-232,-206,1,0
-232,-195,1,0
-232,-194,1,0
-232,-188,1,0
-231,-513,1,0
-231,-509,1,0
-231,-503,1,0
-231,-500,2,0
-231,-498,3,0
-231,-497,17,1
-231,-496,4,0
-231,-495,10,1
-231,-494,4,0
-231,-493,1,0
-231,-492,1,0
-231,-490,2,0
-231,-474,2,0
-231,-470,1,0
-231,-456,2,0
-231,-455,1,0
-231,-430,1,0
-231,-429,1,0
-231,-428,1,0
-231,-427,4,0
-231,-423,1,0
-231,-418,1,0
-231,-410,3,0
-231,-409,1,0
-231,-408,1,0
-231,-407,1,0
-231,-406,3,0
-231,-405,1,0
-231,-402,1,0
-231,-400,1,0
-231,-352,1,0
-231,-338,1,0
-231,-337,1,0
-231,-335,1,0
-231,-334,1,0
-231,-333,2,0
-231,-332,15,1
-231,-331,10,1
-231,-330,33,1
-231,-329,32,1
-231,-328,45,1
-231,-327,14,1
-231,-326,11,1
-231,-325,2,0
-231,-314,1,0
-231,-298,1,0
-231,-276,1,0
-231,-273,1,0
-231,-193,1,0
-231,-192,1,0
-231,-187,1,0
-230,-499,1,0
-230,-497,1,0
-230,-496,5,0
-230,-495,1,0
-230,-494,2,0
-230,-493,3,0
-230,-487,1,0
-230,-486,1,0
-230,-485,1,0
-230,-484,1,0
-230,-483,1,0
-230,-477,1,0
-230,-455,1,0
-230,-449,1,0
-230,-440,1,0
-230,-427,1,0
-230,-407,2,0
-230,-406,1,0
-230,-403,1,0
-230,-390,1,0
-230,-353,1,0
-230,-347,1,0
-230,-335,1,0
-230,-333,1,0
-230,-331,9,0
-230,-330,47,1
-230,-329,46,1
-230,-328,52,1
-230,-327,4,0
-230,-298,2,0
-230,-290,1,0
-230,-281,1,0
-230,-277,1,0
-230,-276,1,0
-230,-270,1,0
-230,-269,1,0
-230,-233,1,0
-230,-231,1,0
-230,-212,1,0
-230,-211,3,0
-230,-186,1,0
-230,-184,1,0
-229,-513,1,0
-229,-499,1,0
-229,-494,1,0
-229,-476,2,0
-229,-475,2,0
-229,-470,1,0
-229,-469,1,0
-229,-461,5,0
-229,-460,1,0
-229,-459,1,0
-229,-458,1,0
-229,-441,1,0
-229,-406,1,0
-229,-402,2,0
-229,-400,1,0
-229,-381,2,0
-229,-373,1,0
-229,-352,1,0
-229,-347,1,0
-229,-346,1,0
-229,-337,1,0
-229,-334,1,0
-229,-331,15,1
-229,-330,12,1
-229,-329,17,1
-229,-328,25,1
-229,-327,18,1
-229,-326,15,1
-229,-325,2,0
-229,-324,1,0
-229,-323,1,0
-229,-308,1,0
-229,-307,1,0
-229,-292,2,0
-229,-283,1,0
-229,-271,1,0
-229,-232,1,0
-229,-231,1,0
-229,-230,1,0
-229,-205,1,0
-229,-194,1,0
-229,-182,1,0
-228,-516,1,0
-228,-494,1,0
-228,-466,1,0
-228,-462,1,0
-228,-461,7,0
-228,-409,1,0
-228,-377,2,0
-228,-370,2,0
-228,-368,1,0
-228,-353,1,0
-228,-346,1,0
-228,-336,1,0
-228,-335,2,0
-228,-332,1,0
-228,-331,13,1
-228,-330,3,0
-228,-329,18,1
-228,-328,10,1
-228,-327,5,0
-228,-326,4,0
-228,-320,1,0
-228,-307,3,0
-228,-298,1,0
-228,-291,2,0
-228,-284,1,0
-228,-283,1,0
-228,-280,1,0
-228,-273,1,0
-228,-209,1,0
-228,-208,1,0
-228,-204,1,0
-228,-176,1,0
-228,-172,2,0
-227,-509,1,0
-227,-495,1,0
-227,-469,2,0
-227,-466,1,0
-227,-461,1,0
-227,-444,1,0
-227,-419,1,0
-227,-388,1,0
-227,-374,1,0
-227,-373,1,0
-227,-372,2,0
-227,-371,2,0
-227,-370,2,0
-227,-362,1,0
-227,-353,1,0
-227,-336,2,0
-227,-332,4,0
-227,-329,6,0
-227,-328,3,0
-227,-327,2,0
-227,-314,1,0
-227,-297,1,0
-227,-280,1,0
-227,-277,1,0
-227,-273,1,0
-227,-246,1,0
-227,-232,1,0
-227,-230,1,0
-227,-228,1,0
-227,-206,1,0
-227,-205,1,0
-226,-516,1,0
-226,-490,1,0
-226,-489,1,0
-226,-484,1,0
-226,-483,1,0
-226,-475,1,0
-226,-467,1,0
-226,-462,1,0
-226,-429,1,0
-226,-408,1,0
-226,-377,1,0
-226,-376,5,0
-226,-375,7,0
-226,-374,4,0
-226,-373,2,0
-226,-356,1,0
-226,-352,2,0
-226,-337,1,0
-226,-332,1,0
-226,-329,5,0
-226,-328,1,0
-226,-327,1,0
-226,-284,1,0
-226,-279,1,0
-226,-276,1,0
-226,-274,1,0
-226,-273,1,0
-226,-231,1,0
-226,-211,1,0
-226,-209,1,0
-226,-208,1,0
-226,-206,1,0
-225,-468,1,0
-225,-464,1,0
-225,-431,1,0
-225,-380,1,0
-225,-379,1,0
-225,-378,8,0
-225,-377,9,0
-225,-376,24,1
-225,-375,8,0
-225,-374,3,0
-225,-373,1,0
-225,-329,1,0
-225,-328,2,0
-225,-308,1,0
-225,-295,1,0
-225,-290,1,0
-225,-287,1,0
-225,-282,1,0
-225,-279,3,0
-225,-278,6,0
-225,-277,4,0
-225,-275,1,0
-225,-261,1,0
-225,-228,1,0
-225,-209,2,0
-225,-208,1,0
-225,-173,1,0
-224,-516,1,0
-224,-487,1,0
-224,-485,1,0
-224,-467,1,0
-224,-462,2,0
-224,-442,2,0
-224,-404,3,0
-224,-403,1,0
-224,-401,1,0
-224,-393,1,0
-224,-379,4,0
-224,-378,3,0
-224,-376,6,0
-224,-374,1,0
-224,-333,1,0
-224,-329,1,0
-224,-298,1,0
-224,-297,1,0
-224,-283,1,0
-224,-282,1,0
-224,-279,4,0
-224,-278,17,1
-224,-277,12,1
-224,-276,2,0
-224,-275,2,0
-224,-272,1,0
-224,-251,1,0
-224,-250,1,0
-224,-248,4,0
-224,-247,1,0
-224,-207,2,0
-224,-206,6,0
-224,-205,1,0
-224,-204,2,0
-224,-202,1,0
-224,-198,1,0
-224,-197,1,0
-223,-516,2,0
-223,-515,2,0
-223,-514,3,0
-223,-486,1,0
-223,-476,1,0
-223,-463,1,0
-223,-449,1,0
-223,-448,2,0
-223,-442,1,0
-223,-427,2,0
-223,-425,1,0
-223,-408,1,0
-223,-406,1,0
-223,-404,1,0
-223,-403,5,0
-223,-402,1,0
-223,-397,1,0
-223,-386,1,0
-223,-380,1,0
-223,-379,1,0
-223,-378,1,0
-223,-377,6,0
-223,-372,1,0
-223,-356,1,0
-223,-353,1,0
-223,-352,1,0
-223,-334,1,0
-223,-332,1,0
-223,-329,1,0
-223,-325,1,0
-223,-315,1,0
-223,-309,3,0
-223,-298,1,0
-223,-285,1,0
-223,-283,1,0
-223,-282,1,0
-223,-279,1,0
-223,-278,3,0
-223,-277,3,0
-223,-270,1,0
-223,-266,1,0
-223,-260,1,0
-223,-258,3,0
-223,-257,2,0
-223,-255,1,0
-223,-251,2,0
-223,-242,1,0
-223,-234,1,0
-223,-215,1,0
-223,-206,14,1
-223,-205,14,1
-223,-204,1,0
-223,-202,1,0
-223,-201,1,0
-223,-196,1,0
-223,-180,1,0
-222,-516,2,0
-222,-515,3,0
-222,-486,1,0
-222,-485,2,0
-222,-476,1,0
-222,-463,1,0
-222,-462,1,0
-222,-431,1,0
-222,-408,3,0
-222,-405,1,0
-222,-404,2,0
-222,-403,7,0
-222,-402,1,0
-222,-396,1,0
-222,-387,1,0
-222,-379,1,0
-222,-378,1,0
-222,-365,1,0
-222,-360,1,0
-222,-359,1,0
-222,-355,1,0
-222,-342,7,0
-222,-340,1,0
-222,-329,1,0
-222,-309,1,0
-222,-304,2,0
-222,-300,1,0
-222,-299,1,0
-222,-298,1,0
-222,-290,1,0
-222,-282,1,0
-222,-279,3,0
-222,-276,2,0
-222,-269,3,0
-222,-267,1,0
-222,-266,1,0
-222,-263,1,0
-222,-261,1,0
-222,-206,1,0
-222,-205,6,0
-222,-204,1,0
-222,-180,1,0
-222,-179,1,0
-221,-516,1,0
-221,-515,1,0
-221,-511,1,0
-221,-486,1,0
-221,-463,1,0
-221,-459,2,0
-221,-457,1,0
-221,-450,1,0
-221,-443,1,0
-221,-407,1,0
-221,-402,1,0
-221,-401,1,0
-221,-382,1,0
-221,-366,1,0
-221,-360,1,0
-221,-339,1,0
-221,-330,2,0
-221,-321,1,0
-221,-315,1,0
-221,-310,1,0
-221,-299,1,0
-221,-294,1,0
-221,-293,1,0
-221,-283,1,0
-221,-269,1,0
-221,-233,1,0
-220,-503,1,0
-220,-502,1,0
-220,-489,1,0
-220,-487,1,0
-220,-485,1,0
-220,-468,1,0
-220,-464,1,0
-220,-463,1,0
-220,-459,1,0
-220,-458,4,0
-220,-453,1,0
-220,-450,1,0
-220,-448,1,0
-220,-432,1,0
-220,-381,1,0
-220,-374,1,0
-220,-371,1,0
-220,-363,1,0
-220,-359,1,0
-220,-355,1,0
-220,-335,1,0
-220,-323,1,0
-220,-311,1,0
-220,-310,2,0
-220,-309,1,0
-220,-305,1,0
-220,-304,4,0
-220,-296,1,0
-220,-285,1,0
-220,-277,2,0
-220,-234,1,0
-220,-207,1,0
-220,-178,1,0
-219,-521,1,0
-219,-512,1,0
-219,-500,1,0
-219,-489,1,0
-219,-487,3,0
-219,-468,2,0
-219,-460,1,0
-219,-458,1,0
-219,-444,1,0
-219,-432,3,0
-219,-430,1,0
-219,-406,2,0
-219,-392,1,0
-219,-391,1,0
-219,-385,3,0
-219,-369,1,0
-219,-365,1,0
-219,-358,2,0
-219,-344,1,0
-219,-337,1,0
-219,-335,2,0
-219,-308,1,0
-219,-305,4,0
-219,-304,7,0
-219,-303,4,0
-219,-277,1,0
-219,-251,1,0
-219,-209,1,0
-219,-207,1,0
-219,-187,1,0
-218,-487,3,0
-218,-483,1,0
-218,-477,1,0
-218,-451,1,0
-218,-432,3,0
-218,-431,1,0
-218,-412,1,0
-218,-401,2,0
-218,-391,1,0
-218,-368,1,0
-218,-360,1,0
-218,-348,1,0
-218,-342,1,0
-218,-333,2,0
-218,-332,1,0
-218,-327,1,0
-218,-319,1,0
-218,-300,2,0
-218,-297,1,0
-218,-285,1,0
-218,-281,1,0
-218,-277,1,0
-218,-276,1,0
-218,-255,1,0
-218,-235,1,0
-218,-223,1,0
-218,-222,1,0
-218,-220,1,0
-218,-208,1,0
-217,-517,1,0
-217,-488,3,0
-217,-485,2,0
-217,-484,1,0
-217,-476,2,0
-217,-461,2,0
-217,-452,1,0
-217,-430,1,0
-217,-422,1,0
-217,-405,1,0
-217,-400,1,0
-217,-390,1,0
-217,-369,1,0
-217,-363,1,0
-217,-360,1,0
-217,-358,1,0
-217,-357,3,0
-217,-356,1,0
-217,-355,2,0
-217,-354,1,0
-217,-336,1,0
-217,-315,1,0
-217,-313,1,0
-217,-300,1,0
-217,-288,2,0
-217,-277,1,0
-217,-276,1,0
-217,-275,1,0
-217,-269,2,0
-217,-236,2,0
-217,-232,1,0
-217,-225,2,0
-216,-488,2,0
-216,-475,1,0
-216,-465,1,0
-216,-406,1,0
-216,-405,1,0
-216,-396,1,0
-216,-367,1,0
-216,-364,1,0
-216,-363,2,0
-216,-357,2,0
-216,-356,2,0
-216,-326,1,0
-216,-275,7,0
-216,-274,10,1
-216,-271,1,0
-216,-243,1,0
-216,-227,2,0
-216,-226,1,0
-216,-225,1,0
-216,-223,1,0
-216,-215,1,0
-216,-210,1,0
-216,-209,1,0
-216,-208,2,0
-216,-207,1,0
-216,-204,1,0
-215,-510,1,0
-215,-489,1,0
-215,-488,1,0
-215,-475,2,0
-215,-471,1,0
-215,-470,1,0
-215,-465,1,0
-215,-464,2,0
-215,-454,1,0
-215,-441,1,0
-215,-423,1,0
-215,-421,1,0
-215,-397,1,0
-215,-391,3,0
-215,-390,1,0
-215,-388,2,0
-215,-385,2,0
-215,-384,1,0
-215,-381,2,0
-215,-368,1,0
-215,-366,1,0
-215,-365,1,0
-215,-364,1,0
-215,-363,1,0
-215,-360,1,0
-215,-359,2,0
-215,-358,1,0
-215,-357,3,0
-215,-353,1,0
-215,-346,1,0
-215,-334,1,0
-215,-328,1,0
-215,-326,2,0
-215,-316,1,0
-215,-315,1,0
-215,-304,1,0
-215,-300,1,0
-215,-291,1,0
-215,-287,1,0
-215,-236,1,0
-215,-229,1,0
-215,-227,2,0
-215,-223,1,0
-215,-221,1,0
-214,-497,1,0
-214,-475,2,0
-214,-471,1,0
-214,-401,1,0
-214,-400,4,0
-214,-399,3,0
-214,-385,1,0
-214,-381,1,0
-214,-365,1,0
-214,-359,1,0
-214,-358,2,0
-214,-335,2,0
-214,-329,3,0
-214,-328,4,0
-214,-327,3,0
-214,-323,2,0
-214,-315,4,0
-214,-300,1,0
-214,-293,1,0
-214,-273,1,0
-214,-270,2,0
-214,-269,1,0
-214,-249,1,0
-214,-213,1,0
-213,-464,2,0
-213,-456,1,0
-213,-439,2,0
-213,-438,1,0
-213,-431,1,0
-213,-405,1,0
-213,-400,13,1
-213,-399,8,0
-213,-398,3,0
-213,-384,1,0
-213,-371,1,0
-213,-369,1,0
-213,-367,6,0
-213,-366,6,0
-213,-364,1,0
-213,-360,1,0
-213,-357,2,0
-213,-356,3,0
-213,-355,1,0
-213,-354,1,0
-213,-350,1,0
-213,-349,1,0
-213,-347,1,0
-213,-335,2,0
-213,-334,2,0
-213,-333,1,0
-213,-332,4,0
-213,-330,1,0
-213,-329,2,0
-213,-328,6,0
-213,-317,1,0
-213,-300,1,0
-213,-286,3,0
-213,-283,1,0
-213,-265,1,0
-213,-257,1,0
-213,-228,1,0
-213,-211,1,0
-213,-183,1,0
-212,-492,1,0
-212,-491,1,0
-212,-490,1,0
-212,-453,1,0
-212,-440,1,0
-212,-439,2,0
-212,-433,1,0
-212,-411,1,0
-212,-410,1,0
-212,-409,1,0
-212,-408,1,0
-212,-407,2,0
-212,-402,1,0
-212,-401,3,0
-212,-400,9,0
-212,-399,12,1
-212,-370,1,0
-212,-369,5,0
-212,-368,17,1
-212,-367,12,1
-212,-364,3,0
-212,-362,1,0
-212,-357,1,0
-212,-354,1,0
-212,-349,1,0
-212,-347,7,0
-212,-346,6,0
-212,-345,3,0
-212,-343,1,0
-212,-332,1,0
-212,-331,5,0
-212,-330,11,1
-212,-329,21,1
-212,-328,9,0
-212,-327,1,0
-212,-321,1,0
-212,-307,1,0
-212,-303,1,0
-212,-301,1,0
-212,-300,2,0
-212,-293,2,0
-212,-291,1,0
-212,-290,1,0
-212,-286,1,0
-212,-283,1,0
-212,-263,1,0
-212,-239,1,0
-212,-226,6,0
-212,-225,2,0
-212,-204,1,0
-212,-181,1,0
-211,-492,1,0
-211,-465,1,0
-211,-454,1,0
-211,-444,1,0
-211,-441,1,0
-211,-431,1,0
-211,-420,1,0
-211,-410,2,0
-211,-398,2,0
-211,-397,6,0
-211,-385,1,0
-211,-370,7,0
-211,-369,15,1
-211,-368,23,1
-211,-367,13,1
-211,-366,3,0
-211,-365,1,0
-211,-364,3,0
-211,-363,1,0
-211,-347,3,0
-211,-331,1,0
-211,-330,5,0
-211,-329,6,0
-211,-328,3,0
-211,-327,4,0
-211,-320,1,0
-211,-300,1,0
-211,-295,1,0
-211,-285,1,0
-211,-271,1,0
-211,-226,1,0
-211,-225,1,0
-210,-506,1,0
-210,-502,1,0
-210,-501,1,0
-210,-482,1,0
-210,-460,1,0
-210,-454,1,0
-210,-453,1,0
-210,-451,1,0
-210,-426,1,0
-210,-411,1,0
-210,-410,1,0
-210,-407,1,0
-210,-398,1,0
-210,-371,2,0
-210,-370,12,1
-210,-369,9,0
-210,-368,6,0
-210,-367,2,0
-210,-366,1,0
-210,-359,1,0
-210,-340,1,0
-210,-334,1,0
-210,-332,2,0
-210,-330,1,0
-210,-329,4,0
-210,-325,1,0
-210,-324,1,0
-210,-322,1,0
-210,-320,3,0
-210,-319,3,0
-210,-313,1,0
-210,-300,1,0
-210,-285,2,0
-210,-271,1,0
-210,-225,1,0
-210,-224,1,0
-210,-184,1,0
-209,-527,1,0
-209,-506,2,0
-209,-500,2,0
-209,-499,1,0
-209,-495,2,0
-209,-494,1,0
-209,-472,1,0
-209,-448,1,0
-209,-444,1,0
-209,-441,1,0
-209,-417,1,0
-209,-409,2,0
-209,-405,1,0
-209,-398,1,0
-209,-380,2,0
-209,-379,1,0
-209,-374,2,0
-209,-373,1,0
-209,-372,1,0
-209,-371,4,0
-209,-370,5,0
-209,-369,1,0
-209,-366,1,0
-209,-340,1,0
-209,-338,1,0
-209,-329,4,0
-209,-320,1,0
-209,-307,1,0
-209,-305,2,0
-209,-290,1,0
-209,-286,1,0
-208,-527,1,0
-208,-498,3,0
-208,-474,1,0
-208,-463,1,0
-208,-454,2,0
-208,-446,1,0
-208,-442,1,0
-208,-436,1,0
-208,-421,1,0
-208,-417,1,0
-208,-414,1,0
-208,-408,1,0
-208,-407,1,0
-208,-406,1,0
-208,-404,1,0
-208,-402,1,0
-208,-397,1,0
-208,-394,1,0
-208,-378,1,0
-208,-374,2,0
-208,-373,2,0
-208,-371,1,0
-208,-367,1,0
-208,-366,1,0
-208,-362,1,0
-208,-361,1,0
-208,-341,1,0
-208,-334,1,0
-208,-333,1,0
-208,-320,1,0
-208,-317,1,0
-208,-306,1,0
-208,-305,3,0
-208,-304,1,0
-208,-286,2,0
-208,-285,2,0
-208,-284,4,0
-208,-272,1,0
-208,-248,1,0
-208,-246,1,0
-208,-238,1,0
-208,-168,1,0
-207,-497,1,0
-207,-495,1,0
-207,-465,1,0
-207,-463,1,0
-207,-454,1,0
-207,-451,4,0
-207,-450,1,0
-207,-447,1,0
-207,-445,1,0
-207,-444,2,0
-207,-436,1,0
-207,-434,1,0
-207,-423,1,0
-207,-418,1,0
-207,-408,3,0
-207,-407,2,0
-207,-398,1,0
-207,-369,1,0
-207,-362,1,0
-207,-361,1,0
-207,-358,1,0
-207,-351,1,0
-207,-346,1,0
-207,-343,1,0
-207,-342,1,0
-207,-341,1,0
-207,-340,1,0
-207,-339,1,0
-207,-320,2,0
-207,-301,1,0
-207,-291,1,0
-207,-289,1,0
-207,-286,4,0
-207,-285,3,0
-207,-284,2,0
-206,-526,1,0
-206,-495,1,0
-206,-482,1,0
-206,-466,1,0
-206,-461,1,0
-206,-451,1,0
-206,-442,1,0
-206,-440,1,0
-206,-420,1,0
-206,-418,1,0
-206,-416,1,0
-206,-412,1,0
-206,-408,1,0
-206,-406,1,0
-206,-405,1,0
-206,-396,2,0
-206,-380,1,0
-206,-363,1,0
-206,-338,1,0
-206,-337,1,0
-206,-335,1,0
-206,-321,2,0
-206,-320,1,0
-206,-302,1,0
-206,-289,1,0
-206,-285,6,0
-206,-284,6,0
-206,-283,3,0
-206,-260,1,0
-206,-247,1,0
-206,-243,1,0
-206,-239,1,0
-206,-202,1,0
-206,-197,1,0
-205,-495,1,0
-205,-490,1,0
-205,-482,1,0
-205,-469,5,0
-205,-445,2,0
-205,-444,4,0
-205,-442,2,0
-205,-439,1,0
-205,-420,1,0
-205,-400,2,0
-205,-399,2,0
-205,-396,2,0
-205,-382,1,0
-205,-379,1,0
-205,-377,1,0
-205,-375,2,0
-205,-374,1,0
-205,-369,1,0
-205,-365,1,0
-205,-363,1,0
-205,-362,1,0
-205,-350,1,0
-205,-340,1,0
-205,-322,2,0
-205,-321,3,0
-205,-318,1,0
-205,-315,1,0
-205,-312,1,0
-205,-305,1,0
-205,-302,1,0
-205,-294,1,0
-205,-285,4,0
-205,-284,6,0
-205,-283,2,0
-205,-277,1,0
-205,-265,1,0
-205,-248,2,0
-205,-246,1,0
-205,-243,1,0
-205,-240,1,0
-205,-233,1,0
-205,-214,1,0
-205,-213,1,0
-204,-469,1,0
-204,-462,1,0
-204,-447,2,0
-204,-445,4,0
-204,-444,2,0
-204,-442,1,0
-204,-436,1,0
-204,-431,1,0
-204,-424,1,0
-204,-421,1,0
-204,-420,1,0
-204,-419,1,0
-204,-399,1,0
-204,-398,4,0
-204,-397,12,1
-204,-396,19,1
-204,-395,5,0
-204,-394,5,0
-204,-393,4,0
-204,-392,2,0
-204,-391,1,0
-204,-390,2,0
-204,-389,1,0
-204,-388,1,0
-204,-387,1,0
-204,-382,1,0
-204,-370,3,0
-204,-369,1,0
-204,-368,1,0
-204,-367,1,0
-204,-366,3,0
-204,-365,3,0
-204,-364,1,0
-204,-363,1,0
-204,-349,1,0
-204,-348,1,0
-204,-338,1,0
-204,-331,1,0
-204,-321,2,0
-204,-302,1,0
-204,-285,2,0
-204,-284,2,0
-204,-283,1,0
-204,-274,1,0
-204,-273,2,0
-204,-240,1,0
-204,-237,2,0
-204,-236,2,0
-204,-189,1,0
-203,-490,1,0
-203,-474,1,0
-203,-469,1,0
-203,-468,1,0
-203,-467,1,0
-203,-446,1,0
-203,-445,12,1
-203,-444,10,1
-203,-443,4,0
-203,-441,1,0
-203,-439,1,0
-203,-437,1,0
-203,-426,1,0
-203,-421,1,0
-203,-418,1,0
-203,-414,1,0
-203,-410,1,0
-203,-406,2,0
-203,-405,1,0
-203,-404,2,0
-203,-397,2,0
-203,-396,5,0
-203,-381,1,0
-203,-379,1,0
-203,-366,3,0
-203,-364,1,0
-203,-363,1,0
-203,-356,1,0
-203,-343,1,0
-203,-341,2,0
-203,-329,1,0
-203,-326,1,0
-203,-321,2,0
-203,-302,1,0
-203,-282,1,0
-203,-240,2,0
-203,-238,1,0
-203,-236,1,0
-203,-233,1,0
-203,-161,1,0
-202,-528,1,0
-202,-524,3,0
-202,-523,1,0
-202,-521,1,0
-202,-512,2,0
-202,-483,1,0
-202,-482,1,0
-202,-473,1,0
-202,-469,1,0
-202,-466,1,0
-202,-461,1,0
-202,-446,1,0
-202,-445,7,0
-202,-444,15,1
-202,-443,1,0
-202,-442,2,0
-202,-441,1,0
-202,-437,1,0
-202,-431,1,0
-202,-423,1,0
-202,-422,1,0
-202,-420,1,0
-202,-406,1,0
-202,-405,2,0
-202,-381,1,0
-202,-379,1,0
-202,-378,5,0
-202,-373,1,0
-202,-364,1,0
-202,-363,1,0
-202,-329,1,0
-202,-322,1,0
-202,-312,1,0
-202,-310,1,0
-202,-284,2,0
-202,-241,2,0
-202,-237,1,0
-202,-236,4,0
-202,-235,1,0
-202,-194,1,0
-202,-159,1,0
-201,-524,3,0
-201,-513,1,0
-201,-497,1,0
-201,-484,1,0
-201,-483,1,0
-201,-470,1,0
-201,-469,1,0
-201,-447,1,0
-201,-446,2,0
-201,-445,31,1
-201,-444,23,1
-201,-443,5,0
-201,-431,2,0
-201,-411,1,0
-201,-410,1,0
-201,-407,1,0
-201,-406,1,0
-201,-405,2,0
-201,-380,1,0
-201,-379,2,0
-201,-376,1,0
-201,-366,1,0
-201,-364,1,0
-201,-361,1,0
-201,-356,1,0
-201,-350,1,0
-201,-344,2,0
-201,-323,1,0
-201,-322,1,0
-201,-320,2,0
-201,-317,1,0
-201,-310,1,0
-201,-288,1,0
-201,-248,1,0
-201,-244,1,0
-201,-236,5,0
-201,-235,4,0
-201,-180,1,0
-201,-179,1,0
-200,-524,1,0
-200,-523,1,0
-200,-519,4,0
-200,-497,1,0
-200,-483,1,0
-200,-481,1,0
-200,-448,1,0
-200,-447,4,0
-200,-446,6,0
-200,-445,11,1
-200,-444,18,1
-200,-443,4,0
-200,-442,1,0
-200,-439,2,0
-200,-436,2,0
-200,-435,1,0
-200,-428,1,0
-200,-418,1,0
-200,-412,1,0
-200,-411,1,0
-200,-405,1,0
-200,-399,1,0
-200,-398,1,0
-200,-378,1,0
-200,-376,1,0
-200,-375,1,0
-200,-370,2,0
-200,-369,2,0
-200,-368,2,0
-200,-365,1,0
-200,-362,1,0
-200,-337,1,0
-200,-328,1,0
-200,-326,1,0
-200,-323,6,0
-200,-322,5,0
-200,-306,1,0
-200,-274,1,0
-200,-246,1,0
-200,-239,1,0
-200,-237,6,0
-200,-236,8,0
-200,-235,8,0
-200,-234,2,0
-199,-524,1,0
-199,-516,1,0
-199,-474,2,0
-199,-449,1,0
-199,-447,2,0
-199,-446,2,0
-199,-445,3,0
-199,-444,1,0
-199,-443,5,0
-199,-440,2,0
-199,-435,1,0
-199,-426,1,0
-199,-422,1,0
-199,-411,1,0
-199,-410,1,0
-199,-405,1,0
-199,-381,3,0
-199,-379,1,0
-199,-375,1,0
-199,-370,1,0
-199,-367,4,0
-199,-365,1,0
-199,-364,1,0
-199,-362,1,0
-199,-360,1,0
-199,-359,1,0
-199,-358,1,0
-199,-357,3,0
-199,-355,1,0
-199,-348,1,0
-199,-339,1,0
-199,-330,1,0
-199,-324,5,0
-199,-323,2,0
-199,-314,1,0
-199,-307,1,0
-199,-306,2,0
-199,-305,2,0
-199,-303,2,0
-199,-300,1,0
-199,-294,1,0
-199,-287,1,0
-199,-237,3,0
-199,-236,2,0
-199,-233,1,0
-199,-181,1,0
-198,-486,1,0
-198,-480,1,0
-198,-479,1,0
-198,-461,1,0
-198,-456,1,0
-198,-451,1,0
-198,-449,1,0
-198,-445,1,0
-198,-443,4,0
-198,-442,1,0
-198,-441,1,0
-198,-440,2,0
-198,-439,1,0
-198,-438,1,0
-198,-423,1,0
-198,-416,1,0
-198,-409,1,0
-198,-405,3,0
-198,-386,1,0
-198,-385,2,0
-198,-383,1,0
-198,-381,1,0
-198,-377,1,0
-198,-373,1,0
-198,-367,3,0
-198,-366,2,0
-198,-365,6,0
-198,-364,2,0
-198,-359,1,0
-198,-356,1,0
-198,-354,1,0
-198,-353,2,0
-198,-352,8,0
-198,-350,3,0
-198,-345,1,0
-198,-326,1,0
-198,-325,2,0
-198,-324,2,0
-198,-323,1,0
-198,-321,1,0
-198,-320,1,0
-198,-318,1,0
-198,-309,1,0
-198,-307,2,0
-198,-306,2,0
-198,-300,2,0
-198,-298,1,0
-198,-291,2,0
-198,-289,1,0
-198,-286,2,0
-198,-284,1,0
-198,-278,1,0
-198,-256,1,0
-198,-246,1,0
-198,-237,1,0
-198,-228,1,0
-197,-497,1,0
-197,-475,1,0
-197,-474,1,0
-197,-462,1,0
-197,-455,2,0
-197,-454,1,0
-197,-452,1,0
-197,-445,1,0
-197,-441,2,0
-197,-440,4,0
-197,-438,1,0
-197,-423,1,0
-197,-421,1,0
-197,-417,1,0
-197,-405,2,0
-197,-389,1,0
-197,-385,1,0
-197,-378,1,0
-197,-374,1,0
-197,-368,4,0
-197,-367,11,1
-197,-366,16,1
-197,-365,8,0
-197,-364,4,0
-197,-351,1,0
-197,-349,1,0
-197,-347,1,0
-197,-346,2,0
-197,-345,1,0
-197,-344,1,0
-197,-334,2,0
-197,-331,1,0
-197,-330,2,0
-197,-329,2,0
-197,-328,1,0
-197,-326,1,0
-197,-325,6,0
-197,-312,1,0
-197,-306,1,0
-197,-288,4,0
-197,-278,1,0
-197,-243,1,0
-197,-158,2,0
-196,-530,1,0
-196,-528,1,0
-196,-505,1,0
-196,-498,1,0
-196,-460,1,0
-196,-450,1,0
-196,-441,2,0
-196,-440,1,0
-196,-435,1,0
-196,-427,1,0
-196,-423,2,0
-196,-422,1,0
-196,-419,2,0
-196,-392,2,0
-196,-382,1,0
-196,-379,1,0
-196,-369,1,0
-196,-367,3,0
-196,-365,1,0
-196,-364,1,0
-196,-362,1,0
-196,-361,1,0
-196,-350,1,0
-196,-342,1,0
-196,-338,2,0
-196,-336,2,0
-196,-334,1,0
-196,-333,1,0
-196,-332,1,0
-196,-330,1,0
-196,-329,2,0
-196,-328,10,1
-196,-326,10,1
-196,-325,2,0
-196,-303,1,0
-196,-288,7,0
-196,-287,1,0
-196,-281,1,0
-196,-280,1,0
-196,-279,1,0
-196,-161,1,0
-195,-528,1,0
-195,-509,1,0
-195,-473,1,0
-195,-459,3,0
-195,-447,1,0
-195,-442,1,0
-195,-441,1,0
-195,-440,1,0
-195,-437,1,0
-195,-433,1,0
-195,-424,2,0
-195,-419,1,0
-195,-404,3,0
-195,-399,3,0
-195,-395,2,0
-195,-369,1,0
-195,-367,1,0
-195,-365,2,0
-195,-347,1,0
-195,-346,1,0
-195,-329,3,0
-195,-328,10,1
-195,-327,25,1
-195,-326,23,1
-195,-325,1,0
-195,-324,1,0
-195,-303,1,0
-195,-292,2,0
-195,-288,1,0
-195,-287,1,0
-195,-279,1,0
-194,-531,1,0
-194,-528,2,0
-194,-527,1,0
-194,-510,1,0
-194,-509,1,0
-194,-500,1,0
-194,-499,1,0
-194,-495,1,0
-194,-472,1,0
-194,-468,1,0
-194,-463,3,0
-194,-462,1,0
-194,-456,1,0
-194,-453,1,0
-194,-449,1,0
-194,-448,1,0
-194,-445,1,0
-194,-442,2,0
-194,-441,1,0
-194,-437,2,0
-194,-427,1,0
-194,-419,1,0
-194,-404,1,0
-194,-372,1,0
-194,-360,1,0
-194,-349,1,0
-194,-348,1,0
-194,-347,1,0
-194,-345,2,0
-194,-336,1,0
-194,-332,1,0
-194,-331,1,0
-194,-330,1,0
-194,-329,1,0
-194,-328,25,1
-194,-327,24,1
-194,-326,2,0
-194,-325,7,0
-194,-324,1,0
-194,-302,1,0
-194,-285,1,0
-194,-275,1,0
-194,-258,1,0
-194,-257,2,0
-194,-255,1,0
-194,-248,1,0
-194,-246,1,0
-194,-221,1,0
-194,-209,1,0
-194,-177,1,0
-193,-505,1,0
-193,-500,1,0
-193,-493,1,0
-193,-475,1,0
-193,-464,1,0
-193,-454,1,0
-193,-450,1,0
-193,-449,1,0
-193,-443,1,0
-193,-436,2,0
-193,-434,1,0
-193,-425,1,0
-193,-407,1,0
-193,-403,1,0
-193,-393,2,0
-193,-378,1,0
-193,-365,1,0
-193,-362,1,0
-193,-330,2,0
-193,-329,9,0
-193,-328,27,1
-193,-327,20,1
-193,-326,4,0
-193,-322,1,0
-193,-307,2,0
-193,-303,2,0
-193,-291,1,0
-193,-282,1,0
-193,-279,1,0
-193,-271,1,0
-193,-270,1,0
-193,-269,3,0
-193,-268,1,0
-193,-267,1,0
-193,-266,1,0
-193,-265,1,0
-193,-259,1,0
-193,-258,2,0
-193,-257,1,0
-193,-256,1,0
-193,-254,1,0
-193,-249,1,0
-193,-246,1,0
-193,-242,1,0
-193,-235,1,0
-192,-526,1,0
-192,-501,1,0
-192,-495,1,0
-192,-475,4,0
-192,-466,1,0
-192,-464,1,0
-192,-454,2,0
-192,-443,1,0
-192,-436,2,0
-192,-435,2,0
-192,-434,1,0
-192,-427,1,0
-192,-423,1,0
-192,-422,1,0
-192,-412,1,0
-192,-411,1,0
-192,-409,1,0
-192,-408,1,0
-192,-403,1,0
-192,-393,2,0
-192,-392,1,0
-192,-378,2,0
-192,-371,1,0
-192,-368,1,0
-192,-367,2,0
-192,-365,2,0
-192,-348,3,0
-192,-344,1,0
-192,-331,1,0
-192,-330,1,0
-192,-329,9,0
-192,-328,11,1
-192,-327,7,0
-192,-324,1,0
-192,-321,1,0
-192,-306,1,0
-192,-303,1,0
-192,-289,1,0
-192,-279,1,0
-192,-271,1,0
-192,-268,1,0
-192,-267,1,0
-192,-182,1,0
-192,-178,1,0
-191,-534,1,0
-191,-528,1,0
-191,-440,1,0
-191,-438,1,0
-191,-437,2,0
-191,-436,1,0
-191,-434,1,0
-191,-426,1,0
-191,-405,2,0
-191,-392,3,0
-191,-391,3,0
-191,-389,1,0
-191,-381,1,0
-191,-368,2,0
-191,-366,3,0
-191,-365,1,0
-191,-354,1,0
-191,-348,2,0
-191,-332,2,0
-191,-331,1,0
-191,-329,2,0
-191,-328,5,0
-191,-327,3,0
-191,-326,3,0
-191,-325,1,0
-191,-310,1,0
-191,-308,1,0
-191,-307,1,0
-191,-303,1,0
-191,-293,2,0
-191,-281,2,0
-191,-280,4,0
-191,-157,1,0
-190,-477,1,0
-190,-435,1,0
-190,-434,1,0
-190,-431,2,0
-190,-428,1,0
-190,-426,4,0
-190,-421,1,0
-190,-406,1,0
-190,-402,1,0
-190,-394,1,0
-190,-392,5,0
-190,-391,5,0
-190,-390,1,0
-190,-368,2,0
-190,-367,6,0
-190,-356,1,0
-190,-347,1,0
-190,-344,2,0
-190,-343,1,0
-190,-335,1,0
-190,-329,2,0
-190,-328,2,0
-190,-327,2,0
-190,-307,3,0
-190,-306,2,0
-190,-281,2,0
-190,-274,3,0
-190,-265,1,0
-190,-248,1,0
-190,-238,1,0
-190,-173,1,0
-190,-164,1,0
-190,-163,1,0
-190,-160,1,0
-189,-533,1,0
-189,-529,1,0
-189,-528,2,0
-189,-514,1,0
-189,-504,1,0
-189,-489,1,0
-189,-480,1,0
-189,-459,1,0
-189,-458,3,0
-189,-457,1,0
-189,-434,1,0
-189,-430,4,0
-189,-429,8,0
-189,-428,4,0
-189,-427,4,0
-189,-426,1,0
-189,-413,1,0
-189,-401,1,0
-189,-393,2,0
-189,-391,1,0
-189,-369,2,0
-189,-368,10,1
-189,-367,7,0
-189,-366,3,0
-189,-365,1,0
-189,-356,1,0
-189,-350,1,0
-189,-349,2,0
-189,-333,1,0
-189,-308,1,0
-189,-307,7,0
-189,-306,1,0
-189,-305,2,0
-189,-304,1,0
-189,-293,1,0
-189,-281,1,0
-189,-277,1,0
-189,-275,2,0
-189,-272,1,0
-189,-268,1,0
-189,-260,1,0
-189,-246,1,0
-188,-534,1,0
-188,-530,1,0
-188,-527,1,0
-188,-526,1,0
-188,-506,1,0
-188,-493,1,0
-188,-491,1,0
-188,-469,1,0
-188,-456,1,0
-188,-432,2,0
-188,-431,6,0
-188,-430,10,1
-188,-429,34,1
-188,-428,1,0
-188,-422,1,0
-188,-416,1,0
-188,-415,3,0
-188,-414,1,0
-188,-413,2,0
-188,-411,1,0
-188,-402,1,0
-188,-394,1,0
-188,-380,1,0
-188,-367,1,0
-188,-357,1,0
-188,-353,5,0
-188,-329,3,0
-188,-314,1,0
-188,-313,1,0
-188,-310,1,0
-188,-308,1,0
-188,-307,2,0
-188,-289,1,0
-188,-285,3,0
-188,-277,1,0
-188,-266,1,0
-188,-240,1,0
-188,-222,1,0
-188,-172,1,0
-188,-171,1,0
-188,-168,1,0
-187,-531,3,0
-187,-530,1,0
-187,-526,1,0
-187,-522,1,0
-187,-509,1,0
-187,-507,1,0
-187,-491,1,0
-187,-490,1,0
-187,-485,1,0
-187,-469,1,0
-187,-459,1,0
-187,-458,3,0
-187,-457,1,0
-187,-431,10,1
-187,-430,22,1
-187,-429,7,0
-187,-428,6,0
-187,-427,3,0
-187,-423,1,0
-187,-417,1,0
-187,-416,1,0
-187,-412,1,0
-187,-397,1,0
-187,-369,1,0
-187,-355,1,0
-187,-354,4,0
-187,-353,16,1
-187,-352,3,0
-187,-351,3,0
-187,-350,2,0
-187,-343,1,0
-187,-342,1,0
-187,-334,1,0
-187,-331,1,0
-187,-330,2,0
-187,-329,1,0
-187,-328,1,0
-187,-303,1,0
-187,-294,1,0
-187,-293,3,0
-187,-292,1,0
-187,-283,1,0
-187,-278,1,0
-187,-274,1,0
-187,-269,1,0
-187,-234,1,0
-187,-224,1,0
-187,-203,1,0
-187,-172,1,0
-187,-170,1,0
-186,-531,2,0
-186,-520,1,0
-186,-502,2,0
-186,-491,1,0
-186,-490,1,0
-186,-476,1,0
-186,-473,1,0
-186,-462,1,0
-186,-459,3,0
-186,-458,5,0
-186,-457,4,0
-186,-431,31,1
-186,-430,20,1
-186,-426,1,0
-186,-425,4,0
-186,-424,5,0
-186,-423,1,0
-186,-418,1,0
-186,-412,1,0
-186,-396,1,0
-186,-390,1,0
-186,-386,1,0
-186,-366,2,0
-186,-354,2,0
-186,-353,1,0
-186,-352,1,0
-186,-351,2,0
-186,-345,1,0
-186,-331,1,0
-186,-330,2,0
-186,-328,1,0
-186,-322,1,0
-186,-315,1,0
-186,-304,1,0
-186,-294,5,0
-186,-293,2,0
-186,-274,1,0
-186,-273,1,0
-186,-269,2,0
-186,-268,9,0
-186,-267,9,0
-186,-266,5,0
-186,-262,1,0
-186,-255,1,0
-186,-240,1,0
-186,-232,1,0
-186,-229,1,0
-186,-173,2,0
-186,-166,1,0
-185,-533,1,0
-185,-532,2,0
-185,-531,13,1
-185,-513,1,0
-185,-477,1,0
-185,-469,2,0
-185,-468,1,0
-185,-462,1,0
-185,-461,1,0
-185,-460,2,0
-185,-459,9,0
-185,-458,9,0
-185,-455,1,0
-185,-431,2,0
-185,-430,1,0
-185,-424,1,0
-185,-422,1,0
-185,-421,1,0
-185,-419,1,0
-185,-417,1,0
-185,-400,2,0
-185,-397,1,0
-185,-389,1,0
-185,-383,1,0
-185,-382,2,0
-185,-374,1,0
-185,-367,2,0
-185,-355,2,0
-185,-354,2,0
-185,-351,1,0
-185,-349,1,0
-185,-331,2,0
-185,-319,1,0
-185,-296,1,0
-185,-295,1,0
-185,-294,11,1
-185,-293,5,0
-185,-284,1,0
-185,-274,1,0
-185,-273,1,0
-185,-268,7,0
-185,-267,11,1
-185,-266,9,0
-185,-263,2,0
-185,-262,1,0
-185,-261,1,0
-185,-255,1,0
-185,-247,2,0
-185,-233,1,0
-185,-178,1,0
-185,-175,1,0
-185,-173,3,0
-185,-163,1,0
-185,-154,1,0
-184,-532,1,0
-184,-531,3,0
-184,-516,2,0
-184,-515,2,0
-184,-514,4,0
-184,-513,2,0
-184,-506,1,0
-184,-503,1,0
-184,-491,1,0
-184,-482,1,0
-184,-476,1,0
-184,-462,1,0
-184,-461,1,0
-184,-460,5,0
-184,-459,8,0
-184,-458,6,0
-184,-457,4,0
-184,-456,1,0
-184,-446,1,0
-184,-433,1,0
-184,-432,1,0
-184,-425,1,0
-184,-420,2,0
-184,-418,1,0
-184,-417,1,0
-184,-416,1,0
-184,-413,5,0
-184,-412,1,0
-184,-400,4,0
-184,-366,1,0
-184,-361,1,0
-184,-352,1,0
-184,-327,1,0
-184,-316,1,0
-184,-296,1,0
-184,-295,3,0
-184,-294,5,0
-184,-284,1,0
-184,-281,1,0
-184,-274,2,0
-184,-268,1,0
-184,-260,1,0
-184,-259,1,0
-184,-258,1,0
-184,-247,14,1
-184,-246,4,0
-184,-245,1,0
-184,-244,1,0
-184,-199,1,0
-184,-176,1,0
-184,-172,1,0
-183,-536,2,0
-183,-534,1,0
-183,-533,2,0
-183,-532,1,0
-183,-524,1,0
-183,-519,1,0
-183,-516,3,0
-183,-515,5,0
-183,-514,7,0
-183,-499,1,0
-183,-476,2,0
-183,-474,2,0
-183,-468,1,0
-183,-466,1,0
-183,-462,1,0
-183,-461,2,0
-183,-460,1,0
-183,-459,1,0
-183,-458,1,0
-183,-454,1,0
-183,-447,2,0
-183,-434,1,0
-183,-424,1,0
-183,-421,1,0
-183,-419,2,0
-183,-416,1,0
-183,-415,5,0
-183,-414,2,0
-183,-401,1,0
-183,-400,5,0
-183,-399,1,0
-183,-391,1,0
-183,-389,1,0
-183,-370,4,0
-183,-369,8,0
-183,-367,1,0
-183,-346,1,0
-183,-342,1,0
-183,-341,1,0
-183,-331,1,0
-183,-322,1,0
-183,-294,1,0
-183,-288,1,0
-183,-277,1,0
-183,-274,3,0
-183,-272,1,0
-183,-270,1,0
-183,-261,1,0
-183,-249,1,0
-183,-248,7,0
-183,-247,12,1
-183,-246,2,0
-183,-240,1,0
-183,-195,1,0
-183,-183,1,0
-183,-162,1,0
-182,-536,1,0
-182,-534,2,0
-182,-533,1,0
-182,-527,1,0
-182,-522,1,0
-182,-521,1,0
-182,-515,10,1
-182,-514,9,0
-182,-502,1,0
-182,-500,1,0
-182,-487,1,0
-182,-486,1,0
-182,-476,3,0
-182,-469,1,0
-182,-468,1,0
-182,-466,1,0
-182,-462,2,0
-182,-460,1,0
-182,-441,1,0
-182,-434,1,0
-182,-432,1,0
-182,-425,1,0
-182,-423,1,0
-182,-416,4,0
-182,-415,4,0
-182,-414,11,1
-182,-413,1,0
-182,-412,1,0
-182,-410,1,0
-182,-402,1,0
-182,-400,1,0
-182,-387,3,0
-182,-384,1,0
-182,-376,1,0
-182,-375,1,0
-182,-370,1,0
-182,-369,6,0
-182,-368,6,0
-182,-367,7,0
-182,-343,2,0
-182,-342,2,0
-182,-331,1,0
-182,-327,1,0
-182,-319,1,0
-182,-294,1,0
-182,-289,1,0
-182,-270,1,0
-182,-267,1,0
-182,-249,4,0
-182,-248,8,0
-182,-247,14,1
-182,-246,5,0
-182,-178,1,0
-182,-177,2,0
-182,-172,1,0
-181,-523,1,0
-181,-522,1,0
-181,-516,5,0
-181,-515,10,1
-181,-514,14,1
-181,-500,1,0
-181,-486,1,0
-181,-485,1,0
-181,-481,1,0
-181,-469,1,0
-181,-423,1,0
-181,-421,1,0
-181,-415,5,0
-181,-414,9,0
-181,-413,1,0
-181,-400,1,0
-181,-399,1,0
-181,-390,1,0
-181,-385,1,0
-181,-384,1,0
-181,-381,1,0
-181,-375,1,0
-181,-373,1,0
-181,-369,1,0
-181,-367,1,0
-181,-354,1,0
-181,-351,1,0
-181,-337,1,0
-181,-333,2,0
-181,-331,2,0
-181,-328,6,0
-181,-321,1,0
-181,-317,3,0
-181,-294,2,0
-181,-281,1,0
-181,-274,1,0
-181,-264,1,0
-181,-259,1,0
-181,-255,1,0
-181,-246,2,0
-181,-233,1,0
-181,-197,1,0
-181,-193,1,0
-181,-178,1,0
-180,-529,1,0
-180,-520,1,0
-180,-515,3,0
-180,-514,7,0
-180,-513,4,0
-180,-511,1,0
-180,-491,1,0
-180,-486,1,0
-180,-482,1,0
-180,-477,1,0
-180,-464,1,0
-180,-461,1,0
-180,-460,1,0
-180,-431,1,0
-180,-421,1,0
-180,-419,1,0
-180,-418,1,0
-180,-415,2,0
-180,-414,2,0
-180,-413,5,0
-180,-412,1,0
-180,-407,1,0
-180,-400,1,0
-180,-391,2,0
-180,-390,1,0
-180,-389,1,0
-180,-388,3,0
-180,-387,8,0
-180,-385,2,0
-180,-375,2,0
-180,-374,4,0
-180,-372,1,0
-180,-371,1,0
-180,-368,1,0
-180,-357,2,0
-180,-354,1,0
-180,-334,4,0
-180,-333,3,0
-180,-331,2,0
-180,-329,1,0
-180,-328,10,1
-180,-327,8,0
-180,-325,4,0
-180,-323,1,0
-180,-322,1,0
-180,-321,1,0
-180,-318,3,0
-180,-300,1,0
-180,-294,1,0
-180,-293,1,0
-180,-291,1,0
-180,-279,1,0
-180,-244,1,0
-180,-231,1,0
-180,-192,1,0
-180,-189,1,0
-180,-182,1,0
-180,-154,1,0
-179,-520,3,0
-179,-514,2,0
-179,-513,1,0
-179,-505,1,0
-179,-487,1,0
-179,-467,1,0
-179,-425,1,0
-179,-418,1,0
-179,-415,1,0
-179,-413,2,0
-179,-400,2,0
-179,-391,4,0
-179,-390,12,1
-179,-389,10,1
-179,-388,2,0
-179,-387,18,1
-179,-386,3,0
-179,-374,2,0
-179,-372,2,0
-179,-357,7,0
-179,-356,3,0
-179,-342,1,0
-179,-338,1,0
-179,-334,10,1
-179,-333,2,0
-179,-332,1,0
-179,-331,8,0
-179,-330,5,0
-179,-329,3,0
-179,-328,16,1
-179,-327,16,1
-179,-326,5,0
-179,-325,1,0
-179,-324,1,0
-179,-323,1,0
-179,-318,1,0
-179,-295,1,0
-179,-292,3,0
-179,-271,1,0
-179,-267,1,0
-179,-266,1,0
-179,-262,1,0
-179,-258,1,0
-179,-254,1,0
-179,-251,2,0
-179,-247,1,0
-179,-230,1,0
-179,-188,1,0
-178,-520,3,0
-178,-490,1,0
-178,-485,1,0
-178,-481,1,0
-178,-477,1,0
-178,-473,1,0
-178,-467,2,0
-178,-465,2,0
-178,-430,1,0
-178,-428,1,0
-178,-426,1,0
-178,-417,2,0
-178,-415,1,0
-178,-413,1,0
-178,-410,1,0
-178,-409,2,0
-178,-407,1,0
-178,-389,3,0
-178,-388,14,1
-178,-387,9,0
-178,-386,7,0
-178,-381,1,0
-178,-378,1,0
-178,-372,2,0
-178,-369,3,0
-178,-368,1,0
-178,-356,2,0
-178,-355,1,0
-178,-351,1,0
-178,-339,1,0
-178,-336,1,0
-178,-335,2,0
-178,-333,3,0
-178,-331,5,0
-178,-330,5,0
-178,-329,10,1
-178,-328,14,1
-178,-327,2,0
-178,-326,1,0
-178,-325,1,0
-178,-318,1,0
-178,-307,1,0
-178,-293,5,0
-178,-292,2,0
-178,-291,1,0
-178,-289,1,0
-178,-272,1,0
-178,-271,2,0
-178,-269,1,0
-178,-254,1,0
-178,-253,1,0
-178,-249,1,0
-178,-248,1,0
-178,-238,1,0
-178,-230,1,0
-178,-192,1,0
-178,-191,2,0
-178,-185,1,0
-177,-506,1,0
-177,-502,1,0
-177,-482,1,0
-177,-473,1,0
-177,-467,1,0
-177,-465,2,0
-177,-431,3,0
-177,-430,3,0
-177,-423,1,0
-177,-417,1,0
-177,-408,1,0
-177,-400,1,0
-177,-399,5,0
-177,-392,1,0
-177,-388,1,0
-177,-387,2,0
-177,-386,3,0
-177,-373,1,0
-177,-372,3,0
-177,-371,4,0
-177,-361,1,0
-177,-350,1,0
-177,-336,1,0
-177,-335,1,0
-177,-334,3,0
-177,-328,3,0
-177,-327,4,0
-177,-326,1,0
-177,-308,3,0
-177,-305,1,0
-177,-304,1,0
-177,-295,1,0
-177,-294,2,0
-177,-293,15,1
-177,-292,8,0
-177,-289,1,0
-177,-274,1,0
-177,-273,1,0
-177,-271,1,0
-177,-241,1,0
-177,-230,2,0
-177,-196,1,0
-177,-181,1,0
-177,-164,1,0
-177,-163,2,0
-176,-516,1,0
-176,-510,1,0
-176,-509,2,0
-176,-495,1,0
-176,-489,3,0
-176,-487,1,0
-176,-484,1,0
-176,-483,3,0
-176,-477,1,0
-176,-473,1,0
-176,-466,1,0
-176,-465,7,0
-176,-464,1,0
-176,-462,1,0
-176,-434,1,0
-176,-430,1,0
-176,-426,1,0
-176,-411,2,0
-176,-410,1,0
-176,-399,3,0
-176,-371,10,1
-176,-370,1,0
-176,-357,1,0
-176,-353,1,0
-176,-350,1,0
-176,-349,2,0
-176,-341,1,0
-176,-335,2,0
-176,-328,2,0
-176,-326,1,0
-176,-325,2,0
-176,-309,1,0
-176,-308,2,0
-176,-307,2,0
-176,-302,1,0
-176,-299,2,0
-176,-298,1,0
-176,-296,3,0
-176,-295,1,0
-176,-293,2,0
-176,-289,1,0
-176,-276,4,0
-176,-256,1,0
-176,-229,2,0
-176,-176,1,0
-176,-164,1,0
-175,-529,1,0
-175,-522,1,0
-175,-520,1,0
-175,-508,1,0
-175,-489,1,0
-175,-483,2,0
-175,-467,1,0
-175,-466,4,0
-175,-465,7,0
-175,-464,1,0
-175,-463,1,0
-175,-459,1,0
-175,-436,1,0
-175,-431,1,0
-175,-429,1,0
-175,-422,1,0
-175,-411,1,0
-175,-410,1,0
-175,-406,1,0
-175,-405,1,0
-175,-404,1,0
-175,-400,1,0
-175,-399,1,0
-175,-378,1,0
-175,-372,1,0
-175,-371,21,1
-175,-370,3,0
-175,-369,2,0
-175,-357,2,0
-175,-356,1,0
-175,-353,1,0
-175,-350,1,0
-175,-349,1,0
-175,-343,1,0
-175,-341,1,0
-175,-336,1,0
-175,-319,1,0
-175,-304,2,0
-175,-297,2,0
-175,-295,1,0
-175,-292,2,0
-175,-276,2,0
-175,-254,1,0
-175,-238,1,0
-175,-183,1,0
-175,-175,1,0
-175,-151,1,0
-174,-527,1,0
-174,-520,3,0
-174,-507,3,0
-174,-506,2,0
-174,-505,1,0
-174,-495,1,0
-174,-483,1,0
-174,-466,10,1
-174,-465,23,1
-174,-463,3,0
-174,-460,1,0
-174,-459,1,0
-174,-458,1,0
-174,-442,1,0
-174,-438,1,0
-174,-423,1,0
-174,-422,2,0
-174,-417,1,0
-174,-410,4,0
-174,-409,1,0
-174,-408,1,0
-174,-403,1,0
-174,-378,2,0
-174,-377,1,0
-174,-376,1,0
-174,-373,1,0
-174,-372,2,0
-174,-371,11,1
-174,-370,13,1
-174,-366,1,0
-174,-365,1,0
-174,-360,2,0
-174,-358,2,0
-174,-353,1,0
-174,-346,1,0
-174,-342,1,0
-174,-339,1,0
-174,-337,1,0
-174,-335,1,0
-174,-331,1,0
-174,-325,1,0
-174,-323,1,0
-174,-300,1,0
-174,-297,1,0
-174,-293,1,0
-174,-288,1,0
-174,-276,1,0
-174,-254,1,0
-174,-247,1,0
-174,-230,1,0
-174,-228,1,0
-174,-196,1,0
-174,-187,2,0
-174,-179,1,0
-174,-175,1,0
-174,-172,1,0
-174,-160,2,0
-173,-522,3,0
-173,-506,1,0
-173,-497,1,0
-173,-495,1,0
-173,-481,1,0
-173,-467,1,0
-173,-466,5,0
-173,-465,2,0
-173,-460,1,0
-173,-429,1,0
-173,-425,1,0
-173,-424,2,0
-173,-423,1,0
-173,-415,1,0
-173,-414,1,0
-173,-410,1,0
-173,-409,3,0
-173,-405,1,0
-173,-402,1,0
-173,-399,3,0
-173,-394,1,0
-173,-385,1,0
-173,-381,1,0
-173,-378,1,0
-173,-372,1,0
-173,-371,2,0
-173,-370,1,0
-173,-361,1,0
-173,-360,2,0
-173,-359,5,0
-173,-351,1,0
-173,-343,1,0
-173,-336,1,0
-173,-329,1,0
-173,-328,2,0
-173,-323,1,0
-173,-301,1,0
-173,-295,1,0
-173,-279,1,0
-173,-255,2,0
-173,-254,1,0
-173,-230,1,0
-173,-216,1,0
-173,-152,1,0
-172,-527,3,0
-172,-526,1,0
-172,-522,1,0
-172,-514,1,0
-172,-511,1,0
-172,-508,1,0
-172,-505,1,0
-172,-504,1,0
-172,-503,1,0
-172,-502,1,0
-172,-497,1,0
-172,-495,2,0
-172,-492,2,0
-172,-483,3,0
-172,-481,2,0
-172,-477,1,0
-172,-467,2,0
-172,-466,2,0
-172,-465,2,0
-172,-464,1,0
-172,-429,1,0
-172,-426,1,0
-172,-413,1,0
-172,-412,3,0
-172,-411,2,0
-172,-410,4,0
-172,-409,9,0
-172,-405,2,0
-172,-404,1,0
-172,-403,1,0
-172,-402,1,0
-172,-401,1,0
-172,-400,1,0
-172,-398,1,0
-172,-360,10,1
-172,-359,3,0
-172,-358,2,0
-172,-353,1,0
-172,-336,1,0
-172,-335,2,0
-172,-331,1,0
-172,-323,1,0
-172,-321,1,0
-172,-320,2,0
-172,-309,1,0
-172,-307,1,0
-172,-305,1,0
-172,-284,2,0
-172,-256,1,0
-172,-255,1,0
-172,-250,1,0
-172,-246,1,0
-172,-239,1,0
-172,-238,2,0
-172,-227,1,0
-172,-206,1,0
-171,-533,1,0
-171,-529,6,0
-171,-528,23,1
-171,-527,3,0
-171,-503,3,0
-171,-501,1,0
-171,-497,4,0
-171,-496,20,1
-171,-495,22,1
-171,-494,1,0
-171,-489,1,0
-171,-484,1,0
-171,-467,3,0
-171,-465,3,0
-171,-462,2,0
-171,-459,2,0
-171,-428,1,0
-171,-426,1,0
-171,-414,1,0
-171,-413,2,0
-171,-409,7,0
-171,-407,1,0
-171,-406,1,0
-171,-405,1,0
-171,-398,1,0
-171,-397,1,0
-171,-396,2,0
-171,-391,4,0
-171,-390,1,0
-171,-382,1,0
-171,-360,1,0
-171,-358,1,0
-171,-357,1,0
-171,-354,1,0
-171,-353,1,0
-171,-349,1,0
-171,-338,1,0
-171,-336,3,0
-171,-332,1,0
-171,-331,1,0
-171,-326,1,0
-171,-311,1,0
-171,-309,1,0
-171,-308,1,0
-171,-302,1,0
-171,-297,1,0
-171,-292,1,0
-171,-284,1,0
-171,-283,1,0
-171,-273,1,0
-171,-257,2,0
-171,-256,6,0
-171,-255,2,0
-171,-254,3,0
-171,-245,1,0
-171,-243,2,0
-171,-242,1,0
-171,-240,1,0
-171,-176,1,0
-171,-169,1,0
-171,-155,1,0
-171,-154,1,0
-171,-152,1,0
-170,-529,9,0
-170,-528,14,1
-170,-527,1,0
-170,-526,1,0
-170,-521,1,0
-170,-508,1,0
-170,-500,1,0
-170,-499,1,0
-170,-497,5,0
-170,-496,28,1
-170,-495,31,1
-170,-493,1,0
-170,-490,1,0
-170,-485,1,0
-170,-483,1,0
-170,-478,2,0
-170,-477,1,0
-170,-475,1,0
-170,-473,1,0
-170,-468,2,0
-170,-465,2,0
-170,-462,2,0
-170,-461,1,0
-170,-459,1,0
-170,-452,1,0
-170,-448,1,0
-170,-440,2,0
-170,-439,1,0
-170,-436,1,0
-170,-434,1,0
-170,-433,1,0
-170,-414,1,0
-170,-409,5,0
-170,-400,1,0
-170,-398,1,0
-170,-397,3,0
-170,-396,3,0
-170,-395,1,0
-170,-388,1,0
-170,-386,1,0
-170,-385,1,0
-170,-384,3,0
-170,-369,1,0
-170,-367,1,0
-170,-356,2,0
-170,-353,1,0
-170,-336,5,0
-170,-335,1,0
-170,-333,4,0
-170,-332,2,0
-170,-326,3,0
-170,-325,3,0
-170,-324,2,0
-170,-311,1,0
-170,-306,1,0
-170,-299,1,0
-170,-297,2,0
-170,-295,1,0
-170,-283,1,0
-170,-257,1,0
-170,-256,3,0
-170,-255,3,0
-170,-254,1,0
-170,-253,2,0
-170,-252,1,0
-170,-231,1,0
-170,-229,1,0
-170,-201,1,0
-170,-178,1,0
-170,-174,3,0
-170,-173,3,0
-170,-172,3,0
-170,-159,1,0
-170,-155,1,0
-170,-154,3,0
-169,-531,1,0
-169,-530,1,0
-169,-529,1,0
-169,-527,2,0
-169,-524,1,0
-169,-521,1,0
-169,-505,1,0
-169,-497,10,1
-169,-496,8,0
-169,-495,2,0
-169,-494,3,0
-169,-486,1,0
-169,-483,1,0
-169,-482,1,0
-169,-479,1,0
-169,-458,1,0
-169,-457,1,0
-169,-456,1,0
-169,-454,1,0
-169,-440,3,0
-169,-435,4,0
-169,-434,1,0
-169,-409,4,0
-169,-408,1,0
-169,-404,1,0
-169,-398,5,0
-169,-397,1,0
-169,-396,1,0
-169,-395,1,0
-169,-394,1,0
-169,-393,1,0
-169,-391,1,0
-169,-390,2,0
-169,-388,1,0
-169,-386,1,0
-169,-385,5,0
-169,-384,4,0
-169,-367,2,0
-169,-366,3,0
-169,-365,2,0
-169,-352,3,0
-169,-349,1,0
-169,-336,8,0
-169,-335,5,0
-169,-334,6,0
-169,-333,6,0
-169,-332,5,0
-169,-329,5,0
-169,-327,3,0
-169,-326,5,0
-169,-315,1,0
-169,-306,1,0
-169,-296,1,0
-169,-294,1,0
-169,-293,1,0
-169,-292,1,0
-169,-286,1,0
-169,-282,1,0
-169,-280,1,0
-169,-272,1,0
-169,-271,1,0
-169,-258,1,0
-169,-255,1,0
-169,-173,4,0
-169,-172,12,1
-169,-171,5,0
-169,-170,1,0
-169,-161,1,0
-169,-159,1,0
-169,-158,3,0
-169,-157,2,0
-169,-156,1,0
-169,-155,2,0
-169,-154,2,0
-169,-153,2,0
-169,-152,1,0
-169,-151,2,0
-168,-529,1,0
-168,-520,1,0
-168,-496,3,0
-168,-495,3,0
-168,-494,1,0
-168,-493,2,0
-168,-492,2,0
-168,-485,1,0
-168,-483,2,0
-168,-482,1,0
-168,-480,1,0
-168,-479,1,0
-168,-462,1,0
-168,-435,2,0
-168,-418,1,0
-168,-398,3,0
-168,-397,3,0
-168,-396,1,0
-168,-383,1,0
-168,-376,1,0
-168,-369,3,0
-168,-368,1,0
-168,-367,2,0
-168,-366,2,0
-168,-365,2,0
-168,-338,1,0
-168,-337,1,0
-168,-336,12,1
-168,-335,3,0
-168,-331,5,0
-168,-330,11,1
-168,-329,18,1
-168,-328,8,0
-168,-327,26,1
-168,-326,10,1
-168,-325,2,0
-168,-311,1,0
-168,-301,1,0
-168,-298,1,0
-168,-287,1,0
-168,-286,6,0
-168,-285,5,0
-168,-284,3,0
-168,-272,1,0
-168,-271,2,0
-168,-244,1,0
-168,-243,1,0
-168,-210,1,0
-168,-208,1,0
-168,-200,1,0
-168,-199,1,0
-168,-174,3,0
-168,-173,4,0
-168,-172,5,0
-168,-171,7,0
-168,-160,1,0
-168,-159,1,0
-167,-534,1,0
-167,-527,2,0
-167,-526,1,0
-167,-524,1,0
-167,-520,1,0
-167,-509,1,0
-167,-508,1,0
-167,-496,1,0
-167,-495,3,0
-167,-492,2,0
-167,-491,2,0
-167,-487,1,0
-167,-483,7,0
-167,-482,2,0
-167,-470,1,0
-167,-469,1,0
-167,-464,1,0
-167,-462,1,0
-167,-458,2,0
-167,-446,1,0
-167,-445,1,0
-167,-439,2,0
-167,-426,1,0
-167,-421,2,0
-167,-413,1,0
-167,-407,1,0
-167,-404,1,0
-167,-398,1,0
-167,-369,3,0
-167,-368,6,0
-167,-367,6,0
-167,-366,4,0
-167,-340,1,0
-167,-339,1,0
-167,-336,6,0
-167,-335,2,0
-167,-334,4,0
-167,-331,3,0
-167,-330,6,0
-167,-329,17,1
-167,-328,26,1
-167,-327,40,1
-167,-326,22,1
-167,-325,12,1
-167,-324,10,1
-167,-323,3,0
-167,-322,1,0
-167,-319,1,0
-167,-312,1,0
-167,-293,2,0
-167,-292,1,0
-167,-288,2,0
-167,-287,1,0
-167,-286,2,0
-167,-285,1,0
-167,-280,1,0
-167,-261,1,0
-167,-220,1,0
-167,-212,1,0
-167,-189,1,0
-167,-174,1,0
-167,-171,1,0
-167,-170,2,0
-167,-161,1,0
-167,-159,2,0
-167,-158,2,0
-167,-157,1,0
-167,-156,1,0
-167,-152,1,0
-166,-539,1,0
-166,-527,1,0
-166,-520,1,0
-166,-509,1,0
-166,-497,1,0
-166,-496,2,0
-166,-491,1,0
-166,-483,5,0
-166,-482,7,0
-166,-480,1,0
-166,-474,1,0
-166,-470,4,0
-166,-463,1,0
-166,-461,2,0
-166,-447,2,0
-166,-446,5,0
-166,-445,2,0
-166,-444,1,0
-166,-436,1,0
-166,-432,1,0
-166,-424,1,0
-166,-412,1,0
-166,-410,1,0
-166,-407,1,0
-166,-398,1,0
-166,-397,3,0
-166,-396,1,0
-166,-369,4,0
-166,-368,22,1
-166,-367,10,1
-166,-366,3,0
-166,-330,5,0
-166,-329,3,0
-166,-328,15,1
-166,-327,15,1
-166,-326,11,1
-166,-325,4,0
-166,-324,1,0
-166,-323,4,0
-166,-322,1,0
-166,-318,1,0
-166,-302,1,0
-166,-301,1,0
-166,-299,1,0
-166,-292,2,0
-166,-244,1,0
-166,-227,1,0
-166,-181,1,0
-166,-171,1,0
-166,-169,1,0
-166,-157,1,0
-166,-156,1,0
-166,-154,1,0
-166,-151,1,0
-165,-530,1,0
-165,-528,2,0
-165,-527,1,0
-165,-520,1,0
-165,-519,2,0
-165,-509,2,0
-165,-504,1,0
-165,-498,1,0
-165,-492,1,0
-165,-489,1,0
-165,-483,4,0
-165,-482,5,0
-165,-481,1,0
-165,-480,2,0
-165,-473,2,0
-165,-472,1,0
-165,-471,1,0
-165,-469,1,0
-165,-462,1,0
-165,-460,1,0
-165,-458,1,0
-165,-450,1,0
-165,-446,6,0
-165,-445,2,0
-165,-440,4,0
-165,-439,2,0
-165,-433,1,0
-165,-429,2,0
-165,-422,1,0
-165,-397,1,0
-165,-380,1,0
-165,-369,1,0
-165,-368,1,0
-165,-365,2,0
-165,-364,1,0
-165,-342,1,0
-165,-336,1,0
-165,-335,2,0
-165,-334,1,0
-165,-332,1,0
-165,-330,2,0
-165,-329,5,0
-165,-328,3,0
-165,-327,6,0
-165,-326,7,0
-165,-325,6,0
-165,-324,2,0
-165,-323,2,0
-165,-312,3,0
-165,-311,1,0
-165,-307,3,0
-165,-302,1,0
-165,-298,1,0
-165,-296,1,0
-165,-295,1,0
-165,-294,1,0
-165,-293,2,0
-165,-292,1,0
-165,-270,1,0
-165,-260,1,0
-165,-244,2,0
-165,-239,1,0
-165,-234,1,0
-165,-231,1,0
-165,-180,1,0
-165,-164,1,0
-165,-160,2,0
-165,-159,2,0
-165,-156,3,0
-165,-155,1,0
-165,-149,1,0
-164,-538,1,0
-164,-517,1,0
-164,-516,1,0
-164,-502,1,0
-164,-501,1,0
-164,-489,1,0
-164,-488,2,0
-164,-484,1,0
-164,-483,9,0
-164,-482,4,0
-164,-479,1,0
-164,-473,3,0
-164,-472,1,0
-164,-470,1,0
-164,-469,3,0
-164,-468,1,0
-164,-467,1,0
-164,-463,1,0
-164,-460,1,0
-164,-459,3,0
-164,-456,1,0
-164,-455,1,0
-164,-447,1,0
-164,-441,2,0
-164,-440,1,0
-164,-439,1,0
-164,-438,5,0
-164,-437,8,0
-164,-436,3,0
-164,-435,1,0
-164,-423,1,0
-164,-420,1,0
-164,-410,2,0
-164,-400,1,0
-164,-397,3,0
-164,-395,1,0
-164,-393,1,0
-164,-392,1,0
-164,-391,1,0
-164,-390,1,0
-164,-389,1,0
-164,-383,2,0
-164,-382,3,0
-164,-381,1,0
-164,-363,1,0
-164,-359,1,0
-164,-348,1,0
-164,-343,1,0
-164,-330,2,0
-164,-329,2,0
-164,-328,1,0
-164,-327,2,0
-164,-326,1,0
-164,-313,2,0
-164,-312,5,0
-164,-311,8,0
-164,-310,2,0
-164,-309,1,0
-164,-308,5,0
-164,-304,1,0
-164,-294,2,0
-164,-293,5,0
-164,-292,10,1
-164,-291,2,0
-164,-290,1,0
-164,-269,5,0
-164,-268,2,0
-164,-239,3,0
-164,-237,1,0
-164,-234,2,0
-164,-201,1,0
-164,-194,1,0
-164,-193,11,1
-164,-192,2,0
-164,-181,1,0
-164,-173,1,0
-164,-159,5,0
-164,-158,1,0
-164,-157,1,0
-164,-156,2,0
-164,-155,3,0
-164,-151,2,0
-164,-150,2,0
-163,-528,1,0
-163,-495,1,0
-163,-493,1,0
-163,-489,2,0
-163,-488,2,0
-163,-485,1,0
-163,-484,4,0
-163,-483,13,1
-163,-482,1,0
-163,-473,5,0
-163,-470,1,0
-163,-469,2,0
-163,-464,1,0
-163,-460,1,0
-163,-434,1,0
-163,-431,1,0
-163,-421,2,0
-163,-420,2,0
-163,-410,1,0
-163,-407,1,0
-163,-403,1,0
-163,-397,2,0
-163,-395,2,0
-163,-393,1,0
-163,-390,1,0
-163,-387,1,0
-163,-383,4,0
-163,-382,7,0
-163,-381,1,0
-163,-375,1,0
-163,-344,2,0
-163,-343,1,0
-163,-337,2,0
-163,-335,2,0
-163,-334,1,0
-163,-333,1,0
-163,-330,1,0
-163,-327,4,0
-163,-319,1,0
-163,-318,1,0
-163,-317,1,0
-163,-313,2,0
-163,-312,2,0
-163,-311,1,0
-163,-308,1,0
-163,-305,2,0
-163,-304,1,0
-163,-294,2,0
-163,-293,7,0
-163,-292,14,1
-163,-291,12,1
-163,-290,1,0
-163,-282,1,0
-163,-269,3,0
-163,-245,1,0
-163,-239,1,0
-163,-233,1,0
-163,-221,1,0
-163,-193,11,1
-163,-192,10,1
-163,-191,1,0
-163,-173,1,0
-163,-162,1,0
-163,-160,1,0
-163,-159,1,0
-163,-158,5,0
-163,-157,3,0
-163,-156,14,1
-163,-155,7,0
-163,-154,2,0
-163,-151,1,0
-162,-528,1,0
-162,-509,1,0
-162,-504,1,0
-162,-485,3,0
-162,-484,4,0
-162,-483,8,0
-162,-478,1,0
-162,-475,1,0
-162,-474,1,0
-162,-473,2,0
-162,-472,2,0
-162,-471,1,0
-162,-470,3,0
-162,-469,2,0
-162,-468,1,0
-162,-459,1,0
-162,-444,1,0
-162,-430,1,0
-162,-420,1,0
-162,-419,1,0
-162,-417,1,0
-162,-413,2,0
-162,-410,2,0
-162,-403,1,0
-162,-396,3,0
-162,-395,3,0
-162,-394,1,0
-162,-393,2,0
-162,-392,2,0
-162,-391,1,0
-162,-382,3,0
-162,-381,1,0
-162,-379,1,0
-162,-376,1,0
-162,-375,1,0
-162,-374,3,0
-162,-368,1,0
-162,-352,1,0
-162,-346,2,0
-162,-345,2,0
-162,-343,1,0
-162,-342,2,0
-162,-336,2,0
-162,-335,2,0
-162,-334,1,0
-162,-333,1,0
-162,-332,1,0
-162,-329,1,0
-162,-328,1,0
-162,-326,2,0
-162,-323,3,0
-162,-321,1,0
-162,-303,1,0
-162,-302,1,0
-162,-294,4,0
-162,-293,5,0
-162,-292,11,1
-162,-291,13,1
-162,-290,4,0
-162,-270,1,0
-162,-269,2,0
-162,-238,1,0
-162,-233,1,0
-162,-231,2,0
-162,-224,1,0
-162,-203,1,0
-162,-197,1,0
-162,-186,1,0
-162,-164,1,0
-162,-159,4,0
-162,-158,13,1
-162,-157,4,0
-162,-156,10,1
-162,-155,4,0
-162,-154,2,0
-162,-153,1,0
-161,-520,1,0
-161,-509,1,0
-161,-484,1,0
-161,-483,7,0
-161,-482,2,0
-161,-480,1,0
-161,-479,2,0
-161,-475,2,0
-161,-474,1,0
-161,-473,1,0
-161,-472,1,0
-161,-470,1,0
-161,-463,2,0
-161,-442,1,0
-161,-430,1,0
-161,-419,2,0
-161,-414,1,0
-161,-413,3,0
-161,-410,4,0
-161,-409,1,0
-161,-408,1,0
-161,-403,2,0
-161,-397,3,0
-161,-395,4,0
-161,-394,1,0
-161,-392,2,0
-161,-375,2,0
-161,-352,5,0
-161,-351,2,0
-161,-350,2,0
-161,-348,2,0
-161,-341,1,0
-161,-336,1,0
-161,-331,1,0
-161,-327,1,0
-161,-324,1,0
-161,-312,1,0
-161,-308,1,0
-161,-301,3,0
-161,-297,1,0
-161,-294,1,0
-161,-291,5,0
-161,-290,1,0
-161,-281,1,0
-161,-269,1,0
-161,-247,1,0
-161,-232,1,0
-161,-209,1,0
-161,-163,1,0
-161,-160,1,0
-161,-159,1,0
-161,-158,6,0
-161,-157,6,0
-161,-156,11,1
-161,-155,6,0
-160,-488,1,0
-160,-483,1,0
-160,-481,2,0
-160,-474,3,0
-160,-473,7,0
-160,-472,2,0
-160,-471,4,0
-160,-470,5,0
-160,-469,5,0
-160,-438,1,0
-160,-412,1,0
-160,-410,3,0
-160,-405,1,0
-160,-400,1,0
-160,-398,1,0
-160,-360,1,0
-160,-357,1,0
-160,-356,1,0
-160,-354,3,0
-160,-353,1,0
-160,-352,8,0
-160,-351,6,0
-160,-350,1,0
-160,-341,2,0
-160,-335,1,0
-160,-308,1,0
-160,-300,1,0
-160,-297,1,0
-160,-291,1,0
-160,-290,3,0
-160,-288,1,0
-160,-266,1,0
-160,-238,1,0
-160,-233,1,0
-160,-228,1,0
-160,-175,1,0
-160,-159,1,0
-160,-158,7,0
-160,-157,10,1
-160,-156,3,0
-160,-155,1,0
-159,-541,1,0
-159,-537,1,0
-159,-528,1,0
-159,-503,1,0
-159,-501,1,0
-159,-483,1,0
-159,-482,1,0
-159,-481,1,0
-159,-479,1,0
-159,-478,1,0
-159,-474,2,0
-159,-473,12,1
-159,-472,16,1
-159,-471,8,0
-159,-470,7,0
-159,-469,3,0
-159,-467,2,0
-159,-466,1,0
-159,-465,1,0
-159,-442,2,0
-159,-419,1,0
-159,-416,1,0
-159,-412,2,0
-159,-411,2,0
-159,-409,4,0
-159,-398,1,0
-159,-389,1,0
-159,-366,1,0
-159,-365,7,0
-159,-364,3,0
-159,-363,3,0
-159,-362,2,0
-159,-359,2,0
-159,-352,5,0
-159,-351,12,1
-159,-346,1,0
-159,-344,1,0
-159,-336,4,0
-159,-335,10,1
-159,-334,1,0
-159,-333,1,0
-159,-327,1,0
-159,-321,1,0
-159,-320,1,0
-159,-300,1,0
-159,-299,2,0
-159,-296,1,0
-159,-295,1,0
-159,-260,1,0
-159,-245,1,0
-159,-241,1,0
-159,-239,2,0
-159,-237,1,0
-159,-236,1,0
-159,-227,1,0
-159,-219,1,0
-159,-203,1,0
-159,-184,1,0
-159,-158,4,0
-159,-157,15,1
-159,-156,1,0
-159,-153,1,0
-158,-542,1,0
-158,-531,1,0
-158,-530,1,0
-158,-504,1,0
-158,-503,1,0
-158,-496,1,0
-158,-494,1,0
-158,-493,2,0
-158,-492,1,0
-158,-485,1,0
-158,-481,1,0
-158,-477,1,0
-158,-475,1,0
-158,-474,1,0
-158,-472,4,0
-158,-471,10,1
-158,-470,11,1
-158,-469,4,0
-158,-468,4,0
-158,-467,3,0
-158,-466,4,0
-158,-465,1,0
-158,-433,2,0
-158,-428,1,0
-158,-425,1,0
-158,-418,1,0
-158,-416,2,0
-158,-412,1,0
-158,-409,3,0
-158,-408,4,0
-158,-398,1,0
-158,-397,1,0
-158,-393,2,0
-158,-388,1,0
-158,-384,1,0
-158,-383,1,0
-158,-381,1,0
-158,-370,1,0
-158,-369,1,0
-158,-368,1,0
-158,-366,1,0
-158,-362,1,0
-158,-361,1,0
-158,-360,1,0
-158,-352,2,0
-158,-351,6,0
-158,-347,1,0
-158,-335,1,0
-158,-334,1,0
-158,-333,1,0
-158,-327,1,0
-158,-323,1,0
-158,-308,1,0
-158,-300,1,0
-158,-298,2,0
-158,-297,1,0
-158,-295,1,0
-158,-287,1,0
-158,-280,1,0
-158,-279,1,0
-158,-262,1,0
-158,-258,1,0
-158,-257,1,0
-158,-256,2,0
-158,-254,1,0
-158,-239,1,0
-158,-238,1,0
-158,-237,2,0
-158,-236,2,0
-158,-232,1,0
-158,-204,1,0
-158,-185,1,0
-158,-178,1,0
-158,-169,2,0
-158,-158,6,0
-158,-157,22,1
-158,-156,1,0
-158,-155,2,0
-157,-542,1,0
-157,-537,1,0
-157,-532,1,0
-157,-530,1,0
-157,-526,1,0
-157,-507,1,0
-157,-505,2,0
-157,-481,1,0
-157,-480,1,0
-157,-477,1,0
-157,-472,2,0
-157,-471,2,0
-157,-470,1,0
-157,-469,7,0
-157,-468,2,0
-157,-467,3,0
-157,-466,4,0
-157,-465,2,0
-157,-464,2,0
-157,-463,1,0
-157,-457,1,0
-157,-442,2,0
-157,-441,1,0
-157,-440,1,0
-157,-439,1,0
-157,-435,1,0
-157,-430,1,0
-157,-428,1,0
-157,-425,2,0
-157,-418,1,0
-157,-417,1,0
-157,-415,1,0
-157,-409,1,0
-157,-408,9,0
-157,-407,4,0
-157,-406,1,0
-157,-399,1,0
-157,-397,1,0
-157,-395,1,0
-157,-393,4,0
-157,-392,1,0
-157,-386,1,0
-157,-383,1,0
-157,-380,2,0
-157,-378,2,0
-157,-377,1,0
-157,-376,3,0
-157,-375,2,0
-157,-374,3,0
-157,-373,2,0
-157,-372,1,0
-157,-371,1,0
-157,-364,4,0
-157,-363,3,0
-157,-357,1,0
-157,-351,2,0
-157,-349,1,0
-157,-345,1,0
-157,-344,1,0
-157,-336,1,0
-157,-331,1,0
-157,-321,1,0
-157,-312,1,0
-157,-297,1,0
-157,-296,1,0
-157,-294,2,0
-157,-292,2,0
-157,-275,2,0
-157,-256,4,0
-157,-251,1,0
-157,-246,1,0
-157,-241,1,0
-157,-237,1,0
-157,-236,2,0
-157,-234,3,0
-157,-233,1,0
-157,-232,1,0
-157,-204,1,0
-157,-203,1,0
-157,-192,5,0
-157,-189,1,0
-157,-178,3,0
-157,-165,1,0
-157,-157,1,0
-156,-530,1,0
-156,-523,2,0
-156,-509,3,0
-156,-508,1,0
-156,-507,1,0
-156,-506,1,0
-156,-497,1,0
-156,-494,1,0
-156,-490,1,0
-156,-475,1,0
-156,-474,1,0
-156,-473,2,0
-156,-472,4,0
-156,-470,1,0
-156,-469,3,0
-156,-468,1,0
-156,-467,1,0
-156,-466,16,1
-156,-465,2,0
-156,-464,4,0
-156,-463,1,0
-156,-462,1,0
-156,-459,1,0
-156,-453,1,0
-156,-439,1,0
-156,-438,1,0
-156,-416,2,0
-156,-414,1,0
-156,-409,5,0
-156,-408,6,0
-156,-407,6,0
-156,-401,1,0
-156,-400,3,0
-156,-397,4,0
-156,-380,1,0
-156,-368,1,0
-156,-367,3,0
-156,-364,1,0
-156,-353,2,0
-156,-352,2,0
-156,-351,5,0
-156,-347,2,0
-156,-346,1,0
-156,-336,2,0
-156,-334,1,0
-156,-328,1,0
-156,-326,1,0
-156,-325,6,0
-156,-324,1,0
-156,-315,1,0
-156,-290,5,0
-156,-289,4,0
-156,-267,1,0
-156,-259,1,0
-156,-258,1,0
-156,-257,9,0
-156,-256,8,0
-156,-255,8,0
-156,-242,1,0
-156,-240,1,0
-156,-235,4,0
-156,-234,6,0
-156,-233,3,0
-156,-232,1,0
-156,-203,2,0
-156,-192,1,0
-156,-181,1,0
-156,-174,1,0
-156,-158,1,0
-155,-510,4,0
-155,-509,1,0
-155,-497,1,0
-155,-496,1,0
-155,-486,1,0
-155,-483,1,0
-155,-480,1,0
-155,-479,2,0
-155,-477,1,0
-155,-476,3,0
-155,-475,2,0
-155,-474,4,0
-155,-473,5,0
-155,-472,4,0
-155,-471,2,0
-155,-470,3,0
-155,-468,2,0
-155,-466,11,1
-155,-465,1,0
-155,-434,1,0
-155,-433,1,0
-155,-432,1,0
-155,-423,1,0
-155,-418,1,0
-155,-417,1,0
-155,-411,3,0
-155,-406,1,0
-155,-396,2,0
-155,-393,1,0
-155,-389,1,0
-155,-387,1,0
-155,-384,1,0
-155,-383,1,0
-155,-365,1,0
-155,-363,2,0
-155,-361,1,0
-155,-353,2,0
-155,-352,1,0
-155,-350,1,0
-155,-347,2,0
-155,-346,1,0
-155,-340,1,0
-155,-329,3,0
-155,-326,1,0
-155,-325,5,0
-155,-322,5,0
-155,-312,1,0
-155,-311,6,0
-155,-310,7,0
-155,-308,1,0
-155,-307,5,0
-155,-306,1,0
-155,-302,1,0
-155,-295,1,0
-155,-294,1,0
-155,-291,3,0
-155,-290,4,0
-155,-289,1,0
-155,-258,2,0
-155,-257,3,0
-155,-240,1,0
-155,-239,1,0
-155,-234,3,0
-155,-233,2,0
-155,-194,1,0
-155,-190,1,0
-155,-180,1,0
-155,-162,1,0
-155,-149,1,0
-154,-539,2,0
-154,-497,1,0
-154,-480,1,0
-154,-473,1,0
-154,-470,1,0
-154,-469,1,0
-154,-467,4,0
-154,-466,6,0
-154,-465,2,0
-154,-464,1,0
-154,-463,1,0
-154,-453,1,0
-154,-450,1,0
-154,-438,1,0
-154,-431,1,0
-154,-429,2,0
-154,-419,1,0
-154,-418,1,0
-154,-416,1,0
-154,-415,1,0
-154,-414,1,0
-154,-407,1,0
-154,-400,1,0
-154,-398,1,0
-154,-397,2,0
-154,-396,1,0
-154,-388,1,0
-154,-384,2,0
-154,-382,1,0
-154,-371,1,0
-154,-370,2,0
-154,-363,2,0
-154,-362,2,0
-154,-354,1,0
-154,-353,2,0
-154,-352,1,0
-154,-351,1,0
-154,-349,1,0
-154,-347,1,0
-154,-344,1,0
-154,-336,1,0
-154,-329,1,0
-154,-328,1,0
-154,-327,1,0
-154,-326,1,0
-154,-325,1,0
-154,-324,1,0
-154,-323,3,0
-154,-313,1,0
-154,-312,4,0
-154,-311,5,0
-154,-310,1,0
-154,-307,1,0
-154,-291,1,0
-154,-277,1,0
-154,-262,2,0
-154,-258,2,0
-154,-244,1,0
-154,-243,1,0
-154,-242,1,0
-154,-240,1,0
-154,-235,1,0
-154,-234,1,0
-154,-232,1,0
-154,-231,1,0
-154,-228,1,0
-154,-201,1,0
-153,-538,3,0
-153,-519,1,0
-153,-518,1,0
-153,-514,1,0
-153,-511,1,0
-153,-510,1,0
-153,-500,2,0
-153,-492,2,0
-153,-475,1,0
-153,-474,3,0
-153,-470,2,0
-153,-469,2,0
-153,-468,1,0
-153,-466,3,0
-153,-461,1,0
-153,-460,1,0
-153,-454,1,0
-153,-443,1,0
-153,-439,1,0
-153,-434,4,0
-153,-420,1,0
-153,-419,1,0
-153,-417,1,0
-153,-406,1,0
-153,-405,4,0
-153,-404,1,0
-153,-398,1,0
-153,-396,1,0
-153,-392,1,0
-153,-378,2,0
-153,-368,1,0
-153,-364,1,0
-153,-363,1,0
-153,-362,1,0
-153,-349,1,0
-153,-348,1,0
-153,-344,2,0
-153,-342,1,0
-153,-341,1,0
-153,-336,3,0
-153,-331,1,0
-153,-329,4,0
-153,-328,16,1
-153,-327,9,0
-153,-326,2,0
-153,-325,11,1
-153,-324,11,1
-153,-323,9,0
-153,-322,4,0
-153,-321,2,0
-153,-319,1,0
-153,-316,2,0
-153,-312,3,0
-153,-307,2,0
-153,-291,2,0
-153,-278,2,0
-153,-263,1,0
-153,-259,1,0
-153,-246,1,0
-153,-240,1,0
-153,-234,1,0
-153,-232,2,0
-153,-204,1,0
-153,-176,2,0
-153,-164,1,0
-153,-155,1,0
-152,-537,2,0
-152,-532,1,0
-152,-520,1,0
-152,-516,2,0
-152,-514,2,0
-152,-511,1,0
-152,-509,1,0
-152,-506,1,0
-152,-498,1,0
-152,-475,2,0
-152,-473,1,0
-152,-469,1,0
-152,-459,1,0
-152,-447,2,0
-152,-440,1,0
-152,-439,2,0
-152,-438,1,0
-152,-437,1,0
-152,-436,3,0
-152,-435,3,0
-152,-434,1,0
-152,-430,1,0
-152,-429,1,0
-152,-428,2,0
-152,-427,1,0
-152,-420,2,0
-152,-418,1,0
-152,-415,1,0
-152,-406,1,0
-152,-403,2,0
-152,-399,1,0
-152,-398,2,0
-152,-396,3,0
-152,-395,1,0
-152,-394,1,0
-152,-381,1,0
-152,-378,1,0
-152,-377,1,0
-152,-376,9,0
-152,-375,9,0
-152,-374,8,0
-152,-373,2,0
-152,-372,4,0
-152,-370,1,0
-152,-365,1,0
-152,-363,3,0
-152,-362,7,0
-152,-359,2,0
-152,-357,1,0
-152,-349,3,0
-152,-348,2,0
-152,-344,4,0
-152,-343,3,0
-152,-336,1,0
-152,-331,2,0
-152,-330,11,1
-152,-329,14,1
-152,-328,20,1
-152,-327,17,1
-152,-326,29,1
-152,-325,29,1
-152,-324,54,1
-152,-323,57,1
-152,-322,8,0
-152,-321,1,0
-152,-320,4,0
-152,-319,2,0
-152,-318,1,0
-152,-316,1,0
-152,-311,1,0
-152,-300,1,0
-152,-295,1,0
-152,-291,1,0
-152,-281,1,0
-152,-278,1,0
-152,-277,1,0
-152,-262,2,0
-152,-259,1,0
-152,-256,1,0
-152,-251,1,0
-152,-244,1,0
-152,-243,2,0
-152,-242,2,0
-152,-241,2,0
-152,-234,1,0
-152,-205,1,0
-152,-204,1,0
-152,-199,1,0
-152,-176,1,0
-152,-173,1,0
-152,-165,2,0
-152,-156,1,0
-151,-532,1,0
-151,-520,1,0
-151,-517,1,0
-151,-516,6,0
-151,-515,7,0
-151,-505,2,0
-151,-489,1,0
-151,-480,1,0
-151,-474,7,0
-151,-467,1,0
-151,-461,1,0
-151,-456,1,0
-151,-455,1,0
-151,-454,1,0
-151,-448,8,0
-151,-447,3,0
-151,-446,3,0
-151,-437,3,0
-151,-436,16,1
-151,-435,3,0
-151,-434,5,0
-151,-433,3,0
-151,-432,1,0
-151,-416,2,0
-151,-402,1,0
-151,-399,3,0
-151,-397,2,0
-151,-396,2,0
-151,-393,1,0
-151,-392,1,0
-151,-389,1,0
-151,-388,2,0
-151,-387,1,0
-151,-384,3,0
-151,-382,2,0
-151,-381,3,0
-151,-380,3,0
-151,-379,13,1
-151,-378,30,1
-151,-377,31,1
-151,-376,9,0
-151,-375,23,1
-151,-374,9,0
-151,-373,8,0
-151,-369,1,0
-151,-364,1,0
-151,-363,11,1
-151,-362,23,1
-151,-359,2,0
-151,-358,1,0
-151,-349,1,0
-151,-348,2,0
-151,-344,1,0
-151,-343,1,0
-151,-337,2,0
-151,-336,2,0
-151,-332,1,0
-151,-331,1,0
-151,-330,1,0
-151,-327,2,0
-151,-326,7,0
-151,-325,17,1
-151,-324,16,1
-151,-323,9,0
-151,-322,10,1
-151,-321,4,0
-151,-320,3,0
-151,-319,2,0
-151,-318,1,0
-151,-317,3,0
-151,-316,1,0
-151,-314,1,0
-151,-312,1,0
-151,-307,2,0
-151,-303,1,0
-151,-296,1,0
-151,-277,1,0
-151,-260,1,0
-151,-256,1,0
-151,-254,1,0
-151,-240,2,0
-151,-239,1,0
-151,-234,1,0
-151,-233,3,0
-151,-214,1,0
-151,-183,1,0
-151,-175,1,0
-150,-535,1,0
-150,-511,1,0
-150,-503,1,0
-150,-474,7,0
-150,-473,1,0
-150,-472,1,0
-150,-466,1,0
-150,-458,2,0
-150,-456,7,0
-150,-455,2,0
-150,-449,1,0
-150,-447,4,0
-150,-438,1,0
-150,-437,13,1
-150,-436,28,1
-150,-435,26,1
-150,-434,8,0
-150,-433,3,0
-150,-432,1,0
-150,-424,2,0
-150,-415,1,0
-150,-408,1,0
-150,-400,3,0
-150,-397,12,1
-150,-396,1,0
-150,-395,3,0
-150,-393,1,0
-150,-391,3,0
-150,-390,2,0
-150,-382,1,0
-150,-381,2,0
-150,-380,5,0
-150,-379,6,0
-150,-378,15,1
-150,-377,24,1
-150,-376,33,1
-150,-375,13,1
-150,-374,20,1
-150,-373,5,0
-150,-365,2,0
-150,-363,7,0
-150,-362,12,1
-150,-361,6,0
-150,-360,7,0
-150,-359,2,0
-150,-354,1,0
-150,-349,3,0
-150,-345,1,0
-150,-344,1,0
-150,-343,2,0
-150,-341,1,0
-150,-340,2,0
-150,-339,2,0
-150,-338,1,0
-150,-337,1,0
-150,-336,2,0
-150,-328,2,0
-150,-327,6,0
-150,-326,1,0
-150,-322,4,0
-150,-319,3,0
-150,-318,1,0
-150,-315,1,0
-150,-313,1,0
-150,-309,1,0
-150,-296,1,0
-150,-295,1,0
-150,-292,1,0
-150,-291,1,0
-150,-290,1,0
-150,-288,2,0
-150,-287,1,0
-150,-284,1,0
-150,-254,1,0
-150,-243,1,0
-150,-242,1,0
-150,-237,1,0
-150,-232,1,0
-150,-229,1,0
-150,-204,1,0
-150,-202,2,0
-150,-201,2,0
-150,-184,2,0
-150,-176,1,0
-150,-175,2,0
-150,-171,5,0
-150,-170,2,0
-150,-154,1,0
-150,-153,1,0
-149,-511,1,0
-149,-498,1,0
-149,-488,1,0
-149,-487,1,0
-149,-479,1,0
-149,-477,1,0
-149,-475,1,0
-149,-474,1,0
-149,-473,1,0
-149,-467,1,0
-149,-464,1,0
-149,-458,1,0
-149,-457,2,0
-149,-456,1,0
-149,-454,1,0
-149,-446,1,0
-149,-437,10,1
-149,-436,14,1
-149,-435,33,1
-149,-434,9,0
-149,-433,4,0
-149,-432,1,0
-149,-430,1,0
-149,-426,2,0
-149,-425,1,0
-149,-408,1,0
-149,-399,2,0
-149,-398,3,0
-149,-397,23,1
-149,-396,24,1
-149,-395,11,1
-149,-394,4,0
-149,-393,7,0
-149,-392,3,0
-149,-382,1,0
-149,-379,1,0
-149,-377,11,1
-149,-376,14,1
-149,-375,16,1
-149,-374,13,1
-149,-373,3,0
-149,-372,1,0
-149,-371,2,0
-149,-367,1,0
-149,-366,1,0
-149,-364,2,0
-149,-363,1,0
-149,-362,6,0
-149,-361,1,0
-149,-360,1,0
-149,-359,1,0
-149,-358,1,0
-149,-356,1,0
-149,-352,3,0
-149,-351,5,0
-149,-350,2,0
-149,-349,5,0
-149,-346,1,0
-149,-344,1,0
-149,-343,4,0
-149,-338,1,0
-149,-336,10,1
-149,-330,1,0
-149,-328,2,0
-149,-327,1,0
-149,-323,1,0
-149,-322,2,0
-149,-318,1,0
-149,-317,1,0
-149,-305,1,0
-149,-304,1,0
-149,-295,1,0
-149,-292,2,0
-149,-291,1,0
-149,-289,1,0
-149,-243,3,0
-149,-204,2,0
-149,-203,1,0
-149,-185,1,0
-149,-176,1,0
-149,-175,2,0
-149,-174,1,0
-149,-171,4,0
-149,-170,5,0
-149,-169,6,0
-149,-168,1,0
-148,-536,1,0
-148,-531,1,0
-148,-499,1,0
-148,-488,1,0
-148,-487,4,0
-148,-486,2,0
-148,-484,1,0
-148,-482,1,0
-148,-481,1,0
-148,-480,1,0
-148,-479,2,0
-148,-463,1,0
-148,-460,1,0
-148,-450,1,0
-148,-436,8,0
-148,-435,12,1
-148,-434,3,0
-148,-433,5,0
-148,-432,2,0
-148,-431,2,0
-148,-415,1,0
-148,-410,3,0
-148,-409,4,0
-148,-398,1,0
-148,-397,11,1
-148,-396,36,1
-148,-395,22,1
-148,-394,3,0
-148,-393,10,1
-148,-389,1,0
-148,-388,1,0
-148,-379,1,0
-148,-375,9,0
-148,-374,1,0
-148,-372,2,0
-148,-371,2,0
-148,-366,1,0
-148,-362,1,0
-148,-361,1,0
-148,-360,3,0
-148,-358,3,0
-148,-357,1,0
-148,-351,1,0
-148,-350,1,0
-148,-348,3,0
-148,-347,1,0
-148,-343,2,0
-148,-342,1,0
-148,-338,1,0
-148,-337,1,0
-148,-336,9,0
-148,-328,1,0
-148,-326,2,0
-148,-322,1,0
-148,-321,1,0
-148,-317,1,0
-148,-316,2,0
-148,-313,1,0
-148,-307,1,0
-148,-303,1,0
-148,-301,2,0
-148,-297,3,0
-148,-293,1,0
-148,-292,4,0
-148,-264,2,0
-148,-254,1,0
-148,-251,2,0
-148,-241,1,0
-148,-240,1,0
-148,-237,3,0
-148,-228,1,0
-148,-205,1,0
-148,-203,2,0
-148,-202,3,0
-148,-185,2,0
-148,-174,2,0
-148,-173,1,0
-148,-172,3,0
-148,-171,1,0
-148,-170,3,0
-148,-169,5,0
-148,-158,1,0
-148,-149,1,0
-147,-533,1,0
-147,-532,1,0
-147,-515,1,0
-147,-510,1,0
-147,-501,1,0
-147,-499,1,0
-147,-498,3,0
-147,-497,1,0
-147,-489,1,0
-147,-488,7,0
-147,-487,4,0
-147,-486,1,0
-147,-485,1,0
-147,-481,1,0
-147,-473,1,0
-147,-460,1,0
-147,-445,1,0
-147,-441,1,0
-147,-440,4,0
-147,-439,3,0
-147,-438,1,0
-147,-436,4,0
-147,-435,1,0
-147,-430,1,0
-147,-426,1,0
-147,-423,1,0
-147,-421,1,0
-147,-415,1,0
-147,-410,1,0
-147,-397,10,1
-147,-396,14,1
-147,-395,3,0
-147,-394,1,0
-147,-392,1,0
-147,-386,2,0
-147,-384,1,0
-147,-374,1,0
-147,-369,1,0
-147,-363,1,0
-147,-362,1,0
-147,-361,2,0
-147,-360,1,0
-147,-358,1,0
-147,-356,1,0
-147,-349,1,0
-147,-348,1,0
-147,-346,1,0
-147,-337,1,0
-147,-336,2,0
-147,-332,1,0
-147,-330,1,0
-147,-329,1,0
-147,-328,6,0
-147,-326,1,0
-147,-325,1,0
-147,-316,10,1
-147,-315,4,0
-147,-311,1,0
-147,-307,1,0
-147,-296,1,0
-147,-293,1,0
-147,-292,11,1
-147,-291,1,0
-147,-290,2,0
-147,-289,1,0
-147,-265,1,0
-147,-260,2,0
-147,-257,1,0
-147,-240,2,0
-147,-225,1,0
-147,-224,1,0
-147,-215,1,0
-147,-214,1,0
-147,-187,1,0
-147,-186,1,0
-147,-171,1,0
-147,-170,8,0
-147,-169,4,0
-147,-168,1,0
-147,-152,1,0
-146,-533,1,0
-146,-532,1,0
-146,-525,1,0
-146,-511,1,0
-146,-510,1,0
-146,-500,2,0
-146,-498,2,0
-146,-487,2,0
-146,-485,1,0
-146,-463,4,0
-146,-462,1,0
-146,-457,1,0
-146,-442,1,0
-146,-441,1,0
-146,-440,3,0
-146,-438,1,0
-146,-435,2,0
-146,-434,1,0
-146,-425,1,0
-146,-421,1,0
-146,-420,2,0
-146,-415,3,0
-146,-411,2,0
-146,-408,1,0
-146,-406,1,0
-146,-405,1,0
-146,-401,1,0
-146,-400,1,0
-146,-398,5,0
-146,-397,10,1
-146,-396,5,0
-146,-395,7,0
-146,-392,1,0
-146,-391,1,0
-146,-390,1,0
-146,-385,1,0
-146,-384,2,0
-146,-383,1,0
-146,-381,1,0
-146,-378,1,0
-146,-377,2,0
-146,-376,1,0
-146,-372,1,0
-146,-371,1,0
-146,-366,1,0
-146,-362,1,0
-146,-360,2,0
-146,-351,1,0
-146,-348,1,0
-146,-347,1,0
-146,-336,1,0
-146,-335,1,0
-146,-331,1,0
-146,-328,2,0
-146,-326,2,0
-146,-323,1,0
-146,-322,1,0
-146,-318,1,0
-146,-316,4,0
-146,-315,1,0
-146,-314,1,0
-146,-313,1,0
-146,-310,1,0
-146,-305,1,0
-146,-298,1,0
-146,-293,5,0
-146,-292,29,1
-146,-291,2,0
-146,-287,1,0
-146,-278,1,0
-146,-271,1,0
-146,-240,3,0
-146,-237,2,0
-146,-201,1,0
-146,-199,1,0
-146,-188,1,0
-146,-187,1,0
-146,-181,1,0
-146,-169,1,0
-146,-167,1,0
-146,-153,1,0
-146,-152,1,0
-145,-543,1,0
-145,-542,1,0
-145,-535,1,0
-145,-530,1,0
-145,-528,1,0
-145,-500,2,0
-145,-499,2,0
-145,-488,1,0
-145,-487,3,0
-145,-483,1,0
-145,-463,2,0
-145,-458,1,0
-145,-451,1,0
-145,-450,1,0
-145,-449,1,0
-145,-445,1,0
-145,-442,1,0
-145,-440,1,0
-145,-438,1,0
-145,-434,3,0
-145,-433,2,0
-145,-423,1,0
-145,-420,1,0
-145,-419,1,0
-145,-401,2,0
-145,-399,1,0
-145,-398,2,0
-145,-395,2,0
-145,-394,1,0
-145,-392,1,0
-145,-388,1,0
-145,-386,1,0
-145,-383,2,0
-145,-376,1,0
-145,-372,1,0
-145,-371,2,0
-145,-360,1,0
-145,-359,2,0
-145,-349,1,0
-145,-346,1,0
-145,-344,1,0
-145,-342,2,0
-145,-340,2,0
-145,-336,3,0
-145,-323,1,0
-145,-309,1,0
-145,-307,1,0
-145,-300,1,0
-145,-298,1,0
-145,-294,1,0
-145,-293,3,0
-145,-292,7,0
-145,-291,8,0
-145,-287,1,0
-145,-284,1,0
-145,-283,1,0
-145,-268,1,0
-145,-267,1,0
-145,-262,1,0
-145,-261,1,0
-145,-242,2,0
-145,-240,1,0
-145,-239,1,0
-145,-238,3,0
-145,-237,5,0
-145,-231,1,0
-145,-216,1,0
-145,-214,1,0
-145,-210,1,0
-145,-207,1,0
-145,-188,1,0
-145,-187,1,0
-145,-171,1,0
-145,-169,1,0
-145,-166,1,0
-145,-149,1,0
-144,-543,2,0
-144,-542,1,0
-144,-529,2,0
-144,-528,1,0
-144,-523,1,0
-144,-515,5,0
-144,-499,3,0
-144,-498,2,0
-144,-495,1,0
-144,-489,1,0
-144,-487,3,0
-144,-460,1,0
-144,-453,1,0
-144,-444,1,0
-144,-425,1,0
-144,-424,4,0
-144,-423,1,0
-144,-422,1,0
-144,-414,1,0
-144,-413,1,0
-144,-412,1,0
-144,-401,1,0
-144,-400,1,0
-144,-399,1,0
-144,-394,1,0
-144,-393,1,0
-144,-389,1,0
-144,-388,2,0
-144,-373,1,0
-144,-362,1,0
-144,-359,3,0
-144,-356,1,0
-144,-354,1,0
-144,-353,1,0
-144,-348,1,0
-144,-346,2,0
-144,-343,5,0
-144,-342,3,0
-144,-340,2,0
-144,-336,3,0
-144,-331,1,0
-144,-330,1,0
-144,-324,1,0
-144,-319,1,0
-144,-316,4,0
-144,-309,1,0
-144,-308,1,0
-144,-299,3,0
-144,-295,1,0
-144,-292,1,0
-144,-291,1,0
-144,-270,1,0
-144,-267,1,0
-144,-266,3,0
-144,-265,5,0
-144,-261,1,0
-144,-260,1,0
-144,-247,1,0
-144,-240,1,0
-144,-238,1,0
-144,-237,10,1
-144,-236,1,0
-144,-234,1,0
-144,-216,1,0
-144,-211,2,0
-144,-210,1,0
-144,-208,1,0
-144,-207,1,0
-144,-204,1,0
-144,-194,1,0
-144,-188,1,0
-144,-174,1,0
-144,-172,2,0
-144,-154,1,0
-143,-539,1,0
-143,-530,1,0
-143,-515,2,0
-143,-513,1,0
-143,-499,6,0
-143,-498,1,0
-143,-490,1,0
-143,-487,1,0
-143,-476,1,0
-143,-466,1,0
-143,-465,3,0
-143,-457,1,0
-143,-454,1,0
-143,-453,1,0
-143,-452,1,0
-143,-434,1,0
-143,-426,1,0
-143,-425,11,1
-143,-424,7,0
-143,-423,2,0
-143,-422,1,0
-143,-395,2,0
-143,-393,1,0
-143,-373,2,0
-143,-368,2,0
-143,-364,1,0
-143,-359,3,0
-143,-358,3,0
-143,-357,1,0
-143,-356,1,0
-143,-354,1,0
-143,-350,1,0
-143,-348,1,0
-143,-343,2,0
-143,-337,1,0
-143,-336,3,0
-143,-332,1,0
-143,-331,2,0
-143,-325,1,0
-143,-324,3,0
-143,-310,1,0
-143,-308,1,0
-143,-307,1,0
-143,-296,1,0
-143,-292,3,0
-143,-291,1,0
-143,-285,1,0
-143,-282,3,0
-143,-281,1,0
-143,-266,1,0
-143,-264,3,0
-143,-263,4,0
-143,-262,1,0
-143,-261,2,0
-143,-256,2,0
-143,-238,2,0
-143,-228,1,0
-143,-220,1,0
-143,-214,1,0
-143,-210,1,0
-143,-204,1,0
-143,-191,1,0
-143,-189,1,0
-143,-184,1,0
-143,-181,1,0
-143,-156,1,0
-142,-543,1,0
-142,-535,1,0
-142,-500,1,0
-142,-498,4,0
-142,-465,1,0
-142,-463,1,0
-142,-458,1,0
-142,-456,1,0
-142,-448,1,0
-142,-434,1,0
-142,-433,1,0
-142,-428,1,0
-142,-427,2,0
-142,-425,4,0
-142,-423,1,0
-142,-413,2,0
-142,-404,1,0
-142,-392,1,0
-142,-386,1,0
-142,-383,3,0
-142,-382,1,0
-142,-375,1,0
-142,-374,1,0
-142,-369,1,0
-142,-360,4,0
-142,-359,12,1
-142,-358,18,1
-142,-357,1,0
-142,-356,11,1
-142,-355,4,0
-142,-353,1,0
-142,-349,1,0
-142,-347,1,0
-142,-343,1,0
-142,-341,1,0
-142,-336,2,0
-142,-335,1,0
-142,-320,1,0
-142,-317,1,0
-142,-291,1,0
-142,-271,1,0
-142,-263,5,0
-142,-262,5,0
-142,-247,1,0
-142,-242,1,0
-142,-241,1,0
-142,-239,1,0
-142,-213,1,0
-142,-212,1,0
-142,-209,1,0
-142,-204,2,0
-142,-203,1,0
-142,-198,4,0
-142,-156,1,0
-141,-531,1,0
-141,-528,1,0
-141,-522,1,0
-141,-519,1,0
-141,-513,1,0
-141,-512,2,0
-141,-498,2,0
-141,-497,1,0
-141,-479,1,0
-141,-472,1,0
-141,-463,1,0
-141,-458,1,0
-141,-456,1,0
-141,-437,1,0
-141,-436,1,0
-141,-423,1,0
-141,-402,1,0
-141,-398,1,0
-141,-393,1,0
-141,-392,2,0
-141,-391,7,0
-141,-390,4,0
-141,-389,2,0
-141,-388,1,0
-141,-376,2,0
-141,-373,2,0
-141,-370,1,0
-141,-361,3,0
-141,-360,3,0
-141,-358,4,0
-141,-357,3,0
-141,-353,2,0
-141,-352,2,0
-141,-347,2,0
-141,-342,1,0
-141,-339,1,0
-141,-336,1,0
-141,-332,3,0
-141,-327,1,0
-141,-324,1,0
-141,-320,1,0
-141,-311,1,0
-141,-310,1,0
-141,-299,1,0
-141,-291,1,0
-141,-285,1,0
-141,-284,1,0
-141,-263,3,0
-141,-262,7,0
-141,-261,1,0
-141,-220,1,0
-141,-215,1,0
-141,-214,4,0
-141,-213,4,0
-141,-210,1,0
-141,-203,1,0
-141,-199,1,0
-141,-198,6,0
-141,-197,1,0
-141,-194,1,0
-141,-160,1,0
-141,-158,1,0
-140,-514,1,0
-140,-512,2,0
-140,-508,1,0
-140,-494,1,0
-140,-482,1,0
-140,-471,2,0
-140,-455,2,0
-140,-454,4,0
-140,-453,3,0
-140,-437,4,0
-140,-435,1,0
-140,-433,1,0
-140,-418,1,0
-140,-412,1,0
-140,-398,1,0
-140,-396,1,0
-140,-395,2,0
-140,-391,5,0
-140,-389,2,0
-140,-387,1,0
-140,-383,1,0
-140,-382,1,0
-140,-379,1,0
-140,-377,1,0
-140,-368,8,0
-140,-361,1,0
-140,-358,2,0
-140,-357,2,0
-140,-353,2,0
-140,-347,1,0
-140,-341,1,0
-140,-340,1,0
-140,-336,5,0
-140,-335,1,0
-140,-332,1,0
-140,-321,1,0
-140,-311,1,0
-140,-310,1,0
-140,-308,1,0
-140,-304,1,0
-140,-285,4,0
-140,-284,1,0
-140,-279,1,0
-140,-268,1,0
-140,-267,1,0
-140,-263,1,0
-140,-261,1,0
-140,-248,1,0
-140,-241,1,0
-140,-240,3,0
-140,-239,3,0
-140,-228,1,0
-140,-217,1,0
-140,-215,1,0
-140,-213,1,0
-140,-212,1,0
-140,-210,1,0
-140,-209,1,0
-140,-204,2,0
-140,-196,1,0
-140,-191,1,0
-140,-148,1,0
-139,-542,1,0
-139,-513,1,0
-139,-512,6,0
-139,-506,1,0
-139,-498,2,0
-139,-497,1,0
-139,-484,1,0
-139,-477,1,0
-139,-475,1,0
-139,-474,1,0
-139,-472,2,0
-139,-471,6,0
-139,-469,1,0
-139,-460,1,0
-139,-454,1,0
-139,-453,2,0
-139,-452,2,0
-139,-437,1,0
-139,-397,1,0
-139,-396,1,0
-139,-395,2,0
-139,-393,1,0
-139,-391,4,0
-139,-390,2,0
-139,-389,1,0
-139,-388,1,0
-139,-380,1,0
-139,-379,1,0
-139,-375,3,0
-139,-370,1,0
-139,-369,1,0
-139,-368,2,0
-139,-367,17,1
-139,-360,1,0
-139,-352,1,0
-139,-350,1,0
-139,-341,2,0
-139,-336,2,0
-139,-332,1,0
-139,-323,1,0
-139,-317,1,0
-139,-311,1,0
-139,-309,1,0
-139,-308,1,0
-139,-296,1,0
-139,-290,1,0
-139,-288,1,0
-139,-284,1,0
-139,-280,1,0
-139,-279,1,0
-139,-250,1,0
-139,-244,1,0
-139,-240,1,0
-139,-239,1,0
-139,-235,1,0
-139,-228,1,0
-139,-210,1,0
-139,-197,1,0
-139,-194,1,0
-139,-186,1,0
-139,-180,1,0
-139,-178,1,0
-139,-160,1,0
-138,-543,1,0
-138,-527,3,0
-138,-521,1,0
-138,-513,4,0
-138,-512,1,0
-138,-509,1,0
-138,-500,1,0
-138,-499,2,0
-138,-494,1,0
-138,-483,1,0
-138,-481,1,0
-138,-461,1,0
-138,-460,6,0
-138,-459,1,0
-138,-456,1,0
-138,-454,7,0
-138,-453,2,0
-138,-451,1,0
-138,-421,1,0
-138,-420,1,0
-138,-414,1,0
-138,-412,4,0
-138,-402,1,0
-138,-400,1,0
-138,-398,2,0
-138,-396,1,0
-138,-393,1,0
-138,-390,5,0
-138,-389,2,0
-138,-382,1,0
-138,-381,1,0
-138,-378,2,0
-138,-374,1,0
-138,-373,1,0
-138,-369,3,0
-138,-367,8,0
-138,-366,6,0
-138,-356,1,0
-138,-354,1,0
-138,-346,2,0
-138,-337,2,0
-138,-336,6,0
-138,-324,2,0
-138,-314,2,0
-138,-308,1,0
-138,-303,1,0
-138,-301,1,0
-138,-295,1,0
-138,-286,1,0
-138,-285,1,0
-138,-284,1,0
-138,-278,1,0
-138,-277,1,0
-138,-263,1,0
-138,-249,1,0
-138,-247,2,0
-138,-227,1,0
-138,-209,1,0
-138,-207,1,0
-138,-204,1,0
-138,-201,3,0
-138,-199,1,0
-138,-193,1,0
-137,-543,1,0
-137,-532,1,0
-137,-527,2,0
-137,-520,2,0
-137,-513,1,0
-137,-512,1,0
-137,-510,1,0
-137,-501,1,0
-137,-478,1,0
-137,-467,1,0
-137,-461,1,0
-137,-460,8,0
-137,-447,1,0
-137,-439,4,0
-137,-438,1,0
-137,-437,2,0
-137,-434,1,0
-137,-425,1,0
-137,-420,2,0
-137,-415,1,0
-137,-412,2,0
-137,-411,5,0
-137,-402,1,0
-137,-401,2,0
-137,-400,1,0
-137,-399,1,0
-137,-390,1,0
-137,-389,4,0
-137,-388,1,0
-137,-382,1,0
-137,-381,1,0
-137,-379,3,0
-137,-376,1,0
-137,-374,1,0
-137,-369,1,0
-137,-368,6,0
-137,-367,5,0
-137,-366,9,0
-137,-365,2,0
-137,-363,2,0
-137,-361,1,0
-137,-359,2,0
-137,-353,1,0
-137,-351,2,0
-137,-346,2,0
-137,-345,7,0
-137,-344,1,0
-137,-340,1,0
-137,-339,2,0
-137,-338,1,0
-137,-337,20,1
-137,-336,6,0
-137,-335,2,0
-137,-331,1,0
-137,-329,1,0
-137,-328,1,0
-137,-327,2,0
-137,-326,5,0
-137,-325,4,0
-137,-310,1,0
-137,-308,1,0
-137,-307,4,0
-137,-306,2,0
-137,-303,1,0
-137,-302,2,0
-137,-301,4,0
-137,-300,6,0
-137,-298,1,0
-137,-277,1,0
-137,-248,1,0
-137,-247,1,0
-137,-240,1,0
-137,-211,1,0
-137,-209,1,0
-137,-206,1,0
-137,-195,1,0
-137,-194,1,0
-136,-543,2,0
-136,-542,2,0
-136,-521,1,0
-136,-520,3,0
-136,-513,1,0
-136,-510,1,0
-136,-508,1,0
-136,-504,1,0
-136,-502,3,0
-136,-495,1,0
-136,-481,1,0
-136,-476,1,0
-136,-473,1,0
-136,-448,1,0
-136,-439,2,0
-136,-438,2,0
-136,-437,2,0
-136,-436,1,0
-136,-435,1,0
-136,-431,1,0
-136,-430,1,0
-136,-427,1,0
-136,-426,1,0
-136,-420,1,0
-136,-419,3,0
-136,-418,1,0
-136,-413,1,0
-136,-412,3,0
-136,-408,1,0
-136,-403,1,0
-136,-401,1,0
-136,-399,1,0
-136,-395,1,0
-136,-389,5,0
-136,-388,9,0
-136,-387,1,0
-136,-381,1,0
-136,-379,3,0
-136,-378,3,0
-136,-377,4,0
-136,-369,2,0
-136,-366,1,0
-136,-365,2,0
-136,-356,2,0
-136,-355,2,0
-136,-352,2,0
-136,-351,2,0
-136,-348,3,0
-136,-345,4,0
-136,-338,1,0
-136,-337,3,0
-136,-336,5,0
-136,-335,1,0
-136,-334,1,0
-136,-332,2,0
-136,-327,2,0
-136,-326,15,1
-136,-325,2,0
-136,-324,1,0
-136,-322,2,0
-136,-308,5,0
-136,-307,2,0
-136,-306,1,0
-136,-303,4,0
-136,-302,1,0
-136,-301,1,0
-136,-300,8,0
-136,-299,2,0
-136,-298,1,0
-136,-270,1,0
-136,-262,1,0
-136,-239,1,0
-136,-229,1,0
-136,-228,1,0
-136,-217,1,0
-136,-216,1,0
-136,-214,2,0
-136,-209,2,0
-136,-206,1,0
-136,-203,1,0
-136,-196,1,0
-135,-520,3,0
-135,-518,1,0
-135,-517,1,0
-135,-516,1,0
-135,-503,1,0
-135,-501,1,0
-135,-492,1,0
-135,-481,2,0
-135,-480,4,0
-135,-477,1,0
-135,-475,1,0
-135,-448,1,0
-135,-447,2,0
-135,-446,1,0
-135,-442,3,0
-135,-441,4,0
-135,-440,3,0
-135,-438,1,0
-135,-437,3,0
-135,-436,7,0
-135,-435,8,0
-135,-434,4,0
-135,-433,2,0
-135,-432,3,0
-135,-429,1,0
-135,-419,4,0
-135,-418,1,0
-135,-413,8,0
-135,-412,23,1
-135,-411,6,0
-135,-399,1,0
-135,-397,1,0
-135,-394,1,0
-135,-389,1,0
-135,-388,7,0
-135,-379,2,0
-135,-378,1,0
-135,-377,4,0
-135,-376,2,0
-135,-375,1,0
-135,-373,3,0
-135,-366,3,0
-135,-365,1,0
-135,-361,1,0
-135,-355,2,0
-135,-354,2,0
-135,-353,1,0
-135,-352,4,0
-135,-351,1,0
-135,-350,1,0
-135,-348,4,0
-135,-345,1,0
-135,-344,3,0
-135,-342,1,0
-135,-337,2,0
-135,-327,2,0
-135,-326,8,0
-135,-323,1,0
-135,-322,5,0
-135,-321,6,0
-135,-320,1,0
-135,-316,1,0
-135,-301,2,0
-135,-299,5,0
-135,-270,2,0
-135,-246,1,0
-135,-240,1,0
-135,-235,1,0
-135,-234,1,0
-135,-201,1,0
-135,-194,2,0
-134,-535,1,0
-134,-521,1,0
-134,-504,1,0
-134,-501,1,0
-134,-492,1,0
-134,-483,1,0
-134,-479,1,0
-134,-478,2,0
-134,-477,2,0
-134,-476,14,1
-134,-475,1,0
-134,-467,1,0
-134,-450,3,0
-134,-446,1,0
-134,-445,1,0
-134,-439,3,0
-134,-437,6,0
-134,-436,9,0
-134,-435,9,0
-134,-434,7,0
-134,-433,2,0
-134,-431,2,0
-134,-430,1,0
-134,-429,1,0
-134,-422,1,0
-134,-418,1,0
-134,-413,3,0
-134,-412,17,1
-134,-411,13,1
-134,-410,2,0
-134,-409,2,0
-134,-399,2,0
-134,-391,1,0
-134,-389,4,0
-134,-388,3,0
-134,-387,5,0
-134,-386,2,0
-134,-380,1,0
-134,-379,1,0
-134,-378,3,0
-134,-377,4,0
-134,-376,1,0
-134,-375,1,0
-134,-372,1,0
-134,-369,2,0
-134,-367,3,0
-134,-362,1,0
-134,-359,1,0
-134,-358,1,0
-134,-356,3,0
-134,-355,1,0
-134,-354,11,1
-134,-353,2,0
-134,-352,1,0
-134,-351,5,0
-134,-350,5,0
-134,-349,1,0
-134,-346,1,0
-134,-344,7,0
-134,-342,1,0
-134,-340,1,0
-134,-339,1,0
-134,-331,1,0
-134,-329,1,0
-134,-327,2,0
-134,-326,2,0
-134,-325,1,0
-134,-322,1,0
-134,-321,1,0
-134,-320,1,0
-134,-319,3,0
-134,-318,1,0
-134,-314,1,0
-134,-310,2,0
-134,-300,1,0
-134,-295,1,0
-134,-267,1,0
-134,-251,1,0
-134,-248,1,0
-134,-247,2,0
-134,-246,2,0
-134,-233,1,0
-134,-230,1,0
-134,-216,1,0
-134,-209,1,0
-134,-196,1,0
-134,-192,1,0
-134,-189,2,0
-134,-154,1,0
-133,-537,1,0
-133,-535,2,0
-133,-515,1,0
-133,-512,1,0
-133,-509,3,0
-133,-506,1,0
-133,-504,1,0
-133,-488,1,0
-133,-481,1,0
-133,-478,2,0
-133,-476,2,0
-133,-469,1,0
-133,-467,1,0
-133,-451,1,0
-133,-436,1,0
-133,-429,1,0
-133,-425,1,0
-133,-414,1,0
-133,-413,1,0
-133,-412,10,1
-133,-411,2,0
-133,-408,4,0
-133,-406,1,0
-133,-392,1,0
-133,-391,1,0
-133,-389,4,0
-133,-388,1,0
-133,-387,5,0
-133,-386,3,0
-133,-383,2,0
-133,-380,2,0
-133,-378,5,0
-133,-376,1,0
-133,-375,3,0
-133,-372,1,0
-133,-371,1,0
-133,-369,2,0
-133,-368,1,0
-133,-367,4,0
-133,-366,2,0
-133,-358,1,0
-133,-357,2,0
-133,-356,3,0
-133,-355,12,1
-133,-353,16,1
-133,-352,31,1
-133,-351,1,0
-133,-350,3,0
-133,-349,1,0
-133,-345,1,0
-133,-344,2,0
-133,-343,6,0
-133,-342,3,0
-133,-341,2,0
-133,-340,1,0
-133,-337,1,0
-133,-331,3,0
-133,-327,1,0
-133,-326,4,0
-133,-323,2,0
-133,-317,8,0
-133,-316,1,0
-133,-308,2,0
-133,-300,1,0
-133,-290,1,0
-133,-277,1,0
-133,-271,2,0
-133,-262,2,0
-133,-247,3,0
-133,-246,2,0
-133,-236,1,0
-133,-225,1,0
-133,-213,1,0
-133,-209,1,0
-133,-194,1,0
-133,-193,1,0
-133,-192,1,0
-133,-189,4,0
-132,-537,1,0
-132,-535,2,0
-132,-530,2,0
-132,-528,1,0
-132,-520,1,0
-132,-516,1,0
-132,-515,1,0
-132,-513,1,0
-132,-512,2,0
-132,-511,1,0
-132,-505,1,0
-132,-485,1,0
-132,-483,1,0
-132,-482,1,0
-132,-424,1,0
-132,-417,3,0
-132,-412,2,0
-132,-409,1,0
-132,-406,1,0
-132,-389,3,0
-132,-386,3,0
-132,-383,2,0
-132,-379,1,0
-132,-374,1,0
-132,-373,1,0
-132,-371,1,0
-132,-370,1,0
-132,-369,2,0
-132,-368,1,0
-132,-367,8,0
-132,-366,1,0
-132,-364,1,0
-132,-363,1,0
-132,-356,1,0
-132,-355,1,0
-132,-354,1,0
-132,-353,6,0
-132,-352,1,0
-132,-351,1,0
-132,-350,2,0
-132,-349,2,0
-132,-348,1,0
-132,-347,1,0
-132,-346,1,0
-132,-345,3,0
-132,-344,4,0
-132,-343,4,0
-132,-342,3,0
-132,-340,4,0
-132,-339,5,0
-132,-338,5,0
-132,-337,3,0
-132,-326,1,0
-132,-322,1,0
-132,-317,2,0
-132,-316,11,1
-132,-307,1,0
-132,-290,1,0
-132,-289,1,0
-132,-272,1,0
-132,-269,3,0
-132,-268,3,0
-132,-257,1,0
-132,-239,1,0
-132,-215,1,0
-132,-213,1,0
-132,-201,1,0
-132,-192,5,0
-132,-191,1,0
-132,-170,1,0
-131,-519,1,0
-131,-514,2,0
-131,-512,1,0
-131,-511,1,0
-131,-497,1,0
-131,-483,2,0
-131,-460,1,0
-131,-431,1,0
-131,-428,1,0
-131,-416,2,0
-131,-412,5,0
-131,-406,1,0
-131,-396,1,0
-131,-389,1,0
-131,-387,2,0
-131,-383,2,0
-131,-377,1,0
-131,-368,11,1
-131,-367,9,0
-131,-366,1,0
-131,-365,1,0
-131,-356,1,0
-131,-354,2,0
-131,-353,2,0
-131,-352,2,0
-131,-349,5,0
-131,-348,4,0
-131,-347,1,0
-131,-346,1,0
-131,-345,2,0
-131,-344,1,0
-131,-342,3,0
-131,-340,3,0
-131,-339,3,0
-131,-338,9,0
-131,-337,2,0
-131,-336,1,0
-131,-331,1,0
-131,-330,1,0
-131,-318,1,0
-131,-316,2,0
-131,-308,1,0
-131,-291,2,0
-131,-290,2,0
-131,-286,1,0
-131,-272,1,0
-131,-270,2,0
-131,-269,3,0
-131,-268,7,0
-131,-267,2,0
-131,-252,1,0
-131,-243,1,0
-131,-237,1,0
-131,-234,1,0
-131,-215,1,0
-131,-204,1,0
-131,-194,2,0
-131,-193,2,0
-131,-192,7,0
-131,-191,6,0
-131,-190,3,0
-131,-157,1,0
-131,-153,1,0
-130,-539,1,0
-130,-536,1,0
-130,-534,1,0
-130,-530,1,0
-130,-526,1,0
-130,-520,3,0
-130,-516,2,0
-130,-510,1,0
-130,-508,1,0
-130,-501,2,0
-130,-498,1,0
-130,-497,1,0
-130,-489,1,0
-130,-486,2,0
-130,-480,1,0
-130,-479,2,0
-130,-478,2,0
-130,-475,1,0
-130,-466,1,0
-130,-444,1,0
-130,-442,1,0
-130,-441,1,0
-130,-415,1,0
-130,-414,1,0
-130,-412,1,0
-130,-411,1,0
-130,-405,1,0
-130,-404,1,0
-130,-403,3,0
-130,-402,1,0
-130,-389,1,0
-130,-388,5,0
-130,-387,2,0
-130,-386,2,0
-130,-385,1,0
-130,-384,1,0
-130,-383,1,0
-130,-380,1,0
-130,-369,6,0
-130,-368,3,0
-130,-367,1,0
-130,-366,2,0
-130,-365,1,0
-130,-364,1,0
-130,-362,1,0
-130,-354,1,0
-130,-351,3,0
-130,-350,3,0
-130,-349,3,0
-130,-348,2,0
-130,-345,1,0
-130,-342,4,0
-130,-340,5,0
-130,-339,1,0
-130,-338,5,0
-130,-337,1,0
-130,-331,1,0
-130,-329,1,0
-130,-316,1,0
-130,-315,1,0
-130,-311,1,0
-130,-308,2,0
-130,-292,2,0
-130,-291,1,0
-130,-276,1,0
-130,-271,1,0
-130,-268,3,0
-130,-267,5,0
-130,-263,1,0
-130,-249,2,0
-130,-245,2,0
-130,-243,1,0
-130,-230,1,0
-130,-227,1,0
-130,-209,1,0
-130,-205,1,0
-130,-201,1,0
-130,-198,1,0
-130,-196,1,0
-130,-193,1,0
-130,-192,6,0
-130,-191,5,0
-130,-190,1,0
-130,-170,1,0
-129,-530,3,0
-129,-529,4,0
-129,-521,1,0
-129,-520,5,0
-129,-519,1,0
-129,-516,2,0
-129,-514,2,0
-129,-513,1,0
-129,-511,1,0
-129,-509,1,0
-129,-505,1,0
-129,-497,1,0
-129,-485,2,0
-129,-483,1,0
-129,-482,1,0
-129,-481,5,0
-129,-480,4,0
-129,-479,2,0
-129,-478,2,0
-129,-476,1,0
-129,-475,2,0
-129,-474,1,0
-129,-465,1,0
-129,-458,1,0
-129,-444,4,0
-129,-443,2,0
-129,-429,1,0
-129,-424,1,0
-129,-423,1,0
-129,-408,1,0
-129,-405,1,0
-129,-403,10,1
-129,-402,6,0
-129,-390,4,0
-129,-389,3,0
-129,-388,1,0
-129,-385,1,0
-129,-381,4,0
-129,-380,3,0
-129,-378,2,0
-129,-368,1,0
-129,-366,1,0
-129,-364,1,0
-129,-363,1,0
-129,-361,2,0
-129,-358,1,0
-129,-356,1,0
-129,-355,1,0
-129,-351,2,0
-129,-350,4,0
-129,-349,8,0
-129,-348,3,0
-129,-346,2,0
-129,-345,8,0
-129,-344,4,0
-129,-343,3,0
-129,-342,3,0
-129,-341,3,0
-129,-339,6,0
-129,-338,2,0
-129,-337,1,0
-129,-335,2,0
-129,-331,2,0
-129,-320,1,0
-129,-314,1,0
-129,-303,1,0
-129,-297,1,0
-129,-278,1,0
-129,-274,1,0
-129,-272,1,0
-129,-267,1,0
-129,-256,1,0
-129,-255,2,0
-129,-254,1,0
-129,-245,1,0
-129,-232,4,0
-129,-199,1,0
-129,-194,1,0
-129,-192,1,0
-129,-191,7,0
-129,-190,2,0
-128,-540,1,0
-128,-530,1,0
-128,-529,2,0
-128,-528,1,0
-128,-523,3,0
-128,-520,6,0
-128,-517,1,0
-128,-506,1,0
-128,-504,1,0
-128,-501,2,0
-128,-497,2,0
-128,-483,1,0
-128,-481,2,0
-128,-480,6,0
-128,-479,3,0
-128,-474,3,0
-128,-451,2,0
-128,-437,4,0
-128,-434,1,0
-128,-430,1,0
-128,-426,1,0
-128,-417,1,0
-128,-414,1,0
-128,-413,2,0
-128,-412,1,0
-128,-411,1,0
-128,-408,3,0
-128,-406,1,0
-128,-405,2,0
-128,-404,1,0
-128,-403,4,0
-128,-402,4,0
-128,-392,1,0
-128,-391,1,0
-128,-390,3,0
-128,-389,1,0
-128,-385,2,0
-128,-384,4,0
-128,-383,5,0
-128,-382,2,0
-128,-374,1,0
-128,-372,2,0
-128,-371,2,0
-128,-370,1,0
-128,-369,1,0
-128,-361,1,0
-128,-358,1,0
-128,-357,8,0
-128,-354,2,0
-128,-353,1,0
-128,-352,1,0
-128,-350,2,0
-128,-349,2,0
-128,-348,3,0
-128,-347,2,0
-128,-346,3,0
-128,-345,6,0
-128,-344,2,0
-128,-343,10,1
-128,-342,4,0
-128,-341,5,0
-128,-340,9,0
-128,-339,12,1
-128,-338,1,0
-128,-337,1,0
-128,-331,3,0
-128,-326,1,0
-128,-325,2,0
-128,-322,1,0
-128,-320,1,0
-128,-318,1,0
-128,-315,1,0
-128,-309,1,0
-128,-308,1,0
-128,-307,1,0
-128,-279,1,0
-128,-273,1,0
-128,-269,1,0
-128,-255,1,0
-128,-248,1,0
-128,-246,1,0
-128,-244,1,0
-128,-237,1,0
-128,-232,3,0
-128,-231,1,0
-128,-228,1,0
-128,-197,1,0
-128,-193,2,0
-128,-192,5,0
-128,-191,3,0
-128,-190,7,0
-128,-187,1,0
-127,-538,1,0
-127,-536,1,0
-127,-535,1,0
-127,-525,2,0
-127,-523,2,0
-127,-521,2,0
-127,-520,3,0
-127,-501,1,0
-127,-500,2,0
-127,-488,1,0
-127,-485,1,0
-127,-481,1,0
-127,-478,1,0
-127,-474,1,0
-127,-448,1,0
-127,-443,1,0
-127,-438,1,0
-127,-433,1,0
-127,-417,1,0
-127,-415,1,0
-127,-414,1,0
-127,-413,2,0
-127,-410,3,0
-127,-405,1,0
-127,-404,5,0
-127,-403,2,0
-127,-391,9,0
-127,-390,3,0
-127,-389,2,0
-127,-385,2,0
-127,-384,4,0
-127,-383,7,0
-127,-382,11,1
-127,-381,9,0
-127,-380,4,0
-127,-378,6,0
-127,-374,5,0
-127,-373,4,0
-127,-372,1,0
-127,-371,1,0
-127,-370,1,0
-127,-363,2,0
-127,-362,1,0
-127,-361,2,0
-127,-360,4,0
-127,-357,5,0
-127,-356,1,0
-127,-355,1,0
-127,-354,2,0
-127,-353,1,0
-127,-352,2,0
-127,-349,3,0
-127,-348,7,0
-127,-347,10,1
-127,-346,11,1
-127,-345,5,0
-127,-344,2,0
-127,-343,17,1
-127,-342,8,0
-127,-341,12,1
-127,-340,9,0
-127,-339,2,0
-127,-337,1,0
-127,-331,4,0
-127,-330,1,0
-127,-327,1,0
-127,-326,1,0
-127,-325,1,0
-127,-323,2,0
-127,-322,2,0
-127,-320,1,0
-127,-316,1,0
-127,-315,3,0
-127,-308,3,0
-127,-304,3,0
-127,-303,1,0
-127,-302,2,0
-127,-280,1,0
-127,-273,1,0
-127,-269,1,0
-127,-253,1,0
-127,-245,1,0
-127,-244,1,0
-127,-228,1,0
-127,-203,2,0
-127,-197,1,0
-127,-195,1,0
-127,-192,1,0
-127,-191,2,0
-127,-190,1,0
-127,-189,1,0
-127,-161,1,0
-126,-536,1,0
-126,-535,3,0
-126,-534,1,0
-126,-530,2,0
-126,-526,3,0
-126,-525,1,0
-126,-522,1,0
-126,-521,13,1
-126,-520,6,0
-126,-519,13,1
-126,-518,7,0
-126,-498,1,0
-126,-478,1,0
-126,-475,1,0
-126,-474,1,0
-126,-435,1,0
-126,-433,4,0
-126,-419,1,0
-126,-416,1,0
-126,-415,1,0
-126,-413,1,0
-126,-412,3,0
-126,-404,4,0
-126,-403,1,0
-126,-399,6,0
-126,-393,1,0
-126,-392,9,0
-126,-391,4,0
-126,-386,1,0
-126,-384,1,0
-126,-383,2,0
-126,-382,9,0
-126,-381,7,0
-126,-380,7,0
-126,-379,7,0
-126,-378,7,0
-126,-377,1,0
-126,-375,11,1
-126,-374,8,0
-126,-373,1,0
-126,-372,4,0
-126,-370,1,0
-126,-365,1,0
-126,-363,1,0
-126,-358,1,0
-126,-357,1,0
-126,-356,1,0
-126,-355,1,0
-126,-354,1,0
-126,-350,1,0
-126,-349,1,0
-126,-348,5,0
-126,-347,9,0
-126,-346,3,0
-126,-345,10,1
-126,-344,3,0
-126,-343,3,0
-126,-342,12,1
-126,-341,7,0
-126,-340,13,1
-126,-339,1,0
-126,-335,2,0
-126,-331,2,0
-126,-329,1,0
-126,-328,1,0
-126,-326,1,0
-126,-325,3,0
-126,-324,2,0
-126,-323,2,0
-126,-322,3,0
-126,-320,1,0
-126,-317,1,0
-126,-316,9,0
-126,-315,3,0
-126,-314,1,0
-126,-313,4,0
-126,-311,1,0
-126,-310,1,0
-126,-309,5,0
-126,-308,2,0
-126,-305,1,0
-126,-304,9,0
-126,-303,1,0
-126,-301,2,0
-126,-296,1,0
-126,-295,1,0
-126,-294,1,0
-126,-282,1,0
-126,-279,1,0
-126,-277,1,0
-126,-272,2,0
-126,-271,1,0
-126,-270,1,0
-126,-268,1,0
-126,-255,1,0
-126,-249,3,0
-126,-248,1,0
-126,-245,3,0
-126,-244,5,0
-126,-233,2,0
-126,-199,1,0
-126,-198,1,0
-126,-197,2,0
-126,-167,1,0
-125,-537,2,0
-125,-532,1,0
-125,-527,2,0
-125,-526,3,0
-125,-524,1,0
-125,-523,1,0
-125,-522,5,0
-125,-521,5,0
-125,-520,26,1
-125,-519,52,1
-125,-518,21,1
-125,-517,1,0
-125,-504,1,0
-125,-499,1,0
-125,-497,1,0
-125,-486,2,0
-125,-485,1,0
-125,-481,1,0
-125,-480,1,0
-125,-479,2,0
-125,-477,1,0
-125,-466,2,0
-125,-441,3,0
-125,-434,2,0
-125,-424,1,0
-125,-412,1,0
-125,-400,1,0
-125,-399,2,0
-125,-398,4,0
-125,-397,1,0
-125,-393,6,0
-125,-392,7,0
-125,-391,2,0
-125,-388,1,0
-125,-387,3,0
-125,-385,4,0
-125,-383,2,0
-125,-382,9,0
-125,-381,23,1
-125,-380,19,1
-125,-379,14,1
-125,-378,27,1
-125,-377,20,1
-125,-376,1,0
-125,-375,16,1
-125,-374,1,0
-125,-373,1,0
-125,-372,4,0
-125,-371,1,0
-125,-370,1,0
-125,-368,1,0
-125,-364,1,0
-125,-357,1,0
-125,-354,1,0
-125,-353,1,0
-125,-352,1,0
-125,-348,2,0
-125,-347,9,0
-125,-346,3,0
-125,-345,7,0
-125,-344,9,0
-125,-343,16,1
-125,-342,7,0
-125,-341,20,1
-125,-340,2,0
-125,-339,2,0
-125,-338,2,0
-125,-336,2,0
-125,-334,2,0
-125,-333,3,0
-125,-332,1,0
-125,-331,16,1
-125,-327,1,0
-125,-324,1,0
-125,-321,2,0
-125,-316,1,0
-125,-315,2,0
-125,-309,3,0
-125,-305,1,0
-125,-304,1,0
-125,-303,2,0
-125,-301,1,0
-125,-296,1,0
-125,-272,2,0
-125,-271,3,0
-125,-270,2,0
-125,-269,1,0
-125,-267,1,0
-125,-261,1,0
-125,-257,1,0
-125,-252,1,0
-125,-249,2,0
-125,-248,2,0
-125,-244,1,0
-125,-201,1,0
-125,-200,3,0
-125,-199,1,0
-125,-197,1,0
-125,-191,1,0
-125,-186,1,0
-125,-178,1,0
-125,-177,1,0
-125,-156,1,0
-124,-541,1,0
-124,-540,1,0
-124,-536,1,0
-124,-525,2,0
-124,-524,10,1
-124,-523,8,0
-124,-522,30,1
-124,-521,23,1
-124,-520,18,1
-124,-519,11,1
-124,-518,6,0
-124,-517,2,0
-124,-516,1,0
-124,-511,1,0
-124,-489,3,0
-124,-488,3,0
-124,-485,1,0
-124,-480,1,0
-124,-465,1,0
-124,-464,4,0
-124,-463,1,0
-124,-461,1,0
-124,-455,1,0
-124,-442,1,0
-124,-441,2,0
-124,-440,2,0
-124,-427,1,0
-124,-424,1,0
-124,-419,2,0
-124,-412,2,0
-124,-408,1,0
-124,-405,1,0
-124,-404,1,0
-124,-402,2,0
-124,-398,11,1
-124,-397,4,0
-124,-396,2,0
-124,-395,2,0
-124,-394,4,0
-124,-393,9,0
-124,-392,7,0
-124,-391,4,0
-124,-388,2,0
-124,-387,1,0
-124,-383,1,0
-124,-382,5,0
-124,-381,26,1
-124,-380,20,1
-124,-379,30,1
-124,-377,35,1
-124,-376,35,1
-124,-375,29,1
-124,-374,2,0
-124,-373,4,0
-124,-372,1,0
-124,-370,5,0
-124,-369,2,0
-124,-367,1,0
-124,-366,2,0
-124,-356,1,0
-124,-353,2,0
-124,-348,12,1
-124,-347,16,1
-124,-346,34,1
-124,-345,65,1
-124,-344,21,1
-124,-343,9,0
-124,-342,8,0
-124,-341,5,0
-124,-340,7,0
-124,-339,11,1
-124,-338,5,0
-124,-337,2,0
-124,-336,2,0
-124,-335,6,0
-124,-334,2,0
-124,-333,1,0
-124,-332,6,0
-124,-331,11,1
-124,-328,1,0
-124,-327,1,0
-124,-322,2,0
-124,-321,1,0
-124,-320,1,0
-124,-317,2,0
-124,-315,2,0
-124,-309,2,0
-124,-305,1,0
-124,-303,1,0
-124,-300,1,0
-124,-296,3,0
-124,-286,1,0
-124,-285,1,0
-124,-279,2,0
-124,-274,1,0
-124,-272,1,0
-124,-271,5,0
-124,-268,1,0
-124,-263,1,0
-124,-261,1,0
-124,-251,1,0
-124,-248,1,0
-124,-244,1,0
-124,-235,1,0
-124,-232,1,0
-124,-216,1,0
-124,-188,1,0
-124,-174,1,0
-124,-163,1,0
-123,-530,1,0
-123,-528,1,0
-123,-527,1,0
-123,-526,1,0
-123,-524,21,1
-123,-523,18,1
-123,-522,18,1
-123,-521,30,1
-123,-520,25,1
-123,-515,1,0
-123,-513,1,0
-123,-512,1,0
-123,-496,1,0
-123,-484,1,0
-123,-480,1,0
-123,-476,1,0
-123,-474,1,0
-123,-473,1,0
-123,-472,2,0
-123,-468,1,0
-123,-467,2,0
-123,-466,5,0
-123,-465,1,0
-123,-464,1,0
-123,-463,1,0
-123,-453,2,0
-123,-452,1,0
-123,-446,1,0
-123,-442,4,0
-123,-440,1,0
-123,-439,1,0
-123,-427,6,0
-123,-426,1,0
-123,-420,1,0
-123,-419,7,0
-123,-418,4,0
-123,-417,1,0
-123,-413,1,0
-123,-412,2,0
-123,-408,1,0
-123,-401,1,0
-123,-399,2,0
-123,-398,3,0
-123,-397,7,0
-123,-396,11,1
-123,-395,13,1
-123,-394,11,1
-123,-393,5,0
-123,-392,3,0
-123,-390,2,0
-123,-386,1,0
-123,-385,1,0
-123,-384,1,0
-123,-382,8,0
-123,-381,5,0
-123,-380,19,1
-123,-379,69,1
-123,-378,32,1
-123,-377,58,1
-123,-376,65,1
-123,-375,32,1
-123,-373,4,0
-123,-372,2,0
-123,-371,2,0
-123,-370,2,0
-123,-367,1,0
-123,-356,1,0
-123,-354,3,0
-123,-353,4,0
-123,-352,1,0
-123,-349,1,0
-123,-348,2,0
-123,-347,7,0
-123,-346,46,1
-123,-345,52,1
-123,-344,49,1
-123,-343,39,1
-123,-342,17,1
-123,-341,19,1
-123,-340,22,1
-123,-339,17,1
-123,-338,26,1
-123,-337,14,1
-123,-336,7,0
-123,-335,6,0
-123,-334,6,0
-123,-333,6,0
-123,-332,5,0
-123,-331,9,0
-123,-328,2,0
-123,-326,1,0
-123,-325,2,0
-123,-320,2,0
-123,-315,1,0
-123,-314,1,0
-123,-309,2,0
-123,-301,2,0
-123,-299,2,0
-123,-296,8,0
-123,-281,1,0
-123,-280,2,0
-123,-279,2,0
-123,-271,8,0
-123,-246,1,0
-123,-245,1,0
-123,-217,9,0
-123,-203,1,0
-123,-199,1,0
-123,-195,1,0
-123,-194,1,0
-123,-182,1,0
-123,-169,1,0
-122,-535,1,0
-122,-527,1,0
-122,-526,1,0
-122,-525,3,0
-122,-524,8,0
-122,-523,16,1
-122,-522,32,1
-122,-521,29,1
-122,-520,15,1
-122,-519,11,1
-122,-518,1,0
-122,-517,8,0
-122,-516,4,0
-122,-513,1,0
-122,-512,1,0
-122,-487,1,0
-122,-486,4,0
-122,-485,1,0
-122,-481,1,0
-122,-477,1,0
-122,-475,2,0
-122,-474,2,0
-122,-473,1,0
-122,-471,1,0
-122,-470,2,0
-122,-469,1,0
-122,-462,1,0
-122,-458,1,0
-122,-451,2,0
-122,-442,1,0
-122,-429,1,0
-122,-428,2,0
-122,-427,4,0
-122,-425,1,0
-122,-423,1,0
-122,-420,1,0
-122,-419,5,0
-122,-412,1,0
-122,-408,4,0
-122,-399,4,0
-122,-397,13,1
-122,-396,18,1
-122,-395,19,1
-122,-394,8,0
-122,-393,2,0
-122,-391,1,0
-122,-390,5,0
-122,-389,3,0
-122,-385,1,0
-122,-384,1,0
-122,-383,6,0
-122,-382,15,1
-122,-381,7,0
-122,-380,67,1
-122,-379,63,1
-122,-378,55,1
-122,-377,59,1
-122,-376,31,1
-122,-375,40,1
-122,-374,20,1
-122,-373,12,1
-122,-372,5,0
-122,-371,3,0
-122,-370,1,0
-122,-360,2,0
-122,-353,2,0
-122,-352,1,0
-122,-351,2,0
-122,-350,2,0
-122,-349,4,0
-122,-348,7,0
-122,-347,11,1
-122,-346,40,1
-122,-345,35,1
-122,-344,28,1
-122,-343,23,1
-122,-342,39,1
-122,-341,71,1
-122,-340,24,1
-122,-339,18,1
-122,-338,5,0
-122,-337,4,0
-122,-335,3,0
-122,-333,2,0
-122,-332,4,0
-122,-331,9,0
-122,-329,1,0
-122,-320,5,0
-122,-319,2,0
-122,-315,2,0
-122,-309,1,0
-122,-307,1,0
-122,-305,1,0
-122,-302,1,0
-122,-300,1,0
-122,-297,2,0
-122,-296,8,0
-122,-295,2,0
-122,-281,1,0
-122,-271,1,0
-122,-268,1,0
-122,-253,1,0
-122,-239,1,0
-122,-217,5,0
-122,-216,10,1
-122,-204,1,0
-122,-199,1,0
-122,-196,1,0
-122,-189,1,0
-122,-182,2,0
-122,-178,1,0
-122,-164,1,0
-121,-539,1,0
-121,-527,1,0
-121,-525,2,0
-121,-524,9,0
-121,-523,12,1
-121,-522,10,1
-121,-521,21,1
-121,-520,36,1
-121,-519,9,0
-121,-518,5,0
-121,-516,4,0
-121,-515,3,0
-121,-510,1,0
-121,-488,3,0
-121,-487,1,0
-121,-486,3,0
-121,-485,2,0
-121,-475,2,0
-121,-474,1,0
-121,-473,1,0
-121,-471,2,0
-121,-469,4,0
-121,-468,4,0
-121,-464,1,0
-121,-463,1,0
-121,-443,3,0
-121,-442,1,0
-121,-429,1,0
-121,-428,3,0
-121,-427,1,0
-121,-420,5,0
-121,-418,1,0
-121,-415,1,0
-121,-411,4,0
-121,-400,1,0
-121,-398,1,0
-121,-397,1,0
-121,-396,4,0
-121,-395,10,1
-121,-394,13,1
-121,-393,2,0
-121,-391,4,0
-121,-390,4,0
-121,-389,2,0
-121,-384,1,0
-121,-383,6,0
-121,-382,12,1
-121,-381,20,1
-121,-380,27,1
-121,-379,36,1
-121,-378,41,1
-121,-377,31,1
-121,-376,31,1
-121,-375,22,1
-121,-374,16,1
-121,-373,10,1
-121,-372,3,0
-121,-370,1,0
-121,-369,2,0
-121,-368,1,0
-121,-366,1,0
-121,-363,1,0
-121,-360,1,0
-121,-355,1,0
-121,-354,3,0
-121,-353,3,0
-121,-352,3,0
-121,-351,6,0
-121,-350,2,0
-121,-349,1,0
-121,-348,9,0
-121,-347,6,0
-121,-346,10,1
-121,-345,36,1
-121,-344,43,1
-121,-343,23,1
-121,-342,11,1
-121,-341,12,1
-121,-340,21,1
-121,-339,26,1
-121,-338,20,1
-121,-337,16,1
-121,-336,5,0
-121,-335,1,0
-121,-333,7,0
-121,-332,9,0
-121,-331,5,0
-121,-330,1,0
-121,-329,2,0
-121,-328,1,0
-121,-324,1,0
-121,-319,13,1
-121,-317,1,0
-121,-315,1,0
-121,-309,2,0
-121,-308,1,0
-121,-299,1,0
-121,-297,4,0
-121,-288,1,0
-121,-279,6,0
-121,-278,3,0
-121,-271,1,0
-121,-252,1,0
-121,-233,1,0
-121,-216,1,0
-121,-196,1,0
-121,-190,1,0
-121,-188,1,0
-121,-177,1,0
-121,-169,1,0
-121,-164,1,0
-120,-527,1,0
-120,-526,1,0
-120,-525,5,0
-120,-524,5,0
-120,-523,3,0
-120,-522,8,0
-120,-521,6,0
-120,-520,14,1
-120,-519,1,0
-120,-518,2,0
-120,-516,1,0
-120,-505,1,0
-120,-494,1,0
-120,-493,1,0
-120,-489,1,0
-120,-487,1,0
-120,-486,1,0
-120,-485,1,0
-120,-475,4,0
-120,-474,1,0
-120,-473,3,0
-120,-472,1,0
-120,-468,1,0
-120,-467,2,0
-120,-463,1,0
-120,-455,1,0
-120,-442,1,0
-120,-439,2,0
-120,-426,1,0
-120,-425,1,0
-120,-422,2,0
-120,-421,2,0
-120,-420,3,0
-120,-414,1,0
-120,-411,1,0
-120,-410,1,0
-120,-398,1,0
-120,-397,2,0
-120,-396,3,0
-120,-395,5,0
-120,-394,4,0
-120,-393,1,0
-120,-392,2,0
-120,-391,8,0
-120,-390,14,1
-120,-389,4,0
-120,-388,3,0
-120,-386,1,0
-120,-384,4,0
-120,-383,3,0
-120,-382,26,1
-120,-381,49,1
-120,-380,19,1
-120,-379,29,1
-120,-378,33,1
-120,-377,3,0
-120,-376,21,1
-120,-375,12,1
-120,-374,6,0
-120,-373,8,0
-120,-372,5,0
-120,-371,2,0
-120,-370,1,0
-120,-368,1,0
-120,-363,1,0
-120,-355,1,0
-120,-353,9,0
-120,-352,20,1
-120,-351,17,1
-120,-350,5,0
-120,-349,3,0
-120,-348,5,0
-120,-347,1,0
-120,-346,6,0
-120,-345,25,1
-120,-344,25,1
-120,-343,54,1
-120,-342,27,1
-120,-341,46,1
-120,-340,64,1
-120,-339,35,1
-120,-338,17,1
-120,-337,8,0
-120,-336,6,0
-120,-335,5,0
-120,-334,2,0
-120,-332,20,1
-120,-331,2,0
-120,-330,2,0
-120,-326,2,0
-120,-325,1,0
-120,-322,1,0
-120,-319,7,0
-120,-318,3,0
-120,-317,2,0
-120,-316,1,0
-120,-314,1,0
-120,-304,1,0
-120,-297,3,0
-120,-296,1,0
-120,-294,1,0
-120,-282,1,0
-120,-280,2,0
-120,-279,6,0
-120,-268,1,0
-120,-265,1,0
-120,-256,1,0
-120,-242,1,0
-120,-238,1,0
-120,-208,1,0
-120,-205,2,0
-120,-177,1,0
-120,-175,1,0
-119,-534,1,0
-119,-533,1,0
-119,-526,3,0
-119,-525,2,0
-119,-524,1,0
-119,-523,5,0
-119,-522,3,0
-119,-521,4,0
-119,-520,1,0
-119,-519,1,0
-119,-504,1,0
-119,-487,1,0
-119,-486,2,0
-119,-477,1,0
-119,-476,1,0
-119,-475,6,0
-119,-474,2,0
-119,-468,1,0
-119,-467,1,0
-119,-466,1,0
-119,-463,1,0
-119,-461,1,0
-119,-447,1,0
-119,-444,1,0
-119,-443,1,0
-119,-439,4,0
-119,-434,1,0
-119,-424,1,0
-119,-423,6,0
-119,-422,2,0
-119,-421,5,0
-119,-416,1,0
-119,-411,1,0
-119,-410,3,0
-119,-409,1,0
-119,-408,1,0
-119,-403,1,0
-119,-402,2,0
-119,-400,1,0
-119,-399,3,0
-119,-395,1,0
-119,-394,3,0
-119,-392,5,0
-119,-391,10,1
-119,-390,15,1
-119,-389,10,1
-119,-388,6,0
-119,-387,2,0
-119,-386,1,0
-119,-384,4,0
-119,-383,4,0
-119,-382,3,0
-119,-381,13,1
-119,-380,13,1
-119,-379,51,1
-119,-378,35,1
-119,-377,22,1
-119,-376,20,1
-119,-375,12,1
-119,-374,8,0
-119,-373,9,0
-119,-372,7,0
-119,-367,5,0
-119,-366,7,0
-119,-365,6,0
-119,-364,1,0
-119,-363,2,0
-119,-362,1,0
-119,-356,1,0
-119,-355,1,0
-119,-354,6,0
-119,-353,8,0
-119,-352,18,1
-119,-351,10,1
-119,-350,1,0
-119,-349,1,0
-119,-348,5,0
-119,-347,31,1
-119,-346,17,1
-119,-345,29,1
-119,-344,59,1
-119,-343,42,1
-119,-342,43,1
-119,-341,58,1
-119,-340,51,1
-119,-339,25,1
-119,-338,12,1
-119,-337,3,0
-119,-336,4,0
-119,-335,6,0
-119,-334,3,0
-119,-332,26,1
-119,-328,1,0
-119,-319,1,0
-119,-318,10,1
-119,-317,14,1
-119,-314,1,0
-119,-313,1,0
-119,-308,3,0
-119,-304,1,0
-119,-301,1,0
-119,-300,2,0
-119,-299,1,0
-119,-297,3,0
-119,-284,1,0
-119,-281,1,0
-119,-280,7,0
-119,-279,8,0
-119,-278,1,0
-119,-274,1,0
-119,-258,1,0
-119,-257,3,0
-119,-245,1,0
-119,-234,1,0
-119,-222,1,0
-119,-217,1,0
-119,-212,2,0
-119,-209,1,0
-119,-208,1,0
-119,-205,3,0
-119,-204,1,0
-119,-188,1,0
-119,-163,1,0
-119,-155,1,0
-119,-151,1,0
-119,-150,1,0
-119,-149,1,0
-118,-530,1,0
-118,-524,1,0
-118,-523,4,0
-118,-522,4,0
-118,-521,1,0
-118,-508,1,0
-118,-506,1,0
-118,-492,1,0
-118,-486,1,0
-118,-482,1,0
-118,-479,1,0
-118,-477,2,0
-118,-476,3,0
-118,-475,9,0
-118,-474,8,0
-118,-473,2,0
-118,-471,1,0
-118,-469,1,0
-118,-467,1,0
-118,-466,1,0
-118,-462,2,0
-118,-458,1,0
-118,-453,1,0
-118,-446,1,0
-118,-445,2,0
-118,-440,1,0
-118,-439,2,0
-118,-438,6,0
-118,-437,6,0
-118,-436,2,0
-118,-435,1,0
-118,-424,1,0
-118,-423,5,0
-118,-422,11,1
-118,-420,1,0
-118,-417,1,0
-118,-415,1,0
-118,-411,1,0
-118,-410,2,0
-118,-409,2,0
-118,-408,7,0
-118,-402,2,0
-118,-401,2,0
-118,-400,3,0
-118,-395,1,0
-118,-393,2,0
-118,-392,4,0
-118,-391,4,0
-118,-390,4,0
-118,-389,1,0
-118,-388,2,0
-118,-387,2,0
-118,-386,1,0
-118,-384,2,0
-118,-383,7,0
-118,-382,6,0
-118,-381,14,1
-118,-380,14,1
-118,-379,66,1
-118,-378,22,1
-118,-377,13,1
-118,-376,4,0
-118,-375,2,0
-118,-374,1,0
-118,-373,6,0
-118,-372,14,1
-118,-371,3,0
-118,-370,3,0
-118,-368,2,0
-118,-367,17,1
-118,-366,1,0
-118,-365,14,1
-118,-364,10,1
-118,-363,1,0
-118,-357,1,0
-118,-356,1,0
-118,-355,1,0
-118,-354,6,0
-118,-353,2,0
-118,-352,3,0
-118,-351,5,0
-118,-350,5,0
-118,-349,3,0
-118,-348,4,0
-118,-347,1,0
-118,-346,9,0
-118,-345,5,0
-118,-344,33,1
-118,-343,34,1
-118,-342,35,1
-118,-341,31,1
-118,-340,13,1
-118,-339,18,1
-118,-338,6,0
-118,-337,6,0
-118,-336,3,0
-118,-335,8,0
-118,-334,2,0
-118,-332,7,0
-118,-331,2,0
-118,-330,1,0
-118,-323,1,0
-118,-322,4,0
-118,-321,13,1
-118,-320,7,0
-118,-319,11,1
-118,-318,34,1
-118,-317,15,1
-118,-316,2,0
-118,-308,4,0
-118,-300,4,0
-118,-299,4,0
-118,-298,3,0
-118,-296,2,0
-118,-292,1,0
-118,-291,1,0
-118,-290,1,0
-118,-285,1,0
-118,-280,2,0
-118,-279,9,0
-118,-266,1,0
-118,-261,1,0
-118,-258,1,0
-118,-257,1,0
-118,-241,1,0
-118,-236,1,0
-118,-211,1,0
-118,-206,8,0
-118,-205,5,0
-118,-196,2,0
-118,-178,1,0
-118,-175,1,0
-118,-173,1,0
-118,-149,1,0
-117,-544,1,0
-117,-533,1,0
-117,-521,1,0
-117,-516,1,0
-117,-507,1,0
-117,-492,1,0
-117,-490,1,0
-117,-489,1,0
-117,-482,1,0
-117,-480,1,0
-117,-474,2,0
-117,-473,1,0
-117,-471,2,0
-117,-470,2,0
-117,-469,1,0
-117,-468,3,0
-117,-467,1,0
-117,-464,1,0
-117,-462,1,0
-117,-461,2,0
-117,-460,1,0
-117,-459,2,0
-117,-458,1,0
-117,-456,1,0
-117,-439,1,0
-117,-438,1,0
-117,-435,1,0
-117,-434,2,0
-117,-424,1,0
-117,-423,18,1
-117,-422,12,1
-117,-421,6,0
-117,-420,2,0
-117,-417,1,0
-117,-415,1,0
-117,-409,1,0
-117,-402,4,0
-117,-399,1,0
-117,-395,1,0
-117,-394,1,0
-117,-393,7,0
-117,-391,2,0
-117,-390,6,0
-117,-389,7,0
-117,-388,3,0
-117,-386,1,0
-117,-385,11,1
-117,-384,2,0
-117,-383,4,0
-117,-382,16,1
-117,-381,12,1
-117,-380,19,1
-117,-379,5,0
-117,-378,12,1
-117,-377,13,1
-117,-376,8,0
-117,-372,1,0
-117,-371,3,0
-117,-370,7,0
-117,-369,6,0
-117,-368,15,1
-117,-367,6,0
-117,-366,6,0
-117,-365,8,0
-117,-363,1,0
-117,-362,4,0
-117,-356,4,0
-117,-355,3,0
-117,-354,4,0
-117,-353,2,0
-117,-352,3,0
-117,-346,2,0
-117,-345,4,0
-117,-344,25,1
-117,-343,49,1
-117,-342,22,1
-117,-341,7,0
-117,-340,48,1
-117,-339,11,1
-117,-338,5,0
-117,-337,4,0
-117,-336,3,0
-117,-335,5,0
-117,-333,1,0
-117,-332,11,1
-117,-330,1,0
-117,-329,1,0
-117,-327,4,0
-117,-326,2,0
-117,-325,2,0
-117,-324,1,0
-117,-323,1,0
-117,-322,3,0
-117,-321,8,0
-117,-320,22,1
-117,-319,36,1
-117,-318,25,1
-117,-317,3,0
-117,-316,2,0
-117,-311,1,0
-117,-309,2,0
-117,-308,5,0
-117,-301,3,0
-117,-300,3,0
-117,-299,2,0
-117,-297,4,0
-117,-285,1,0
-117,-281,1,0
-117,-279,3,0
-117,-278,2,0
-117,-277,2,0
-117,-269,1,0
-117,-264,2,0
-117,-262,1,0
-117,-261,1,0
-117,-257,1,0
-117,-251,1,0
-117,-236,3,0
-117,-235,3,0
-117,-212,1,0
-117,-209,1,0
-117,-206,2,0
-117,-205,16,1
-117,-204,3,0
-117,-193,1,0
-117,-192,1,0
-117,-187,1,0
-117,-174,1,0
-117,-151,3,0
-117,-149,1,0
-116,-525,1,0
-116,-522,1,0
-116,-520,1,0
-116,-519,1,0
-116,-518,1,0
-116,-516,1,0
-116,-513,1,0
-116,-509,2,0
-116,-491,1,0
-116,-484,1,0
-116,-482,1,0
-116,-475,1,0
-116,-474,1,0
-116,-471,1,0
-116,-470,1,0
-116,-465,1,0
-116,-460,3,0
-116,-459,7,0
-116,-458,3,0
-116,-446,1,0
-116,-440,1,0
-116,-439,2,0
-116,-434,1,0
-116,-433,2,0
-116,-432,1,0
-116,-429,1,0
-116,-427,1,0
-116,-425,1,0
-116,-424,9,0
-116,-423,4,0
-116,-422,5,0
-116,-421,3,0
-116,-420,4,0
-116,-405,1,0
-116,-404,3,0
-116,-403,2,0
-116,-395,1,0
-116,-393,6,0
-116,-392,2,0
-116,-390,6,0
-116,-389,3,0
-116,-386,1,0
-116,-385,2,0
-116,-384,6,0
-116,-383,8,0
-116,-382,24,1
-116,-381,3,0
-116,-380,1,0
-116,-379,7,0
-116,-378,13,1
-116,-377,17,1
-116,-376,2,0
-116,-375,1,0
-116,-371,9,0
-116,-370,7,0
-116,-369,18,1
-116,-368,29,1
-116,-367,12,1
-116,-366,7,0
-116,-365,2,0
-116,-364,1,0
-116,-362,2,0
-116,-361,1,0
-116,-360,1,0
-116,-359,3,0
-116,-358,4,0
-116,-357,5,0
-116,-355,2,0
-116,-354,1,0
-116,-353,2,0
-116,-345,1,0
-116,-344,28,1
-116,-343,63,1
-116,-342,27,1
-116,-341,19,1
-116,-339,11,1
-116,-338,1,0
-116,-337,1,0
-116,-336,2,0
-116,-335,6,0
-116,-333,2,0
-116,-332,2,0
-116,-327,3,0
-116,-326,2,0
-116,-320,5,0
-116,-319,16,1
-116,-318,17,1
-116,-317,5,0
-116,-316,4,0
-116,-310,1,0
-116,-309,11,1
-116,-308,3,0
-116,-302,1,0
-116,-301,1,0
-116,-300,3,0
-116,-299,6,0
-116,-298,7,0
-116,-297,4,0
-116,-293,1,0
-116,-276,1,0
-116,-266,2,0
-116,-265,7,0
-116,-256,1,0
-116,-250,1,0
-116,-236,1,0
-116,-205,10,1
-116,-204,4,0
-116,-203,1,0
-116,-201,1,0
-116,-160,1,0
-116,-158,1,0
-116,-156,1,0
-116,-152,1,0
-116,-151,1,0
-115,-537,1,0
-115,-528,4,0
-115,-524,1,0
-115,-523,1,0
-115,-522,2,0
-115,-517,1,0
-115,-516,1,0
-115,-508,1,0
-115,-500,1,0
-115,-496,1,0
-115,-495,1,0
-115,-493,1,0
-115,-492,1,0
-115,-484,1,0
-115,-479,1,0
-115,-474,1,0
-115,-470,1,0
-115,-467,1,0
-115,-466,1,0
-115,-465,1,0
-115,-461,1,0
-115,-459,3,0
-115,-458,1,0
-115,-457,1,0
-115,-456,1,0
-115,-455,1,0
-115,-442,1,0
-115,-440,3,0
-115,-431,1,0
-115,-426,2,0
-115,-425,6,0
-115,-424,4,0
-115,-423,2,0
-115,-422,2,0
-115,-421,1,0
-115,-418,1,0
-115,-416,2,0
-115,-415,1,0
-115,-409,3,0
-115,-408,1,0
-115,-406,2,0
-115,-404,1,0
-115,-394,3,0
-115,-393,10,1
-115,-392,4,0
-115,-391,4,0
-115,-390,6,0
-115,-389,3,0
-115,-388,2,0
-115,-387,1,0
-115,-386,3,0
-115,-384,4,0
-115,-383,8,0
-115,-382,4,0
-115,-381,2,0
-115,-380,1,0
-115,-379,1,0
-115,-378,3,0
-115,-377,15,1
-115,-376,4,0
-115,-375,3,0
-115,-373,1,0
-115,-371,2,0
-115,-370,7,0
-115,-369,17,1
-115,-368,10,1
-115,-367,14,1
-115,-366,9,0
-115,-365,1,0
-115,-364,1,0
-115,-362,3,0
-115,-361,5,0
-115,-360,5,0
-115,-359,4,0
-115,-358,1,0
-115,-356,3,0
-115,-355,1,0
-115,-354,2,0
-115,-352,1,0
-115,-350,1,0
-115,-349,1,0
-115,-348,1,0
-115,-347,1,0
-115,-346,1,0
-115,-345,10,1
-115,-344,22,1
-115,-343,46,1
-115,-342,11,1
-115,-341,4,0
-115,-340,6,0
-115,-339,6,0
-115,-338,2,0
-115,-337,1,0
-115,-336,4,0
-115,-335,6,0
-115,-332,5,0
-115,-331,1,0
-115,-327,5,0
-115,-326,5,0
-115,-321,1,0
-115,-320,11,1
-115,-319,16,1
-115,-318,2,0
-115,-317,1,0
-115,-316,2,0
-115,-310,7,0
-115,-309,6,0
-115,-308,1,0
-115,-304,3,0
-115,-303,1,0
-115,-302,4,0
-115,-301,3,0
-115,-300,8,0
-115,-299,22,1
-115,-298,25,1
-115,-297,3,0
-115,-296,1,0
-115,-295,1,0
-115,-289,3,0
-115,-287,3,0
-115,-285,1,0
-115,-283,1,0
-115,-279,1,0
-115,-278,1,0
-115,-271,1,0
-115,-268,3,0
-115,-265,3,0
-115,-264,1,0
-115,-259,1,0
-115,-238,1,0
-115,-237,1,0
-115,-217,1,0
-115,-210,1,0
-115,-205,2,0
-115,-204,1,0
-115,-196,1,0
-115,-187,1,0
-115,-186,11,1
-115,-185,16,1
-115,-184,3,0
-115,-175,1,0
-115,-174,1,0
-115,-165,1,0
-115,-153,1,0
-115,-152,1,0
-114,-539,1,0
-114,-538,3,0
-114,-529,1,0
-114,-523,2,0
-114,-522,1,0
-114,-517,1,0
-114,-515,1,0
-114,-510,3,0
-114,-509,1,0
-114,-495,1,0
-114,-486,1,0
-114,-485,2,0
-114,-484,3,0
-114,-483,1,0
-114,-480,1,0
-114,-473,1,0
-114,-472,1,0
-114,-471,1,0
-114,-468,1,0
-114,-467,1,0
-114,-456,1,0
-114,-447,1,0
-114,-446,1,0
-114,-441,4,0
-114,-440,5,0
-114,-439,2,0
-114,-429,1,0
-114,-426,6,0
-114,-425,3,0
-114,-422,2,0
-114,-421,1,0
-114,-412,1,0
-114,-409,2,0
-114,-408,3,0
-114,-406,2,0
-114,-405,5,0
-114,-403,1,0
-114,-401,1,0
-114,-395,2,0
-114,-394,5,0
-114,-393,24,1
-114,-392,30,1
-114,-391,19,1
-114,-390,21,1
-114,-389,5,0
-114,-386,1,0
-114,-385,4,0
-114,-384,7,0
-114,-383,2,0
-114,-382,1,0
-114,-381,1,0
-114,-380,10,1
-114,-379,1,0
-114,-378,1,0
-114,-377,6,0
-114,-376,8,0
-114,-375,3,0
-114,-374,4,0
-114,-373,5,0
-114,-371,1,0
-114,-370,10,1
-114,-369,4,0
-114,-368,9,0
-114,-367,11,1
-114,-366,6,0
-114,-365,9,0
-114,-364,5,0
-114,-363,2,0
-114,-362,3,0
-114,-361,2,0
-114,-359,1,0
-114,-358,2,0
-114,-356,1,0
-114,-355,2,0
-114,-354,4,0
-114,-350,1,0
-114,-348,1,0
-114,-346,1,0
-114,-345,16,1
-114,-344,21,1
-114,-343,15,1
-114,-342,2,0
-114,-341,5,0
-114,-340,3,0
-114,-339,1,0
-114,-338,1,0
-114,-337,3,0
-114,-336,10,1
-114,-335,4,0
-114,-334,1,0
-114,-333,2,0
-114,-332,7,0
-114,-331,3,0
-114,-330,4,0
-114,-329,1,0
-114,-328,1,0
-114,-327,3,0
-114,-326,2,0
-114,-325,1,0
-114,-324,1,0
-114,-320,10,1
-114,-318,1,0
-114,-317,1,0
-114,-313,2,0
-114,-312,2,0
-114,-309,1,0
-114,-303,1,0
-114,-302,8,0
-114,-301,3,0
-114,-300,5,0
-114,-299,12,1
-114,-298,26,1
-114,-297,7,0
-114,-296,1,0
-114,-294,1,0
-114,-293,1,0
-114,-288,1,0
-114,-284,1,0
-114,-279,1,0
-114,-278,4,0
-114,-277,3,0
-114,-276,1,0
-114,-274,1,0
-114,-272,1,0
-114,-271,1,0
-114,-268,1,0
-114,-265,1,0
-114,-264,1,0
-114,-257,1,0
-114,-255,1,0
-114,-251,1,0
-114,-239,3,0
-114,-238,5,0
-114,-237,1,0
-114,-223,1,0
-114,-210,1,0
-114,-205,1,0
-114,-203,1,0
-114,-201,2,0
-114,-200,1,0
-114,-186,3,0
-114,-185,7,0
-114,-160,1,0
-113,-539,2,0
-113,-525,1,0
-113,-512,1,0
-113,-509,2,0
-113,-490,2,0
-113,-486,1,0
-113,-485,3,0
-113,-484,3,0
-113,-478,1,0
-113,-477,1,0
-113,-476,1,0
-113,-473,2,0
-113,-470,1,0
-113,-460,1,0
-113,-454,1,0
-113,-444,4,0
-113,-443,4,0
-113,-442,2,0
-113,-433,2,0
-113,-427,2,0
-113,-426,1,0
-113,-420,1,0
-113,-414,1,0
-113,-410,2,0
-113,-408,3,0
-113,-406,1,0
-113,-404,1,0
-113,-395,4,0
-113,-394,1,0
-113,-393,23,1
-113,-392,22,1
-113,-391,25,1
-113,-390,7,0
-113,-388,4,0
-113,-387,8,0
-113,-385,2,0
-113,-384,1,0
-113,-383,1,0
-113,-380,2,0
-113,-379,5,0
-113,-378,5,0
-113,-377,4,0
-113,-376,6,0
-113,-375,12,1
-113,-374,12,1
-113,-373,2,0
-113,-372,4,0
-113,-371,8,0
-113,-370,22,1
-113,-369,2,0
-113,-367,2,0
-113,-366,5,0
-113,-365,3,0
-113,-364,8,0
-113,-363,9,0
-113,-361,1,0
-113,-358,1,0
-113,-357,4,0
-113,-354,1,0
-113,-353,1,0
-113,-350,1,0
-113,-346,3,0
-113,-345,11,1
-113,-344,6,0
-113,-343,14,1
-113,-342,4,0
-113,-341,5,0
-113,-340,2,0
-113,-338,3,0
-113,-337,2,0
-113,-336,7,0
-113,-332,1,0
-113,-331,1,0
-113,-330,1,0
-113,-328,4,0
-113,-327,3,0
-113,-326,1,0
-113,-324,7,0
-113,-323,5,0
-113,-322,3,0
-113,-321,1,0
-113,-320,4,0
-113,-318,1,0
-113,-316,3,0
-113,-315,1,0
-113,-310,1,0
-113,-304,1,0
-113,-303,5,0
-113,-302,6,0
-113,-301,37,1
-113,-300,25,1
-113,-299,27,1
-113,-298,23,1
-113,-297,22,1
-113,-296,7,0
-113,-295,3,0
-113,-294,2,0
-113,-291,1,0
-113,-288,2,0
-113,-277,1,0
-113,-276,1,0
-113,-272,2,0
-113,-271,1,0
-113,-264,1,0
-113,-262,1,0
-113,-253,1,0
-113,-240,1,0
-113,-217,1,0
-113,-167,1,0
-113,-163,1,0
-112,-539,2,0
-112,-536,1,0
-112,-523,1,0
-112,-519,1,0
-112,-507,1,0
-112,-498,2,0
-112,-490,1,0
-112,-489,1,0
-112,-487,1,0
-112,-486,1,0
-112,-485,1,0
-112,-484,1,0
-112,-478,1,0
-112,-476,1,0
-112,-475,1,0
-112,-461,1,0
-112,-457,1,0
-112,-454,1,0
-112,-452,1,0
-112,-449,1,0
-112,-446,1,0
-112,-444,1,0
-112,-431,3,0
-112,-426,1,0
-112,-417,1,0
-112,-411,1,0
-112,-410,1,0
-112,-409,2,0
-112,-407,1,0
-112,-405,2,0
-112,-397,1,0
-112,-396,2,0
-112,-395,4,0
-112,-394,4,0
-112,-393,16,1
-112,-392,29,1
-112,-391,21,1
-112,-390,8,0
-112,-389,2,0
-112,-388,3,0
-112,-387,2,0
-112,-383,1,0
-112,-378,1,0
-112,-377,2,0
-112,-376,2,0
-112,-374,18,1
-112,-373,8,0
-112,-372,6,0
-112,-371,7,0
-112,-370,8,0
-112,-368,1,0
-112,-364,4,0
-112,-363,5,0
-112,-362,7,0
-112,-361,5,0
-112,-360,5,0
-112,-358,3,0
-112,-357,9,0
-112,-356,2,0
-112,-355,1,0
-112,-354,5,0
-112,-347,1,0
-112,-346,8,0
-112,-345,8,0
-112,-344,6,0
-112,-343,9,0
-112,-342,2,0
-112,-341,2,0
-112,-338,2,0
-112,-337,1,0
-112,-336,3,0
-112,-335,1,0
-112,-334,1,0
-112,-333,1,0
-112,-332,1,0
-112,-326,1,0
-112,-323,1,0
-112,-322,3,0
-112,-321,10,1
-112,-320,3,0
-112,-317,2,0
-112,-309,1,0
-112,-305,1,0
-112,-304,1,0
-112,-302,8,0
-112,-301,23,1
-112,-300,30,1
-112,-299,32,1
-112,-298,39,1
-112,-297,27,1
-112,-296,6,0
-112,-295,2,0
-112,-294,2,0
-112,-293,6,0
-112,-290,2,0
-112,-289,1,0
-112,-288,1,0
-112,-284,1,0
-112,-279,1,0
-112,-278,1,0
-112,-277,3,0
-112,-276,10,1
-112,-275,10,1
-112,-274,6,0
-112,-265,1,0
-112,-264,1,0
-112,-252,1,0
-112,-235,1,0
-112,-217,2,0
-112,-205,1,0
-112,-203,1,0
-112,-198,2,0
-112,-195,2,0
-112,-190,1,0
-112,-184,1,0
-112,-151,1,0
-111,-533,1,0
-111,-530,1,0
-111,-522,1,0
-111,-509,1,0
-111,-506,1,0
-111,-497,1,0
-111,-496,1,0
-111,-495,1,0
-111,-491,2,0
-111,-487,1,0
-111,-486,8,0
-111,-485,1,0
-111,-484,2,0
-111,-483,2,0
-111,-481,1,0
-111,-479,1,0
-111,-478,1,0
-111,-476,1,0
-111,-472,1,0
-111,-471,2,0
-111,-470,1,0
-111,-469,1,0
-111,-467,1,0
-111,-458,1,0
-111,-451,2,0
-111,-449,3,0
-111,-448,5,0
-111,-447,1,0
-111,-446,1,0
-111,-435,1,0
-111,-434,3,0
-111,-433,6,0
-111,-429,1,0
-111,-425,1,0
-111,-418,1,0
-111,-416,1,0
-111,-412,3,0
-111,-411,1,0
-111,-410,1,0
-111,-409,2,0
-111,-406,8,0
-111,-401,1,0
-111,-400,1,0
-111,-397,1,0
-111,-396,3,0
-111,-395,1,0
-111,-394,7,0
-111,-393,15,1
-111,-392,16,1
-111,-391,15,1
-111,-390,4,0
-111,-389,3,0
-111,-383,3,0
-111,-382,9,0
-111,-380,1,0
-111,-376,2,0
-111,-375,3,0
-111,-374,14,1
-111,-373,21,1
-111,-372,6,0
-111,-371,7,0
-111,-370,12,1
-111,-369,4,0
-111,-368,1,0
-111,-364,3,0
-111,-362,6,0
-111,-361,5,0
-111,-358,1,0
-111,-356,1,0
-111,-355,2,0
-111,-354,6,0
-111,-346,9,0
-111,-345,7,0
-111,-344,8,0
-111,-343,6,0
-111,-337,1,0
-111,-335,3,0
-111,-321,10,1
-111,-320,1,0
-111,-318,1,0
-111,-317,1,0
-111,-316,1,0
-111,-311,2,0
-111,-307,7,0
-111,-306,3,0
-111,-305,1,0
-111,-304,7,0
-111,-303,14,1
-111,-302,7,0
-111,-301,21,1
-111,-300,35,1
-111,-299,16,1
-111,-298,18,1
-111,-297,8,0
-111,-296,7,0
-111,-295,5,0
-111,-294,3,0
-111,-293,2,0
-111,-292,1,0
-111,-291,2,0
-111,-287,1,0
-111,-285,1,0
-111,-279,1,0
-111,-278,1,0
-111,-277,1,0
-111,-276,1,0
-111,-275,2,0
-111,-263,1,0
-111,-240,1,0
-111,-218,1,0
-111,-193,1,0
-111,-186,1,0
-111,-184,1,0
-111,-170,1,0
-111,-157,1,0
-111,-156,1,0
-110,-531,2,0
-110,-529,1,0
-110,-516,1,0
-110,-502,1,0
-110,-499,1,0
-110,-498,1,0
-110,-493,1,0
-110,-487,5,0
-110,-486,14,1
-110,-485,2,0
-110,-482,1,0
-110,-481,1,0
-110,-477,1,0
-110,-471,3,0
-110,-468,1,0
-110,-462,1,0
-110,-447,1,0
-110,-441,1,0
-110,-438,2,0
-110,-437,7,0
-110,-436,1,0
-110,-435,1,0
-110,-434,3,0
-110,-433,2,0
-110,-426,3,0
-110,-424,1,0
-110,-416,1,0
-110,-415,4,0
-110,-412,1,0
-110,-409,2,0
-110,-408,1,0
-110,-406,18,1
-110,-405,1,0
-110,-399,2,0
-110,-398,2,0
-110,-397,6,0
-110,-396,1,0
-110,-394,3,0
-110,-393,8,0
-110,-392,11,1
-110,-391,3,0
-110,-390,3,0
-110,-389,3,0
-110,-388,1,0
-110,-384,1,0
-110,-383,1,0
-110,-382,1,0
-110,-379,2,0
-110,-378,1,0
-110,-376,2,0
-110,-375,10,1
-110,-374,6,0
-110,-373,7,0
-110,-372,23,1
-110,-371,7,0
-110,-369,1,0
-110,-368,7,0
-110,-365,1,0
-110,-364,6,0
-110,-363,2,0
-110,-362,5,0
-110,-361,2,0
-110,-360,1,0
-110,-359,3,0
-110,-357,1,0
-110,-356,1,0
-110,-354,1,0
-110,-350,1,0
-110,-348,1,0
-110,-347,8,0
-110,-346,10,1
-110,-345,5,0
-110,-344,10,1
-110,-343,2,0
-110,-342,1,0
-110,-340,1,0
-110,-339,1,0
-110,-338,1,0
-110,-332,1,0
-110,-324,1,0
-110,-322,4,0
-110,-321,8,0
-110,-316,3,0
-110,-314,2,0
-110,-312,1,0
-110,-308,8,0
-110,-307,2,0
-110,-304,8,0
-110,-303,24,1
-110,-302,25,1
-110,-301,34,1
-110,-300,25,1
-110,-299,36,1
-110,-298,14,1
-110,-297,2,0
-110,-295,1,0
-110,-294,1,0
-110,-290,1,0
-110,-289,1,0
-110,-288,2,0
-110,-287,1,0
-110,-279,1,0
-110,-277,5,0
-110,-275,1,0
-110,-273,1,0
-110,-263,1,0
-110,-220,1,0
-110,-208,1,0
-110,-207,1,0
-110,-206,1,0
-110,-201,2,0
-110,-198,1,0
-110,-193,1,0
-110,-186,1,0
-110,-178,1,0
-109,-542,1,0
-109,-534,1,0
-109,-529,1,0
-109,-524,1,0
-109,-506,1,0
-109,-490,1,0
-109,-489,2,0
-109,-488,6,0
-109,-487,11,1
-109,-486,15,1
-109,-485,4,0
-109,-483,1,0
-109,-479,1,0
-109,-475,1,0
-109,-473,1,0
-109,-472,1,0
-109,-471,1,0
-109,-470,1,0
-109,-458,1,0
-109,-450,1,0
-109,-443,1,0
-109,-441,1,0
-109,-440,1,0
-109,-438,3,0
-109,-437,1,0
-109,-436,1,0
-109,-430,1,0
-109,-427,7,0
-109,-426,2,0
-109,-425,1,0
-109,-422,1,0
-109,-420,1,0
-109,-419,1,0
-109,-417,1,0
-109,-416,7,0
-109,-415,5,0
-109,-414,2,0
-109,-409,3,0
-109,-408,1,0
-109,-406,21,1
-109,-405,2,0
-109,-403,1,0
-109,-402,2,0
-109,-401,1,0
-109,-399,1,0
-109,-398,6,0
-109,-397,21,1
-109,-396,4,0
-109,-393,18,1
-109,-392,1,0
-109,-390,1,0
-109,-389,1,0
-109,-385,1,0
-109,-384,2,0
-109,-383,3,0
-109,-382,2,0
-109,-379,2,0
-109,-377,1,0
-109,-376,6,0
-109,-375,7,0
-109,-374,2,0
-109,-373,3,0
-109,-372,9,0
-109,-371,14,1
-109,-370,5,0
-109,-369,1,0
-109,-368,1,0
-109,-367,1,0
-109,-366,5,0
-109,-365,2,0
-109,-364,2,0
-109,-363,1,0
-109,-362,2,0
-109,-360,1,0
-109,-359,1,0
-109,-352,1,0
-109,-347,4,0
-109,-346,3,0
-109,-345,2,0
-109,-343,3,0
-109,-337,1,0
-109,-336,4,0
-109,-329,2,0
-109,-325,1,0
-109,-322,6,0
-109,-316,1,0
-109,-312,1,0
-109,-311,3,0
-109,-309,5,0
-109,-307,1,0
-109,-306,2,0
-109,-305,6,0
-109,-304,10,1
-109,-303,8,0
-109,-302,32,1
-109,-301,23,1
-109,-300,57,1
-109,-299,30,1
-109,-298,24,1
-109,-297,14,1
-109,-296,1,0
-109,-294,1,0
-109,-284,1,0
-109,-278,3,0
-109,-277,1,0
-109,-268,2,0
-109,-254,1,0
-109,-222,1,0
-109,-221,1,0
-109,-220,1,0
-109,-214,4,0
-109,-213,1,0
-109,-198,1,0
-109,-178,1,0
-108,-540,1,0
-108,-539,1,0
-108,-533,1,0
-108,-532,1,0
-108,-503,1,0
-108,-502,1,0
-108,-500,4,0
-108,-499,6,0
-108,-497,1,0
-108,-490,1,0
-108,-489,6,0
-108,-488,5,0
-108,-487,17,1
-108,-486,33,1
-108,-485,13,1
-108,-484,11,1
-108,-483,2,0
-108,-481,1,0
-108,-472,1,0
-108,-470,1,0
-108,-469,1,0
-108,-458,1,0
-108,-450,1,0
-108,-443,1,0
-108,-441,1,0
-108,-433,1,0
-108,-427,9,0
-108,-426,1,0
-108,-424,1,0
-108,-417,1,0
-108,-416,8,0
-108,-415,1,0
-108,-414,1,0
-108,-410,2,0
-108,-409,2,0
-108,-408,2,0
-108,-407,14,1
-108,-406,13,1
-108,-405,6,0
-108,-404,2,0
-108,-403,1,0
-108,-398,5,0
-108,-397,1,0
-108,-396,2,0
-108,-394,5,0
-108,-393,10,1
-108,-392,7,0
-108,-391,5,0
-108,-390,1,0
-108,-382,1,0
-108,-379,1,0
-108,-377,2,0
-108,-376,2,0
-108,-374,4,0
-108,-373,4,0
-108,-372,3,0
-108,-371,6,0
-108,-370,8,0
-108,-369,8,0
-108,-368,1,0
-108,-367,4,0
-108,-366,6,0
-108,-364,1,0
-108,-360,1,0
-108,-358,1,0
-108,-356,2,0
-108,-355,2,0
-108,-347,6,0
-108,-346,6,0
-108,-345,3,0
-108,-344,2,0
-108,-343,3,0
-108,-342,1,0
-108,-338,1,0
-108,-336,1,0
-108,-331,1,0
-108,-322,2,0
-108,-319,1,0
-108,-317,2,0
-108,-316,1,0
-108,-313,1,0
-108,-312,1,0
-108,-311,2,0
-108,-310,3,0
-108,-309,1,0
-108,-308,1,0
-108,-306,2,0
-108,-305,4,0
-108,-304,3,0
-108,-302,5,0
-108,-301,10,1
-108,-300,32,1
-108,-299,20,1
-108,-298,16,1
-108,-297,12,1
-108,-296,1,0
-108,-295,2,0
-108,-283,3,0
-108,-282,1,0
-108,-279,1,0
-108,-278,2,0
-108,-268,2,0
-108,-264,1,0
-108,-263,1,0
-108,-237,1,0
-108,-221,1,0
-108,-220,1,0
-108,-215,6,0
-108,-214,21,1
-108,-213,1,0
-108,-211,1,0
-108,-210,1,0
-108,-205,2,0
-108,-200,1,0
-108,-186,1,0
-108,-164,1,0
-108,-159,1,0
-107,-542,1,0
-107,-535,1,0
-107,-534,2,0
-107,-533,2,0
-107,-527,1,0
-107,-524,1,0
-107,-517,1,0
-107,-501,1,0
-107,-500,3,0
-107,-499,2,0
-107,-496,1,0
-107,-491,1,0
-107,-489,4,0
-107,-488,3,0
-107,-487,2,0
-107,-486,33,1
-107,-485,25,1
-107,-484,13,1
-107,-482,1,0
-107,-481,1,0
-107,-477,1,0
-107,-473,1,0
-107,-470,1,0
-107,-465,1,0
-107,-454,1,0
-107,-451,1,0
-107,-445,1,0
-107,-444,1,0
-107,-441,1,0
-107,-438,1,0
-107,-434,1,0
-107,-431,2,0
-107,-429,2,0
-107,-428,3,0
-107,-427,11,1
-107,-422,1,0
-107,-416,3,0
-107,-413,1,0
-107,-409,1,0
-107,-407,20,1
-107,-406,27,1
-107,-405,1,0
-107,-404,2,0
-107,-398,4,0
-107,-396,3,0
-107,-395,4,0
-107,-394,3,0
-107,-393,3,0
-107,-392,5,0
-107,-391,2,0
-107,-390,1,0
-107,-378,1,0
-107,-377,4,0
-107,-376,3,0
-107,-375,1,0
-107,-374,11,1
-107,-372,1,0
-107,-369,9,0
-107,-368,6,0
-107,-367,8,0
-107,-364,1,0
-107,-360,1,0
-107,-355,1,0
-107,-350,1,0
-107,-349,1,0
-107,-348,1,0
-107,-347,6,0
-107,-345,2,0
-107,-344,3,0
-107,-343,2,0
-107,-325,1,0
-107,-323,3,0
-107,-321,1,0
-107,-320,1,0
-107,-317,1,0
-107,-313,1,0
-107,-312,1,0
-107,-311,1,0
-107,-309,1,0
-107,-308,1,0
-107,-305,1,0
-107,-304,3,0
-107,-302,5,0
-107,-301,30,1
-107,-300,42,1
-107,-299,28,1
-107,-298,11,1
-107,-297,12,1
-107,-296,4,0
-107,-295,3,0
-107,-288,1,0
-107,-287,1,0
-107,-283,1,0
-107,-281,1,0
-107,-279,2,0
-107,-278,2,0
-107,-274,2,0
-107,-271,1,0
-107,-265,1,0
-107,-243,1,0
-107,-236,2,0
-107,-226,1,0
-107,-222,1,0
-107,-221,2,0
-107,-220,2,0
-107,-219,1,0
-107,-218,1,0
-107,-213,1,0
-107,-210,1,0
-107,-202,1,0
-107,-180,1,0
-106,-542,1,0
-106,-539,1,0
-106,-534,1,0
-106,-531,1,0
-106,-527,1,0
-106,-526,1,0
-106,-522,1,0
-106,-517,1,0
-106,-505,1,0
-106,-500,2,0
-106,-498,1,0
-106,-489,3,0
-106,-488,10,1
-106,-487,8,0
-106,-486,26,1
-106,-485,6,0
-106,-484,4,0
-106,-483,1,0
-106,-479,1,0
-106,-478,1,0
-106,-473,1,0
-106,-470,1,0
-106,-469,1,0
-106,-468,2,0
-106,-467,1,0
-106,-447,1,0
-106,-444,1,0
-106,-428,3,0
-106,-427,6,0
-106,-426,1,0
-106,-423,1,0
-106,-422,1,0
-106,-419,2,0
-106,-417,1,0
-106,-416,1,0
-106,-414,1,0
-106,-413,2,0
-106,-411,1,0
-106,-407,5,0
-106,-406,31,1
-106,-405,3,0
-106,-393,5,0
-106,-392,3,0
-106,-390,1,0
-106,-386,1,0
-106,-382,1,0
-106,-378,1,0
-106,-377,1,0
-106,-376,2,0
-106,-375,5,0
-106,-370,1,0
-106,-369,6,0
-106,-368,4,0
-106,-367,9,0
-106,-366,23,1
-106,-365,8,0
-106,-364,7,0
-106,-363,3,0
-106,-361,2,0
-106,-360,3,0
-106,-358,1,0
-106,-356,1,0
-106,-354,1,0
-106,-347,4,0
-106,-343,1,0
-106,-339,1,0
-106,-338,1,0
-106,-336,2,0
-106,-335,1,0
-106,-334,2,0
-106,-332,1,0
-106,-331,1,0
-106,-328,1,0
-106,-327,4,0
-106,-326,1,0
-106,-325,4,0
-106,-324,2,0
-106,-323,4,0
-106,-322,2,0
-106,-320,1,0
-106,-319,1,0
-106,-315,3,0
-106,-314,1,0
-106,-305,1,0
-106,-303,1,0
-106,-302,2,0
-106,-301,8,0
-106,-300,25,1
-106,-299,7,0
-106,-298,6,0
-106,-297,6,0
-106,-296,1,0
-106,-294,2,0
-106,-290,1,0
-106,-288,1,0
-106,-287,2,0
-106,-285,1,0
-106,-280,3,0
-106,-275,1,0
-106,-274,1,0
-106,-262,1,0
-106,-221,3,0
-106,-219,1,0
-106,-218,1,0
-106,-195,1,0
-106,-172,1,0
-106,-159,1,0
-106,-155,1,0
-105,-542,2,0
-105,-541,1,0
-105,-536,1,0
-105,-535,1,0
-105,-534,2,0
-105,-518,3,0
-105,-508,1,0
-105,-501,1,0
-105,-493,1,0
-105,-490,3,0
-105,-489,2,0
-105,-488,5,0
-105,-487,5,0
-105,-486,20,1
-105,-485,8,0
-105,-483,2,0
-105,-473,1,0
-105,-468,2,0
-105,-467,1,0
-105,-453,1,0
-105,-451,1,0
-105,-450,1,0
-105,-443,1,0
-105,-437,1,0
-105,-435,7,0
-105,-434,8,0
-105,-433,1,0
-105,-432,1,0
-105,-428,3,0
-105,-427,4,0
-105,-426,1,0
-105,-422,1,0
-105,-420,1,0
-105,-416,1,0
-105,-415,1,0
-105,-407,3,0
-105,-406,4,0
-105,-394,3,0
-105,-392,4,0
-105,-391,2,0
-105,-390,2,0
-105,-383,2,0
-105,-381,1,0
-105,-379,1,0
-105,-378,1,0
-105,-377,2,0
-105,-375,1,0
-105,-370,2,0
-105,-369,5,0
-105,-367,1,0
-105,-366,5,0
-105,-365,1,0
-105,-364,1,0
-105,-362,1,0
-105,-359,3,0
-105,-358,1,0
-105,-357,2,0
-105,-355,1,0
-105,-354,1,0
-105,-352,1,0
-105,-351,1,0
-105,-347,2,0
-105,-346,3,0
-105,-345,1,0
-105,-343,1,0
-105,-340,1,0
-105,-339,1,0
-105,-335,1,0
-105,-334,1,0
-105,-328,2,0
-105,-327,3,0
-105,-326,3,0
-105,-325,1,0
-105,-324,1,0
-105,-323,2,0
-105,-322,3,0
-105,-321,2,0
-105,-315,2,0
-105,-306,1,0
-105,-304,2,0
-105,-303,3,0
-105,-302,1,0
-105,-301,21,1
-105,-300,18,1
-105,-299,5,0
-105,-298,3,0
-105,-297,3,0
-105,-296,1,0
-105,-280,1,0
-105,-279,1,0
-105,-278,1,0
-105,-275,1,0
-105,-261,1,0
-105,-248,1,0
-105,-236,1,0
-105,-224,1,0
-105,-221,7,0
-105,-220,13,1
-105,-219,12,1
-105,-218,5,0
-105,-216,1,0
-105,-214,1,0
-105,-211,1,0
-105,-197,1,0
-105,-195,1,0
-105,-152,2,0
-104,-540,1,0
-104,-534,1,0
-104,-528,1,0
-104,-522,1,0
-104,-518,1,0
-104,-517,3,0
-104,-490,4,0
-104,-489,1,0
-104,-487,3,0
-104,-486,13,1
-104,-485,4,0
-104,-468,1,0
-104,-467,2,0
-104,-466,1,0
-104,-453,3,0
-104,-452,1,0
-104,-443,1,0
-104,-433,2,0
-104,-432,1,0
-104,-430,1,0
-104,-428,9,0
-104,-424,3,0
-104,-422,2,0
-104,-421,1,0
-104,-420,7,0
-104,-418,2,0
-104,-417,2,0
-104,-416,1,0
-104,-414,1,0
-104,-413,1,0
-104,-412,1,0
-104,-410,1,0
-104,-407,3,0
-104,-406,3,0
-104,-398,1,0
-104,-392,1,0
-104,-390,3,0
-104,-385,1,0
-104,-383,1,0
-104,-379,4,0
-104,-376,1,0
-104,-369,1,0
-104,-367,2,0
-104,-366,4,0
-104,-365,7,0
-104,-361,1,0
-104,-360,1,0
-104,-358,2,0
-104,-357,1,0
-104,-355,1,0
-104,-353,1,0
-104,-347,10,1
-104,-346,1,0
-104,-342,1,0
-104,-340,1,0
-104,-334,1,0
-104,-333,1,0
-104,-332,1,0
-104,-327,3,0
-104,-326,13,1
-104,-324,1,0
-104,-323,8,0
-104,-322,7,0
-104,-321,2,0
-104,-320,1,0
-104,-318,1,0
-104,-316,1,0
-104,-315,1,0
-104,-312,2,0
-104,-305,1,0
-104,-304,8,0
-104,-303,5,0
-104,-302,5,0
-104,-301,50,1
-104,-300,3,0
-104,-299,3,0
-104,-298,5,0
-104,-297,1,0
-104,-295,1,0
-104,-294,2,0
-104,-292,1,0
-104,-288,1,0
-104,-283,2,0
-104,-282,2,0
-104,-281,3,0
-104,-280,6,0
-104,-279,1,0
-104,-277,1,0
-104,-267,1,0
-104,-266,1,0
-104,-265,2,0
-104,-261,1,0
-104,-247,7,0
-104,-246,1,0
-104,-245,2,0
-104,-244,1,0
-104,-242,3,0
-104,-226,2,0
-104,-221,11,1
-104,-220,11,1
-104,-219,14,1
-104,-218,8,0
-104,-210,1,0
-104,-206,1,0
-104,-205,2,0
-104,-199,2,0
-104,-181,2,0
-103,-541,1,0
-103,-539,2,0
-103,-537,1,0
-103,-523,1,0
-103,-522,1,0
-103,-516,2,0
-103,-503,2,0
-103,-502,2,0
-103,-500,1,0
-103,-494,1,0
-103,-492,2,0
-103,-491,1,0
-103,-490,1,0
-103,-488,2,0
-103,-487,8,0
-103,-486,17,1
-103,-485,2,0
-103,-484,1,0
-103,-479,2,0
-103,-468,1,0
-103,-467,3,0
-103,-465,1,0
-103,-462,1,0
-103,-444,1,0
-103,-443,1,0
-103,-441,1,0
-103,-432,1,0
-103,-429,2,0
-103,-428,5,0
-103,-427,4,0
-103,-420,6,0
-103,-419,3,0
-103,-418,5,0
-103,-417,7,0
-103,-416,6,0
-103,-415,5,0
-103,-414,3,0
-103,-408,1,0
-103,-407,1,0
-103,-406,4,0
-103,-404,1,0
-103,-402,1,0
-103,-398,1,0
-103,-391,1,0
-103,-390,4,0
-103,-389,7,0
-103,-388,1,0
-103,-381,1,0
-103,-380,1,0
-103,-379,1,0
-103,-377,1,0
-103,-376,1,0
-103,-372,1,0
-103,-368,1,0
-103,-367,4,0
-103,-366,7,0
-103,-365,10,1
-103,-364,2,0
-103,-363,1,0
-103,-357,1,0
-103,-356,5,0
-103,-355,11,1
-103,-354,4,0
-103,-353,2,0
-103,-351,1,0
-103,-350,1,0
-103,-349,1,0
-103,-347,20,1
-103,-346,2,0
-103,-345,1,0
-103,-344,1,0
-103,-342,2,0
-103,-341,2,0
-103,-339,1,0
-103,-338,1,0
-103,-337,1,0
-103,-335,1,0
-103,-330,1,0
-103,-329,1,0
-103,-328,2,0
-103,-327,14,1
-103,-326,12,1
-103,-325,3,0
-103,-324,5,0
-103,-323,2,0
-103,-322,3,0
-103,-321,5,0
-103,-319,1,0
-103,-318,1,0
-103,-315,1,0
-103,-310,1,0
-103,-308,1,0
-103,-306,1,0
-103,-305,3,0
-103,-304,1,0
-103,-302,2,0
-103,-301,13,1
-103,-300,1,0
-103,-298,3,0
-103,-284,1,0
-103,-283,6,0
-103,-282,2,0
-103,-281,5,0
-103,-280,6,0
-103,-279,1,0
-103,-275,2,0
-103,-267,1,0
-103,-265,1,0
-103,-248,2,0
-103,-247,13,1
-103,-246,10,1
-103,-245,13,1
-103,-244,11,1
-103,-243,2,0
-103,-242,4,0
-103,-241,4,0
-103,-240,2,0
-103,-221,3,0
-103,-220,4,0
-103,-219,8,0
-103,-218,8,0
-103,-217,1,0
-103,-216,2,0
-103,-215,2,0
-103,-211,1,0
-103,-192,2,0
-103,-191,1,0
-102,-541,1,0
-102,-531,1,0
-102,-504,3,0
-102,-493,2,0
-102,-489,2,0
-102,-488,4,0
-102,-487,7,0
-102,-486,1,0
-102,-484,1,0
-102,-473,1,0
-102,-464,1,0
-102,-461,1,0
-102,-443,1,0
-102,-442,10,1
-102,-441,1,0
-102,-428,1,0
-102,-425,1,0
-102,-420,1,0
-102,-418,4,0
-102,-417,10,1
-102,-416,3,0
-102,-415,4,0
-102,-414,6,0
-102,-413,2,0
-102,-409,1,0
-102,-398,1,0
-102,-396,1,0
-102,-395,1,0
-102,-391,1,0
-102,-388,7,0
-102,-385,2,0
-102,-384,1,0
-102,-376,2,0
-102,-375,2,0
-102,-367,1,0
-102,-366,1,0
-102,-365,8,0
-102,-364,5,0
-102,-363,1,0
-102,-360,1,0
-102,-357,1,0
-102,-354,2,0
-102,-353,1,0
-102,-351,1,0
-102,-350,1,0
-102,-349,1,0
-102,-347,3,0
-102,-346,7,0
-102,-345,4,0
-102,-344,4,0
-102,-342,7,0
-102,-341,11,1
-102,-340,12,1
-102,-338,1,0
-102,-335,1,0
-102,-330,2,0
-102,-328,2,0
-102,-327,1,0
-102,-326,1,0
-102,-325,2,0
-102,-324,2,0
-102,-323,4,0
-102,-321,2,0
-102,-316,1,0
-102,-306,2,0
-102,-305,1,0
-102,-302,3,0
-102,-300,2,0
-102,-299,1,0
-102,-298,2,0
-102,-292,1,0
-102,-285,1,0
-102,-283,2,0
-102,-282,4,0
-102,-267,3,0
-102,-266,4,0
-102,-265,5,0
-102,-264,3,0
-102,-263,4,0
-102,-262,3,0
-102,-261,2,0
-102,-260,2,0
-102,-257,1,0
-102,-256,1,0
-102,-252,1,0
-102,-248,6,0
-102,-247,31,1
-102,-246,20,1
-102,-245,25,1
-102,-244,3,0
-102,-243,4,0
-102,-242,2,0
-102,-241,2,0
-102,-240,2,0
-102,-238,1,0
-102,-235,1,0
-102,-222,1,0
-102,-221,2,0
-102,-220,3,0
-102,-219,4,0
-102,-217,2,0
-102,-215,2,0
-102,-213,1,0
-102,-212,1,0
-102,-205,1,0
-102,-192,1,0
-102,-191,1,0
-102,-187,1,0
-102,-173,1,0
-102,-168,1,0
-102,-167,1,0
-101,-535,1,0
-101,-528,2,0
-101,-504,3,0
-101,-497,1,0
-101,-494,1,0
-101,-491,2,0
-101,-489,2,0
-101,-488,4,0
-101,-487,12,1
-101,-482,1,0
-101,-481,1,0
-101,-479,2,0
-101,-472,1,0
-101,-470,1,0
-101,-463,1,0
-101,-443,1,0
-101,-442,2,0
-101,-440,1,0
-101,-433,1,0
-101,-431,1,0
-101,-429,2,0
-101,-419,8,0
-101,-418,29,1
-101,-417,16,1
-101,-416,11,1
-101,-415,12,1
-101,-414,8,0
-101,-407,1,0
-101,-404,2,0
-101,-403,1,0
-101,-401,1,0
-101,-400,1,0
-101,-398,2,0
-101,-397,1,0
-101,-395,3,0
-101,-394,1,0
-101,-392,1,0
-101,-391,1,0
-101,-390,1,0
-101,-389,3,0
-101,-388,13,1
-101,-387,7,0
-101,-386,2,0
-101,-385,1,0
-101,-384,2,0
-101,-380,1,0
-101,-379,1,0
-101,-378,4,0
-101,-377,2,0
-101,-376,3,0
-101,-371,1,0
-101,-365,2,0
-101,-364,8,0
-101,-362,1,0
-101,-358,1,0
-101,-357,1,0
-101,-352,1,0
-101,-348,1,0
-101,-347,3,0
-101,-346,11,1
-101,-345,10,1
-101,-344,5,0
-101,-343,3,0
-101,-342,2,0
-101,-341,3,0
-101,-338,1,0
-101,-333,2,0
-101,-327,6,0
-101,-324,2,0
-101,-323,2,0
-101,-322,1,0
-101,-321,1,0
-101,-319,1,0
-101,-307,1,0
-101,-306,2,0
-101,-305,1,0
-101,-304,1,0
-101,-300,1,0
-101,-299,2,0
-101,-291,2,0
-101,-290,2,0
-101,-285,1,0
-101,-271,1,0
-101,-267,6,0
-101,-266,12,1
-101,-265,3,0
-101,-255,1,0
-101,-252,1,0
-101,-251,1,0
-101,-250,1,0
-101,-249,3,0
-101,-248,9,0
-101,-247,6,0
-101,-246,11,1
-101,-245,10,1
-101,-244,1,0
-101,-243,7,0
-101,-241,2,0
-101,-239,1,0
-101,-238,1,0
-101,-236,1,0
-101,-221,1,0
-101,-219,1,0
-101,-218,1,0
-101,-211,1,0
-101,-208,1,0
-101,-191,1,0
-101,-180,1,0
-100,-495,1,0
-100,-490,3,0
-100,-489,1,0
-100,-488,5,0
-100,-487,5,0
-100,-479,1,0
-100,-478,1,0
-100,-477,3,0
-100,-468,1,0
-100,-467,1,0
-100,-463,4,0
-100,-443,1,0
-100,-442,1,0
-100,-425,3,0
-100,-421,2,0
-100,-420,2,0
-100,-419,4,0
-100,-418,7,0
-100,-417,18,1
-100,-416,22,1
-100,-415,21,1
-100,-414,5,0
-100,-413,1,0
-100,-412,1,0
-100,-405,1,0
-100,-404,1,0
-100,-403,1,0
-100,-402,1,0
-100,-401,3,0
-100,-395,1,0
-100,-392,2,0
-100,-388,2,0
-100,-387,3,0
-100,-386,1,0
-100,-384,2,0
-100,-383,3,0
-100,-382,2,0
-100,-381,7,0
-100,-380,5,0
-100,-379,9,0
-100,-378,8,0
-100,-377,6,0
-100,-376,5,0
-100,-375,2,0
-100,-371,1,0
-100,-367,1,0
-100,-366,5,0
-100,-365,8,0
-100,-364,7,0
-100,-363,2,0
-100,-356,1,0
-100,-353,1,0
-100,-349,1,0
-100,-347,6,0
-100,-346,8,0
-100,-345,2,0
-100,-344,1,0
-100,-342,3,0
-100,-341,1,0
-100,-340,1,0
-100,-338,1,0
-100,-334,1,0
-100,-333,1,0
-100,-328,1,0
-100,-327,2,0
-100,-324,1,0
-100,-323,1,0
-100,-322,2,0
-100,-319,1,0
-100,-318,1,0
-100,-312,2,0
-100,-308,1,0
-100,-307,2,0
-100,-305,2,0
-100,-300,3,0
-100,-293,1,0
-100,-292,2,0
-100,-291,1,0
-100,-290,2,0
-100,-268,1,0
-100,-265,4,0
-100,-252,2,0
-100,-251,1,0
-100,-248,1,0
-100,-247,2,0
-100,-246,2,0
-100,-245,11,1
-100,-243,1,0
-100,-224,1,0
-100,-215,1,0
-100,-212,1,0
-100,-204,1,0
-100,-201,1,0
-100,-186,1,0
-100,-181,4,0
-100,-179,1,0
-100,-176,2,0
-99,-536,1,0
-99,-517,2,0
-99,-492,1,0
-99,-491,1,0
-99,-488,1,0
-99,-487,6,0
-99,-486,1,0
-99,-484,1,0
-99,-480,2,0
-99,-478,1,0
-99,-473,1,0
-99,-464,1,0
-99,-463,1,0
-99,-462,2,0
-99,-439,1,0
-99,-435,1,0
-99,-429,2,0
-99,-426,1,0
-99,-425,1,0
-99,-423,1,0
-99,-422,1,0
-99,-421,1,0
-99,-420,1,0
-99,-418,2,0
-99,-417,2,0
-99,-416,17,1
-99,-415,26,1
-99,-414,5,0
-99,-408,1,0
-99,-403,2,0
-99,-401,1,0
-99,-394,1,0
-99,-392,2,0
-99,-388,1,0
-99,-387,1,0
-99,-386,1,0
-99,-381,2,0
-99,-378,3,0
-99,-377,5,0
-99,-376,4,0
-99,-375,1,0
-99,-374,1,0
-99,-372,1,0
-99,-370,1,0
-99,-369,1,0
-99,-365,7,0
-99,-364,15,1
-99,-363,4,0
-99,-352,1,0
-99,-350,1,0
-99,-348,1,0
-99,-347,6,0
-99,-343,2,0
-99,-342,3,0
-99,-340,3,0
-99,-339,2,0
-99,-338,5,0
-99,-337,1,0
-99,-334,1,0
-99,-327,1,0
-99,-325,1,0
-99,-318,1,0
-99,-313,1,0
-99,-301,2,0
-99,-300,4,0
-99,-293,1,0
-99,-282,1,0
-99,-278,1,0
-99,-268,1,0
-99,-265,2,0
-99,-262,2,0
-99,-253,1,0
-99,-251,1,0
-99,-248,1,0
-99,-247,1,0
-99,-246,1,0
-99,-245,9,0
-99,-242,2,0
-99,-229,1,0
-99,-225,1,0
-99,-224,1,0
-99,-220,1,0
-99,-214,1,0
-99,-208,1,0
-99,-204,1,0
-99,-201,1,0
-99,-195,2,0
-99,-194,1,0
-99,-186,1,0
-99,-182,1,0
-99,-178,1,0
-98,-528,2,0
-98,-517,1,0
-98,-516,5,0
-98,-498,1,0
-98,-493,1,0
-98,-486,2,0
-98,-480,1,0
-98,-465,1,0
-98,-462,1,0
-98,-461,2,0
-98,-460,1,0
-98,-459,1,0
-98,-458,1,0
-98,-444,1,0
-98,-437,1,0
-98,-434,1,0
-98,-426,2,0
-98,-424,1,0
-98,-423,1,0
-98,-419,1,0
-98,-417,4,0
-98,-416,10,1
-98,-415,5,0
-98,-414,11,1
-98,-413,4,0
-98,-412,3,0
-98,-411,1,0
-98,-410,2,0
-98,-409,1,0
-98,-403,4,0
-98,-402,3,0
-98,-395,1,0
-98,-392,1,0
-98,-391,1,0
-98,-384,1,0
-98,-379,1,0
-98,-377,2,0
-98,-376,4,0
-98,-372,1,0
-98,-368,1,0
-98,-365,8,0
-98,-364,18,1
-98,-363,6,0
-98,-355,1,0
-98,-350,1,0
-98,-347,6,0
-98,-346,1,0
-98,-343,2,0
-98,-342,3,0
-98,-340,3,0
-98,-338,1,0
-98,-337,1,0
-98,-336,1,0
-98,-335,3,0
-98,-334,4,0
-98,-329,1,0
-98,-325,4,0
-98,-324,1,0
-98,-320,4,0
-98,-319,2,0
-98,-318,2,0
-98,-309,1,0
-98,-300,1,0
-98,-287,1,0
-98,-283,1,0
-98,-268,1,0
-98,-261,6,0
-98,-249,1,0
-98,-245,4,0
-98,-244,1,0
-98,-222,1,0
-98,-220,2,0
-98,-218,1,0
-98,-217,1,0
-98,-210,1,0
-98,-209,2,0
-97,-522,1,0
-97,-516,1,0
-97,-503,1,0
-97,-494,1,0
-97,-486,1,0
-97,-483,1,0
-97,-480,3,0
-97,-469,2,0
-97,-465,1,0
-97,-463,1,0
-97,-461,2,0
-97,-460,5,0
-97,-459,11,1
-97,-458,7,0
-97,-457,6,0
-97,-456,2,0
-97,-445,1,0
-97,-435,4,0
-97,-431,1,0
-97,-429,1,0
-97,-427,1,0
-97,-426,4,0
-97,-425,2,0
-97,-424,6,0
-97,-423,1,0
-97,-422,7,0
-97,-420,2,0
-97,-418,2,0
-97,-417,3,0
-97,-416,10,1
-97,-415,7,0
-97,-411,1,0
-97,-403,1,0
-97,-402,1,0
-97,-393,1,0
-97,-392,2,0
-97,-389,1,0
-97,-387,1,0
-97,-386,1,0
-97,-385,1,0
-97,-384,1,0
-97,-382,2,0
-97,-380,3,0
-97,-379,2,0
-97,-378,2,0
-97,-377,2,0
-97,-375,2,0
-97,-373,1,0
-97,-372,2,0
-97,-371,1,0
-97,-370,1,0
-97,-369,6,0
-97,-368,1,0
-97,-367,2,0
-97,-366,10,1
-97,-365,6,0
-97,-364,2,0
-97,-363,1,0
-97,-361,1,0
-97,-354,1,0
-97,-353,1,0
-97,-349,3,0
-97,-348,8,0
-97,-347,2,0
-97,-346,2,0
-97,-343,1,0
-97,-341,1,0
-97,-334,2,0
-97,-333,3,0
-97,-332,2,0
-97,-328,1,0
-97,-326,1,0
-97,-325,2,0
-97,-323,3,0
-97,-320,2,0
-97,-317,1,0
-97,-314,1,0
-97,-312,1,0
-97,-311,2,0
-97,-304,1,0
-97,-301,1,0
-97,-300,3,0
-97,-296,2,0
-97,-295,1,0
-97,-287,1,0
-97,-286,1,0
-97,-285,2,0
-97,-269,1,0
-97,-264,2,0
-97,-263,1,0
-97,-262,2,0
-97,-261,5,0
-97,-260,2,0
-97,-259,1,0
-97,-257,1,0
-97,-250,1,0
-97,-249,2,0
-97,-245,1,0
-97,-244,1,0
-97,-219,1,0
-97,-206,1,0
-97,-181,1,0
-97,-172,1,0
-97,-169,1,0
-96,-514,1,0
-96,-505,1,0
-96,-498,1,0
-96,-485,1,0
-96,-483,2,0
-96,-482,1,0
-96,-481,1,0
-96,-480,1,0
-96,-478,1,0
-96,-467,2,0
-96,-466,1,0
-96,-465,2,0
-96,-463,2,0
-96,-460,10,1
-96,-459,24,1
-96,-458,20,1
-96,-457,27,1
-96,-456,16,1
-96,-455,2,0
-96,-454,1,0
-96,-453,1,0
-96,-443,1,0
-96,-434,1,0
-96,-426,2,0
-96,-425,3,0
-96,-424,13,1
-96,-423,20,1
-96,-422,10,1
-96,-421,6,0
-96,-420,2,0
-96,-419,3,0
-96,-418,1,0
-96,-417,2,0
-96,-416,5,0
-96,-415,3,0
-96,-406,1,0
-96,-401,1,0
-96,-394,2,0
-96,-392,3,0
-96,-389,1,0
-96,-387,1,0
-96,-381,1,0
-96,-380,1,0
-96,-379,4,0
-96,-378,9,0
-96,-377,5,0
-96,-376,5,0
-96,-374,1,0
-96,-373,3,0
-96,-372,11,1
-96,-371,5,0
-96,-370,9,0
-96,-369,2,0
-96,-368,3,0
-96,-367,1,0
-96,-366,2,0
-96,-363,2,0
-96,-352,1,0
-96,-349,6,0
-96,-348,14,1
-96,-347,4,0
-96,-344,2,0
-96,-338,1,0
-96,-328,1,0
-96,-326,1,0
-96,-325,1,0
-96,-323,1,0
-96,-322,1,0
-96,-320,1,0
-96,-318,1,0
-96,-315,1,0
-96,-313,5,0
-96,-312,2,0
-96,-311,1,0
-96,-300,4,0
-96,-299,7,0
-96,-298,5,0
-96,-297,5,0
-96,-296,3,0
-96,-294,1,0
-96,-290,1,0
-96,-286,2,0
-96,-285,5,0
-96,-284,2,0
-96,-283,2,0
-96,-273,1,0
-96,-271,1,0
-96,-270,1,0
-96,-263,1,0
-96,-262,1,0
-96,-261,8,0
-96,-260,12,1
-96,-259,4,0
-96,-257,1,0
-96,-250,1,0
-96,-245,2,0
-96,-222,1,0
-96,-221,8,0
-96,-214,1,0
-96,-150,1,0
-95,-531,1,0
-95,-529,1,0
-95,-518,1,0
-95,-516,1,0
-95,-515,1,0
-95,-514,1,0
-95,-498,3,0
-95,-485,1,0
-95,-481,7,0
-95,-480,2,0
-95,-475,2,0
-95,-472,1,0
-95,-466,1,0
-95,-465,1,0
-95,-461,2,0
-95,-460,5,0
-95,-459,4,0
-95,-458,16,1
-95,-457,12,1
-95,-456,12,1
-95,-455,1,0
-95,-454,2,0
-95,-453,1,0
-95,-450,1,0
-95,-440,1,0
-95,-436,2,0
-95,-435,1,0
-95,-434,1,0
-95,-429,1,0
-95,-425,1,0
-95,-424,1,0
-95,-423,3,0
-95,-422,25,1
-95,-421,10,1
-95,-420,1,0
-95,-419,2,0
-95,-418,3,0
-95,-417,1,0
-95,-416,6,0
-95,-415,1,0
-95,-414,1,0
-95,-411,2,0
-95,-408,1,0
-95,-402,1,0
-95,-389,1,0
-95,-379,4,0
-95,-378,15,1
-95,-377,35,1
-95,-376,14,1
-95,-375,11,1
-95,-374,1,0
-95,-373,3,0
-95,-372,5,0
-95,-371,6,0
-95,-370,1,0
-95,-369,1,0
-95,-368,1,0
-95,-365,1,0
-95,-362,2,0
-95,-358,1,0
-95,-355,1,0
-95,-352,1,0
-95,-350,2,0
-95,-349,5,0
-95,-348,34,1
-95,-343,2,0
-95,-341,1,0
-95,-340,1,0
-95,-333,1,0
-95,-328,1,0
-95,-324,1,0
-95,-323,1,0
-95,-322,2,0
-95,-320,1,0
-95,-316,3,0
-95,-315,1,0
-95,-314,3,0
-95,-313,1,0
-95,-304,1,0
-95,-303,1,0
-95,-302,1,0
-95,-301,1,0
-95,-300,7,0
-95,-299,9,0
-95,-298,11,1
-95,-297,7,0
-95,-296,4,0
-95,-285,2,0
-95,-284,2,0
-95,-283,1,0
-95,-270,1,0
-95,-267,1,0
-95,-263,4,0
-95,-262,3,0
-95,-261,2,0
-95,-260,2,0
-95,-259,1,0
-95,-251,2,0
-95,-247,1,0
-95,-246,2,0
-95,-244,2,0
-95,-226,1,0
-95,-223,2,0
-95,-220,1,0
-95,-218,1,0
-95,-211,1,0
-95,-184,1,0
-95,-178,1,0
-95,-177,1,0
-94,-531,1,0
-94,-522,1,0
-94,-517,3,0
-94,-516,1,0
-94,-504,1,0
-94,-498,1,0
-94,-497,1,0
-94,-496,5,0
-94,-495,6,0
-94,-494,1,0
-94,-489,1,0
-94,-485,1,0
-94,-484,1,0
-94,-481,1,0
-94,-480,1,0
-94,-479,1,0
-94,-475,3,0
-94,-462,1,0
-94,-461,2,0
-94,-460,1,0
-94,-459,2,0
-94,-458,6,0
-94,-457,6,0
-94,-456,8,0
-94,-455,2,0
-94,-454,1,0
-94,-452,1,0
-94,-451,2,0
-94,-449,1,0
-94,-448,2,0
-94,-446,1,0
-94,-445,2,0
-94,-437,1,0
-94,-436,2,0
-94,-435,1,0
-94,-434,3,0
-94,-429,1,0
-94,-424,1,0
-94,-423,11,1
-94,-418,1,0
-94,-417,2,0
-94,-416,5,0
-94,-409,5,0
-94,-404,1,0
-94,-401,2,0
-94,-389,1,0
-94,-380,1,0
-94,-379,5,0
-94,-378,13,1
-94,-377,30,1
-94,-376,28,1
-94,-375,19,1
-94,-374,7,0
-94,-373,10,1
-94,-372,14,1
-94,-371,22,1
-94,-370,11,1
-94,-367,1,0
-94,-366,4,0
-94,-363,2,0
-94,-351,1,0
-94,-350,7,0
-94,-349,11,1
-94,-348,6,0
-94,-347,3,0
-94,-346,1,0
-94,-343,2,0
-94,-334,1,0
-94,-333,1,0
-94,-328,1,0
-94,-327,1,0
-94,-325,3,0
-94,-323,4,0
-94,-322,5,0
-94,-320,1,0
-94,-318,1,0
-94,-316,1,0
-94,-305,7,0
-94,-304,3,0
-94,-303,1,0
-94,-302,1,0
-94,-301,2,0
-94,-300,1,0
-94,-299,3,0
-94,-298,5,0
-94,-297,3,0
-94,-295,1,0
-94,-294,1,0
-94,-293,1,0
-94,-290,3,0
-94,-289,3,0
-94,-287,1,0
-94,-285,1,0
-94,-283,1,0
-94,-275,1,0
-94,-270,1,0
-94,-267,1,0
-94,-263,4,0
-94,-262,1,0
-94,-259,2,0
-94,-257,2,0
-94,-255,1,0
-94,-252,1,0
-94,-249,1,0
-94,-248,1,0
-94,-243,1,0
-94,-238,2,0
-94,-222,1,0
-94,-218,1,0
-94,-214,1,0
-94,-209,1,0
-94,-208,1,0
-94,-184,1,0
-93,-530,1,0
-93,-529,1,0
-93,-520,1,0
-93,-517,3,0
-93,-498,2,0
-93,-481,1,0
-93,-478,2,0
-93,-477,2,0
-93,-475,7,0
-93,-468,1,0
-93,-463,1,0
-93,-462,1,0
-93,-461,2,0
-93,-460,2,0
-93,-458,1,0
-93,-457,11,1
-93,-456,3,0
-93,-442,1,0
-93,-440,1,0
-93,-438,1,0
-93,-436,5,0
-93,-435,1,0
-93,-430,1,0
-93,-424,8,0
-93,-423,23,1
-93,-422,2,0
-93,-419,1,0
-93,-417,2,0
-93,-416,1,0
-93,-409,1,0
-93,-408,1,0
-93,-407,1,0
-93,-406,1,0
-93,-405,1,0
-93,-404,2,0
-93,-403,1,0
-93,-402,2,0
-93,-401,2,0
-93,-400,2,0
-93,-396,2,0
-93,-395,1,0
-93,-394,3,0
-93,-392,6,0
-93,-386,1,0
-93,-382,2,0
-93,-379,2,0
-93,-378,2,0
-93,-377,2,0
-93,-376,3,0
-93,-375,16,1
-93,-374,12,1
-93,-373,32,1
-93,-372,25,1
-93,-371,28,1
-93,-370,11,1
-93,-368,1,0
-93,-364,1,0
-93,-362,5,0
-93,-351,2,0
-93,-350,5,0
-93,-349,6,0
-93,-348,1,0
-93,-347,3,0
-93,-345,2,0
-93,-344,1,0
-93,-343,1,0
-93,-341,1,0
-93,-339,1,0
-93,-338,1,0
-93,-337,1,0
-93,-335,1,0
-93,-334,2,0
-93,-328,2,0
-93,-327,5,0
-93,-325,2,0
-93,-324,4,0
-93,-323,7,0
-93,-322,9,0
-93,-321,4,0
-93,-319,2,0
-93,-318,1,0
-93,-310,1,0
-93,-305,2,0
-93,-298,2,0
-93,-297,1,0
-93,-291,1,0
-93,-290,1,0
-93,-287,2,0
-93,-281,3,0
-93,-280,1,0
-93,-274,1,0
-93,-268,1,0
-93,-264,1,0
-93,-259,5,0
-93,-249,1,0
-93,-237,1,0
-93,-227,2,0
-93,-218,1,0
-93,-204,1,0
-93,-201,1,0
-93,-185,1,0
-93,-174,2,0
-92,-530,1,0
-92,-517,2,0
-92,-514,1,0
-92,-501,1,0
-92,-499,1,0
-92,-498,2,0
-92,-497,1,0
-92,-486,1,0
-92,-480,1,0
-92,-476,5,0
-92,-475,4,0
-92,-468,1,0
-92,-461,2,0
-92,-459,6,0
-92,-458,6,0
-92,-457,1,0
-92,-456,2,0
-92,-455,4,0
-92,-454,2,0
-92,-446,1,0
-92,-441,3,0
-92,-440,1,0
-92,-439,2,0
-92,-438,3,0
-92,-437,1,0
-92,-436,7,0
-92,-433,1,0
-92,-424,1,0
-92,-418,3,0
-92,-417,3,0
-92,-411,1,0
-92,-409,2,0
-92,-403,2,0
-92,-399,1,0
-92,-381,4,0
-92,-380,3,0
-92,-379,4,0
-92,-378,6,0
-92,-377,3,0
-92,-376,11,1
-92,-375,27,1
-92,-374,45,1
-92,-373,28,1
-92,-372,10,1
-92,-371,3,0
-92,-370,1,0
-92,-368,2,0
-92,-367,3,0
-92,-364,2,0
-92,-361,2,0
-92,-359,3,0
-92,-354,1,0
-92,-353,1,0
-92,-352,3,0
-92,-350,1,0
-92,-349,8,0
-92,-344,1,0
-92,-343,2,0
-92,-342,1,0
-92,-339,1,0
-92,-334,5,0
-92,-331,1,0
-92,-329,1,0
-92,-328,1,0
-92,-327,1,0
-92,-325,1,0
-92,-324,3,0
-92,-323,3,0
-92,-322,2,0
-92,-310,2,0
-92,-309,2,0
-92,-307,3,0
-92,-300,1,0
-92,-292,2,0
-92,-290,1,0
-92,-274,1,0
-92,-272,1,0
-92,-266,2,0
-92,-263,2,0
-92,-260,1,0
-92,-259,2,0
-92,-253,1,0
-92,-251,4,0
-92,-249,1,0
-92,-247,1,0
-92,-246,2,0
-92,-228,1,0
-92,-226,1,0
-92,-224,1,0
-92,-219,1,0
-92,-215,1,0
-92,-209,1,0
-92,-205,1,0
-92,-184,1,0
-91,-519,1,0
-91,-517,3,0
-91,-514,2,0
-91,-513,5,0
-91,-497,2,0
-91,-496,1,0
-91,-480,1,0
-91,-479,2,0
-91,-474,2,0
-91,-473,2,0
-91,-459,4,0
-91,-458,3,0
-91,-457,3,0
-91,-456,1,0
-91,-453,1,0
-91,-449,2,0
-91,-439,2,0
-91,-438,3,0
-91,-437,3,0
-91,-436,14,1
-91,-418,1,0
-91,-416,1,0
-91,-413,1,0
-91,-412,3,0
-91,-411,2,0
-91,-410,1,0
-91,-405,2,0
-91,-404,1,0
-91,-403,1,0
-91,-402,1,0
-91,-398,3,0
-91,-397,3,0
-91,-396,2,0
-91,-395,2,0
-91,-386,1,0
-91,-385,2,0
-91,-383,2,0
-91,-382,8,0
-91,-381,14,1
-91,-379,3,0
-91,-376,4,0
-91,-375,28,1
-91,-374,17,1
-91,-373,7,0
-91,-369,1,0
-91,-367,6,0
-91,-366,1,0
-91,-364,1,0
-91,-361,2,0
-91,-359,3,0
-91,-358,1,0
-91,-356,1,0
-91,-355,1,0
-91,-354,3,0
-91,-353,5,0
-91,-352,1,0
-91,-351,3,0
-91,-350,9,0
-91,-348,1,0
-91,-347,2,0
-91,-341,1,0
-91,-335,1,0
-91,-334,2,0
-91,-333,6,0
-91,-332,2,0
-91,-331,2,0
-91,-330,1,0
-91,-329,4,0
-91,-328,1,0
-91,-324,3,0
-91,-323,7,0
-91,-322,1,0
-91,-313,1,0
-91,-312,2,0
-91,-300,1,0
-91,-296,1,0
-91,-295,1,0
-91,-292,2,0
-91,-284,1,0
-91,-278,1,0
-91,-272,1,0
-91,-271,2,0
-91,-269,1,0
-91,-264,1,0
-91,-254,1,0
-91,-253,1,0
-91,-245,1,0
-90,-527,1,0
-90,-522,2,0
-90,-519,1,0
-90,-515,3,0
-90,-514,2,0
-90,-513,1,0
-90,-511,1,0
-90,-497,2,0
-90,-496,4,0
-90,-494,1,0
-90,-479,1,0
-90,-478,1,0
-90,-477,1,0
-90,-472,1,0
-90,-471,2,0
-90,-469,3,0
-90,-468,15,1
-90,-467,2,0
-90,-462,1,0
-90,-461,1,0
-90,-458,6,0
-90,-456,2,0
-90,-455,1,0
-90,-453,1,0
-90,-452,1,0
-90,-447,1,0
-90,-442,1,0
-90,-440,2,0
-90,-439,9,0
-90,-438,9,0
-90,-437,26,1
-90,-436,19,1
-90,-435,1,0
-90,-425,1,0
-90,-424,1,0
-90,-423,1,0
-90,-421,1,0
-90,-418,1,0
-90,-413,3,0
-90,-411,1,0
-90,-410,1,0
-90,-409,1,0
-90,-404,1,0
-90,-402,2,0
-90,-401,1,0
-90,-398,3,0
-90,-397,4,0
-90,-396,3,0
-90,-395,10,1
-90,-394,1,0
-90,-393,2,0
-90,-392,2,0
-90,-387,1,0
-90,-386,3,0
-90,-385,6,0
-90,-384,3,0
-90,-383,12,1
-90,-382,17,1
-90,-381,9,0
-90,-380,1,0
-90,-376,6,0
-90,-375,24,1
-90,-374,14,1
-90,-373,5,0
-90,-372,1,0
-90,-367,1,0
-90,-366,4,0
-90,-365,1,0
-90,-363,1,0
-90,-362,1,0
-90,-359,1,0
-90,-358,1,0
-90,-357,1,0
-90,-356,1,0
-90,-355,7,0
-90,-354,3,0
-90,-353,2,0
-90,-351,4,0
-90,-350,2,0
-90,-349,2,0
-90,-347,1,0
-90,-346,1,0
-90,-345,1,0
-90,-342,4,0
-90,-341,1,0
-90,-336,2,0
-90,-335,1,0
-90,-333,4,0
-90,-329,7,0
-90,-326,3,0
-90,-324,4,0
-90,-323,4,0
-90,-315,1,0
-90,-313,1,0
-90,-312,1,0
-90,-311,2,0
-90,-304,1,0
-90,-303,1,0
-90,-296,1,0
-90,-293,5,0
-90,-279,1,0
-90,-274,5,0
-90,-273,1,0
-90,-255,2,0
-90,-254,1,0
-90,-215,2,0
-90,-212,1,0
-90,-208,1,0
-90,-196,1,0
-90,-193,1,0
-90,-189,1,0
-90,-188,1,0
-90,-187,1,0
-90,-177,2,0
-90,-172,2,0
-90,-170,1,0
-90,-169,1,0
-90,-151,1,0
-89,-535,1,0
-89,-529,1,0
-89,-527,1,0
-89,-524,1,0
-89,-522,1,0
-89,-517,1,0
-89,-512,1,0
-89,-502,1,0
-89,-499,1,0
-89,-497,1,0
-89,-496,2,0
-89,-479,1,0
-89,-471,2,0
-89,-470,1,0
-89,-469,5,0
-89,-468,2,0
-89,-467,1,0
-89,-465,1,0
-89,-464,1,0
-89,-461,1,0
-89,-458,2,0
-89,-457,1,0
-89,-456,1,0
-89,-455,1,0
-89,-452,1,0
-89,-447,1,0
-89,-446,2,0
-89,-439,4,0
-89,-438,4,0
-89,-437,20,1
-89,-436,24,1
-89,-435,1,0
-89,-434,3,0
-89,-433,3,0
-89,-422,1,0
-89,-421,1,0
-89,-420,1,0
-89,-417,1,0
-89,-416,1,0
-89,-415,1,0
-89,-413,5,0
-89,-412,4,0
-89,-411,5,0
-89,-410,2,0
-89,-408,1,0
-89,-405,1,0
-89,-396,3,0
-89,-395,2,0
-89,-394,2,0
-89,-393,2,0
-89,-392,2,0
-89,-389,1,0
-89,-386,1,0
-89,-385,4,0
-89,-384,7,0
-89,-383,16,1
-89,-382,19,1
-89,-381,6,0
-89,-380,1,0
-89,-379,1,0
-89,-376,8,0
-89,-375,9,0
-89,-374,1,0
-89,-373,2,0
-89,-372,4,0
-89,-369,1,0
-89,-368,1,0
-89,-365,8,0
-89,-364,4,0
-89,-363,3,0
-89,-362,6,0
-89,-361,6,0
-89,-360,15,1
-89,-359,8,0
-89,-358,3,0
-89,-357,1,0
-89,-356,6,0
-89,-355,2,0
-89,-354,1,0
-89,-353,1,0
-89,-351,3,0
-89,-350,1,0
-89,-347,5,0
-89,-346,7,0
-89,-345,16,1
-89,-344,21,1
-89,-343,8,0
-89,-342,14,1
-89,-341,8,0
-89,-339,1,0
-89,-338,1,0
-89,-333,2,0
-89,-332,2,0
-89,-329,8,0
-89,-328,3,0
-89,-327,1,0
-89,-325,2,0
-89,-324,1,0
-89,-323,5,0
-89,-322,2,0
-89,-317,1,0
-89,-299,1,0
-89,-296,1,0
-89,-294,5,0
-89,-293,1,0
-89,-292,1,0
-89,-281,1,0
-89,-277,1,0
-89,-275,2,0
-89,-274,1,0
-89,-273,2,0
-89,-272,1,0
-89,-262,4,0
-89,-261,6,0
-89,-259,1,0
-89,-221,1,0
-89,-210,1,0
-89,-203,1,0
-89,-190,2,0
-89,-188,2,0
-89,-178,1,0
-89,-175,1,0
-89,-156,1,0
-89,-155,1,0
-88,-528,1,0
-88,-525,1,0
-88,-500,1,0
-88,-497,2,0
-88,-492,1,0
-88,-481,2,0
-88,-469,3,0
-88,-468,3,0
-88,-465,1,0
-88,-464,2,0
-88,-463,1,0
-88,-453,1,0
-88,-452,1,0
-88,-443,1,0
-88,-440,1,0
-88,-439,1,0
-88,-438,2,0
-88,-437,1,0
-88,-436,16,1
-88,-435,2,0
-88,-420,4,0
-88,-419,3,0
-88,-416,1,0
-88,-414,2,0
-88,-413,18,1
-88,-412,13,1
-88,-411,1,0
-88,-410,2,0
-88,-403,2,0
-88,-402,1,0
-88,-400,1,0
-88,-399,1,0
-88,-397,1,0
-88,-396,3,0
-88,-393,4,0
-88,-392,2,0
-88,-391,4,0
-88,-390,4,0
-88,-389,2,0
-88,-388,1,0
-88,-387,5,0
-88,-386,1,0
-88,-385,3,0
-88,-384,9,0
-88,-383,14,1
-88,-382,10,1
-88,-381,5,0
-88,-380,1,0
-88,-378,1,0
-88,-377,3,0
-88,-376,5,0
-88,-375,2,0
-88,-373,1,0
-88,-372,3,0
-88,-366,2,0
-88,-365,2,0
-88,-364,20,1
-88,-363,27,1
-88,-362,19,1
-88,-361,26,1
-88,-360,20,1
-88,-359,27,1
-88,-358,6,0
-88,-357,3,0
-88,-356,2,0
-88,-353,2,0
-88,-352,2,0
-88,-351,8,0
-88,-350,2,0
-88,-349,6,0
-88,-348,5,0
-88,-347,2,0
-88,-346,4,0
-88,-345,2,0
-88,-344,2,0
-88,-343,19,1
-88,-342,1,0
-88,-341,1,0
-88,-340,2,0
-88,-339,6,0
-88,-338,1,0
-88,-333,1,0
-88,-332,3,0
-88,-331,1,0
-88,-330,5,0
-88,-329,4,0
-88,-328,1,0
-88,-326,1,0
-88,-325,1,0
-88,-324,1,0
-88,-323,1,0
-88,-322,1,0
-88,-316,1,0
-88,-314,12,1
-88,-313,4,0
-88,-312,1,0
-88,-311,3,0
-88,-309,1,0
-88,-296,1,0
-88,-295,5,0
-88,-294,2,0
-88,-290,1,0
-88,-287,1,0
-88,-278,3,0
-88,-277,1,0
-88,-275,3,0
-88,-274,10,1
-88,-273,9,0
-88,-272,9,0
-88,-265,2,0
-88,-263,2,0
-88,-262,1,0
-88,-218,1,0
-88,-212,1,0
-88,-209,1,0
-88,-204,1,0
-88,-203,1,0
-88,-202,1,0
-88,-189,1,0
-88,-188,2,0
-88,-187,1,0
-88,-174,1,0
-87,-528,1,0
-87,-524,2,0
-87,-523,1,0
-87,-497,1,0
-87,-496,1,0
-87,-494,1,0
-87,-491,1,0
-87,-489,1,0
-87,-465,1,0
-87,-464,2,0
-87,-457,1,0
-87,-456,1,0
-87,-454,1,0
-87,-448,2,0
-87,-447,2,0
-87,-446,3,0
-87,-437,5,0
-87,-436,2,0
-87,-425,1,0
-87,-420,1,0
-87,-419,2,0
-87,-417,1,0
-87,-415,12,1
-87,-414,7,0
-87,-413,18,1
-87,-412,12,1
-87,-411,7,0
-87,-410,2,0
-87,-409,4,0
-87,-408,2,0
-87,-405,1,0
-87,-403,1,0
-87,-402,1,0
-87,-401,1,0
-87,-397,1,0
-87,-394,1,0
-87,-383,3,0
-87,-382,2,0
-87,-381,2,0
-87,-376,1,0
-87,-375,2,0
-87,-374,2,0
-87,-372,2,0
-87,-371,5,0
-87,-370,2,0
-87,-368,1,0
-87,-366,6,0
-87,-365,6,0
-87,-364,14,1
-87,-363,32,1
-87,-362,18,1
-87,-361,6,0
-87,-360,9,0
-87,-359,5,0
-87,-358,2,0
-87,-357,2,0
-87,-355,1,0
-87,-353,3,0
-87,-352,13,1
-87,-351,16,1
-87,-350,6,0
-87,-348,1,0
-87,-347,1,0
-87,-346,1,0
-87,-344,1,0
-87,-343,6,0
-87,-342,1,0
-87,-341,1,0
-87,-340,2,0
-87,-339,4,0
-87,-332,2,0
-87,-331,14,1
-87,-330,5,0
-87,-329,1,0
-87,-328,1,0
-87,-327,1,0
-87,-324,3,0
-87,-323,2,0
-87,-321,1,0
-87,-320,1,0
-87,-315,1,0
-87,-314,3,0
-87,-311,1,0
-87,-307,1,0
-87,-298,4,0
-87,-297,1,0
-87,-296,8,0
-87,-295,6,0
-87,-278,1,0
-87,-277,1,0
-87,-275,5,0
-87,-274,5,0
-87,-273,7,0
-87,-272,6,0
-87,-271,3,0
-87,-270,4,0
-87,-261,1,0
-87,-225,1,0
-87,-209,1,0
-87,-199,1,0
-87,-198,1,0
-87,-175,1,0
-86,-537,1,0
-86,-503,1,0
-86,-500,1,0
-86,-499,2,0
-86,-497,4,0
-86,-495,2,0
-86,-493,1,0
-86,-471,2,0
-86,-469,1,0
-86,-468,1,0
-86,-466,1,0
-86,-462,2,0
-86,-460,1,0
-86,-452,1,0
-86,-449,2,0
-86,-448,1,0
-86,-447,2,0
-86,-446,3,0
-86,-445,1,0
-86,-444,1,0
-86,-437,1,0
-86,-436,2,0
-86,-425,1,0
-86,-422,1,0
-86,-420,4,0
-86,-419,1,0
-86,-418,1,0
-86,-417,3,0
-86,-416,1,0
-86,-414,1,0
-86,-413,31,1
-86,-412,25,1
-86,-411,1,0
-86,-404,1,0
-86,-403,3,0
-86,-402,3,0
-86,-401,1,0
-86,-394,1,0
-86,-393,1,0
-86,-391,1,0
-86,-385,1,0
-86,-384,2,0
-86,-383,2,0
-86,-382,5,0
-86,-381,4,0
-86,-377,7,0
-86,-375,1,0
-86,-374,2,0
-86,-373,6,0
-86,-372,7,0
-86,-371,2,0
-86,-370,3,0
-86,-369,1,0
-86,-368,2,0
-86,-367,7,0
-86,-366,2,0
-86,-365,5,0
-86,-364,14,1
-86,-363,8,0
-86,-362,4,0
-86,-361,1,0
-86,-360,7,0
-86,-358,1,0
-86,-357,1,0
-86,-356,2,0
-86,-354,2,0
-86,-353,1,0
-86,-352,11,1
-86,-351,12,1
-86,-350,2,0
-86,-349,3,0
-86,-345,1,0
-86,-343,10,1
-86,-342,15,1
-86,-341,1,0
-86,-340,1,0
-86,-339,1,0
-86,-338,3,0
-86,-337,1,0
-86,-332,3,0
-86,-331,18,1
-86,-330,4,0
-86,-328,1,0
-86,-324,1,0
-86,-317,1,0
-86,-315,2,0
-86,-300,1,0
-86,-297,9,0
-86,-296,18,1
-86,-295,12,1
-86,-294,1,0
-86,-277,2,0
-86,-276,1,0
-86,-275,7,0
-86,-274,8,0
-86,-273,5,0
-86,-272,8,0
-86,-271,3,0
-86,-270,1,0
-86,-268,1,0
-86,-205,2,0
-86,-199,1,0
-86,-197,2,0
-86,-195,1,0
-86,-194,1,0
-86,-186,1,0
-86,-180,1,0
-86,-175,1,0
-85,-526,1,0
-85,-519,2,0
-85,-503,1,0
-85,-501,1,0
-85,-498,1,0
-85,-497,11,1
-85,-496,7,0
-85,-495,3,0
-85,-494,2,0
-85,-493,1,0
-85,-479,1,0
-85,-467,1,0
-85,-462,3,0
-85,-461,1,0
-85,-453,1,0
-85,-451,1,0
-85,-450,1,0
-85,-448,1,0
-85,-447,1,0
-85,-442,1,0
-85,-441,1,0
-85,-440,1,0
-85,-438,1,0
-85,-436,2,0
-85,-431,2,0
-85,-430,1,0
-85,-429,1,0
-85,-428,1,0
-85,-424,3,0
-85,-423,1,0
-85,-421,2,0
-85,-420,4,0
-85,-419,3,0
-85,-418,1,0
-85,-417,2,0
-85,-416,1,0
-85,-415,3,0
-85,-414,3,0
-85,-413,5,0
-85,-412,16,1
-85,-411,5,0
-85,-401,3,0
-85,-400,4,0
-85,-399,1,0
-85,-393,2,0
-85,-392,3,0
-85,-391,1,0
-85,-382,2,0
-85,-381,1,0
-85,-380,3,0
-85,-379,1,0
-85,-377,1,0
-85,-376,1,0
-85,-374,1,0
-85,-373,6,0
-85,-372,5,0
-85,-371,2,0
-85,-370,20,1
-85,-369,9,0
-85,-368,6,0
-85,-367,5,0
-85,-365,5,0
-85,-364,9,0
-85,-363,5,0
-85,-362,1,0
-85,-361,3,0
-85,-358,1,0
-85,-357,11,1
-85,-356,5,0
-85,-355,3,0
-85,-353,2,0
-85,-352,2,0
-85,-351,1,0
-85,-349,3,0
-85,-348,3,0
-85,-345,2,0
-85,-344,2,0
-85,-343,3,0
-85,-342,7,0
-85,-341,1,0
-85,-340,1,0
-85,-339,1,0
-85,-335,3,0
-85,-334,1,0
-85,-332,24,1
-85,-331,16,1
-85,-330,3,0
-85,-329,1,0
-85,-328,1,0
-85,-324,1,0
-85,-322,3,0
-85,-317,2,0
-85,-315,1,0
-85,-314,1,0
-85,-310,1,0
-85,-300,1,0
-85,-297,7,0
-85,-296,15,1
-85,-295,1,0
-85,-291,1,0
-85,-287,2,0
-85,-274,1,0
-85,-273,3,0
-85,-272,5,0
-85,-268,1,0
-85,-265,1,0
-85,-263,2,0
-85,-224,2,0
-85,-218,1,0
-85,-207,1,0
-85,-206,3,0
-85,-192,1,0
-84,-519,1,0
-84,-517,1,0
-84,-515,3,0
-84,-514,3,0
-84,-512,1,0
-84,-503,1,0
-84,-501,1,0
-84,-498,2,0
-84,-497,3,0
-84,-496,2,0
-84,-479,1,0
-84,-474,1,0
-84,-470,1,0
-84,-468,1,0
-84,-466,1,0
-84,-461,6,0
-84,-451,1,0
-84,-449,1,0
-84,-443,1,0
-84,-440,1,0
-84,-434,1,0
-84,-432,2,0
-84,-431,2,0
-84,-428,2,0
-84,-425,4,0
-84,-424,4,0
-84,-423,1,0
-84,-422,2,0
-84,-416,2,0
-84,-415,28,1
-84,-414,19,1
-84,-413,12,1
-84,-412,24,1
-84,-411,8,0
-84,-408,1,0
-84,-400,3,0
-84,-399,2,0
-84,-398,2,0
-84,-396,2,0
-84,-392,1,0
-84,-391,2,0
-84,-390,2,0
-84,-387,1,0
-84,-383,2,0
-84,-382,1,0
-84,-381,1,0
-84,-378,2,0
-84,-374,2,0
-84,-373,1,0
-84,-372,1,0
-84,-371,3,0
-84,-370,5,0
-84,-369,3,0
-84,-368,5,0
-84,-367,12,1
-84,-366,17,1
-84,-365,15,1
-84,-364,6,0
-84,-363,13,1
-84,-362,5,0
-84,-361,1,0
-84,-359,2,0
-84,-358,2,0
-84,-357,5,0
-84,-356,6,0
-84,-355,1,0
-84,-354,1,0
-84,-353,3,0
-84,-352,7,0
-84,-351,9,0
-84,-350,6,0
-84,-349,6,0
-84,-348,4,0
-84,-347,1,0
-84,-344,2,0
-84,-343,4,0
-84,-342,11,1
-84,-341,3,0
-84,-340,1,0
-84,-338,5,0
-84,-337,3,0
-84,-336,1,0
-84,-335,1,0
-84,-334,4,0
-84,-333,9,0
-84,-332,24,1
-84,-331,7,0
-84,-330,6,0
-84,-329,2,0
-84,-327,5,0
-84,-324,2,0
-84,-318,2,0
-84,-317,1,0
-84,-316,1,0
-84,-311,1,0
-84,-310,1,0
-84,-304,1,0
-84,-300,1,0
-84,-299,5,0
-84,-298,5,0
-84,-297,2,0
-84,-296,1,0
-84,-293,1,0
-84,-287,2,0
-84,-260,1,0
-84,-212,1,0
-84,-207,2,0
-84,-193,1,0
-84,-189,1,0
-83,-534,1,0
-83,-513,1,0
-83,-501,2,0
-83,-498,3,0
-83,-497,1,0
-83,-496,2,0
-83,-470,1,0
-83,-464,1,0
-83,-460,1,0
-83,-454,1,0
-83,-444,1,0
-83,-441,3,0
-83,-439,4,0
-83,-438,6,0
-83,-434,2,0
-83,-433,2,0
-83,-432,3,0
-83,-428,1,0
-83,-425,1,0
-83,-424,4,0
-83,-423,2,0
-83,-422,5,0
-83,-421,3,0
-83,-420,1,0
-83,-418,2,0
-83,-417,3,0
-83,-416,4,0
-83,-415,14,1
-83,-414,6,0
-83,-413,13,1
-83,-412,42,1
-83,-411,3,0
-83,-410,2,0
-83,-409,1,0
-83,-404,1,0
-83,-400,1,0
-83,-398,3,0
-83,-397,2,0
-83,-396,4,0
-83,-393,1,0
-83,-391,2,0
-83,-390,4,0
-83,-384,3,0
-83,-383,1,0
-83,-382,3,0
-83,-380,1,0
-83,-379,2,0
-83,-378,4,0
-83,-376,1,0
-83,-373,1,0
-83,-370,1,0
-83,-368,1,0
-83,-367,10,1
-83,-366,5,0
-83,-365,4,0
-83,-364,3,0
-83,-363,1,0
-83,-361,1,0
-83,-360,2,0
-83,-359,1,0
-83,-357,1,0
-83,-356,2,0
-83,-355,2,0
-83,-354,1,0
-83,-352,3,0
-83,-351,6,0
-83,-350,2,0
-83,-349,6,0
-83,-348,3,0
-83,-347,4,0
-83,-346,2,0
-83,-345,2,0
-83,-344,1,0
-83,-343,4,0
-83,-342,7,0
-83,-341,3,0
-83,-340,1,0
-83,-338,3,0
-83,-337,3,0
-83,-336,1,0
-83,-334,1,0
-83,-333,24,1
-83,-332,20,1
-83,-331,2,0
-83,-330,4,0
-83,-328,1,0
-83,-327,1,0
-83,-324,1,0
-83,-323,1,0
-83,-318,2,0
-83,-316,1,0
-83,-313,1,0
-83,-306,1,0
-83,-300,1,0
-83,-299,3,0
-83,-297,1,0
-83,-296,1,0
-83,-290,2,0
-83,-282,1,0
-83,-277,1,0
-83,-268,1,0
-83,-223,2,0
-83,-197,1,0
-83,-189,1,0
-82,-516,1,0
-82,-514,1,0
-82,-513,1,0
-82,-498,2,0
-82,-497,1,0
-82,-462,1,0
-82,-450,1,0
-82,-449,1,0
-82,-448,1,0
-82,-438,2,0
-82,-436,1,0
-82,-435,1,0
-82,-434,3,0
-82,-433,12,1
-82,-432,1,0
-82,-430,1,0
-82,-428,1,0
-82,-425,1,0
-82,-424,7,0
-82,-423,3,0
-82,-418,2,0
-82,-417,2,0
-82,-414,1,0
-82,-413,6,0
-82,-412,14,1
-82,-411,2,0
-82,-410,5,0
-82,-397,1,0
-82,-396,1,0
-82,-395,2,0
-82,-394,1,0
-82,-392,4,0
-82,-391,7,0
-82,-390,3,0
-82,-389,1,0
-82,-386,1,0
-82,-385,1,0
-82,-384,2,0
-82,-383,5,0
-82,-382,2,0
-82,-381,1,0
-82,-380,3,0
-82,-379,5,0
-82,-378,10,1
-82,-377,5,0
-82,-373,1,0
-82,-372,6,0
-82,-371,3,0
-82,-369,1,0
-82,-368,1,0
-82,-367,1,0
-82,-366,11,1
-82,-362,1,0
-82,-357,1,0
-82,-355,1,0
-82,-354,2,0
-82,-352,6,0
-82,-351,2,0
-82,-349,1,0
-82,-348,1,0
-82,-347,3,0
-82,-346,1,0
-82,-344,3,0
-82,-343,1,0
-82,-342,6,0
-82,-341,6,0
-82,-340,1,0
-82,-339,2,0
-82,-337,1,0
-82,-334,1,0
-82,-333,12,1
-82,-332,18,1
-82,-331,10,1
-82,-330,14,1
-82,-329,1,0
-82,-328,2,0
-82,-327,1,0
-82,-326,4,0
-82,-325,1,0
-82,-322,1,0
-82,-316,1,0
-82,-315,1,0
-82,-306,1,0
-82,-303,2,0
-82,-302,1,0
-82,-301,3,0
-82,-300,1,0
-82,-293,1,0
-82,-287,1,0
-82,-273,1,0
-82,-269,1,0
-82,-224,2,0
-82,-220,1,0
-82,-210,1,0
-82,-199,2,0
-82,-170,1,0
-81,-517,1,0
-81,-514,2,0
-81,-513,1,0
-81,-501,1,0
-81,-449,1,0
-81,-448,2,0
-81,-447,1,0
-81,-437,3,0
-81,-435,2,0
-81,-433,3,0
-81,-432,9,0
-81,-431,3,0
-81,-430,1,0
-81,-428,1,0
-81,-427,1,0
-81,-426,1,0
-81,-425,3,0
-81,-424,3,0
-81,-423,3,0
-81,-422,1,0
-81,-414,1,0
-81,-413,3,0
-81,-412,11,1
-81,-411,6,0
-81,-410,2,0
-81,-397,1,0
-81,-394,1,0
-81,-393,4,0
-81,-392,15,1
-81,-391,9,0
-81,-390,7,0
-81,-389,4,0
-81,-388,3,0
-81,-387,2,0
-81,-386,5,0
-81,-385,3,0
-81,-384,2,0
-81,-383,1,0
-81,-382,1,0
-81,-380,1,0
-81,-379,1,0
-81,-378,1,0
-81,-376,5,0
-81,-375,5,0
-81,-374,6,0
-81,-373,7,0
-81,-372,1,0
-81,-371,2,0
-81,-370,3,0
-81,-367,3,0
-81,-366,6,0
-81,-363,1,0
-81,-362,3,0
-81,-360,2,0
-81,-359,1,0
-81,-357,3,0
-81,-354,1,0
-81,-353,1,0
-81,-352,1,0
-81,-351,1,0
-81,-350,1,0
-81,-348,1,0
-81,-343,1,0
-81,-342,6,0
-81,-341,1,0
-81,-340,1,0
-81,-339,1,0
-81,-338,1,0
-81,-336,2,0
-81,-335,2,0
-81,-334,18,1
-81,-333,2,0
-81,-332,8,0
-81,-331,11,1
-81,-330,12,1
-81,-329,2,0
-81,-328,1,0
-81,-326,2,0
-81,-323,1,0
-81,-320,1,0
-81,-314,1,0
-81,-306,1,0
-81,-302,4,0
-81,-295,1,0
-81,-293,1,0
-81,-288,1,0
-81,-286,1,0
-81,-284,1,0
-81,-283,1,0
-81,-273,1,0
-81,-269,1,0
-81,-260,1,0
-81,-242,3,0
-81,-230,1,0
-81,-173,1,0
-80,-518,1,0
-80,-512,1,0
-80,-511,1,0
-80,-500,1,0
-80,-492,1,0
-80,-471,1,0
-80,-468,1,0
-80,-449,1,0
-80,-448,1,0
-80,-447,2,0
-80,-444,2,0
-80,-440,1,0
-80,-438,1,0
-80,-436,1,0
-80,-435,1,0
-80,-434,1,0
-80,-432,3,0
-80,-428,1,0
-80,-423,1,0
-80,-422,1,0
-80,-417,2,0
-80,-416,1,0
-80,-414,1,0
-80,-412,1,0
-80,-411,2,0
-80,-401,2,0
-80,-399,1,0
-80,-397,2,0
-80,-396,6,0
-80,-394,2,0
-80,-393,9,0
-80,-392,12,1
-80,-391,18,1
-80,-390,11,1
-80,-389,4,0
-80,-388,3,0
-80,-387,4,0
-80,-386,2,0
-80,-385,6,0
-80,-384,4,0
-80,-383,2,0
-80,-381,1,0
-80,-380,3,0
-80,-379,10,1
-80,-378,2,0
-80,-377,1,0
-80,-375,4,0
-80,-374,13,1
-80,-373,6,0
-80,-370,1,0
-80,-369,5,0
-80,-368,1,0
-80,-367,2,0
-80,-366,3,0
-80,-364,1,0
-80,-363,1,0
-80,-362,3,0
-80,-357,1,0
-80,-351,1,0
-80,-349,1,0
-80,-346,1,0
-80,-345,2,0
-80,-344,1,0
-80,-343,3,0
-80,-342,3,0
-80,-341,1,0
-80,-340,1,0
-80,-339,1,0
-80,-336,3,0
-80,-335,7,0
-80,-334,15,1
-80,-333,1,0
-80,-332,18,1
-80,-331,15,1
-80,-330,3,0
-80,-328,1,0
-80,-327,3,0
-80,-326,1,0
-80,-321,1,0
-80,-301,1,0
-80,-299,1,0
-80,-293,1,0
-80,-290,3,0
-80,-283,1,0
-80,-274,1,0
-80,-269,1,0
-80,-263,1,0
-80,-236,1,0
-80,-228,1,0
-80,-227,1,0
-80,-219,2,0
-80,-201,1,0
-80,-194,1,0
-80,-179,1,0
-79,-516,1,0
-79,-511,1,0
-79,-499,3,0
-79,-463,1,0
-79,-449,1,0
-79,-448,1,0
-79,-441,1,0
-79,-439,1,0
-79,-438,1,0
-79,-433,1,0
-79,-432,1,0
-79,-427,1,0
-79,-424,1,0
-79,-423,1,0
-79,-422,2,0
-79,-421,1,0
-79,-413,1,0
-79,-412,1,0
-79,-405,1,0
-79,-403,2,0
-79,-402,1,0
-79,-400,2,0
-79,-397,1,0
-79,-396,2,0
-79,-395,1,0
-79,-393,12,1
-79,-392,24,1
-79,-391,38,1
-79,-390,5,0
-79,-389,2,0
-79,-387,2,0
-79,-383,2,0
-79,-382,1,0
-79,-379,2,0
-79,-375,4,0
-79,-374,2,0
-79,-373,1,0
-79,-372,4,0
-79,-371,1,0
-79,-370,4,0
-79,-369,2,0
-79,-368,3,0
-79,-367,4,0
-79,-366,5,0
-79,-365,9,0
-79,-364,1,0
-79,-360,1,0
-79,-357,1,0
-79,-344,1,0
-79,-343,1,0
-79,-342,1,0
-79,-341,1,0
-79,-340,3,0
-79,-339,2,0
-79,-338,1,0
-79,-337,1,0
-79,-336,1,0
-79,-335,1,0
-79,-333,4,0
-79,-332,18,1
-79,-331,6,0
-79,-330,2,0
-79,-329,2,0
-79,-328,3,0
-79,-327,1,0
-79,-325,1,0
-79,-322,1,0
-79,-319,1,0
-79,-313,1,0
-79,-305,3,0
-79,-304,1,0
-79,-302,1,0
-79,-301,1,0
-79,-297,1,0
-79,-295,1,0
-79,-294,4,0
-79,-293,9,0
-79,-292,4,0
-79,-291,1,0
-79,-290,7,0
-79,-289,6,0
-79,-288,2,0
-79,-286,1,0
-79,-283,1,0
-79,-282,2,0
-79,-275,1,0
-79,-266,1,0
-79,-256,1,0
-79,-255,1,0
-79,-228,1,0
-79,-199,1,0
-79,-183,1,0
-78,-527,1,0
-78,-523,1,0
-78,-517,2,0
-78,-515,1,0
-78,-505,1,0
-78,-501,1,0
-78,-499,1,0
-78,-498,3,0
-78,-488,2,0
-78,-473,1,0
-78,-465,1,0
-78,-464,1,0
-78,-460,1,0
-78,-437,1,0
-78,-434,4,0
-78,-433,3,0
-78,-432,2,0
-78,-431,2,0
-78,-429,1,0
-78,-428,1,0
-78,-426,1,0
-78,-423,1,0
-78,-419,3,0
-78,-418,1,0
-78,-417,1,0
-78,-415,1,0
-78,-414,3,0
-78,-413,1,0
-78,-409,1,0
-78,-406,1,0
-78,-401,1,0
-78,-400,3,0
-78,-399,6,0
-78,-398,5,0
-78,-397,6,0
-78,-396,4,0
-78,-395,10,1
-78,-394,10,1
-78,-393,25,1
-78,-392,8,0
-78,-391,3,0
-78,-390,1,0
-78,-389,3,0
-78,-388,5,0
-78,-386,2,0
-78,-384,1,0
-78,-383,1,0
-78,-381,1,0
-78,-379,2,0
-78,-378,1,0
-78,-377,2,0
-78,-376,1,0
-78,-375,1,0
-78,-373,1,0
-78,-372,2,0
-78,-370,2,0
-78,-369,4,0
-78,-368,2,0
-78,-367,2,0
-78,-366,11,1
-78,-365,6,0
-78,-364,2,0
-78,-363,1,0
-78,-360,2,0
-78,-359,1,0
-78,-344,2,0
-78,-341,1,0
-78,-340,2,0
-78,-339,4,0
-78,-338,1,0
-78,-337,2,0
-78,-334,4,0
-78,-333,7,0
-78,-332,9,0
-78,-331,2,0
-78,-329,3,0
-78,-327,1,0
-78,-324,3,0
-78,-323,1,0
-78,-322,2,0
-78,-316,1,0
-78,-308,1,0
-78,-304,1,0
-78,-300,13,1
-78,-299,3,0
-78,-298,2,0
-78,-296,3,0
-78,-295,2,0
-78,-294,3,0
-78,-293,8,0
-78,-292,1,0
-78,-291,2,0
-78,-286,1,0
-78,-281,1,0
-78,-280,1,0
-78,-277,2,0
-78,-257,1,0
-78,-256,2,0
-78,-235,1,0
-78,-228,3,0
-77,-520,1,0
-77,-514,1,0
-77,-502,1,0
-77,-498,1,0
-77,-469,1,0
-77,-468,1,0
-77,-467,1,0
-77,-465,4,0
-77,-464,3,0
-77,-449,1,0
-77,-437,2,0
-77,-436,3,0
-77,-435,1,0
-77,-434,7,0
-77,-433,24,1
-77,-432,11,1
-77,-421,2,0
-77,-420,3,0
-77,-419,6,0
-77,-418,8,0
-77,-410,1,0
-77,-409,2,0
-77,-400,1,0
-77,-399,1,0
-77,-398,6,0
-77,-397,10,1
-77,-396,10,1
-77,-395,3,0
-77,-394,1,0
-77,-393,3,0
-77,-392,7,0
-77,-391,4,0
-77,-389,2,0
-77,-388,4,0
-77,-387,1,0
-77,-386,3,0
-77,-385,1,0
-77,-384,1,0
-77,-383,1,0
-77,-380,1,0
-77,-379,1,0
-77,-378,1,0
-77,-376,3,0
-77,-375,4,0
-77,-372,2,0
-77,-371,2,0
-77,-369,1,0
-77,-368,9,0
-77,-366,5,0
-77,-365,2,0
-77,-364,1,0
-77,-341,1,0
-77,-339,1,0
-77,-338,1,0
-77,-335,1,0
-77,-334,4,0
-77,-333,5,0
-77,-332,1,0
-77,-330,2,0
-77,-328,1,0
-77,-326,1,0
-77,-325,1,0
-77,-324,6,0
-77,-319,1,0
-77,-317,1,0
-77,-316,1,0
-77,-308,3,0
-77,-307,1,0
-77,-305,1,0
-77,-300,1,0
-77,-299,1,0
-77,-298,3,0
-77,-297,3,0
-77,-296,2,0
-77,-292,3,0
-77,-291,5,0
-77,-290,3,0
-77,-278,1,0
-77,-277,1,0
-77,-276,2,0
-77,-274,1,0
-77,-273,1,0
-77,-262,1,0
-77,-246,1,0
-77,-220,1,0
-77,-216,1,0
-76,-527,1,0
-76,-523,1,0
-76,-519,1,0
-76,-499,2,0
-76,-495,3,0
-76,-485,1,0
-76,-477,1,0
-76,-475,1,0
-76,-444,3,0
-76,-437,1,0
-76,-436,1,0
-76,-435,1,0
-76,-434,1,0
-76,-433,4,0
-76,-430,1,0
-76,-429,1,0
-76,-425,2,0
-76,-424,1,0
-76,-422,1,0
-76,-421,1,0
-76,-420,8,0
-76,-419,8,0
-76,-418,4,0
-76,-412,1,0
-76,-408,1,0
-76,-407,1,0
-76,-397,11,1
-76,-396,3,0
-76,-395,1,0
-76,-394,1,0
-76,-393,1,0
-76,-392,3,0
-76,-391,5,0
-76,-390,4,0
-76,-387,2,0
-76,-386,1,0
-76,-384,1,0
-76,-383,3,0
-76,-382,1,0
-76,-381,2,0
-76,-380,2,0
-76,-378,2,0
-76,-376,1,0
-76,-375,1,0
-76,-373,1,0
-76,-372,1,0
-76,-371,4,0
-76,-370,1,0
-76,-368,5,0
-76,-367,8,0
-76,-366,14,1
-76,-365,2,0
-76,-362,1,0
-76,-360,1,0
-76,-345,1,0
-76,-343,1,0
-76,-342,1,0
-76,-341,2,0
-76,-340,2,0
-76,-338,3,0
-76,-337,1,0
-76,-336,3,0
-76,-335,3,0
-76,-333,6,0
-76,-332,13,1
-76,-331,1,0
-76,-330,1,0
-76,-329,2,0
-76,-325,1,0
-76,-323,1,0
-76,-317,1,0
-76,-312,1,0
-76,-310,1,0
-76,-308,1,0
-76,-307,9,0
-76,-306,1,0
-76,-299,1,0
-76,-298,2,0
-76,-296,1,0
-76,-293,5,0
-76,-292,2,0
-76,-288,1,0
-76,-283,1,0
-76,-278,1,0
-76,-277,1,0
-76,-246,1,0
-76,-232,1,0
-76,-196,2,0
-75,-535,1,0
-75,-517,1,0
-75,-449,1,0
-75,-447,1,0
-75,-422,5,0
-75,-421,2,0
-75,-420,3,0
-75,-419,3,0
-75,-418,6,0
-75,-417,2,0
-75,-415,1,0
-75,-414,2,0
-75,-413,1,0
-75,-412,2,0
-75,-409,1,0
-75,-398,1,0
-75,-396,1,0
-75,-395,1,0
-75,-391,3,0
-75,-390,1,0
-75,-388,1,0
-75,-387,4,0
-75,-386,1,0
-75,-385,2,0
-75,-384,1,0
-75,-383,3,0
-75,-382,1,0
-75,-381,2,0
-75,-380,4,0
-75,-379,2,0
-75,-378,3,0
-75,-377,6,0
-75,-376,4,0
-75,-375,1,0
-75,-374,4,0
-75,-373,1,0
-75,-372,3,0
-75,-370,2,0
-75,-369,4,0
-75,-368,6,0
-75,-367,16,1
-75,-366,5,0
-75,-365,1,0
-75,-364,3,0
-75,-363,1,0
-75,-362,2,0
-75,-361,2,0
-75,-360,1,0
-75,-345,1,0
-75,-340,1,0
-75,-339,3,0
-75,-338,11,1
-75,-337,6,0
-75,-336,7,0
-75,-335,2,0
-75,-334,2,0
-75,-333,3,0
-75,-332,3,0
-75,-331,3,0
-75,-330,1,0
-75,-329,1,0
-75,-328,1,0
-75,-325,8,0
-75,-324,4,0
-75,-321,1,0
-75,-320,2,0
-75,-319,3,0
-75,-317,2,0
-75,-311,2,0
-75,-309,1,0
-75,-307,10,1
-75,-306,2,0
-75,-300,1,0
-75,-299,1,0
-75,-298,1,0
-75,-297,2,0
-75,-293,4,0
-75,-287,1,0
-75,-278,2,0
-75,-263,1,0
-75,-241,1,0
-75,-240,2,0
-75,-175,1,0
-74,-504,2,0
-74,-503,1,0
-74,-461,1,0
-74,-453,1,0
-74,-452,1,0
-74,-446,1,0
-74,-442,1,0
-74,-414,1,0
-74,-404,1,0
-74,-402,1,0
-74,-401,3,0
-74,-400,2,0
-74,-399,2,0
-74,-398,1,0
-74,-396,3,0
-74,-394,1,0
-74,-392,2,0
-74,-391,1,0
-74,-390,3,0
-74,-389,4,0
-74,-388,2,0
-74,-387,1,0
-74,-386,1,0
-74,-385,2,0
-74,-384,1,0
-74,-383,5,0
-74,-382,4,0
-74,-381,7,0
-74,-380,1,0
-74,-379,4,0
-74,-378,6,0
-74,-377,5,0
-74,-376,1,0
-74,-375,3,0
-74,-374,2,0
-74,-372,2,0
-74,-371,2,0
-74,-370,1,0
-74,-369,5,0
-74,-368,5,0
-74,-367,4,0
-74,-366,6,0
-74,-365,4,0
-74,-364,1,0
-74,-363,1,0
-74,-361,4,0
-74,-359,1,0
-74,-358,2,0
-74,-346,1,0
-74,-343,1,0
-74,-342,1,0
-74,-339,2,0
-74,-338,14,1
-74,-337,6,0
-74,-336,1,0
-74,-335,1,0
-74,-333,1,0
-74,-332,23,1
-74,-331,17,1
-74,-330,6,0
-74,-329,8,0
-74,-328,1,0
-74,-327,6,0
-74,-326,2,0
-74,-325,13,1
-74,-324,12,1
-74,-323,1,0
-74,-322,2,0
-74,-321,4,0
-74,-320,3,0
-74,-318,5,0
-74,-317,3,0
-74,-316,1,0
-74,-315,2,0
-74,-314,1,0
-74,-313,2,0
-74,-311,2,0
-74,-310,7,0
-74,-309,8,0
-74,-308,5,0
-74,-307,4,0
-74,-301,2,0
-74,-294,3,0
-74,-292,1,0
-74,-291,1,0
-74,-280,1,0
-74,-279,1,0
-74,-277,2,0
-74,-267,1,0
-74,-262,1,0
-74,-197,1,0
-73,-496,2,0
-73,-495,1,0
-73,-494,1,0
-73,-474,1,0
-73,-459,1,0
-73,-458,1,0
-73,-457,1,0
-73,-453,2,0
-73,-451,1,0
-73,-403,1,0
-73,-399,3,0
-73,-395,1,0
-73,-394,1,0
-73,-393,2,0
-73,-391,2,0
-73,-390,3,0
-73,-387,1,0
-73,-386,2,0
-73,-385,1,0
-73,-384,3,0
-73,-383,4,0
-73,-382,4,0
-73,-381,13,1
-73,-380,4,0
-73,-379,4,0
-73,-378,3,0
-73,-377,4,0
-73,-375,2,0
-73,-374,1,0
-73,-373,4,0
-73,-372,7,0
-73,-371,5,0
-73,-370,4,0
-73,-369,5,0
-73,-368,3,0
-73,-366,3,0
-73,-365,4,0
-73,-364,4,0
-73,-363,2,0
-73,-362,2,0
-73,-361,3,0
-73,-357,1,0
-73,-355,1,0
-73,-343,1,0
-73,-341,1,0
-73,-340,4,0
-73,-337,1,0
-73,-336,2,0
-73,-335,4,0
-73,-334,6,0
-73,-333,7,0
-73,-332,19,1
-73,-331,2,0
-73,-330,2,0
-73,-329,4,0
-73,-328,9,0
-73,-327,8,0
-73,-326,11,1
-73,-325,14,1
-73,-324,5,0
-73,-323,4,0
-73,-322,6,0
-73,-321,5,0
-73,-320,2,0
-73,-317,1,0
-73,-316,1,0
-73,-310,1,0
-73,-309,1,0
-73,-308,8,0
-73,-306,3,0
-73,-305,1,0
-73,-303,1,0
-73,-302,1,0
-73,-293,1,0
-73,-290,1,0
-73,-280,1,0
-73,-277,2,0
-73,-276,1,0
-73,-275,1,0
-73,-273,1,0
-73,-213,1,0
-73,-157,2,0
-72,-501,2,0
-72,-491,1,0
-72,-432,1,0
-72,-410,1,0
-72,-409,1,0
-72,-403,1,0
-72,-402,1,0
-72,-401,1,0
-72,-400,1,0
-72,-399,1,0
-72,-394,3,0
-72,-392,1,0
-72,-391,3,0
-72,-388,1,0
-72,-387,1,0
-72,-386,3,0
-72,-385,2,0
-72,-384,3,0
-72,-383,4,0
-72,-382,12,1
-72,-381,28,1
-72,-380,8,0
-72,-379,4,0
-72,-378,4,0
-72,-376,2,0
-72,-375,4,0
-72,-374,3,0
-72,-373,2,0
-72,-372,5,0
-72,-371,7,0
-72,-370,8,0
-72,-369,6,0
-72,-368,2,0
-72,-367,6,0
-72,-366,8,0
-72,-365,4,0
-72,-364,1,0
-72,-363,1,0
-72,-362,2,0
-72,-361,2,0
-72,-360,1,0
-72,-353,1,0
-72,-349,1,0
-72,-348,1,0
-72,-347,1,0
-72,-346,3,0
-72,-344,1,0
-72,-340,2,0
-72,-338,7,0
-72,-337,3,0
-72,-336,9,0
-72,-335,6,0
-72,-334,6,0
-72,-333,10,1
-72,-332,10,1
-72,-331,12,1
-72,-330,11,1
-72,-329,8,0
-72,-328,5,0
-72,-327,3,0
-72,-326,4,0
-72,-308,5,0
-72,-306,1,0
-72,-295,2,0
-72,-294,1,0
-72,-284,1,0
-72,-282,1,0
-72,-281,2,0
-72,-276,1,0
-72,-246,2,0
-72,-222,1,0
-72,-204,2,0
-72,-158,1,0
-72,-157,1,0
-71,-466,4,0
-71,-465,1,0
-71,-464,1,0
-71,-461,1,0
-71,-451,1,0
-71,-450,1,0
-71,-421,1,0
-71,-412,1,0
-71,-400,2,0
-71,-398,1,0
-71,-395,3,0
-71,-392,2,0
-71,-389,1,0
-71,-386,1,0
-71,-385,3,0
-71,-384,11,1
-71,-383,2,0
-71,-382,10,1
-71,-381,14,1
-71,-380,5,0
-71,-379,5,0
-71,-378,6,0
-71,-377,1,0
-71,-376,2,0
-71,-375,4,0
-71,-374,4,0
-71,-373,6,0
-71,-372,17,1
-71,-371,16,1
-71,-370,23,1
-71,-369,20,1
-71,-368,8,0
-71,-367,9,0
-71,-366,8,0
-71,-365,3,0
-71,-362,1,0
-71,-361,1,0
-71,-356,1,0
-71,-352,2,0
-71,-350,1,0
-71,-349,1,0
-71,-344,1,0
-71,-342,1,0
-71,-338,12,1
-71,-337,7,0
-71,-336,1,0
-71,-335,5,0
-71,-334,5,0
-71,-333,12,1
-71,-332,11,1
-71,-331,3,0
-71,-330,4,0
-71,-329,7,0
-71,-328,7,0
-71,-321,1,0
-71,-320,1,0
-71,-307,1,0
-71,-297,1,0
-71,-296,2,0
-71,-295,1,0
-71,-282,1,0
-71,-281,2,0
-71,-280,1,0
-71,-279,1,0
-71,-244,1,0
-71,-202,1,0
-71,-194,1,0
-70,-469,1,0
-70,-428,1,0
-70,-413,2,0
-70,-409,1,0
-70,-400,1,0
-70,-399,1,0
-70,-397,1,0
-70,-396,1,0
-70,-394,1,0
-70,-389,8,0
-70,-388,2,0
-70,-385,1,0
-70,-384,8,0
-70,-383,12,1
-70,-382,31,1
-70,-381,18,1
-70,-380,4,0
-70,-379,2,0
-70,-378,3,0
-70,-376,4,0
-70,-375,2,0
-70,-374,5,0
-70,-373,12,1
-70,-372,20,1
-70,-371,38,1
-70,-370,39,1
-70,-369,17,1
-70,-368,2,0
-70,-367,1,0
-70,-366,1,0
-70,-365,1,0
-70,-364,1,0
-70,-363,2,0
-70,-362,1,0
-70,-361,1,0
-70,-360,1,0
-70,-359,2,0
-70,-356,1,0
-70,-355,1,0
-70,-351,1,0
-70,-350,1,0
-70,-349,2,0
-70,-348,1,0
-70,-344,4,0
-70,-343,4,0
-70,-342,1,0
-70,-340,4,0
-70,-339,7,0
-70,-338,15,1
-70,-337,7,0
-70,-336,8,0
-70,-335,29,1
-70,-334,3,0
-70,-333,6,0
-70,-332,2,0
-70,-331,1,0
-70,-329,2,0
-70,-328,3,0
-70,-327,1,0
-70,-324,1,0
-70,-315,1,0
-70,-313,1,0
-70,-312,1,0
-70,-311,1,0
-70,-310,2,0
-70,-307,1,0
-70,-306,1,0
-70,-302,1,0
-70,-300,1,0
-70,-296,2,0
-70,-295,1,0
-70,-282,1,0
-70,-279,1,0
-70,-278,1,0
-70,-277,1,0
-70,-268,1,0
-70,-266,2,0
-70,-246,2,0
-70,-215,1,0
-70,-188,1,0
-70,-181,1,0
-69,-407,1,0
-69,-402,1,0
-69,-399,1,0
-69,-398,2,0
-69,-395,2,0
-69,-389,1,0
-69,-388,5,0
-69,-387,6,0
-69,-385,2,0
-69,-384,1,0
-69,-383,4,0
-69,-382,4,0
-69,-381,5,0
-69,-380,1,0
-69,-378,4,0
-69,-377,6,0
-69,-376,5,0
-69,-375,2,0
-69,-374,4,0
-69,-373,19,1
-69,-372,48,1
-69,-371,27,1
-69,-370,32,1
-69,-369,19,1
-69,-368,5,0
-69,-367,2,0
-69,-366,1,0
-69,-365,1,0
-69,-364,9,0
-69,-363,2,0
-69,-362,1,0
-69,-361,4,0
-69,-356,1,0
-69,-349,5,0
-69,-345,2,0
-69,-344,5,0
-69,-343,2,0
-69,-342,2,0
-69,-340,3,0
-69,-339,3,0
-69,-338,27,1
-69,-337,19,1
-69,-336,12,1
-69,-335,5,0
-69,-334,3,0
-69,-333,1,0
-69,-332,2,0
-69,-330,1,0
-69,-329,2,0
-69,-328,1,0
-69,-325,1,0
-69,-324,1,0
-69,-323,1,0
-69,-317,2,0
-69,-316,2,0
-69,-314,2,0
-69,-313,1,0
-69,-312,2,0
-69,-309,1,0
-69,-300,1,0
-69,-283,1,0
-69,-279,1,0
-69,-278,1,0
-69,-277,5,0
-69,-276,3,0
-69,-269,1,0
-69,-267,1,0
-69,-261,1,0
-69,-247,1,0
-69,-155,2,0
-68,-475,1,0
-68,-474,1,0
-68,-470,1,0
-68,-468,1,0
-68,-467,1,0
-68,-402,1,0
-68,-398,1,0
-68,-394,3,0
-68,-390,4,0
-68,-385,1,0
-68,-384,1,0
-68,-382,10,1
-68,-381,6,0
-68,-380,2,0
-68,-378,1,0
-68,-374,2,0
-68,-373,5,0
-68,-372,16,1
-68,-371,30,1
-68,-370,18,1
-68,-369,12,1
-68,-368,15,1
-68,-367,12,1
-68,-366,4,0
-68,-364,8,0
-68,-363,3,0
-68,-362,1,0
-68,-361,4,0
-68,-358,1,0
-68,-356,1,0
-68,-355,1,0
-68,-351,1,0
-68,-348,1,0
-68,-347,1,0
-68,-344,4,0
-68,-342,3,0
-68,-341,4,0
-68,-340,9,0
-68,-339,14,1
-68,-338,31,1
-68,-337,9,0
-68,-336,5,0
-68,-335,4,0
-68,-334,2,0
-68,-333,2,0
-68,-332,3,0
-68,-331,1,0
-68,-330,2,0
-68,-329,1,0
-68,-327,2,0
-68,-325,2,0
-68,-320,4,0
-68,-319,4,0
-68,-316,1,0
-68,-315,3,0
-68,-313,1,0
-68,-312,1,0
-68,-311,1,0
-68,-310,2,0
-68,-309,1,0
-68,-306,1,0
-68,-301,1,0
-68,-300,1,0
-68,-298,3,0
-68,-297,3,0
-68,-296,2,0
-68,-291,1,0
-68,-287,1,0
-68,-280,1,0
-68,-279,1,0
-68,-278,1,0
-68,-276,1,0
-68,-274,2,0
-68,-263,1,0
-67,-476,2,0
-67,-468,1,0
-67,-467,1,0
-67,-465,1,0
-67,-450,2,0
-67,-392,1,0
-67,-391,1,0
-67,-382,8,0
-67,-381,2,0
-67,-376,1,0
-67,-375,7,0
-67,-374,11,1
-67,-373,7,0
-67,-372,12,1
-67,-371,19,1
-67,-370,13,1
-67,-369,16,1
-67,-368,16,1
-67,-367,20,1
-67,-366,28,1
-67,-365,16,1
-67,-364,18,1
-67,-363,19,1
-67,-362,11,1
-67,-361,7,0
-67,-360,1,0
-67,-358,1,0
-67,-357,1,0
-67,-353,1,0
-67,-351,1,0
-67,-349,1,0
-67,-345,3,0
-67,-344,2,0
-67,-343,2,0
-67,-342,1,0
-67,-341,2,0
-67,-340,4,0
-67,-339,16,1
-67,-338,42,1
-67,-337,20,1
-67,-336,9,0
-67,-335,1,0
-67,-334,1,0
-67,-333,1,0
-67,-330,1,0
-67,-329,1,0
-67,-327,2,0
-67,-326,8,0
-67,-325,13,1
-67,-324,2,0
-67,-323,6,0
-67,-322,6,0
-67,-321,4,0
-67,-319,3,0
-67,-318,3,0
-67,-317,2,0
-67,-316,1,0
-67,-315,1,0
-67,-314,1,0
-67,-313,1,0
-67,-299,3,0
-67,-298,2,0
-67,-291,11,1
-67,-284,1,0
-67,-276,1,0
-67,-235,1,0
-67,-234,1,0
-67,-220,1,0
-67,-218,1,0
-67,-194,1,0
-66,-463,1,0
-66,-462,1,0
-66,-455,1,0
-66,-452,1,0
-66,-450,5,0
-66,-442,1,0
-66,-388,1,0
-66,-385,1,0
-66,-384,2,0
-66,-383,1,0
-66,-381,1,0
-66,-380,1,0
-66,-376,1,0
-66,-375,6,0
-66,-374,13,1
-66,-373,9,0
-66,-372,32,1
-66,-371,11,1
-66,-370,7,0
-66,-369,13,1
-66,-368,19,1
-66,-367,17,1
-66,-366,12,1
-66,-365,19,1
-66,-364,10,1
-66,-363,31,1
-66,-362,19,1
-66,-361,8,0
-66,-360,4,0
-66,-359,13,1
-66,-358,6,0
-66,-357,2,0
-66,-352,2,0
-66,-350,1,0
-66,-344,2,0
-66,-341,1,0
-66,-340,4,0
-66,-339,19,1
-66,-338,24,1
-66,-337,21,1
-66,-336,3,0
-66,-335,5,0
-66,-334,2,0
-66,-333,2,0
-66,-331,1,0
-66,-328,3,0
-66,-327,5,0
-66,-326,14,1
-66,-325,11,1
-66,-324,3,0
-66,-323,2,0
-66,-322,2,0
-66,-321,3,0
-66,-320,3,0
-66,-319,3,0
-66,-318,2,0
-66,-317,1,0
-66,-315,1,0
-66,-314,1,0
-66,-311,1,0
-66,-309,1,0
-66,-306,1,0
-66,-305,1,0
-66,-299,3,0
-66,-297,1,0
-66,-292,1,0
-66,-291,13,1
-66,-290,3,0
-66,-288,2,0
-66,-285,1,0
-66,-277,1,0
-66,-246,2,0
-66,-245,1,0
-66,-241,1,0
-66,-237,1,0
-66,-221,1,0
-66,-220,1,0
-66,-218,1,0
-66,-196,1,0
-66,-195,3,0
-66,-179,1,0
-65,-515,1,0
-65,-473,1,0
-65,-466,1,0
-65,-464,1,0
-65,-443,1,0
-65,-386,2,0
-65,-385,7,0
-65,-384,5,0
-65,-383,6,0
-65,-382,1,0
-65,-381,2,0
-65,-374,1,0
-65,-373,15,1
-65,-372,19,1
-65,-371,2,0
-65,-370,3,0
-65,-369,24,1
-65,-368,22,1
-65,-367,13,1
-65,-366,7,0
-65,-365,22,1
-65,-364,7,0
-65,-363,29,1
-65,-362,10,1
-65,-361,26,1
-65,-360,14,1
-65,-359,7,0
-65,-358,10,1
-65,-357,12,1
-65,-356,11,1
-65,-355,7,0
-65,-354,1,0
-65,-352,1,0
-65,-351,1,0
-65,-350,10,1
-65,-349,2,0
-65,-348,1,0
-65,-347,2,0
-65,-346,4,0
-65,-345,1,0
-65,-343,3,0
-65,-341,1,0
-65,-340,15,1
-65,-339,8,0
-65,-338,10,1
-65,-337,8,0
-65,-336,10,1
-65,-335,14,1
-65,-334,6,0
-65,-333,12,1
-65,-332,1,0
-65,-331,1,0
-65,-330,2,0
-65,-329,2,0
-65,-328,2,0
-65,-327,3,0
-65,-325,1,0
-65,-323,2,0
-65,-322,2,0
-65,-319,5,0
-65,-318,4,0
-65,-317,1,0
-65,-309,1,0
-65,-308,4,0
-65,-307,1,0
-65,-306,2,0
-65,-300,3,0
-65,-295,1,0
-65,-292,1,0
-65,-290,4,0
-65,-289,1,0
-65,-287,1,0
-65,-286,1,0
-65,-281,2,0
-65,-280,1,0
-65,-279,1,0
-65,-278,2,0
-65,-277,4,0
-65,-276,2,0
-65,-270,1,0
-65,-247,1,0
-65,-233,1,0
-65,-230,1,0
-64,-474,1,0
-64,-465,2,0
-64,-448,1,0
-64,-385,1,0
-64,-384,1,0
-64,-383,3,0
-64,-382,2,0
-64,-377,1,0
-64,-374,1,0
-64,-373,1,0
-64,-372,1,0
-64,-371,4,0
-64,-370,7,0
-64,-369,5,0
-64,-368,15,1
-64,-367,24,1
-64,-366,23,1
-64,-365,21,1
-64,-364,21,1
-64,-363,38,1
-64,-362,33,1
-64,-361,29,1
-64,-360,14,1
-64,-359,14,1
-64,-358,13,1
-64,-357,17,1
-64,-356,6,0
-64,-355,17,1
-64,-354,9,0
-64,-353,4,0
-64,-352,3,0
-64,-351,1,0
-64,-350,4,0
-64,-349,10,1
-64,-348,2,0
-64,-347,1,0
-64,-346,17,1
-64,-343,3,0
-64,-342,2,0
-64,-341,8,0
-64,-340,11,1
-64,-339,12,1
-64,-338,9,0
-64,-337,7,0
-64,-336,3,0
-64,-335,9,0
-64,-334,28,1
-64,-333,12,1
-64,-332,2,0
-64,-331,1,0
-64,-330,1,0
-64,-326,5,0
-64,-325,3,0
-64,-322,1,0
-64,-321,2,0
-64,-320,2,0
-64,-319,2,0
-64,-318,1,0
-64,-317,2,0
-64,-316,1,0
-64,-312,1,0
-64,-311,7,0
-64,-307,1,0
-64,-306,9,0
-64,-305,3,0
-64,-304,1,0
-64,-303,1,0
-64,-302,3,0
-64,-301,1,0
-64,-300,3,0
-64,-299,3,0
-64,-291,2,0
-64,-290,2,0
-64,-288,1,0
-64,-281,1,0
-64,-280,1,0
-64,-257,1,0
-64,-246,1,0
-64,-213,1,0
-64,-211,1,0
-63,-473,1,0
-63,-452,2,0
-63,-373,2,0
-63,-372,1,0
-63,-371,5,0
-63,-370,1,0
-63,-369,2,0
-63,-368,4,0
-63,-367,9,0
-63,-366,32,1
-63,-365,19,1
-63,-364,18,1
-63,-363,19,1
-63,-362,28,1
-63,-361,36,1
-63,-360,14,1
-63,-359,9,0
-63,-358,6,0
-63,-357,3,0
-63,-356,4,0
-63,-355,15,1
-63,-354,21,1
-63,-353,36,1
-63,-352,15,1
-63,-351,7,0
-63,-350,11,1
-63,-349,7,0
-63,-348,8,0
-63,-347,2,0
-63,-346,1,0
-63,-345,2,0
-63,-344,4,0
-63,-343,2,0
-63,-342,1,0
-63,-341,4,0
-63,-340,13,1
-63,-339,11,1
-63,-338,7,0
-63,-336,3,0
-63,-335,6,0
-63,-334,29,1
-63,-333,6,0
-63,-332,2,0
-63,-331,2,0
-63,-330,1,0
-63,-329,2,0
-63,-328,1,0
-63,-327,5,0
-63,-323,1,0
-63,-321,1,0
-63,-320,1,0
-63,-319,1,0
-63,-318,4,0
-63,-316,1,0
-63,-315,2,0
-63,-314,4,0
-63,-313,3,0
-63,-312,4,0
-63,-310,2,0
-63,-308,1,0
-63,-306,6,0
-63,-305,4,0
-63,-304,1,0
-63,-303,2,0
-63,-302,6,0
-63,-296,1,0
-63,-280,1,0
-63,-275,1,0
-63,-250,1,0
-63,-248,1,0
-63,-247,2,0
-63,-241,1,0
-63,-224,1,0
-63,-177,2,0
-63,-168,1,0
-63,-158,1,0
-62,-483,1,0
-62,-450,1,0
-62,-375,5,0
-62,-374,2,0
-62,-373,1,0
-62,-371,6,0
-62,-370,5,0
-62,-369,6,0
-62,-368,11,1
-62,-367,15,1
-62,-366,27,1
-62,-365,34,1
-62,-364,22,1
-62,-363,18,1
-62,-362,23,1
-62,-361,16,1
-62,-360,4,0
-62,-359,5,0
-62,-358,17,1
-62,-357,11,1
-62,-356,4,0
-62,-355,5,0
-62,-354,19,1
-62,-353,12,1
-62,-352,5,0
-62,-351,7,0
-62,-350,4,0
-62,-349,6,0
-62,-348,19,1
-62,-347,6,0
-62,-346,1,0
-62,-345,2,0
-62,-344,4,0
-62,-342,4,0
-62,-341,1,0
-62,-340,14,1
-62,-339,16,1
-62,-338,3,0
-62,-337,3,0
-62,-336,5,0
-62,-335,10,1
-62,-334,21,1
-62,-333,2,0
-62,-331,1,0
-62,-330,2,0
-62,-326,1,0
-62,-325,5,0
-62,-324,1,0
-62,-322,1,0
-62,-321,1,0
-62,-320,2,0
-62,-316,1,0
-62,-314,8,0
-62,-313,6,0
-62,-307,3,0
-62,-306,2,0
-62,-303,8,0
-62,-302,1,0
-62,-298,5,0
-62,-297,2,0
-62,-290,1,0
-62,-287,5,0
-62,-284,1,0
-62,-283,2,0
-62,-280,1,0
-62,-278,3,0
-62,-277,2,0
-62,-242,2,0
-62,-241,1,0
-62,-169,1,0
-62,-168,1,0
-62,-158,1,0
-61,-506,1,0
-61,-504,1,0
-61,-455,1,0
-61,-405,1,0
-61,-375,1,0
-61,-374,1,0
-61,-373,4,0
-61,-372,1,0
-61,-371,3,0
-61,-370,6,0
-61,-369,1,0
-61,-368,6,0
-61,-367,6,0
-61,-366,9,0
-61,-365,20,1
-61,-364,25,1
-61,-363,17,1
-61,-362,32,1
-61,-361,18,1
-61,-360,1,0
-61,-359,2,0
-61,-358,5,0
-61,-357,3,0
-61,-356,1,0
-61,-355,11,1
-61,-354,51,1
-61,-353,14,1
-61,-352,25,1
-61,-351,11,1
-61,-350,6,0
-61,-349,8,0
-61,-348,11,1
-61,-347,4,0
-61,-346,2,0
-61,-344,4,0
-61,-343,6,0
-61,-342,3,0
-61,-341,1,0
-61,-340,6,0
-61,-339,13,1
-61,-338,5,0
-61,-337,4,0
-61,-336,2,0
-61,-335,3,0
-61,-334,4,0
-61,-333,2,0
-61,-332,3,0
-61,-331,3,0
-61,-330,5,0
-61,-329,2,0
-61,-327,1,0
-61,-326,1,0
-61,-323,1,0
-61,-321,1,0
-61,-320,1,0
-61,-317,1,0
-61,-314,1,0
-61,-313,1,0
-61,-312,2,0
-61,-310,3,0
-61,-307,2,0
-61,-305,1,0
-61,-303,9,0
-61,-302,2,0
-61,-300,2,0
-61,-298,10,1
-61,-297,2,0
-61,-296,1,0
-61,-286,1,0
-61,-279,1,0
-61,-241,1,0
-61,-220,1,0
-61,-216,1,0
-61,-192,1,0
-61,-178,1,0
-61,-171,1,0
-60,-518,1,0
-60,-507,1,0
-60,-506,7,0
-60,-505,6,0
-60,-480,1,0
-60,-443,1,0
-60,-416,1,0
-60,-414,1,0
-60,-374,1,0
-60,-373,1,0
-60,-372,1,0
-60,-370,2,0
-60,-369,5,0
-60,-368,11,1
-60,-367,16,1
-60,-366,7,0
-60,-365,18,1
-60,-364,16,1
-60,-363,18,1
-60,-362,19,1
-60,-361,13,1
-60,-360,7,0
-60,-359,2,0
-60,-358,5,0
-60,-357,10,1
-60,-356,13,1
-60,-355,22,1
-60,-354,60,1
-60,-353,12,1
-60,-352,7,0
-60,-351,5,0
-60,-350,2,0
-60,-349,3,0
-60,-348,1,0
-60,-347,1,0
-60,-345,5,0
-60,-344,5,0
-60,-343,12,1
-60,-342,5,0
-60,-341,9,0
-60,-340,6,0
-60,-339,9,0
-60,-338,9,0
-60,-337,5,0
-60,-336,2,0
-60,-335,3,0
-60,-334,2,0
-60,-333,4,0
-60,-332,8,0
-60,-331,5,0
-60,-330,5,0
-60,-329,1,0
-60,-328,1,0
-60,-327,1,0
-60,-326,2,0
-60,-325,2,0
-60,-323,2,0
-60,-322,1,0
-60,-319,1,0
-60,-318,1,0
-60,-309,2,0
-60,-307,1,0
-60,-305,2,0
-60,-303,4,0
-60,-302,1,0
-60,-299,1,0
-60,-298,8,0
-60,-297,11,1
-60,-296,2,0
-60,-295,1,0
-60,-285,1,0
-60,-283,2,0
-60,-241,2,0
-60,-201,1,0
-59,-506,15,1
-59,-505,8,0
-59,-504,2,0
-59,-503,2,0
-59,-491,1,0
-59,-454,1,0
-59,-420,1,0
-59,-418,1,0
-59,-388,1,0
-59,-374,2,0
-59,-372,1,0
-59,-371,2,0
-59,-370,1,0
-59,-369,6,0
-59,-368,6,0
-59,-367,10,1
-59,-366,9,0
-59,-365,8,0
-59,-364,13,1
-59,-363,13,1
-59,-362,8,0
-59,-361,13,1
-59,-360,3,0
-59,-359,4,0
-59,-358,14,1
-59,-357,4,0
-59,-356,16,1
-59,-355,42,1
-59,-354,39,1
-59,-353,25,1
-59,-352,20,1
-59,-351,10,1
-59,-350,1,0
-59,-349,1,0
-59,-345,1,0
-59,-344,8,0
-59,-343,14,1
-59,-342,4,0
-59,-341,2,0
-59,-340,7,0
-59,-339,5,0
-59,-338,10,1
-59,-337,11,1
-59,-336,4,0
-59,-335,5,0
-59,-334,8,0
-59,-333,3,0
-59,-332,2,0
-59,-331,3,0
-59,-330,3,0
-59,-328,1,0
-59,-327,1,0
-59,-326,1,0
-59,-325,3,0
-59,-324,2,0
-59,-323,1,0
-59,-322,1,0
-59,-321,1,0
-59,-319,2,0
-59,-318,3,0
-59,-317,1,0
-59,-313,1,0
-59,-309,1,0
-59,-305,1,0
-59,-304,1,0
-59,-303,5,0
-59,-302,2,0
-59,-300,3,0
-59,-298,3,0
-59,-297,3,0
-59,-296,5,0
-59,-295,1,0
-59,-293,2,0
-59,-290,3,0
-59,-289,1,0
-59,-288,1,0
-59,-286,3,0
-59,-281,1,0
-59,-280,1,0
-59,-279,1,0
-59,-278,1,0
-59,-272,4,0
-59,-224,1,0
-59,-222,1,0
-58,-506,2,0
-58,-505,11,1
-58,-477,1,0
-58,-454,1,0
-58,-415,1,0
-58,-407,1,0
-58,-385,1,0
-58,-376,1,0
-58,-374,5,0
-58,-372,7,0
-58,-371,13,1
-58,-370,9,0
-58,-369,5,0
-58,-368,3,0
-58,-367,2,0
-58,-366,4,0
-58,-365,4,0
-58,-364,4,0
-58,-363,9,0
-58,-362,3,0
-58,-361,5,0
-58,-360,2,0
-58,-359,7,0
-58,-358,7,0
-58,-357,7,0
-58,-356,15,1
-58,-355,10,1
-58,-354,30,1
-58,-353,8,0
-58,-352,4,0
-58,-351,7,0
-58,-350,7,0
-58,-349,3,0
-58,-347,2,0
-58,-346,1,0
-58,-345,2,0
-58,-344,11,1
-58,-343,21,1
-58,-342,14,1
-58,-341,6,0
-58,-340,6,0
-58,-339,1,0
-58,-338,7,0
-58,-337,1,0
-58,-336,2,0
-58,-335,15,1
-58,-334,40,1
-58,-333,28,1
-58,-332,10,1
-58,-331,13,1
-58,-330,22,1
-58,-329,5,0
-58,-328,3,0
-58,-327,1,0
-58,-326,3,0
-58,-325,2,0
-58,-324,5,0
-58,-323,6,0
-58,-318,3,0
-58,-317,2,0
-58,-316,1,0
-58,-314,1,0
-58,-311,2,0
-58,-310,1,0
-58,-307,1,0
-58,-303,1,0
-58,-302,2,0
-58,-300,1,0
-58,-299,1,0
-58,-295,1,0
-58,-285,1,0
-58,-280,1,0
-58,-279,2,0
-58,-262,1,0
-58,-251,1,0
-58,-245,2,0
-58,-243,1,0
-58,-241,2,0
-58,-239,1,0
-58,-235,3,0
-58,-230,1,0
-58,-226,1,0
-58,-219,1,0
-58,-216,1,0
-58,-212,2,0
-58,-207,1,0
-57,-508,1,0
-57,-507,2,0
-57,-506,1,0
-57,-466,1,0
-57,-416,1,0
-57,-415,2,0
-57,-382,2,0
-57,-374,1,0
-57,-373,6,0
-57,-372,7,0
-57,-371,13,1
-57,-370,3,0
-57,-369,5,0
-57,-368,3,0
-57,-367,2,0
-57,-365,6,0
-57,-364,2,0
-57,-363,8,0
-57,-362,2,0
-57,-361,8,0
-57,-360,6,0
-57,-359,6,0
-57,-358,1,0
-57,-357,8,0
-57,-356,36,1
-57,-355,26,1
-57,-354,21,1
-57,-353,11,1
-57,-352,3,0
-57,-351,1,0
-57,-349,1,0
-57,-347,1,0
-57,-346,5,0
-57,-345,17,1
-57,-344,29,1
-57,-343,28,1
-57,-342,31,1
-57,-341,24,1
-57,-340,12,1
-57,-339,9,0
-57,-338,8,0
-57,-337,8,0
-57,-336,18,1
-57,-335,55,1
-57,-334,58,1
-57,-333,49,1
-57,-332,85,1
-57,-331,51,1
-57,-330,20,1
-57,-329,6,0
-57,-327,2,0
-57,-326,2,0
-57,-325,4,0
-57,-324,7,0
-57,-323,2,0
-57,-322,1,0
-57,-320,3,0
-57,-316,4,0
-57,-315,2,0
-57,-314,3,0
-57,-312,1,0
-57,-310,1,0
-57,-309,2,0
-57,-308,1,0
-57,-305,1,0
-57,-303,5,0
-57,-302,16,1
-57,-301,16,1
-57,-300,1,0
-57,-299,1,0
-57,-297,1,0
-57,-296,1,0
-57,-292,2,0
-57,-289,1,0
-57,-288,1,0
-57,-280,1,0
-57,-279,3,0
-57,-273,2,0
-57,-262,2,0
-57,-259,2,0
-57,-257,1,0
-57,-251,3,0
-57,-248,1,0
-57,-247,1,0
-57,-245,1,0
-57,-244,1,0
-57,-243,1,0
-57,-241,1,0
-57,-233,1,0
-57,-230,1,0
-57,-216,2,0
-57,-208,1,0
-57,-207,1,0
-57,-206,1,0
-57,-203,1,0
-56,-509,1,0
-56,-508,1,0
-56,-422,2,0
-56,-419,1,0
-56,-416,3,0
-56,-415,2,0
-56,-414,2,0
-56,-413,1,0
-56,-407,1,0
-56,-392,1,0
-56,-390,1,0
-56,-385,1,0
-56,-374,2,0
-56,-373,3,0
-56,-372,2,0
-56,-371,1,0
-56,-370,2,0
-56,-369,6,0
-56,-368,2,0
-56,-367,9,0
-56,-366,2,0
-56,-365,3,0
-56,-363,3,0
-56,-362,2,0
-56,-361,2,0
-56,-360,1,0
-56,-359,2,0
-56,-358,2,0
-56,-357,2,0
-56,-356,7,0
-56,-355,2,0
-56,-354,18,1
-56,-353,17,1
-56,-352,7,0
-56,-351,1,0
-56,-350,5,0
-56,-349,2,0
-56,-347,1,0
-56,-345,8,0
-56,-344,15,1
-56,-343,9,0
-56,-342,15,1
-56,-341,14,1
-56,-340,9,0
-56,-339,3,0
-56,-338,2,0
-56,-337,2,0
-56,-336,30,1
-56,-335,69,1
-56,-334,30,1
-56,-333,38,1
-56,-332,48,1
-56,-331,26,1
-56,-330,18,1
-56,-329,11,1
-56,-328,5,0
-56,-327,8,0
-56,-326,5,0
-56,-325,12,1
-56,-324,15,1
-56,-323,16,1
-56,-322,2,0
-56,-320,3,0
-56,-318,2,0
-56,-317,1,0
-56,-316,1,0
-56,-312,2,0
-56,-303,3,0
-56,-302,17,1
-56,-301,3,0
-56,-300,1,0
-56,-293,1,0
-56,-292,3,0
-56,-288,1,0
-56,-278,1,0
-56,-275,1,0
-56,-272,1,0
-56,-250,1,0
-56,-246,1,0
-56,-243,1,0
-56,-241,1,0
-56,-225,2,0
-55,-467,2,0
-55,-421,1,0
-55,-420,1,0
-55,-419,3,0
-55,-418,2,0
-55,-415,4,0
-55,-414,4,0
-55,-413,15,1
-55,-412,1,0
-55,-392,2,0
-55,-387,1,0
-55,-382,2,0
-55,-379,1,0
-55,-374,2,0
-55,-373,2,0
-55,-372,3,0
-55,-370,2,0
-55,-369,4,0
-55,-368,4,0
-55,-367,7,0
-55,-366,2,0
-55,-365,2,0
-55,-364,1,0
-55,-363,4,0
-55,-359,4,0
-55,-357,6,0
-55,-356,5,0
-55,-355,9,0
-55,-354,6,0
-55,-353,7,0
-55,-352,4,0
-55,-351,2,0
-55,-350,3,0
-55,-349,2,0
-55,-348,14,1
-55,-347,5,0
-55,-346,8,0
-55,-345,6,0
-55,-344,3,0
-55,-343,4,0
-55,-342,1,0
-55,-341,2,0
-55,-340,1,0
-55,-339,1,0
-55,-338,7,0
-55,-337,2,0
-55,-336,14,1
-55,-335,50,1
-55,-334,25,1
-55,-333,32,1
-55,-332,9,0
-55,-331,3,0
-55,-330,2,0
-55,-329,6,0
-55,-328,5,0
-55,-327,7,0
-55,-326,8,0
-55,-325,15,1
-55,-324,22,1
-55,-323,33,1
-55,-322,18,1
-55,-321,6,0
-55,-320,1,0
-55,-319,1,0
-55,-318,1,0
-55,-316,4,0
-55,-315,2,0
-55,-314,1,0
-55,-313,2,0
-55,-312,2,0
-55,-309,1,0
-55,-308,1,0
-55,-304,1,0
-55,-303,2,0
-55,-302,4,0
-55,-301,1,0
-55,-300,1,0
-55,-298,1,0
-55,-293,1,0
-55,-292,1,0
-55,-291,1,0
-55,-178,1,0
-54,-524,1,0
-54,-424,1,0
-54,-421,1,0
-54,-418,4,0
-54,-417,5,0
-54,-415,4,0
-54,-414,6,0
-54,-413,17,1
-54,-412,4,0
-54,-405,1,0
-54,-391,1,0
-54,-381,1,0
-54,-379,1,0
-54,-374,2,0
-54,-372,1,0
-54,-371,2,0
-54,-370,3,0
-54,-369,4,0
-54,-368,2,0
-54,-367,4,0
-54,-366,2,0
-54,-364,2,0
-54,-363,2,0
-54,-362,1,0
-54,-361,3,0
-54,-359,1,0
-54,-356,1,0
-54,-355,2,0
-54,-354,1,0
-54,-353,17,1
-54,-352,7,0
-54,-351,3,0
-54,-350,13,1
-54,-349,4,0
-54,-348,16,1
-54,-347,5,0
-54,-346,3,0
-54,-345,4,0
-54,-344,1,0
-54,-343,4,0
-54,-342,1,0
-54,-340,1,0
-54,-338,2,0
-54,-337,3,0
-54,-336,47,1
-54,-335,47,1
-54,-334,36,1
-54,-333,20,1
-54,-332,3,0
-54,-330,9,0
-54,-329,9,0
-54,-328,5,0
-54,-327,9,0
-54,-326,23,1
-54,-325,23,1
-54,-324,34,1
-54,-323,28,1
-54,-322,35,1
-54,-321,21,1
-54,-320,11,1
-54,-319,2,0
-54,-318,1,0
-54,-317,1,0
-54,-316,3,0
-54,-315,3,0
-54,-313,1,0
-54,-309,1,0
-54,-308,1,0
-54,-306,1,0
-54,-304,1,0
-54,-303,2,0
-54,-302,2,0
-54,-299,1,0
-54,-297,1,0
-54,-295,1,0
-54,-294,1,0
-54,-292,5,0
-54,-291,1,0
-54,-288,1,0
-54,-287,3,0
-54,-283,1,0
-54,-282,1,0
-54,-266,2,0
-54,-247,1,0
-54,-223,1,0
-53,-424,3,0
-53,-421,3,0
-53,-418,1,0
-53,-417,28,1
-53,-416,29,1
-53,-413,7,0
-53,-412,5,0
-53,-411,3,0
-53,-387,1,0
-53,-380,1,0
-53,-379,2,0
-53,-378,1,0
-53,-372,2,0
-53,-371,3,0
-53,-370,1,0
-53,-369,3,0
-53,-368,1,0
-53,-366,5,0
-53,-365,3,0
-53,-364,2,0
-53,-362,3,0
-53,-361,2,0
-53,-360,2,0
-53,-359,1,0
-53,-358,4,0
-53,-357,2,0
-53,-355,1,0
-53,-354,7,0
-53,-353,5,0
-53,-352,5,0
-53,-351,2,0
-53,-350,5,0
-53,-349,16,1
-53,-348,2,0
-53,-347,2,0
-53,-345,3,0
-53,-344,1,0
-53,-343,4,0
-53,-342,1,0
-53,-340,1,0
-53,-339,4,0
-53,-338,12,1
-53,-337,9,0
-53,-336,25,1
-53,-335,45,1
-53,-334,23,1
-53,-333,13,1
-53,-332,2,0
-53,-331,4,0
-53,-330,5,0
-53,-329,1,0
-53,-328,3,0
-53,-327,6,0
-53,-326,6,0
-53,-325,16,1
-53,-324,19,1
-53,-323,29,1
-53,-322,24,1
-53,-321,37,1
-53,-320,15,1
-53,-319,13,1
-53,-318,5,0
-53,-317,3,0
-53,-316,2,0
-53,-315,2,0
-53,-313,1,0
-53,-311,1,0
-53,-307,1,0
-53,-305,2,0
-53,-296,1,0
-53,-282,1,0
-53,-226,1,0
-53,-186,1,0
-53,-166,1,0
-53,-165,1,0
-53,-161,1,0
-52,-481,1,0
-52,-427,1,0
-52,-423,1,0
-52,-422,1,0
-52,-417,3,0
-52,-416,16,1
-52,-415,7,0
-52,-413,3,0
-52,-412,9,0
-52,-411,6,0
-52,-410,1,0
-52,-406,1,0
-52,-381,1,0
-52,-379,4,0
-52,-378,3,0
-52,-377,3,0
-52,-376,2,0
-52,-370,4,0
-52,-368,4,0
-52,-366,1,0
-52,-364,5,0
-52,-363,6,0
-52,-362,5,0
-52,-361,4,0
-52,-360,4,0
-52,-359,3,0
-52,-358,5,0
-52,-357,4,0
-52,-356,2,0
-52,-355,1,0
-52,-354,1,0
-52,-353,1,0
-52,-352,4,0
-52,-351,1,0
-52,-350,5,0
-52,-349,2,0
-52,-348,1,0
-52,-346,1,0
-52,-345,3,0
-52,-343,1,0
-52,-342,2,0
-52,-341,3,0
-52,-340,2,0
-52,-339,6,0
-52,-338,4,0
-52,-337,2,0
-52,-336,21,1
-52,-335,15,1
-52,-334,5,0
-52,-333,7,0
-52,-332,8,0
-52,-331,2,0
-52,-330,5,0
-52,-329,5,0
-52,-328,1,0
-52,-327,6,0
-52,-326,8,0
-52,-325,8,0
-52,-324,6,0
-52,-323,9,0
-52,-322,9,0
-52,-321,16,1
-52,-320,20,1
-52,-319,19,1
-52,-318,23,1
-52,-317,3,0
-52,-316,1,0
-52,-315,4,0
-52,-314,1,0
-52,-313,1,0
-52,-312,1,0
-52,-310,1,0
-52,-308,1,0
-52,-305,1,0
-52,-304,2,0
-52,-302,1,0
-52,-300,2,0
-52,-296,1,0
-52,-293,1,0
-52,-292,1,0
-52,-284,1,0
-52,-283,1,0
-52,-276,1,0
-52,-266,1,0
-52,-253,1,0
-52,-247,1,0
-52,-170,1,0
-52,-161,1,0
-51,-526,1,0
-51,-514,1,0
-51,-513,1,0
-51,-427,1,0
-51,-426,1,0
-51,-425,3,0
-51,-424,1,0
-51,-423,1,0
-51,-422,3,0
-51,-420,1,0
-51,-415,2,0
-51,-414,1,0
-51,-413,3,0
-51,-412,5,0
-51,-411,1,0
-51,-408,1,0
-51,-387,1,0
-51,-381,1,0
-51,-379,3,0
-51,-378,6,0
-51,-370,1,0
-51,-365,2,0
-51,-363,2,0
-51,-362,5,0
-51,-361,9,0
-51,-360,11,1
-51,-359,1,0
-51,-358,10,1
-51,-357,8,0
-51,-356,3,0
-51,-355,1,0
-51,-354,4,0
-51,-353,1,0
-51,-352,2,0
-51,-350,1,0
-51,-345,2,0
-51,-344,5,0
-51,-343,3,0
-51,-341,6,0
-51,-340,1,0
-51,-339,2,0
-51,-338,6,0
-51,-337,2,0
-51,-336,5,0
-51,-335,3,0
-51,-334,1,0
-51,-333,4,0
-51,-332,3,0
-51,-331,5,0
-51,-328,7,0
-51,-327,2,0
-51,-326,3,0
-51,-325,2,0
-51,-324,3,0
-51,-323,6,0
-51,-322,1,0
-51,-321,5,0
-51,-320,14,1
-51,-319,7,0
-51,-318,16,1
-51,-317,10,1
-51,-316,1,0
-51,-315,1,0
-51,-314,1,0
-51,-309,1,0
-51,-308,5,0
-51,-307,2,0
-51,-306,1,0
-51,-304,1,0
-51,-298,3,0
-51,-297,1,0
-51,-296,2,0
-51,-294,1,0
-51,-285,2,0
-51,-267,1,0
-51,-247,1,0
-51,-185,1,0
-51,-163,1,0
-51,-162,1,0
-50,-504,1,0
-50,-492,1,0
-50,-427,1,0
-50,-425,1,0
-50,-424,3,0
-50,-422,2,0
-50,-421,1,0
-50,-418,2,0
-50,-417,8,0
-50,-414,3,0
-50,-412,1,0
-50,-411,5,0
-50,-410,3,0
-50,-409,2,0
-50,-385,1,0
-50,-380,1,0
-50,-379,3,0
-50,-378,1,0
-50,-371,1,0
-50,-370,5,0
-50,-369,3,0
-50,-368,2,0
-50,-367,1,0
-50,-364,1,0
-50,-363,1,0
-50,-361,2,0
-50,-359,8,0
-50,-358,3,0
-50,-357,10,1
-50,-356,4,0
-50,-355,1,0
-50,-354,3,0
-50,-352,2,0
-50,-349,1,0
-50,-348,4,0
-50,-347,2,0
-50,-345,1,0
-50,-344,10,1
-50,-343,3,0
-50,-342,1,0
-50,-341,2,0
-50,-339,1,0
-50,-338,1,0
-50,-337,1,0
-50,-336,4,0
-50,-335,4,0
-50,-334,3,0
-50,-333,2,0
-50,-332,2,0
-50,-328,2,0
-50,-327,1,0
-50,-325,3,0
-50,-324,2,0
-50,-322,2,0
-50,-321,1,0
-50,-320,6,0
-50,-319,3,0
-50,-318,1,0
-50,-317,2,0
-50,-316,1,0
-50,-315,1,0
-50,-313,1,0
-50,-311,1,0
-50,-310,3,0
-50,-309,2,0
-50,-308,1,0
-50,-307,1,0
-50,-304,1,0
-50,-298,1,0
-50,-297,1,0
-50,-296,2,0
-50,-293,2,0
-50,-288,1,0
-50,-285,1,0
-50,-283,1,0
-50,-247,1,0
-50,-164,1,0
-50,-163,1,0
-49,-426,2,0
-49,-425,5,0
-49,-424,2,0
-49,-420,1,0
-49,-417,5,0
-49,-416,8,0
-49,-415,2,0
-49,-414,1,0
-49,-412,1,0
-49,-411,1,0
-49,-384,3,0
-49,-383,1,0
-49,-380,1,0
-49,-377,1,0
-49,-376,3,0
-49,-375,6,0
-49,-374,2,0
-49,-368,1,0
-49,-367,1,0
-49,-366,2,0
-49,-365,2,0
-49,-364,4,0
-49,-363,3,0
-49,-362,2,0
-49,-361,1,0
-49,-360,1,0
-49,-359,5,0
-49,-358,4,0
-49,-357,8,0
-49,-356,15,1
-49,-355,13,1
-49,-354,1,0
-49,-353,1,0
-49,-350,1,0
-49,-349,2,0
-49,-348,5,0
-49,-347,1,0
-49,-346,3,0
-49,-345,3,0
-49,-344,1,0
-49,-343,4,0
-49,-342,3,0
-49,-341,3,0
-49,-339,1,0
-49,-338,2,0
-49,-337,2,0
-49,-336,1,0
-49,-335,1,0
-49,-333,3,0
-49,-332,1,0
-49,-330,1,0
-49,-329,3,0
-49,-328,1,0
-49,-327,1,0
-49,-326,4,0
-49,-325,5,0
-49,-323,1,0
-49,-322,3,0
-49,-320,3,0
-49,-319,6,0
-49,-318,6,0
-49,-317,1,0
-49,-316,2,0
-49,-314,1,0
-49,-310,8,0
-49,-309,3,0
-49,-306,1,0
-49,-305,1,0
-49,-299,1,0
-49,-298,1,0
-49,-296,1,0
-49,-293,2,0
-49,-288,1,0
-49,-287,4,0
-49,-286,6,0
-49,-285,1,0
-49,-246,3,0
-49,-245,1,0
-49,-228,1,0
-49,-183,1,0
-49,-167,1,0
-48,-498,7,0
-48,-497,1,0
-48,-495,1,0
-48,-462,1,0
-48,-423,1,0
-48,-417,1,0
-48,-416,9,0
-48,-415,2,0
-48,-383,2,0
-48,-382,1,0
-48,-381,1,0
-48,-380,1,0
-48,-376,2,0
-48,-375,12,1
-48,-374,12,1
-48,-373,2,0
-48,-372,1,0
-48,-368,1,0
-48,-365,1,0
-48,-361,6,0
-48,-360,4,0
-48,-359,6,0
-48,-358,1,0
-48,-357,3,0
-48,-356,13,1
-48,-355,4,0
-48,-352,3,0
-48,-351,2,0
-48,-349,5,0
-48,-348,2,0
-48,-347,4,0
-48,-346,5,0
-48,-344,2,0
-48,-342,4,0
-48,-341,5,0
-48,-340,3,0
-48,-338,1,0
-48,-336,1,0
-48,-335,1,0
-48,-334,2,0
-48,-333,1,0
-48,-332,2,0
-48,-331,5,0
-48,-330,1,0
-48,-329,3,0
-48,-328,1,0
-48,-327,1,0
-48,-325,3,0
-48,-322,3,0
-48,-321,2,0
-48,-320,2,0
-48,-319,1,0
-48,-316,1,0
-48,-315,1,0
-48,-314,1,0
-48,-312,1,0
-48,-310,8,0
-48,-296,1,0
-48,-287,1,0
-48,-286,11,1
-48,-285,7,0
-48,-283,2,0
-48,-258,1,0
-48,-254,1,0
-48,-248,1,0
-48,-247,1,0
-48,-246,2,0
-48,-177,1,0
-48,-167,2,0
-48,-166,1,0
-48,-165,1,0
-47,-500,1,0
-47,-499,5,0
-47,-498,3,0
-47,-497,2,0
-47,-469,1,0
-47,-446,1,0
-47,-424,2,0
-47,-416,1,0
-47,-415,5,0
-47,-383,1,0
-47,-382,4,0
-47,-381,12,1
-47,-380,5,0
-47,-375,4,0
-47,-374,8,0
-47,-373,14,1
-47,-371,3,0
-47,-369,2,0
-47,-364,1,0
-47,-363,6,0
-47,-362,1,0
-47,-361,3,0
-47,-359,5,0
-47,-358,5,0
-47,-357,8,0
-47,-356,4,0
-47,-353,4,0
-47,-352,2,0
-47,-351,8,0
-47,-350,9,0
-47,-349,15,1
-47,-348,17,1
-47,-347,3,0
-47,-346,3,0
-47,-344,1,0
-47,-343,2,0
-47,-342,6,0
-47,-341,11,1
-47,-338,1,0
-47,-336,3,0
-47,-334,1,0
-47,-333,1,0
-47,-332,1,0
-47,-331,1,0
-47,-330,1,0
-47,-329,1,0
-47,-326,5,0
-47,-325,2,0
-47,-323,1,0
-47,-322,1,0
-47,-321,3,0
-47,-320,4,0
-47,-319,1,0
-47,-316,3,0
-47,-315,2,0
-47,-314,2,0
-47,-311,2,0
-47,-309,2,0
-47,-308,1,0
-47,-305,1,0
-47,-302,1,0
-47,-295,1,0
-47,-286,1,0
-47,-285,2,0
-47,-284,2,0
-47,-283,2,0
-47,-279,1,0
-47,-256,1,0
-47,-253,1,0
-47,-248,1,0
-47,-246,2,0
-47,-229,1,0
-47,-221,1,0
-47,-219,4,0
-47,-183,1,0
-46,-502,2,0
-46,-501,5,0
-46,-500,7,0
-46,-499,3,0
-46,-495,1,0
-46,-466,1,0
-46,-424,1,0
-46,-415,2,0
-46,-407,1,0
-46,-383,2,0
-46,-382,3,0
-46,-381,1,0
-46,-380,1,0
-46,-376,3,0
-46,-375,3,0
-46,-373,5,0
-46,-372,2,0
-46,-370,2,0
-46,-369,1,0
-46,-368,2,0
-46,-364,2,0
-46,-363,3,0
-46,-362,3,0
-46,-361,5,0
-46,-360,2,0
-46,-359,2,0
-46,-358,3,0
-46,-357,3,0
-46,-356,1,0
-46,-355,1,0
-46,-354,4,0
-46,-353,2,0
-46,-352,7,0
-46,-351,12,1
-46,-350,20,1
-46,-349,15,1
-46,-348,11,1
-46,-347,1,0
-46,-346,1,0
-46,-345,2,0
-46,-344,4,0
-46,-343,5,0
-46,-342,8,0
-46,-341,2,0
-46,-340,6,0
-46,-338,1,0
-46,-336,6,0
-46,-333,1,0
-46,-332,1,0
-46,-329,1,0
-46,-327,2,0
-46,-326,1,0
-46,-325,1,0
-46,-321,4,0
-46,-320,2,0
-46,-318,1,0
-46,-316,1,0
-46,-313,1,0
-46,-311,1,0
-46,-309,1,0
-46,-307,1,0
-46,-302,2,0
-46,-293,1,0
-46,-282,1,0
-46,-246,1,0
-46,-245,1,0
-46,-221,1,0
-46,-215,1,0
-45,-503,2,0
-45,-502,7,0
-45,-501,29,1
-45,-500,4,0
-45,-499,5,0
-45,-498,1,0
-45,-490,1,0
-45,-468,1,0
-45,-464,1,0
-45,-415,1,0
-45,-407,2,0
-45,-384,1,0
-45,-379,1,0
-45,-374,4,0
-45,-373,2,0
-45,-372,5,0
-45,-371,1,0
-45,-369,1,0
-45,-368,1,0
-45,-367,2,0
-45,-363,1,0
-45,-362,2,0
-45,-361,1,0
-45,-360,3,0
-45,-359,6,0
-45,-358,1,0
-45,-357,1,0
-45,-356,3,0
-45,-354,2,0
-45,-353,4,0
-45,-352,6,0
-45,-351,14,1
-45,-350,23,1
-45,-349,9,0
-45,-348,9,0
-45,-347,4,0
-45,-346,1,0
-45,-344,4,0
-45,-343,2,0
-45,-342,3,0
-45,-341,1,0
-45,-340,2,0
-45,-339,2,0
-45,-338,2,0
-45,-337,4,0
-45,-336,6,0
-45,-335,2,0
-45,-334,2,0
-45,-331,3,0
-45,-328,1,0
-45,-326,2,0
-45,-322,1,0
-45,-321,2,0
-45,-316,1,0
-45,-315,1,0
-45,-313,1,0
-45,-312,1,0
-45,-311,7,0
-45,-309,2,0
-45,-307,1,0
-45,-306,1,0
-45,-295,1,0
-45,-294,2,0
-45,-287,1,0
-45,-285,1,0
-45,-279,1,0
-45,-254,1,0
-45,-253,1,0
-45,-222,1,0
-45,-166,1,0
-45,-164,2,0
-44,-505,4,0
-44,-504,5,0
-44,-502,11,1
-44,-501,4,0
-44,-500,2,0
-44,-499,1,0
-44,-468,1,0
-44,-467,1,0
-44,-410,1,0
-44,-405,2,0
-44,-396,1,0
-44,-394,1,0
-44,-372,1,0
-44,-368,4,0
-44,-367,2,0
-44,-366,2,0
-44,-362,1,0
-44,-360,2,0
-44,-359,6,0
-44,-358,1,0
-44,-356,1,0
-44,-355,5,0
-44,-353,4,0
-44,-352,4,0
-44,-351,11,1
-44,-350,7,0
-44,-349,8,0
-44,-348,2,0
-44,-347,4,0
-44,-346,2,0
-44,-345,6,0
-44,-344,2,0
-44,-343,2,0
-44,-342,4,0
-44,-341,4,0
-44,-340,1,0
-44,-339,2,0
-44,-338,4,0
-44,-337,4,0
-44,-336,14,1
-44,-334,1,0
-44,-331,1,0
-44,-326,2,0
-44,-325,3,0
-44,-324,1,0
-44,-321,3,0
-44,-318,1,0
-44,-317,1,0
-44,-316,2,0
-44,-314,2,0
-44,-310,2,0
-44,-309,1,0
-44,-308,1,0
-44,-294,1,0
-44,-288,1,0
-44,-280,1,0
-44,-251,2,0
-44,-250,2,0
-44,-249,1,0
-44,-246,1,0
-44,-240,1,0
-44,-201,1,0
-44,-176,1,0
-44,-167,1,0
-44,-166,2,0
-43,-505,1,0
-43,-500,2,0
-43,-498,1,0
-43,-496,2,0
-43,-494,1,0
-43,-466,1,0
-43,-412,1,0
-43,-411,2,0
-43,-404,2,0
-43,-378,1,0
-43,-371,1,0
-43,-366,1,0
-43,-365,1,0
-43,-364,1,0
-43,-360,4,0
-43,-359,4,0
-43,-358,1,0
-43,-357,3,0
-43,-356,4,0
-43,-355,4,0
-43,-354,3,0
-43,-353,5,0
-43,-352,1,0
-43,-351,3,0
-43,-350,6,0
-43,-349,1,0
-43,-348,2,0
-43,-347,6,0
-43,-346,7,0
-43,-345,3,0
-43,-341,1,0
-43,-340,1,0
-43,-339,1,0
-43,-338,3,0
-43,-337,9,0
-43,-336,17,1
-43,-335,1,0
-43,-334,1,0
-43,-329,1,0
-43,-328,1,0
-43,-327,1,0
-43,-325,1,0
-43,-323,1,0
-43,-322,3,0
-43,-321,2,0
-43,-319,2,0
-43,-316,1,0
-43,-313,1,0
-43,-312,1,0
-43,-310,3,0
-43,-307,1,0
-43,-295,1,0
-43,-276,3,0
-43,-275,1,0
-43,-266,1,0
-43,-260,1,0
-43,-251,9,0
-43,-250,8,0
-43,-249,1,0
-43,-241,1,0
-43,-240,2,0
-43,-237,2,0
-43,-165,1,0
-42,-508,1,0
-42,-504,1,0
-42,-499,4,0
-42,-498,15,1
-42,-497,9,0
-42,-496,4,0
-42,-495,7,0
-42,-494,4,0
-42,-412,2,0
-42,-410,1,0
-42,-409,2,0
-42,-405,1,0
-42,-404,2,0
-42,-378,1,0
-42,-371,1,0
-42,-358,1,0
-42,-357,4,0
-42,-355,4,0
-42,-354,5,0
-42,-353,8,0
-42,-351,1,0
-42,-350,1,0
-42,-349,1,0
-42,-348,1,0
-42,-347,2,0
-42,-346,4,0
-42,-345,2,0
-42,-341,1,0
-42,-340,3,0
-42,-339,2,0
-42,-338,1,0
-42,-335,3,0
-42,-334,4,0
-42,-333,1,0
-42,-330,1,0
-42,-327,1,0
-42,-326,1,0
-42,-322,1,0
-42,-321,2,0
-42,-320,2,0
-42,-318,1,0
-42,-313,3,0
-42,-307,2,0
-42,-304,1,0
-42,-299,1,0
-42,-296,1,0
-42,-241,1,0
-42,-231,1,0
-42,-207,1,0
-42,-204,1,0
-42,-172,1,0
-41,-509,1,0
-41,-501,1,0
-41,-500,5,0
-41,-499,29,1
-41,-498,19,1
-41,-497,2,0
-41,-494,2,0
-41,-493,2,0
-41,-415,1,0
-41,-410,1,0
-41,-409,2,0
-41,-408,1,0
-41,-406,1,0
-41,-400,1,0
-41,-392,1,0
-41,-385,1,0
-41,-366,1,0
-41,-365,1,0
-41,-354,1,0
-41,-353,3,0
-41,-351,1,0
-41,-350,7,0
-41,-349,6,0
-41,-348,3,0
-41,-347,1,0
-41,-346,2,0
-41,-344,1,0
-41,-336,1,0
-41,-335,1,0
-41,-334,5,0
-41,-333,1,0
-41,-332,4,0
-41,-331,1,0
-41,-324,1,0
-41,-321,2,0
-41,-320,3,0
-41,-319,2,0
-41,-318,4,0
-41,-317,7,0
-41,-313,2,0
-41,-306,1,0
-41,-304,2,0
-41,-299,1,0
-41,-249,3,0
-41,-246,1,0
-41,-229,1,0
-41,-227,1,0
-41,-224,1,0
-41,-221,1,0
-41,-208,1,0
-41,-181,1,0
-41,-177,1,0
-41,-176,1,0
-40,-500,5,0
-40,-499,3,0
-40,-498,1,0
-40,-435,1,0
-40,-411,1,0
-40,-409,2,0
-40,-408,1,0
-40,-404,1,0
-40,-403,1,0
-40,-401,1,0
-40,-390,1,0
-40,-369,1,0
-40,-368,1,0
-40,-363,1,0
-40,-361,1,0
-40,-359,1,0
-40,-351,1,0
-40,-349,1,0
-40,-347,1,0
-40,-334,1,0
-40,-333,1,0
-40,-332,1,0
-40,-331,2,0
-40,-330,1,0
-40,-329,2,0
-40,-328,1,0
-40,-324,1,0
-40,-322,1,0
-40,-321,2,0
-40,-318,1,0
-40,-317,2,0
-40,-315,1,0
-40,-314,4,0
-40,-309,1,0
-40,-305,1,0
-40,-303,2,0
-40,-299,1,0
-40,-298,1,0
-40,-274,1,0
-40,-273,1,0
-40,-272,1,0
-40,-250,1,0
-40,-249,10,1
-40,-248,7,0
-40,-247,1,0
-40,-230,1,0
-40,-229,2,0
-40,-228,1,0
-40,-227,1,0
-40,-223,1,0
-40,-183,1,0
-40,-182,1,0
-40,-181,2,0
-40,-179,1,0
-40,-167,1,0
-39,-501,2,0
-39,-500,2,0
-39,-411,5,0
-39,-410,16,1
-39,-409,1,0
-39,-408,3,0
-39,-406,1,0
-39,-402,1,0
-39,-391,1,0
-39,-388,1,0
-39,-383,1,0
-39,-382,2,0
-39,-381,1,0
-39,-379,2,0
-39,-378,1,0
-39,-368,1,0
-39,-362,2,0
-39,-361,2,0
-39,-360,1,0
-39,-359,2,0
-39,-356,1,0
-39,-342,1,0
-39,-341,1,0
-39,-340,3,0
-39,-339,2,0
-39,-338,1,0
-39,-330,5,0
-39,-329,1,0
-39,-326,2,0
-39,-325,1,0
-39,-324,2,0
-39,-322,2,0
-39,-321,1,0
-39,-320,5,0
-39,-319,1,0
-39,-318,1,0
-39,-314,1,0
-39,-312,1,0
-39,-307,2,0
-39,-306,1,0
-39,-303,2,0
-39,-302,2,0
-39,-301,3,0
-39,-300,1,0
-39,-297,4,0
-39,-294,1,0
-39,-293,1,0
-39,-289,1,0
-39,-273,1,0
-39,-272,1,0
-39,-248,3,0
-39,-247,4,0
-39,-231,1,0
-39,-229,3,0
-39,-228,4,0
-39,-220,1,0
-39,-185,2,0
-39,-184,1,0
-39,-183,1,0
-39,-182,2,0
-39,-177,1,0
-38,-501,2,0
-38,-412,1,0
-38,-411,1,0
-38,-410,2,0
-38,-409,3,0
-38,-408,4,0
-38,-407,2,0
-38,-406,5,0
-38,-387,1,0
-38,-384,4,0
-38,-383,11,1
-38,-382,17,1
-38,-378,2,0
-38,-369,1,0
-38,-367,2,0
-38,-366,2,0
-38,-363,1,0
-38,-361,1,0
-38,-348,1,0
-38,-346,1,0
-38,-343,2,0
-38,-342,1,0
-38,-341,2,0
-38,-340,7,0
-38,-339,2,0
-38,-338,7,0
-38,-337,2,0
-38,-329,11,1
-38,-328,2,0
-38,-327,2,0
-38,-325,1,0
-38,-324,3,0
-38,-323,3,0
-38,-322,4,0
-38,-321,5,0
-38,-320,6,0
-38,-319,6,0
-38,-318,10,1
-38,-317,7,0
-38,-316,2,0
-38,-315,1,0
-38,-313,1,0
-38,-312,1,0
-38,-310,2,0
-38,-308,2,0
-38,-307,2,0
-38,-306,1,0
-38,-305,1,0
-38,-304,1,0
-38,-300,4,0
-38,-299,1,0
-38,-298,1,0
-38,-297,1,0
-38,-248,1,0
-38,-231,1,0
-38,-230,1,0
-38,-229,5,0
-38,-228,2,0
-38,-221,1,0
-38,-219,1,0
-38,-204,1,0
-38,-193,1,0
-38,-189,1,0
-38,-188,1,0
-38,-179,1,0
-38,-171,1,0
-37,-511,1,0
-37,-501,3,0
-37,-500,2,0
-37,-412,1,0
-37,-411,4,0
-37,-409,2,0
-37,-408,5,0
-37,-406,2,0
-37,-388,1,0
-37,-385,1,0
-37,-384,1,0
-37,-383,26,1
-37,-382,6,0
-37,-381,1,0
-37,-380,1,0
-37,-379,3,0
-37,-378,1,0
-37,-375,1,0
-37,-370,2,0
-37,-369,1,0
-37,-366,3,0
-37,-365,1,0
-37,-364,3,0
-37,-363,4,0
-37,-362,1,0
-37,-361,3,0
-37,-360,1,0
-37,-357,1,0
-37,-355,1,0
-37,-340,3,0
-37,-339,4,0
-37,-338,14,1
-37,-337,1,0
-37,-330,1,0
-37,-328,1,0
-37,-325,1,0
-37,-323,1,0
-37,-322,3,0
-37,-321,7,0
-37,-320,9,0
-37,-319,9,0
-37,-318,7,0
-37,-317,9,0
-37,-316,1,0
-37,-314,3,0
-37,-313,2,0
-37,-311,1,0
-37,-310,1,0
-37,-308,3,0
-37,-297,1,0
-37,-293,1,0
-37,-266,1,0
-37,-248,1,0
-37,-229,1,0
-37,-228,1,0
-37,-204,2,0
-37,-203,1,0
-37,-199,1,0
-37,-196,1,0
-37,-193,2,0
-37,-185,3,0
-37,-182,2,0
-37,-179,1,0
-37,-177,1,0
-36,-413,4,0
-36,-412,2,0
-36,-411,9,0
-36,-410,2,0
-36,-409,4,0
-36,-408,2,0
-36,-405,2,0
-36,-399,1,0
-36,-382,4,0
-36,-381,2,0
-36,-380,3,0
-36,-379,1,0
-36,-378,5,0
-36,-377,2,0
-36,-366,2,0
-36,-365,1,0
-36,-364,12,1
-36,-363,5,0
-36,-362,2,0
-36,-361,1,0
-36,-358,2,0
-36,-354,3,0
-36,-352,1,0
-36,-351,3,0
-36,-350,1,0
-36,-349,1,0
-36,-344,1,0
-36,-341,3,0
-36,-340,1,0
-36,-339,8,0
-36,-338,14,1
-36,-337,1,0
-36,-335,1,0
-36,-334,1,0
-36,-329,2,0
-36,-328,1,0
-36,-326,3,0
-36,-325,3,0
-36,-324,1,0
-36,-323,2,0
-36,-321,8,0
-36,-320,6,0
-36,-319,12,1
-36,-318,9,0
-36,-317,4,0
-36,-316,7,0
-36,-315,4,0
-36,-314,3,0
-36,-313,1,0
-36,-312,1,0
-36,-307,1,0
-36,-306,1,0
-36,-302,1,0
-36,-230,1,0
-36,-229,2,0
-36,-228,3,0
-36,-225,1,0
-36,-203,1,0
-36,-183,1,0
-36,-182,1,0
-36,-173,1,0
-35,-414,1,0
-35,-413,3,0
-35,-412,4,0
-35,-411,4,0
-35,-410,6,0
-35,-406,1,0
-35,-399,1,0
-35,-386,1,0
-35,-385,2,0
-35,-384,4,0
-35,-383,3,0
-35,-382,5,0
-35,-381,7,0
-35,-379,2,0
-35,-377,1,0
-35,-371,1,0
-35,-366,1,0
-35,-365,5,0
-35,-364,16,1
-35,-363,14,1
-35,-362,5,0
-35,-359,1,0
-35,-358,1,0
-35,-355,1,0
-35,-354,1,0
-35,-353,2,0
-35,-347,3,0
-35,-344,1,0
-35,-341,1,0
-35,-340,1,0
-35,-339,7,0
-35,-338,3,0
-35,-333,1,0
-35,-329,1,0
-35,-326,3,0
-35,-325,4,0
-35,-324,2,0
-35,-323,1,0
-35,-321,12,1
-35,-320,13,1
-35,-319,4,0
-35,-316,3,0
-35,-315,2,0
-35,-314,1,0
-35,-313,1,0
-35,-312,4,0
-35,-311,4,0
-35,-310,1,0
-35,-309,1,0
-35,-308,1,0
-35,-307,1,0
-35,-305,1,0
-35,-303,1,0
-35,-302,1,0
-35,-296,1,0
-35,-295,1,0
-35,-292,2,0
-35,-286,1,0
-35,-279,1,0
-35,-248,1,0
-35,-228,1,0
-35,-226,1,0
-35,-182,1,0
-35,-179,1,0
-35,-177,1,0
-34,-415,2,0
-34,-410,2,0
-34,-409,3,0
-34,-408,1,0
-34,-405,2,0
-34,-385,3,0
-34,-384,12,1
-34,-383,13,1
-34,-382,7,0
-34,-381,4,0
-34,-379,1,0
-34,-378,1,0
-34,-373,1,0
-34,-372,1,0
-34,-366,2,0
-34,-365,12,1
-34,-364,6,0
-34,-363,4,0
-34,-362,1,0
-34,-361,2,0
-34,-360,2,0
-34,-359,1,0
-34,-357,2,0
-34,-354,1,0
-34,-352,1,0
-34,-350,1,0
-34,-347,1,0
-34,-346,2,0
-34,-344,1,0
-34,-343,1,0
-34,-340,4,0
-34,-339,2,0
-34,-337,1,0
-34,-336,1,0
-34,-334,1,0
-34,-331,1,0
-34,-329,1,0
-34,-328,1,0
-34,-325,1,0
-34,-324,3,0
-34,-323,7,0
-34,-322,4,0
-34,-321,16,1
-34,-320,11,1
-34,-319,6,0
-34,-318,5,0
-34,-317,2,0
-34,-315,4,0
-34,-312,2,0
-34,-310,1,0
-34,-305,2,0
-34,-304,1,0
-34,-292,2,0
-34,-187,1,0
-34,-186,1,0
-34,-182,1,0
-34,-177,1,0
-33,-412,1,0
-33,-410,5,0
-33,-409,5,0
-33,-408,2,0
-33,-405,1,0
-33,-388,1,0
-33,-387,1,0
-33,-386,2,0
-33,-385,1,0
-33,-384,4,0
-33,-383,14,1
-33,-382,11,1
-33,-381,3,0
-33,-380,1,0
-33,-379,1,0
-33,-366,12,1
-33,-365,14,1
-33,-364,2,0
-33,-363,1,0
-33,-359,2,0
-33,-358,2,0
-33,-355,1,0
-33,-353,3,0
-33,-349,2,0
-33,-348,3,0
-33,-347,4,0
-33,-344,1,0
-33,-343,1,0
-33,-342,1,0
-33,-341,1,0
-33,-340,4,0
-33,-339,5,0
-33,-338,4,0
-33,-337,4,0
-33,-336,2,0
-33,-335,3,0
-33,-333,1,0
-33,-330,1,0
-33,-329,2,0
-33,-324,1,0
-33,-323,4,0
-33,-322,6,0
-33,-321,17,1
-33,-320,18,1
-33,-319,6,0
-33,-318,3,0
-33,-317,2,0
-33,-314,2,0
-33,-313,1,0
-33,-309,1,0
-33,-307,1,0
-33,-306,1,0
-33,-305,4,0
-33,-298,1,0
-33,-296,1,0
-33,-295,1,0
-33,-294,1,0
-33,-291,1,0
-33,-286,4,0
-33,-285,1,0
-33,-277,1,0
-33,-255,1,0
-33,-254,2,0
-33,-253,4,0
-33,-252,1,0
-33,-242,1,0
-33,-241,1,0
-33,-218,1,0
-33,-178,4,0
-32,-513,1,0
-32,-446,1,0
-32,-411,1,0
-32,-410,1,0
-32,-409,4,0
-32,-408,2,0
-32,-404,1,0
-32,-391,2,0
-32,-386,3,0
-32,-384,2,0
-32,-383,2,0
-32,-382,2,0
-32,-381,6,0
-32,-380,2,0
-32,-370,1,0
-32,-368,3,0
-32,-366,9,0
-32,-365,2,0
-32,-364,2,0
-32,-363,1,0
-32,-362,1,0
-32,-361,2,0
-32,-357,1,0
-32,-356,1,0
-32,-355,2,0
-32,-354,2,0
-32,-353,9,0
-32,-350,5,0
-32,-349,4,0
-32,-348,6,0
-32,-347,7,0
-32,-346,8,0
-32,-345,1,0
-32,-344,4,0
-32,-339,2,0
-32,-338,1,0
-32,-337,1,0
-32,-333,1,0
-32,-331,1,0
-32,-329,2,0
-32,-326,1,0
-32,-325,2,0
-32,-324,1,0
-32,-321,13,1
-32,-320,14,1
-32,-319,4,0
-32,-318,1,0
-32,-317,3,0
-32,-316,5,0
-32,-314,1,0
-32,-313,3,0
-32,-312,2,0
-32,-308,3,0
-32,-305,2,0
-32,-302,1,0
-32,-299,2,0
-32,-298,2,0
-32,-297,5,0
-32,-296,5,0
-32,-294,1,0
-32,-274,1,0
-32,-259,2,0
-32,-252,1,0
-32,-246,1,0
-32,-222,1,0
-32,-193,1,0
-32,-178,1,0
-31,-407,1,0
-31,-404,1,0
-31,-401,1,0
-31,-397,1,0
-31,-394,1,0
-31,-388,2,0
-31,-386,1,0
-31,-375,1,0
-31,-367,1,0
-31,-365,1,0
-31,-364,2,0
-31,-363,1,0
-31,-361,4,0
-31,-356,3,0
-31,-355,1,0
-31,-354,2,0
-31,-353,5,0
-31,-350,1,0
-31,-349,2,0
-31,-348,1,0
-31,-347,3,0
-31,-346,1,0
-31,-341,1,0
-31,-322,1,0
-31,-320,3,0
-31,-319,1,0
-31,-318,1,0
-31,-314,1,0
-31,-310,1,0
-31,-303,1,0
-31,-302,2,0
-31,-301,2,0
-31,-300,1,0
-31,-297,1,0
-31,-296,4,0
-31,-289,1,0
-31,-278,1,0
-31,-277,2,0
-31,-276,1,0
-31,-228,1,0
-31,-222,2,0
-31,-203,1,0
-31,-189,2,0
-31,-175,3,0
-30,-403,1,0
-30,-394,1,0
-30,-392,1,0
-30,-369,1,0
-30,-367,2,0
-30,-366,1,0
-30,-365,1,0
-30,-363,1,0
-30,-357,1,0
-30,-355,1,0
-30,-354,3,0
-30,-353,1,0
-30,-349,1,0
-30,-339,1,0
-30,-338,2,0
-30,-337,1,0
-30,-333,1,0
-30,-328,2,0
-30,-327,2,0
-30,-324,3,0
-30,-323,6,0
-30,-322,5,0
-30,-321,1,0
-30,-320,1,0
-30,-318,1,0
-30,-317,1,0
-30,-316,2,0
-30,-313,1,0
-30,-308,1,0
-30,-306,1,0
-30,-304,6,0
-30,-303,1,0
-30,-302,1,0
-30,-301,1,0
-30,-295,4,0
-30,-285,1,0
-30,-282,1,0
-30,-281,6,0
-30,-277,6,0
-30,-276,2,0
-30,-274,1,0
-30,-207,2,0
-30,-193,1,0
-30,-192,3,0
-30,-175,3,0
-30,-174,3,0
-30,-173,2,0
-30,-172,1,0
-29,-396,1,0
-29,-393,1,0
-29,-392,1,0
-29,-390,5,0
-29,-389,2,0
-29,-372,1,0
-29,-370,1,0
-29,-367,1,0
-29,-364,1,0
-29,-356,1,0
-29,-354,5,0
-29,-353,2,0
-29,-351,1,0
-29,-350,2,0
-29,-346,2,0
-29,-345,1,0
-29,-344,2,0
-29,-340,1,0
-29,-339,2,0
-29,-333,1,0
-29,-329,1,0
-29,-328,1,0
-29,-325,2,0
-29,-324,3,0
-29,-323,1,0
-29,-322,1,0
-29,-321,2,0
-29,-317,4,0
-29,-316,2,0
-29,-315,1,0
-29,-313,2,0
-29,-312,1,0
-29,-311,1,0
-29,-310,1,0
-29,-305,1,0
-29,-303,1,0
-29,-301,1,0
-29,-294,9,0
-29,-281,2,0
-29,-280,2,0
-29,-279,6,0
-29,-278,1,0
-29,-277,2,0
-29,-276,3,0
-29,-275,1,0
-29,-273,1,0
-29,-271,1,0
-29,-246,1,0
-29,-236,1,0
-29,-225,1,0
-29,-224,3,0
-29,-213,1,0
-29,-207,4,0
-29,-206,1,0
-29,-205,1,0
-29,-193,1,0
-29,-192,3,0
-29,-190,1,0
-29,-189,1,0
-29,-177,1,0
-29,-174,4,0
-29,-172,1,0
-28,-400,2,0
-28,-399,2,0
-28,-398,1,0
-28,-396,2,0
-28,-390,5,0
-28,-379,1,0
-28,-369,2,0
-28,-368,1,0
-28,-367,1,0
-28,-355,1,0
-28,-354,2,0
-28,-353,2,0
-28,-349,2,0
-28,-346,1,0
-28,-340,3,0
-28,-339,1,0
-28,-338,3,0
-28,-337,1,0
-28,-333,1,0
-28,-324,2,0
-28,-323,1,0
-28,-316,1,0
-28,-314,1,0
-28,-313,1,0
-28,-311,1,0
-28,-307,1,0
-28,-294,2,0
-28,-281,1,0
-28,-279,3,0
-28,-278,5,0
-28,-277,9,0
-28,-276,5,0
-28,-275,3,0
-28,-262,1,0
-28,-247,1,0
-28,-242,1,0
-28,-240,1,0
-28,-239,1,0
-28,-238,1,0
-28,-237,1,0
-28,-235,1,0
-28,-233,1,0
-28,-232,1,0
-28,-228,1,0
-28,-218,1,0
-28,-208,3,0
-28,-207,2,0
-28,-204,1,0
-28,-192,4,0
-28,-191,12,1
-28,-190,1,0
-28,-189,1,0
-28,-178,1,0
-28,-174,3,0
-27,-397,1,0
-27,-392,1,0
-27,-381,1,0
-27,-371,6,0
-27,-370,12,1
-27,-369,4,0
-27,-365,1,0
-27,-361,3,0
-27,-356,1,0
-27,-355,1,0
-27,-354,1,0
-27,-353,1,0
-27,-339,1,0
-27,-338,2,0
-27,-330,1,0
-27,-326,1,0
-27,-324,4,0
-27,-322,1,0
-27,-320,1,0
-27,-315,2,0
-27,-314,1,0
-27,-312,1,0
-27,-310,1,0
-27,-281,1,0
-27,-280,5,0
-27,-279,10,1
-27,-278,23,1
-27,-277,11,1
-27,-276,4,0
-27,-275,1,0
-27,-273,1,0
-27,-272,1,0
-27,-270,1,0
-27,-262,1,0
-27,-252,1,0
-27,-250,1,0
-27,-245,1,0
-27,-237,1,0
-27,-231,1,0
-27,-230,1,0
-27,-219,1,0
-27,-218,2,0
-27,-215,1,0
-27,-211,1,0
-27,-210,1,0
-27,-194,2,0
-27,-192,2,0
-27,-191,10,1
-27,-190,3,0
-27,-181,1,0
-27,-180,2,0
-27,-175,1,0
-27,-173,1,0
-26,-400,1,0
-26,-396,1,0
-26,-382,1,0
-26,-381,1,0
-26,-371,4,0
-26,-370,1,0
-26,-369,3,0
-26,-368,2,0
-26,-367,7,0
-26,-363,1,0
-26,-361,1,0
-26,-359,1,0
-26,-355,2,0
-26,-354,3,0
-26,-346,2,0
-26,-341,1,0
-26,-339,2,0
-26,-337,1,0
-26,-335,1,0
-26,-333,1,0
-26,-332,1,0
-26,-329,1,0
-26,-326,1,0
-26,-324,6,0
-26,-323,2,0
-26,-321,1,0
-26,-319,2,0
-26,-304,1,0
-26,-293,1,0
-26,-282,2,0
-26,-279,11,1
-26,-278,23,1
-26,-277,6,0
-26,-276,1,0
-26,-275,1,0
-26,-246,1,0
-26,-222,1,0
-26,-218,1,0
-26,-211,1,0
-26,-194,1,0
-26,-193,1,0
-26,-191,3,0
-26,-190,2,0
-26,-189,1,0
-25,-382,1,0
-25,-374,1,0
-25,-369,1,0
-25,-368,2,0
-25,-367,7,0
-25,-364,1,0
-25,-363,2,0
-25,-358,1,0
-25,-357,2,0
-25,-354,3,0
-25,-353,5,0
-25,-348,2,0
-25,-347,2,0
-25,-346,8,0
-25,-344,1,0
-25,-332,1,0
-25,-331,1,0
-25,-324,7,0
-25,-323,1,0
-25,-321,1,0
-25,-320,1,0
-25,-317,1,0
-25,-294,1,0
-25,-280,2,0
-25,-279,9,0
-25,-278,8,0
-25,-231,1,0
-25,-228,1,0
-25,-220,1,0
-25,-212,1,0
-25,-210,1,0
-25,-208,1,0
-25,-191,1,0
-25,-182,1,0
-25,-181,1,0
-25,-180,1,0
-25,-177,1,0
-24,-379,1,0
-24,-375,1,0
-24,-372,1,0
-24,-371,1,0
-24,-368,3,0
-24,-367,4,0
-24,-365,1,0
-24,-357,2,0
-24,-356,2,0
-24,-354,1,0
-24,-353,1,0
-24,-346,2,0
-24,-343,1,0
-24,-336,2,0
-24,-329,1,0
-24,-328,1,0
-24,-327,1,0
-24,-324,1,0
-24,-319,1,0
-24,-318,1,0
-24,-305,1,0
-24,-297,1,0
-24,-291,3,0
-24,-280,2,0
-24,-279,5,0
-24,-278,1,0
-24,-277,1,0
-24,-234,1,0
-24,-231,1,0
-24,-228,1,0
-24,-220,1,0
-24,-219,1,0
-24,-217,2,0
-24,-191,2,0
-24,-185,1,0
-23,-374,3,0
-23,-369,1,0
-23,-367,1,0
-23,-366,1,0
-23,-365,1,0
-23,-360,1,0
-23,-356,3,0
-23,-354,2,0
-23,-346,1,0
-23,-345,1,0
-23,-336,1,0
-23,-327,1,0
-23,-325,2,0
-23,-324,3,0
-23,-323,5,0
-23,-322,8,0
-23,-321,1,0
-23,-317,1,0
-23,-313,1,0
-23,-304,1,0
-23,-303,1,0
-23,-300,1,0
-23,-295,2,0
-23,-285,1,0
-23,-279,3,0
-23,-276,1,0
-23,-274,1,0
-23,-261,2,0
-23,-217,1,0
-22,-398,1,0
-22,-396,1,0
-22,-383,1,0
-22,-374,1,0
-22,-368,1,0
-22,-367,3,0
-22,-365,1,0
-22,-354,1,0
-22,-353,1,0
-22,-340,1,0
-22,-339,1,0
-22,-338,1,0
-22,-336,2,0
-22,-334,1,0
-22,-333,1,0
-22,-332,2,0
-22,-329,1,0
-22,-325,1,0
-22,-324,1,0
-22,-323,7,0
-22,-322,27,1
-22,-321,2,0
-22,-320,1,0
-22,-319,1,0
-22,-316,1,0
-22,-313,1,0
-22,-295,2,0
-22,-287,1,0
-22,-285,1,0
-22,-280,1,0
-22,-279,1,0
-22,-272,1,0
-22,-260,3,0
-22,-259,1,0
-22,-258,2,0
-22,-242,1,0
-22,-230,1,0
-22,-185,1,0
-22,-180,1,0
-21,-395,1,0
-21,-394,2,0
-21,-374,1,0
-21,-369,2,0
-21,-368,3,0
-21,-367,4,0
-21,-366,2,0
-21,-352,1,0
-21,-348,1,0
-21,-339,1,0
-21,-338,1,0
-21,-336,3,0
-21,-335,1,0
-21,-323,4,0
-21,-322,30,1
-21,-320,2,0
-21,-318,1,0
-21,-313,1,0
-21,-303,1,0
-21,-286,1,0
-21,-255,1,0
-21,-245,1,0
-21,-244,1,0
-21,-240,1,0
-21,-239,1,0
-21,-238,1,0
-21,-237,2,0
-21,-236,1,0
-21,-234,1,0
-21,-220,1,0
-21,-217,1,0
-21,-216,1,0
-20,-371,1,0
-20,-368,3,0
-20,-367,1,0
-20,-366,1,0
-20,-365,3,0
-20,-362,1,0
-20,-361,1,0
-20,-358,1,0
-20,-355,3,0
-20,-348,1,0
-20,-347,1,0
-20,-340,1,0
-20,-339,1,0
-20,-338,5,0
-20,-337,1,0
-20,-336,6,0
-20,-335,2,0
-20,-332,1,0
-20,-323,7,0
-20,-322,55,1
-20,-321,1,0
-20,-320,1,0
-20,-319,1,0
-20,-318,1,0
-20,-311,1,0
-20,-310,1,0
-20,-290,1,0
-20,-285,2,0
-20,-284,2,0
-20,-254,1,0
-20,-246,2,0
-20,-230,1,0
-19,-387,1,0
-19,-367,1,0
-19,-364,1,0
-19,-363,1,0
-19,-359,1,0
-19,-357,2,0
-19,-355,1,0
-19,-342,1,0
-19,-340,3,0
-19,-339,7,0
-19,-338,18,1
-19,-337,9,0
-19,-336,28,1
-19,-335,6,0
-19,-334,5,0
-19,-333,1,0
-19,-332,1,0
-19,-331,1,0
-19,-327,1,0
-19,-326,1,0
-19,-325,1,0
-19,-324,2,0
-19,-323,3,0
-19,-322,40,1
-19,-321,3,0
-19,-318,1,0
-19,-315,1,0
-19,-314,1,0
-19,-313,2,0
-19,-312,3,0
-19,-309,1,0
-19,-307,1,0
-19,-305,1,0
-19,-303,1,0
-19,-293,2,0
-19,-286,2,0
-19,-276,1,0
-19,-269,1,0
-19,-268,1,0
-19,-260,1,0
-19,-254,1,0
-19,-226,1,0
-19,-206,1,0
-18,-394,1,0
-18,-392,1,0
-18,-388,1,0
-18,-368,1,0
-18,-367,1,0
-18,-365,1,0
-18,-364,1,0
-18,-363,1,0
-18,-362,1,0
-18,-361,1,0
-18,-355,1,0
-18,-346,1,0
-18,-344,1,0
-18,-341,1,0
-18,-340,2,0
-18,-339,14,1
-18,-338,10,1
-18,-337,37,1
-18,-336,17,1
-18,-335,8,0
-18,-334,3,0
-18,-333,4,0
-18,-332,2,0
-18,-331,3,0
-18,-330,2,0
-18,-329,1,0
-18,-328,1,0
-18,-327,2,0
-18,-326,4,0
-18,-325,1,0
-18,-324,1,0
-18,-323,4,0
-18,-322,5,0
-18,-321,3,0
-18,-320,2,0
-18,-312,2,0
-18,-305,1,0
-18,-303,1,0
-18,-302,1,0
-18,-299,1,0
-18,-286,1,0
-18,-246,1,0
-17,-373,1,0
-17,-368,1,0
-17,-367,2,0
-17,-366,1,0
-17,-361,8,0
-17,-347,1,0
-17,-346,4,0
-17,-345,1,0
-17,-344,2,0
-17,-343,1,0
-17,-342,2,0
-17,-340,3,0
-17,-339,13,1
-17,-338,9,0
-17,-337,12,1
-17,-336,16,1
-17,-335,3,0
-17,-334,1,0
-17,-333,10,1
-17,-332,4,0
-17,-329,3,0
-17,-328,1,0
-17,-325,1,0
-17,-323,1,0
-17,-322,1,0
-17,-321,5,0
-17,-320,4,0
-17,-317,1,0
-17,-312,1,0
-17,-311,1,0
-17,-306,1,0
-17,-287,1,0
-17,-246,2,0
-17,-223,1,0
-17,-221,1,0
-16,-392,1,0
-16,-374,1,0
-16,-369,1,0
-16,-368,1,0
-16,-367,8,0
-16,-366,5,0
-16,-365,1,0
-16,-364,2,0
-16,-363,3,0
-16,-362,2,0
-16,-361,3,0
-16,-359,1,0
-16,-354,1,0
-16,-353,2,0
-16,-351,1,0
-16,-350,2,0
-16,-349,2,0
-16,-348,3,0
-16,-347,1,0
-16,-346,3,0
-16,-345,1,0
-16,-344,1,0
-16,-339,2,0
-16,-338,14,1
-16,-337,3,0
-16,-336,2,0
-16,-334,1,0
-16,-333,12,1
-16,-332,8,0
-16,-328,1,0
-16,-326,1,0
-16,-322,1,0
-16,-321,2,0
-16,-320,2,0
-16,-315,1,0
-16,-314,4,0
-16,-313,5,0
-16,-310,1,0
-16,-287,1,0
-16,-285,1,0
-16,-268,1,0
-16,-263,1,0
-16,-252,1,0
-16,-234,1,0
-15,-397,1,0
-15,-380,1,0
-15,-379,3,0
-15,-378,1,0
-15,-370,1,0
-15,-369,1,0
-15,-367,8,0
-15,-365,1,0
-15,-350,1,0
-15,-348,1,0
-15,-345,1,0
-15,-341,1,0
-15,-340,1,0
-15,-339,2,0
-15,-338,4,0
-15,-337,2,0
-15,-336,1,0
-15,-335,1,0
-15,-334,1,0
-15,-333,1,0
-15,-332,1,0
-15,-330,1,0
-15,-329,1,0
-15,-328,1,0
-15,-326,1,0
-15,-314,5,0
-15,-313,2,0
-15,-312,2,0
-15,-311,1,0
-15,-307,1,0
-15,-286,1,0
-15,-285,2,0
-15,-256,1,0
-15,-231,1,0
-14,-380,1,0
-14,-374,1,0
-14,-369,1,0
-14,-367,5,0
-14,-366,1,0
-14,-364,1,0
-14,-363,1,0
-14,-355,1,0
-14,-352,1,0
-14,-345,1,0
-14,-340,1,0
-14,-339,1,0
-14,-335,1,0
-14,-328,1,0
-14,-323,1,0
-14,-319,1,0
-14,-318,1,0
-14,-315,1,0
-14,-314,2,0
-14,-313,3,0
-14,-312,1,0
-14,-311,2,0
-14,-310,2,0
-14,-308,1,0
-14,-286,1,0
-14,-284,1,0
-14,-247,1,0
-14,-246,1,0
-14,-210,1,0
-13,-397,1,0
-13,-391,1,0
-13,-380,1,0
-13,-367,10,1
-13,-366,4,0
-13,-364,3,0
-13,-355,1,0
-13,-351,1,0
-13,-346,1,0
-13,-345,1,0
-13,-341,1,0
-13,-340,1,0
-13,-338,1,0
-13,-336,2,0
-13,-333,1,0
-13,-332,1,0
-13,-331,1,0
-13,-323,2,0
-13,-318,1,0
-13,-316,1,0
-13,-313,1,0
-13,-312,1,0
-13,-307,1,0
-13,-306,3,0
-13,-303,1,0
-13,-297,1,0
-13,-296,1,0
-13,-184,1,0
-13,-183,2,0
-12,-397,1,0
-12,-370,1,0
-12,-367,1,0
-12,-364,1,0
-12,-360,1,0
-12,-344,1,0
-12,-330,1,0
-12,-326,1,0
-12,-317,2,0
-12,-316,3,0
-12,-313,1,0
-12,-312,1,0
-12,-302,1,0
-12,-296,1,0
-12,-295,1,0
-12,-253,1,0
-12,-235,1,0
-12,-227,1,0
-12,-212,1,0
-12,-189,1,0
-11,-369,4,0
-11,-368,2,0
-11,-367,1,0
-11,-365,2,0
-11,-356,1,0
-11,-350,1,0
-11,-349,1,0
-11,-348,1,0
-11,-345,1,0
-11,-344,1,0
-11,-337,1,0
-11,-323,1,0
-11,-313,1,0
-11,-262,2,0
-11,-260,1,0
-11,-251,1,0
-11,-249,1,0
-11,-246,1,0
-11,-240,1,0
-11,-239,3,0
-11,-238,1,0
-11,-237,1,0
-11,-233,1,0
-11,-232,2,0
-11,-230,1,0
-10,-369,1,0
-10,-368,1,0
-10,-360,1,0
-10,-345,1,0
-10,-344,1,0
-10,-343,1,0
-10,-336,1,0
-10,-334,4,0
-10,-332,1,0
-10,-331,1,0
-10,-319,2,0
-10,-288,1,0
-10,-265,1,0
-10,-264,9,0
-10,-263,2,0
-10,-257,1,0
-10,-247,1,0
-10,-238,1,0
-10,-191,1,0
-9,-398,1,0
-9,-390,1,0
-9,-369,1,0
-9,-367,1,0
-9,-358,1,0
-9,-345,2,0
-9,-344,1,0
-9,-342,1,0
-9,-340,1,0
-9,-338,1,0
-9,-337,2,0
-9,-335,3,0
-9,-330,1,0
-9,-328,1,0
-9,-326,1,0
-9,-322,1,0
-9,-317,1,0
-9,-316,3,0
-9,-310,1,0
-9,-306,1,0
-9,-288,1,0
-9,-268,1,0
-9,-265,2,0
-9,-264,6,0
-9,-263,2,0
-9,-262,2,0
-9,-261,1,0
-9,-257,2,0
-9,-215,1,0
-9,-195,1,0
-8,-398,1,0
-8,-397,1,0
-8,-395,3,0
-8,-393,1,0
-8,-372,1,0
-8,-371,1,0
-8,-367,1,0
-8,-366,1,0
-8,-361,1,0
-8,-352,1,0
-8,-346,1,0
-8,-345,1,0
-8,-343,1,0
-8,-338,3,0
-8,-337,4,0
-8,-336,6,0
-8,-335,3,0
-8,-334,2,0
-8,-333,3,0
-8,-332,3,0
-8,-331,3,0
-8,-329,1,0
-8,-265,1,0
-8,-264,7,0
-8,-260,1,0
-8,-257,1,0
-8,-256,1,0
-8,-251,1,0
-8,-248,1,0
-8,-216,1,0
-8,-210,1,0
-8,-197,1,0
-7,-396,1,0
-7,-395,2,0
-7,-394,3,0
-7,-393,6,0
-7,-377,1,0
-7,-367,1,0
-7,-359,1,0
-7,-354,4,0
-7,-353,8,0
-7,-352,7,0
-7,-351,1,0
-7,-349,1,0
-7,-348,3,0
-7,-347,4,0
-7,-346,5,0
-7,-345,8,0
-7,-344,2,0
-7,-343,3,0
-7,-342,1,0
-7,-340,3,0
-7,-339,4,0
-7,-338,1,0
-7,-337,10,1
-7,-336,23,1
-7,-335,8,0
-7,-334,6,0
-7,-333,3,0
-7,-331,3,0
-7,-330,1,0
-7,-326,1,0
-7,-323,1,0
-7,-316,1,0
-7,-310,1,0
-7,-308,1,0
-7,-286,1,0
-7,-282,2,0
-7,-281,1,0
-7,-280,1,0
-7,-270,1,0
-7,-266,1,0
-7,-264,10,1
-7,-263,1,0
-7,-261,1,0
-7,-250,1,0
-7,-247,1,0
-7,-203,2,0
-7,-202,1,0
-7,-201,1,0
-6,-393,11,1
-6,-391,1,0
-6,-390,1,0
-6,-389,1,0
-6,-364,1,0
-6,-361,1,0
-6,-359,2,0
-6,-357,1,0
-6,-354,3,0
-6,-346,2,0
-6,-345,5,0
-6,-339,1,0
-6,-338,2,0
-6,-336,2,0
-6,-335,2,0
-6,-334,1,0
-6,-332,1,0
-6,-331,1,0
-6,-327,1,0
-6,-320,1,0
-6,-309,1,0
-6,-300,1,0
-6,-289,1,0
-6,-288,1,0
-6,-282,1,0
-6,-281,4,0
-6,-280,9,0
-6,-279,1,0
-6,-277,1,0
-6,-269,1,0
-6,-266,2,0
-6,-264,5,0
-6,-263,1,0
-6,-262,1,0
-6,-247,1,0
-5,-394,2,0
-5,-388,1,0
-5,-367,3,0
-5,-359,2,0
-5,-358,1,0
-5,-346,3,0
-5,-345,2,0
-5,-344,1,0
-5,-339,2,0
-5,-338,5,0
-5,-337,7,0
-5,-336,3,0
-5,-323,1,0
-5,-322,1,0
-5,-304,1,0
-5,-303,1,0
-5,-281,1,0
-5,-277,1,0
-5,-271,1,0
-5,-262,3,0
-5,-261,1,0
-5,-247,1,0
-5,-246,1,0
-4,-395,1,0
-4,-390,1,0
-4,-387,1,0
-4,-369,1,0
-4,-359,1,0
-4,-356,2,0
-4,-346,3,0
-4,-345,2,0
-4,-341,1,0
-4,-340,1,0
-4,-338,5,0
-4,-337,9,0
-4,-336,1,0
-4,-299,1,0
-4,-279,1,0
-4,-265,1,0
-4,-264,1,0
-4,-260,2,0
-4,-259,1,0
-4,-257,1,0
-4,-255,1,0
-4,-248,1,0
-4,-246,1,0
-4,-212,1,0
-3,-389,1,0
-3,-368,2,0
-3,-356,2,0
-3,-345,2,0
-3,-337,1,0
-3,-321,1,0
-3,-315,1,0
-3,-313,1,0
-3,-312,1,0
-3,-296,1,0
-3,-282,2,0
-3,-278,1,0
-3,-261,1,0
-3,-250,1,0
-3,-249,1,0
-3,-248,1,0
-3,-247,1,0
-3,-244,1,0
-3,-216,1,0
-2,-401,1,0
-2,-400,1,0
-2,-387,1,0
-2,-369,1,0
-2,-368,1,0
-2,-356,3,0
-2,-355,1,0
-2,-345,3,0
-2,-340,1,0
-2,-339,3,0
-2,-326,1,0
-2,-317,1,0
-2,-298,1,0
-2,-284,1,0
-2,-277,1,0
-2,-260,1,0
-2,-248,1,0
-2,-202,1,0
-1,-426,1,0
-1,-425,1,0
-1,-369,1,0
-1,-368,2,0
-1,-367,1,0
-1,-363,1,0
-1,-359,1,0
-1,-356,1,0
-1,-346,1,0
-1,-345,1,0
-1,-344,1,0
-1,-340,1,0
-1,-339,2,0
-1,-337,1,0
-1,-333,1,0
-1,-328,1,0
-1,-295,1,0
-1,-285,2,0
-1,-284,2,0
-1,-262,1,0
-1,-256,1,0
-1,-248,1,0
-1,-247,2,0
-1,-246,1,0
-1,-230,1,0
-1,-193,1,0
0,-424,2,0
0,-420,2,0
0,-394,1,0
0,-373,1,0
0,-371,1,0
0,-366,1,0
0,-345,2,0
0,-344,1,0
0,-343,1,0
0,-337,2,0
0,-336,1,0
0,-333,1,0
0,-284,1,0
0,-263,1,0
0,-249,2,0
0,-229,1,0
1,-422,1,0
1,-406,1,0
1,-401,1,0
1,-394,1,0
1,-389,1,0
1,-382,1,0
1,-372,14,1
1,-371,6,0
1,-365,1,0
1,-364,3,0
1,-360,1,0
1,-345,1,0
1,-344,2,0
1,-339,1,0
1,-338,1,0
1,-336,1,0
1,-334,1,0
1,-321,1,0
1,-298,3,0
1,-294,1,0
1,-287,1,0
1,-281,1,0
1,-278,2,0
1,-277,1,0
1,-200,1,0
2,-411,1,0
2,-397,1,0
2,-372,2,0
2,-365,1,0
2,-364,3,0
2,-363,1,0
2,-362,1,0
2,-360,1,0
2,-353,1,0
2,-351,1,0
2,-345,6,0
2,-344,1,0
2,-340,1,0
2,-336,1,0
2,-333,1,0
2,-329,1,0
2,-324,1,0
2,-298,1,0
2,-296,1,0
2,-294,1,0
2,-289,1,0
2,-274,1,0
2,-272,1,0
2,-257,1,0
2,-248,1,0
2,-200,1,0
3,-420,1,0
3,-405,1,0
3,-395,1,0
3,-392,2,0
3,-372,1,0
3,-367,1,0
3,-365,3,0
3,-345,2,0
3,-344,2,0
3,-343,1,0
3,-342,1,0
3,-339,1,0
3,-337,1,0
3,-324,1,0
3,-290,1,0
3,-280,1,0
3,-279,1,0
3,-278,1,0
3,-199,1,0
3,-195,1,0
4,-485,1,0
4,-411,1,0
4,-367,1,0
4,-344,2,0
4,-333,2,0
4,-322,1,0
4,-297,1,0
4,-292,3,0
4,-291,1,0
4,-279,2,0
4,-257,1,0
4,-248,2,0
4,-246,1,0
5,-398,1,0
5,-393,1,0
5,-372,1,0
5,-356,1,0
5,-344,1,0
5,-337,1,0
5,-326,1,0
5,-324,1,0
5,-299,1,0
5,-293,2,0
5,-291,2,0
5,-289,1,0
5,-280,6,0
5,-279,3,0
5,-277,2,0
5,-274,1,0
5,-272,1,0
5,-248,1,0
5,-246,1,0
5,-213,2,0
6,-399,1,0
6,-371,1,0
6,-369,1,0
6,-361,1,0
6,-354,2,0
6,-350,2,0
6,-344,2,0
6,-341,1,0
6,-336,1,0
6,-333,1,0
6,-325,1,0
6,-324,1,0
6,-302,1,0
6,-300,1,0
6,-297,1,0
6,-292,1,0
6,-291,1,0
6,-287,1,0
6,-281,3,0
6,-280,2,0
6,-279,1,0
6,-274,1,0
6,-271,1,0
6,-267,1,0
6,-262,1,0
6,-235,2,0
6,-209,1,0
7,-361,2,0
7,-337,1,0
7,-326,6,0
7,-325,1,0
7,-299,1,0
7,-298,1,0
7,-295,1,0
7,-294,1,0
7,-293,2,0
7,-281,1,0
7,-280,1,0
7,-260,1,0
7,-256,1,0
7,-255,1,0
7,-241,1,0
7,-240,1,0
7,-239,1,0
8,-384,1,0
8,-371,1,0
8,-346,1,0
8,-344,5,0
8,-343,1,0
8,-341,1,0
8,-339,1,0
8,-337,1,0
8,-335,1,0
8,-327,1,0
8,-326,3,0
8,-325,1,0
8,-324,1,0
8,-322,1,0
8,-309,1,0
8,-300,1,0
8,-297,1,0
8,-296,1,0
8,-294,1,0
8,-293,1,0
8,-291,1,0
8,-290,1,0
8,-288,1,0
8,-286,2,0
8,-285,1,0
8,-247,1,0
8,-243,1,0
8,-241,1,0
8,-218,1,0
8,-215,3,0
8,-213,1,0
8,-211,2,0
9,-357,1,0
9,-344,1,0
9,-343,1,0
9,-340,1,0
9,-328,1,0
9,-327,5,0
9,-326,1,0
9,-284,3,0
9,-282,2,0
9,-279,1,0
9,-275,1,0
9,-270,1,0
9,-269,2,0
9,-249,2,0
9,-215,1,0
9,-214,4,0
9,-213,7,0
10,-346,1,0
10,-345,1,0
10,-344,4,0
10,-343,1,0
10,-329,1,0
10,-328,1,0
10,-327,1,0
10,-285,2,0
10,-263,1,0
10,-261,1,0
10,-258,1,0
10,-214,1,0
10,-212,2,0
10,-211,1,0
10,-209,1,0
11,-345,1,0
11,-344,3,0
11,-343,1,0
11,-300,2,0
11,-298,1,0
11,-297,1,0
11,-292,1,0
11,-291,1,0
11,-287,2,0
11,-282,1,0
11,-281,1,0
11,-264,1,0
11,-263,1,0
11,-261,1,0
11,-260,1,0
11,-258,1,0
11,-257,1,0
12,-352,1,0
12,-329,1,0
12,-301,1,0
12,-291,1,0
12,-287,1,0
12,-286,1,0
12,-283,1,0
12,-279,1,0
12,-273,1,0
12,-261,4,0
12,-260,8,0
12,-259,7,0
12,-258,4,0
12,-254,1,0
12,-250,1,0
12,-247,1,0
12,-214,1,0
13,-345,1,0
13,-342,1,0
13,-334,1,0
13,-330,1,0
13,-292,1,0
13,-291,7,0
13,-290,3,0
13,-288,1,0
13,-286,1,0
13,-274,1,0
13,-263,1,0
13,-262,5,0
13,-261,9,0
13,-260,14,1
13,-259,5,0
13,-258,2,0
13,-257,2,0
14,-372,1,0
14,-337,1,0
14,-334,2,0
14,-327,1,0
14,-292,3,0
14,-291,12,1
14,-290,7,0
14,-289,2,0
14,-286,2,0
14,-277,1,0
14,-272,1,0
14,-263,2,0
14,-262,1,0
14,-261,4,0
14,-260,10,1
14,-259,5,0
14,-258,3,0
14,-256,1,0
14,-248,1,0
15,-346,1,0
15,-341,1,0
15,-332,1,0
15,-305,1,0
15,-300,1,0
15,-296,1,0
15,-292,1,0
15,-291,1,0
15,-276,1,0
15,-275,1,0
15,-274,1,0
15,-261,3,0
16,-390,1,0
16,-337,1,0
16,-335,1,0
16,-331,1,0
16,-306,1,0
16,-292,2,0
16,-291,1,0
16,-287,1,0
16,-286,2,0
16,-278,2,0
16,-275,1,0
16,-266,1,0
16,-263,2,0
16,-262,7,0
16,-261,13,1
16,-255,1,0
17,-383,1,0
17,-306,1,0
17,-286,3,0
17,-276,1,0
17,-275,1,0
17,-263,9,0
17,-262,11,1
17,-261,1,0
17,-255,1,0
18,-398,1,0
18,-387,1,0
18,-377,1,0
18,-375,1,0
18,-335,1,0
18,-316,1,0
18,-314,1,0
18,-313,1,0
18,-308,1,0
18,-281,2,0
18,-276,1,0
18,-268,1,0
19,-402,1,0
19,-370,2,0
19,-293,1,0
19,-289,1,0
19,-285,1,0
19,-283,3,0
19,-282,2,0
19,-281,2,0
19,-245,1,0
19,-231,1,0
20,-389,1,0
20,-379,2,0
20,-376,2,0
20,-375,1,0
20,-372,2,0
20,-363,1,0
20,-318,1,0
20,-289,1,0
20,-283,10,1
20,-282,6,0
20,-274,1,0
21,-401,2,0
21,-398,1,0
21,-395,1,0
21,-388,1,0
21,-382,1,0
21,-376,1,0
21,-375,1,0
21,-374,3,0
21,-373,1,0
21,-372,1,0
21,-371,1,0
21,-370,2,0
21,-365,1,0
21,-330,1,0
21,-315,3,0
21,-314,5,0
21,-313,7,0
21,-312,1,0
21,-304,1,0
21,-293,2,0
21,-290,1,0
21,-282,2,0
21,-281,1,0
21,-279,3,0
21,-266,1,0
21,-236,1,0
22,-383,1,0
22,-382,1,0
22,-374,3,0
22,-373,12,1
22,-372,8,0
22,-371,1,0
22,-368,1,0
22,-367,3,0
22,-366,1,0
22,-365,1,0
22,-328,1,0
22,-316,6,0
22,-315,19,1
22,-314,10,1
22,-313,4,0
22,-312,1,0
22,-311,1,0
22,-289,1,0
22,-275,4,0
22,-264,1,0
23,-399,1,0
23,-392,1,0
23,-389,1,0
23,-377,1,0
23,-375,6,0
23,-374,7,0
23,-373,15,1
23,-372,7,0
23,-371,5,0
23,-368,1,0
23,-367,3,0
23,-353,1,0
23,-349,1,0
23,-320,1,0
23,-319,1,0
23,-316,9,0
23,-315,6,0
23,-314,1,0
23,-312,3,0
23,-310,2,0
23,-307,2,0
23,-222,1,0
24,-397,1,0
24,-396,1,0
24,-382,1,0
24,-376,1,0
24,-374,2,0
24,-373,4,0
24,-372,3,0
24,-371,1,0
24,-370,1,0
24,-369,1,0
24,-358,1,0
24,-324,1,0
24,-322,1,0
24,-318,1,0
24,-317,6,0
24,-316,7,0
24,-244,1,0
25,-396,1,0
25,-395,4,0
25,-391,1,0
25,-385,2,0
25,-374,2,0
25,-373,2,0
25,-372,1,0
25,-371,1,0
25,-369,3,0
25,-348,1,0
25,-342,2,0
25,-334,1,0
25,-333,1,0
25,-320,1,0
25,-319,2,0
25,-318,1,0
25,-316,1,0
25,-308,1,0
25,-294,1,0
25,-263,1,0
25,-238,1,0
26,-400,1,0
26,-395,1,0
26,-386,1,0
26,-381,1,0
26,-374,3,0
26,-373,1,0
26,-371,1,0
26,-369,2,0
26,-351,1,0
26,-350,2,0
26,-318,1,0
26,-315,1,0
26,-311,1,0
26,-300,2,0
26,-293,1,0
26,-292,1,0
26,-269,2,0
26,-265,2,0
26,-264,1,0
26,-254,1,0
27,-390,1,0
27,-383,1,0
27,-376,1,0
27,-374,1,0
27,-367,1,0
27,-365,2,0
27,-353,1,0
27,-352,3,0
27,-351,5,0
27,-350,2,0
27,-331,1,0
27,-330,1,0
27,-327,2,0
27,-306,1,0
27,-301,1,0
27,-291,1,0
27,-289,2,0
27,-264,2,0
27,-235,1,0
28,-390,1,0
28,-385,1,0
28,-376,1,0
28,-374,1,0
28,-373,1,0
28,-372,1,0
28,-351,4,0
28,-350,1,0
28,-349,2,0
28,-331,1,0
28,-330,1,0
28,-321,1,0
28,-306,1,0
28,-305,1,0
28,-293,1,0
28,-288,1,0
28,-278,1,0
28,-268,1,0
28,-266,1,0
28,-263,1,0
28,-249,1,0
28,-244,1,0
28,-240,1,0
29,-370,1,0
29,-369,1,0
29,-366,1,0
29,-364,1,0
29,-361,1,0
29,-352,1,0
29,-347,1,0
29,-322,1,0
29,-305,1,0
29,-304,1,0
29,-295,1,0
29,-272,1,0
29,-268,1,0
29,-263,1,0
29,-262,1,0
29,-244,1,0
29,-241,1,0
29,-238,1,0
30,-396,1,0
30,-377,1,0
30,-376,1,0
30,-373,1,0
30,-372,1,0
30,-370,1,0
30,-365,1,0
30,-353,1,0
30,-304,1,0
30,-292,1,0
30,-277,9,0
30,-276,1,0
30,-274,1,0
30,-262,2,0
30,-254,1,0
30,-246,1,0
30,-244,2,0
30,-243,1,0
31,-395,1,0
31,-371,1,0
31,-367,1,0
31,-353,1,0
31,-340,1,0
31,-338,1,0
31,-334,1,0
31,-330,2,0
31,-328,1,0
31,-326,1,0
31,-325,1,0
31,-323,1,0
31,-321,2,0
31,-298,1,0
31,-280,1,0
31,-277,9,0
31,-276,4,0
31,-273,2,0
31,-268,1,0
31,-264,1,0
31,-263,1,0
31,-261,1,0
31,-256,3,0
31,-255,3,0
31,-254,1,0
32,-394,1,0
32,-393,2,0
32,-389,1,0
32,-369,1,0
32,-358,1,0
32,-326,1,0
32,-315,1,0
32,-300,1,0
32,-275,1,0
32,-274,1,0
32,-267,1,0
32,-261,1,0
32,-260,2,0
32,-259,1,0
32,-256,3,0
32,-255,4,0
32,-254,2,0
32,-246,1,0
32,-238,1,0
32,-232,1,0
33,-394,1,0
33,-392,1,0
33,-388,1,0
33,-386,1,0
33,-379,1,0
33,-377,2,0
33,-373,1,0
33,-372,1,0
33,-371,1,0
33,-360,1,0
33,-359,1,0
33,-322,1,0
33,-320,2,0
33,-314,1,0
33,-309,1,0
33,-276,1,0
33,-275,2,0
33,-274,2,0
33,-267,1,0
33,-262,1,0
33,-258,4,0
33,-257,11,1
33,-256,6,0
33,-255,5,0
34,-406,1,0
34,-392,1,0
34,-390,1,0
34,-389,1,0
34,-387,1,0
34,-386,1,0
34,-376,1,0
34,-374,6,0
34,-373,2,0
34,-372,1,0
34,-369,1,0
34,-322,1,0
34,-319,1,0
34,-274,2,0
34,-272,1,0
34,-269,2,0
34,-259,1,0
34,-258,4,0
34,-257,3,0
34,-256,4,0
34,-255,4,0
35,-396,1,0
35,-394,1,0
35,-389,3,0
35,-387,3,0
35,-383,1,0
35,-381,1,0
35,-377,2,0
35,-375,3,0
35,-374,10,1
35,-373,7,0
35,-372,1,0
35,-369,1,0
35,-368,1,0
35,-329,1,0
35,-328,1,0
35,-279,1,0
35,-276,1,0
35,-271,1,0
35,-257,4,0
35,-256,1,0
35,-255,1,0
35,-238,1,0
36,-414,1,0
36,-412,1,0
36,-410,2,0
36,-409,2,0
36,-399,1,0
36,-388,1,0
36,-376,1,0
36,-375,3,0
36,-374,3,0
36,-372,3,0
36,-371,1,0
36,-356,1,0
36,-340,1,0
36,-335,1,0
36,-331,1,0
36,-270,1,0
36,-257,1,0
37,-414,1,0
37,-400,1,0
37,-390,1,0
37,-383,1,0
37,-375,3,0
37,-354,1,0
37,-330,1,0
37,-328,2,0
37,-326,1,0
37,-315,1,0
37,-314,2,0
37,-309,1,0
37,-306,1,0
37,-280,1,0
37,-272,1,0
37,-271,2,0
37,-270,1,0
37,-260,1,0
37,-259,1,0
38,-415,1,0
38,-413,1,0
38,-409,1,0
38,-396,1,0
38,-395,1,0
38,-387,1,0
38,-386,1,0
38,-385,1,0
38,-375,1,0
38,-373,1,0
38,-370,1,0
38,-326,1,0
38,-312,1,0
38,-271,2,0
38,-270,3,0
38,-269,1,0
38,-236,1,0
39,-416,1,0
39,-415,1,0
39,-413,1,0
39,-405,1,0
39,-402,2,0
39,-375,1,0
39,-374,2,0
39,-370,1,0
39,-352,1,0
39,-332,1,0
39,-330,2,0
39,-299,1,0
39,-297,1,0
39,-288,1,0
39,-273,1,0
39,-272,2,0
39,-271,1,0
39,-270,1,0
39,-269,3,0
39,-263,1,0
40,-408,5,0
40,-404,1,0
40,-403,1,0
40,-390,1,0
40,-374,1,0
40,-360,1,0
40,-359,2,0
40,-330,1,0
40,-321,1,0
40,-295,1,0
40,-291,1,0
40,-290,1,0
40,-275,2,0
40,-269,1,0
40,-249,2,0
40,-247,1,0
41,-411,6,0
41,-410,4,0
41,-409,3,0
41,-408,4,0
41,-407,5,0
41,-406,9,0
41,-405,2,0
41,-404,1,0
41,-393,1,0
41,-383,1,0
41,-375,1,0
41,-358,2,0
41,-352,1,0
41,-349,1,0
41,-329,2,0
41,-319,1,0
41,-299,1,0
41,-295,2,0
41,-294,1,0
41,-292,1,0
41,-277,1,0
41,-253,1,0
41,-252,1,0
42,-413,1,0
42,-411,2,0
42,-410,2,0
42,-409,2,0
42,-408,7,0
42,-407,3,0
42,-406,6,0
42,-405,1,0
42,-389,1,0
42,-386,1,0
42,-385,1,0
42,-378,1,0
42,-347,1,0
42,-327,1,0
42,-326,2,0
42,-325,1,0
42,-308,1,0
42,-298,1,0
42,-297,2,0
42,-296,4,0
42,-295,3,0
42,-294,2,0
42,-293,1,0
42,-270,1,0
42,-269,2,0
43,-415,4,0
43,-414,3,0
43,-413,4,0
43,-411,1,0
43,-410,2,0
43,-409,6,0
43,-407,5,0
43,-406,3,0
43,-400,1,0
43,-389,1,0
43,-386,7,0
43,-385,3,0
43,-382,1,0
43,-371,1,0
43,-353,1,0
43,-351,1,0
43,-349,3,0
43,-338,2,0
43,-302,1,0
43,-300,1,0
43,-299,4,0
43,-298,2,0
43,-297,5,0
43,-296,6,0
43,-293,1,0
43,-286,1,0
43,-269,1,0
44,-417,1,0
44,-416,2,0
44,-415,1,0
44,-414,4,0
44,-413,3,0
44,-410,2,0
44,-409,3,0
44,-408,4,0
44,-407,1,0
44,-405,1,0
44,-404,1,0
44,-401,1,0
44,-390,1,0
44,-386,4,0
44,-385,1,0
44,-384,1,0
44,-376,1,0
44,-361,1,0
44,-349,4,0
44,-326,1,0
44,-304,1,0
44,-303,1,0
44,-297,1,0
44,-296,4,0
44,-295,1,0
44,-294,2,0
45,-417,1,0
45,-416,4,0
45,-415,2,0
45,-414,4,0
45,-413,2,0
45,-410,1,0
45,-409,1,0
45,-408,2,0
45,-405,5,0
45,-404,8,0
45,-348,1,0
45,-298,1,0
45,-297,2,0
45,-296,2,0
45,-295,1,0
45,-287,1,0
45,-257,1,0
46,-417,4,0
46,-416,1,0
46,-415,5,0
46,-409,1,0
46,-406,8,0
46,-405,16,1
46,-404,1,0
46,-398,1,0
46,-396,1,0
46,-378,1,0
46,-370,1,0
46,-349,1,0
46,-308,1,0
46,-306,1,0
46,-299,1,0
46,-296,1,0
46,-294,1,0
47,-417,4,0
47,-415,2,0
47,-414,1,0
47,-407,4,0
47,-406,16,1
47,-303,1,0
47,-256,1,0
48,-418,5,0
48,-417,2,0
48,-416,3,0
48,-415,9,0
48,-414,1,0
48,-410,1,0
48,-407,5,0
48,-406,3,0
48,-395,1,0
48,-364,1,0
48,-302,1,0
49,-418,1,0
49,-417,7,0
49,-416,1,0
49,-415,3,0
49,-414,3,0
49,-412,1,0
49,-409,1,0
49,-407,3,0
49,-394,1,0
49,-393,1,0
49,-392,1,0
49,-374,1,0
49,-329,1,0
49,-303,1,0
49,-296,1,0
50,-417,1,0
50,-414,3,0
50,-411,1,0
50,-409,1,0
50,-408,1,0
50,-391,1,0
50,-390,1,0
50,-389,1,0
50,-381,1,0
50,-365,1,0
50,-325,1,0
50,-306,1,0
50,-297,1,0
51,-413,1,0
51,-390,1,0
51,-389,1,0
51,-370,2,0
51,-367,1,0
51,-365,1,0
51,-357,1,0
51,-342,1,0
51,-336,1,0
51,-322,1,0
51,-311,1,0
51,-299,1,0
52,-412,1,0
52,-410,2,0
52,-402,1,0
52,-394,1,0
52,-387,1,0
52,-386,1,0
52,-384,1,0
52,-379,1,0
52,-378,1,0
52,-375,1,0
52,-374,1,0
52,-372,1,0
52,-371,2,0
52,-364,1,0
52,-312,1,0
52,-311,1,0
52,-276,1,0
53,-407,1,0
53,-386,1,0
53,-384,1,0
53,-373,1,0
53,-372,8,0
53,-371,10,1
53,-365,1,0
53,-344,1,0
53,-319,1,0
53,-316,1,0
53,-302,1,0
53,-294,1,0
54,-412,1,0
54,-391,2,0
54,-383,3,0
54,-382,1,0
54,-378,1,0
54,-374,1,0
54,-373,1,0
54,-372,11,1
54,-371,15,1
54,-370,2,0
54,-369,2,0
54,-367,1,0
54,-365,1,0
54,-336,1,0
54,-318,1,0
54,-293,2,0
55,-416,1,0
55,-383,1,0
55,-374,1,0
55,-373,3,0
55,-372,6,0
55,-371,2,0
55,-370,1,0
55,-367,2,0
55,-366,1,0
55,-357,1,0
55,-338,1,0
55,-324,1,0
56,-414,1,0
56,-396,1,0
56,-381,2,0
56,-373,3,0
56,-372,3,0
56,-369,1,0
56,-363,1,0
56,-359,1,0
56,-342,3,0
56,-341,1,0
56,-291,1,0
57,-403,2,0
57,-393,1,0
57,-386,1,0
57,-378,1,0
57,-373,1,0
57,-372,1,0
57,-371,1,0
57,-361,1,0
57,-360,1,0
57,-342,1,0
57,-341,1,0
57,-340,2,0
57,-290,1,0
58,-414,1,0
58,-397,1,0
58,-391,1,0
58,-387,1,0
58,-385,1,0
58,-384,1,0
58,-375,1,0
58,-371,1,0
58,-359,1,0
58,-344,1,0
58,-342,2,0
58,-341,5,0
58,-340,1,0
58,-316,1,0
59,-396,2,0
59,-386,2,0
59,-375,1,0
59,-374,1,0
59,-365,1,0
59,-363,1,0
59,-362,1,0
59,-358,1,0
59,-345,1,0
59,-344,2,0
59,-341,1,0
59,-331,1,0
59,-305,1,0
59,-281,1,0
60,-397,4,0
60,-396,2,0
60,-388,1,0
60,-387,1,0
60,-386,2,0
60,-376,2,0
60,-372,1,0
60,-364,1,0
60,-363,1,0
60,-340,1,0
60,-280,1,0
61,-396,1,0
61,-391,1,0
61,-388,1,0
61,-387,2,0
61,-386,1,0
61,-385,1,0
61,-383,2,0
61,-377,3,0
61,-376,1,0
61,-374,1,0
61,-366,4,0
61,-365,3,0
61,-364,7,0
61,-363,2,0
61,-358,1,0
61,-357,1,0
61,-330,2,0
61,-299,1,0
61,-296,1,0
62,-384,1,0
62,-378,2,0
62,-374,1,0
62,-366,1,0
62,-365,3,0
62,-364,6,0
62,-363,5,0
62,-330,1,0
62,-327,2,0
62,-317,1,0
62,-300,1,0
62,-293,1,0
63,-400,1,0
63,-399,1,0
63,-385,1,0
63,-379,2,0
63,-378,1,0
63,-375,1,0
63,-363,1,0
63,-337,1,0
63,-327,5,0
63,-326,3,0
63,-325,1,0
63,-315,1,0
64,-397,1,0
64,-396,1,0
64,-380,1,0
64,-379,1,0
64,-376,1,0
64,-374,1,0
64,-369,1,0
64,-328,1,0
65,-396,1,0
65,-388,1,0
65,-379,1,0
65,-368,2,0
65,-364,1,0
65,-355,1,0
65,-329,1,0
65,-301,4,0
65,-300,2,0
66,-370,1,0
66,-369,1,0
66,-364,1,0
66,-355,1,0
66,-328,1,0
66,-323,2,0
66,-302,1,0
66,-301,6,0
66,-300,6,0
67,-388,1,0
67,-370,1,0
67,-367,1,0
67,-358,1,0
67,-333,1,0
67,-305,2,0
68,-342,1,0
69,-360,1,0
69,-335,1,0
70,-352,1,0
71,-363,1,0
71,-351,1,0
71,-349,1,0
