patch_id,category,amount,dist_before,dist_after,delta
2,Dining and Drinking,1,0.4767638162316865,0.4939650598725203,0.017201243640833808
5,Dining and Drinking,1,0.4332332014173959,0.4348343273585199,0.001601125941123993
12,Dining and Drinking,1,0.519302399997308,0.49572728823323153,-0.02357511176407645
21,Dining and Drinking,1,2.595639005986566,2.4582542086623747,-0.1373847973241915
25,Dining and Drinking,1,0.38885050116016134,0.4226432101970514,0.03379270903689008
36,Dining and Drinking,1,0.3761953947991983,0.3864906319805217,0.010295237181323413
37,Dining and Drinking,1,0.4958668704485165,0.46007742430622467,-0.03578944614229185
49,Dining and Drinking,1,0.5421964118071112,0.5667636129277581,0.02456720112064692
53,Dining and Drinking,1,0.3266028490144008,0.35139118961238935,0.024788340597988567
56,Dining and Drinking,1,0.2940677131245064,0.29471858465028594,0.0006508715257795283
64,Dining and Drinking,1,1.0933877965290209,1.083138546458477,-0.01024925007054378
67,Dining and Drinking,1,0.8966722106954357,0.90171446337033,0.005042252674894332
69,Dining and Drinking,1,0.5331252816258939,0.5420157638263118,0.008890482200417882
72,Dining and Drinking,1,0.3532408006349333,0.3335214330878594,-0.019719367547073874
74,Dining and Drinking,1,0.5089446046163831,0.5244452671080151,0.015500662491631956
77,Dining and Drinking,1,0.4000605076331013,0.41826705865951247,0.018206551026411166
84,Dining and Drinking,1,0.4536921758764068,0.4111695267122396,-0.0425226491641672
90,Dining and Drinking,1,0.5430741396180734,0.740961481542895,0.1978873419248216
97,Dining and Drinking,1,0.5697050699965832,0.5725814682504168,0.0028763982538335675
98,Dining and Drinking,1,0.4708658338992647,0.48253693446746926,0.011671100568204584
99,Dining and Drinking,1,0.3357802787781508,0.3405920871948528,0.004811808416701979
109,Dining and Drinking,1,0.5960995299048867,0.5922985197408069,-0.0038010101640797433
111,Dining and Drinking,1,0.5586523716002444,0.5569458036591372,-0.0017065679411072399
117,Dining and Drinking,1,0.32631611456089626,0.31629693698303596,-0.010019177577860305
118,Dining and Drinking,1,0.33259677380626296,0.34158602947024364,0.008989255663980678
120,Dining and Drinking,1,0.4127254767146181,0.42640246976430507,0.013676993049686947
124,Dining and Drinking,1,0.42974198261393787,0.42615755521247906,-0.0035844274014588118
126,Dining and Drinking,1,0.45844246542620126,0.43665208565593366,-0.0217903797702676
130,Dining and Drinking,1,0.5233879244525205,0.7249279764097065,0.20154005195718605
144,Dining and Drinking,1,0.4512602421254125,0.4722178361992405,0.020957594073828023
149,Dining and Drinking,1,0.5238566978598095,0.4369931187697604,-0.0868635790900491
150,Dining and Drinking,1,0.504103936695667,0.47804362609992024,-0.02606031059574676
160,Dining and Drinking,1,0.5456833508181954,0.5229895555691781,-0.022693795249017268
164,Dining and Drinking,1,0.3345894370061063,0.33677955488485345,0.002190117878747122
166,Dining and Drinking,1,0.2996998282689129,0.3161809989079104,0.01648117063899751
173,Dining and Drinking,1,0.5775251385776741,0.5978460852189489,0.020320946641274817
186,Dining and Drinking,1,0.4797996276759682,0.4555770080654572,-0.024222619610510976
189,Dining and Drinking,1,0.3573433728503198,0.33781372998727677,-0.01952964286304304
199,Dining and Drinking,1,1.0982004559589997,1.026691543130403,-0.07150891282859684
206,Dining and Drinking,1,0.38449508015201284,0.3884427815580286,0.003947701406015747
208,Dining and Drinking,1,1.2667283088067145,1.2502539560223933,-0.01647435278432119
209,Dining and Drinking,1,0.511249846093341,0.5523188002341795,0.04106895414083844
212,Dining and Drinking,1,0.5084226545669722,0.4737640988660835,-0.034658555700888716
213,Dining and Drinking,1,0.4619594275007839,0.5032542801987843,0.04129485269800037
220,Dining and Drinking,1,1.0670825295591375,1.520681888500799,0.4535993589416616
223,Dining and Drinking,1,1.376369308667773,1.2914011198008133,-0.08496818886695978
234,Dining and Drinking,1,0.6109962161755625,0.8756674372156577,0.2646712210400951
237,Dining and Drinking,1,0.7716145256582242,0.7091191758813975,-0.06249534977682669
244,Dining and Drinking,1,0.4795941124402018,0.4692100193305959,-0.010384093109605863
245,Dining and Drinking,1,0.4338005240826789,0.42870817444133125,-0.005092349641347638
251,Dining and Drinking,1,1.3919913307989944,1.049938808174442,-0.3420525226245523
253,Dining and Drinking,1,0.6711398021568339,0.6345215995214685,-0.036618202635365416
258,Dining and Drinking,1,0.5676310871122393,0.5641215766168232,-0.003509510495416146
264,Dining and Drinking,1,0.6508587521694869,0.7632203394936243,0.11236158732413748
268,Dining and Drinking,1,0.524166100877322,0.5228457159414079,-0.0013203849359140207
269,Dining and Drinking,1,0.38947238311848004,0.42275245033112296,0.03328006721264293
270,Dining and Drinking,1,0.5940037064727022,0.6420361520383924,0.048032445565690196
273,Dining and Drinking,1,0.44414241045959413,0.44603796252010985,0.0018955520605157261
274,Dining and Drinking,1,0.5541561793696301,0.5539546325506204,-0.0002015468190097458
280,Dining and Drinking,1,0.9608296196759533,0.919331481275885,-0.04149813840006822
283,Dining and Drinking,1,0.4085393596572059,0.405608405607524,-0.002930954049681911
292,Dining and Drinking,1,0.9926225073652812,0.951671771162171,-0.04095073620311018
325,Dining and Drinking,1,0.2979073001088789,0.32641290994502553,0.02850560983614664
329,Dining and Drinking,1,0.8776896043896696,0.8927476850670532,0.015058080677383567
330,Dining and Drinking,1,0.9434044911805204,0.9651195013282532,0.021715010147732805
335,Dining and Drinking,1,0.5269845760774727,0.5541715285801512,0.02718695250267844
337,Dining and Drinking,1,0.5534634059139114,0.5666112256189951,0.013147819705083719
340,Dining and Drinking,1,0.44814590440790686,0.4860644834407536,0.03791857903284673
345,Dining and Drinking,1,0.37249690638732413,0.3537272017024179,-0.01876970468490624
356,Dining and Drinking,1,0.6551812735953949,0.638956671103667,-0.016224602491727858
360,Dining and Drinking,1,0.47473849016499564,0.4995419832404947,0.02480349307549906
363,Dining and Drinking,1,0.4876841691180254,0.48276362272062273,-0.004920546397402692
364,Dining and Drinking,1,0.37388400319876625,0.386003785306405,0.012119782107638755
366,Dining and Drinking,1,0.6859987770821558,0.6634841954295867,-0.022514581652569143
369,Dining and Drinking,1,0.6851792041155396,0.7008214366189252,0.01564223250338559
373,Dining and Drinking,1,0.3127344378635649,0.3659649772572031,0.0532305393936382
382,Dining and Drinking,1,0.451171357683856,0.4949437846462306,0.0437724269623746
396,Dining and Drinking,1,0.616698610768044,0.6375927696844914,0.020894158916447414
400,Dining and Drinking,1,0.5055983233897835,0.5227302903228601,0.017131966933076614
420,Dining and Drinking,1,0.5041185841000033,0.5356422362287199,0.03152365212871655
425,Dining and Drinking,1,0.38138878008470234,0.3841734032007621,0.002784623116059759
427,Dining and Drinking,1,0.37989391268154016,0.3996764042755325,0.01978249159399237
428,Dining and Drinking,1,1.1772950666091373,1.211095247737743,0.03380018112860572
432,Dining and Drinking,1,1.1177156269885642,1.0783107893652741,-0.03940483762329006
433,Dining and Drinking,1,0.6546724598878622,0.5744494028443871,-0.0802230570434751
445,Dining and Drinking,1,0.45467735788265645,0.4821146298871544,0.02743727200449797
446,Dining and Drinking,1,0.3691264084076766,0.350491880539124,-0.018634527868552575
450,Dining and Drinking,1,0.47657222252705994,0.4862424400226918,0.00967021749563185
462,Dining and Drinking,1,0.5056575061970512,0.5361667133202701,0.030509207123218918
464,Dining and Drinking,1,0.5131976930029603,0.5408294914543791,0.027631798451418832
468,Dining and Drinking,1,0.7843383187442823,0.7895243645887421,0.005186045844459808
471,Dining and Drinking,1,0.756575042817853,0.6503724176956703,-0.1062026251221827
477,Dining and Drinking,1,0.43350468009848364,0.387554287218254,-0.04595039288022962
479,Dining and Drinking,1,0.5223853230798555,0.5350904363785659,0.01270511329871038
480,Dining and Drinking,1,0.4220479931769628,0.44123583047476456,0.01918783729780177
482,Dining and Drinking,1,0.6054250260076859,0.5355116621226039,-0.06991336388508196
493,Dining and Drinking,1,0.5383287745280452,0.5458571622846826,0.007528387756637445
497,Dining and Drinking,1,0.7764748897264313,0.7841619889550223,0.00768709922859101
505,Dining and Drinking,1,0.35838476773686945,0.3086032750250176,-0.04978149271185184
506,Dining and Drinking,1,0.3775675147630243,0.41728879356539295,0.03972127880236864
513,Dining and Drinking,1,0.31326017824568686,0.2860080585160776,-0.02725211972960928
514,Dining and Drinking,1,0.3775226119781637,0.44786743751666513,0.07034482553850141
519,Dining and Drinking,1,0.4300349124577947,0.3750907811755878,-0.054944131282206876
523,Dining and Drinking,1,0.263578111484447,0.26578569211569525,0.0022075806312482626
529,Dining and Drinking,1,0.44946123473929755,0.4985195236372699,0.04905828889797237
550,Dining and Drinking,1,0.4867518820149106,0.46191622786635195,-0.02483565414855865
555,Dining and Drinking,1,1.1457728420426743,1.1503651517349978,0.004592309692323493
558,Dining and Drinking,1,0.47816303077432676,0.442271597308879,-0.035891433465447764
560,Dining and Drinking,1,0.7905179015686783,0.9675945979883736,0.17707669641969526
586,Dining and Drinking,1,1.1914388669563012,1.214434979554249,0.02299611259794787
589,Dining and Drinking,1,0.47393578961288285,0.44984017046827207,-0.02409561914461078
591,Dining and Drinking,1,0.4141624738314043,0.49196040346623415,0.07779792963482984
595,Dining and Drinking,1,0.4026848504341236,0.3912712749061921,-0.011413575527931485
596,Dining and Drinking,1,0.26368994929229467,0.2869063994556136,0.023216450163318914
600,Dining and Drinking,1,0.5087829896425231,0.49875869254569527,-0.010024297096827839
601,Dining and Drinking,1,0.5402514340631764,0.5490721402307005,0.008820706167524062
605,Dining and Drinking,1,0.8774144059485867,0.8704818770506917,-0.006932528897894974
609,Dining and Drinking,1,0.42756649651470224,0.5299196907193995,0.10235319420469724
611,Dining and Drinking,1,0.5539851371927755,0.5413346410505744,-0.01265049614220115
614,Dining and Drinking,1,0.6757398030227268,0.6349851981874552,-0.0407546048352716
615,Dining and Drinking,1,0.629544815450045,0.6950737750125353,0.06552895956249027
625,Dining and Drinking,1,0.32360108907681434,0.315984913565073,-0.007616175511741319
629,Dining and Drinking,1,0.5095447622437395,0.5543277171638687,0.04478295492012929
633,Dining and Drinking,1,0.5172638500663952,0.4953677070388674,-0.021896143027527792
634,Dining and Drinking,1,0.4492693314339499,0.6231806938550442,0.17391136242109423
635,Dining and Drinking,1,0.4017599983968289,0.46554562505501185,0.06378562665818294
642,Dining and Drinking,1,0.6557753438871625,0.7088741473110682,0.053098803423905716
643,Dining and Drinking,1,0.263578111484447,0.26578569211569525,0.0022075806312482626
648,Dining and Drinking,1,0.5648609850645366,0.5919289157185186,0.027067930653981942
649,Dining and Drinking,1,0.4644423025487643,0.4545693768433372,-0.009872925705427082
657,Dining and Drinking,1,0.6752696318479203,0.6862787358954343,0.011009104047513985
658,Dining and Drinking,1,0.445469087768409,0.4493290134920782,0.003859925723669222
661,Dining and Drinking,1,0.5663133182291341,0.5770482597853558,0.010734941556221678
674,Dining and Drinking,1,0.6542174976218843,0.6555654434722519,0.0013479458503675712
676,Dining and Drinking,1,0.8239976934643893,0.836861890254859,0.012864196790469684
683,Dining and Drinking,1,0.9130896289158621,0.9099698583148113,-0.003119770601050842
691,Dining and Drinking,1,0.9527066970921333,0.838787905975696,-0.11391879111643732
694,Dining and Drinking,1,0.4141195664705237,0.4277911883033541,0.013671621832830383
707,Dining and Drinking,1,1.117351451935725,1.2652105170943742,0.1478590651586491
717,Dining and Drinking,1,0.40097275858010006,0.5119883787289654,0.11101562014886535
720,Dining and Drinking,1,0.616499970888409,0.5446080946427058,-0.07189187624570326
722,Dining and Drinking,1,0.4103673806300513,0.40295914392323284,-0.00740823670681845
726,Dining and Drinking,1,0.2841750861325322,0.25691823303663697,-0.027256853095895206
729,Dining and Drinking,1,0.7786296412503119,0.7485488769985121,-0.03008076425179973
733,Dining and Drinking,1,0.49236763793085403,0.6079918041837232,0.1156241662528692
734,Dining and Drinking,1,0.44048444330956216,0.5586739246566633,0.11818948134710117
737,Dining and Drinking,1,0.7525693634633196,0.7906621754204246,0.03809281195710501
740,Dining and Drinking,1,0.5113707888192952,0.5191478899174028,0.007777101098107586
744,Dining and Drinking,1,0.8253259631446959,0.8241356910404993,-0.0011902721041965325
755,Dining and Drinking,1,0.4603830118871376,0.5270384116686745,0.0666553997815369
765,Dining and Drinking,1,0.5068830441554948,0.5078322250182883,0.0009491808627934972
769,Dining and Drinking,1,0.5212645718855649,0.5134861459020309,-0.007778425983533954
773,Dining and Drinking,1,0.3320435187198499,0.33226813719978243,0.0002246184799325479
778,Dining and Drinking,1,0.6554218808812509,0.6388079300658398,-0.01661395081541106
779,Dining and Drinking,1,0.5689755601481166,0.5492470083816823,-0.019728551766434288
784,Dining and Drinking,1,0.6042934569483418,0.6063454582089702,0.0020520012606284332
791,Dining and Drinking,1,0.7152257958685019,0.6844298945898128,-0.03079590127868903
798,Dining and Drinking,1,0.433275122191346,0.435316369131974,0.0020412469406280165
799,Dining and Drinking,1,0.7241809906746701,1.2982120460148927,0.5740310553402226
801,Dining and Drinking,1,0.5828845954340711,0.515675082179319,-0.0672095132547521
804,Dining and Drinking,1,0.6068029364682236,0.5985709199213368,-0.008232016546886767
805,Dining and Drinking,1,0.5974940363667397,0.5810258324998316,-0.01646820386690806
816,Dining and Drinking,1,0.4895803256835798,0.47673235733541863,-0.012847968348161154
819,Dining and Drinking,1,0.47906820375192566,0.489541681698091,0.010473477946165322
830,Dining and Drinking,1,0.6260242525070077,0.6606386163059306,0.03461436379892291
832,Dining and Drinking,1,0.5486203415680252,0.502582773424311,-0.04603756814371418
837,Dining and Drinking,1,0.33203475235614366,0.47999082705873125,0.1479560747025876
843,Dining and Drinking,1,0.8088741726881654,0.8454519928558618,0.036577820167696395
848,Dining and Drinking,1,0.6553184793093014,0.650248845216834,-0.005069634092467412
859,Dining and Drinking,1,0.5474665467753812,0.5724386456851693,0.024972098909788132
861,Dining and Drinking,1,0.562992379435994,0.5837767204984752,0.02078434106248117
864,Dining and Drinking,1,0.5700008200094904,0.5646691622157677,-0.005331657793722688
866,Dining and Drinking,1,0.6454666636964601,0.7102485296132983,0.06478186591683821
875,Dining and Drinking,1,0.46557781610908966,0.5136467583859379,0.048068942276848214
878,Dining and Drinking,1,0.5677016916574498,0.5496273073506851,-0.018074384306764668
879,Dining and Drinking,1,0.542117175291629,0.5419196980157666,-0.00019747727586238994
887,Dining and Drinking,1,0.3505586665306485,0.3612348707259564,0.010676204195307903
903,Dining and Drinking,1,0.9293425560873143,0.9748720730214749,0.04552951693416063
907,Dining and Drinking,1,0.3284466644536497,0.3365459147305989,0.008099250276949244
909,Dining and Drinking,1,0.5686744227279845,0.531978269081657,-0.0366961536463275
912,Dining and Drinking,1,0.41534754668702034,0.41167619936408467,-0.0036713473229356697
915,Dining and Drinking,1,0.5241625310287054,0.5278177475309438,0.003655216502238434
920,Dining and Drinking,1,0.4528124627197494,0.46623502853596427,0.013422565816214871
927,Dining and Drinking,1,0.7426750284069283,0.7255529335065617,-0.017122094900366647
929,Dining and Drinking,1,0.6694226501376556,0.7613242229339001,0.09190157279624456
930,Dining and Drinking,1,0.6769677985234646,0.7105235689405505,0.033555770417085906
935,Dining and Drinking,1,0.6045581043222714,0.6334498177699701,0.028891713447698697
938,Dining and Drinking,1,0.24796527119881454,0.25649997217801496,0.008534700979200421
941,Dining and Drinking,1,0.4508910047985322,0.4508802342509052,-1.07705476270481e-05
944,Dining and Drinking,1,0.6582379992931787,0.6524342541106447,-0.005803745182534015
947,Dining and Drinking,1,0.28606489726220236,0.25995594162775765,-0.026108955634444708
957,Dining and Drinking,1,0.4708744307845844,0.5162843361916759,0.0454099054070915
963,Dining and Drinking,1,0.4111847251676259,0.4234579103789058,0.012273185211279902
978,Dining and Drinking,1,0.6168457606740543,0.6070834257836523,-0.009762334890402014
979,Dining and Drinking,1,0.4669556319962321,0.5239957150456704,0.05704008304943836
980,Dining and Drinking,1,0.4675731916619667,0.4614496371317065,-0.0061235545302602
981,Dining and Drinking,1,0.5142334924816823,0.687252811215544,0.17301931873386178
986,Dining and Drinking,1,0.5692298459836107,0.5573601792827281,-0.01186966670088263
989,Dining and Drinking,1,0.38500927548019204,0.38399553741401804,-0.001013738066173997
997,Dining and Drinking,1,0.8744777935673878,0.8397593569203567,-0.034718436647031004
1000,Dining and Drinking,1,0.4763480298550971,0.4581297272477515,-0.018218302607345638
1011,Dining and Drinking,1,0.5749666661837433,0.5665052428744815,-0.008461423309261806
1013,Dining and Drinking,1,1.1525400287363974,1.098062648739327,-0.05447737999707036
1016,Dining and Drinking,1,0.46635172263716484,0.460034847127965,-0.0063168755091998485
1018,Dining and Drinking,1,0.45475672878620815,0.45539745889157746,0.0006407301053693026
1024,Dining and Drinking,1,0.7419393684398315,0.8252578092642173,0.08331844082438578
1027,Dining and Drinking,1,0.778237300470336,0.7690242330635493,-0.009213067406786735
1033,Dining and Drinking,1,0.889766751778323,0.8528067138511923,-0.03696003792713065
1037,Dining and Drinking,1,0.5110298760276417,0.569530912691051,0.058501036663409334
1041,Dining and Drinking,1,0.40325565506596966,0.41635267989380786,0.0130970248278382
1042,Dining and Drinking,1,0.41545489665313284,0.44344977755694714,0.0279948809038143
1061,Dining and Drinking,1,0.41733524288606494,0.46829380914902985,0.05095856626296491
1065,Dining and Drinking,1,0.41347817209254056,0.4151456910665099,0.0016675189739693286
1067,Dining and Drinking,1,0.7714005237449574,0.7770217628810169,0.005621239136059497
1079,Dining and Drinking,1,0.4007406179302483,0.43753099519314237,0.03679037726289408
1087,Dining and Drinking,1,0.6185222704091229,0.6362742393810092,0.017751968971886356
1092,Dining and Drinking,1,0.4463040914084397,0.4061181556994951,-0.040185935708944576
1094,Dining and Drinking,1,0.7783765403850518,0.7796405933742201,0.0012640529891683183
1108,Dining and Drinking,1,0.3667070005855422,0.4210290859875262,0.05432208540198402
1114,Dining and Drinking,1,0.5676444739499075,0.6289955296464393,0.061351055696531875
1117,Dining and Drinking,1,0.5130516294889842,0.49138187602923505,-0.02166975345974914
1118,Dining and Drinking,1,0.5086831405152217,0.5229326604211507,0.014249519905929042
1120,Dining and Drinking,1,0.5100135500852314,0.5263557709299773,0.016342220844745903
1124,Dining and Drinking,1,0.5340807040139202,0.5631279443700912,0.02904724035617101
1126,Dining and Drinking,1,0.48617726888724555,0.6372495713231904,0.15107230243594483
1134,Dining and Drinking,1,0.4988872259378798,0.4924407650123145,-0.006446460925565334
1136,Dining and Drinking,1,0.7778328189646859,0.7633047743871677,-0.014528044577518218
1138,Dining and Drinking,1,0.6910962545080591,0.5574321193639482,-0.1336641351441109
1146,Dining and Drinking,1,0.4488445423904279,0.4276477571286187,-0.021196785261809237
1150,Dining and Drinking,1,0.5156376308687692,0.4831400310856496,-0.03249759978311961
1159,Dining and Drinking,1,0.6017471038751707,0.694180737086761,0.09243363321159026
1161,Dining and Drinking,1,0.29419077903100826,0.3837155740577947,0.08952479502678645
1164,Dining and Drinking,1,0.3725860766119103,0.3716306641669321,-0.0009554124449782098
1169,Dining and Drinking,1,0.6008491702906289,0.5092358645477781,-0.09161330574285076
1184,Dining and Drinking,1,0.5967708989218855,0.5785750638498912,-0.018195835071994293
1185,Dining and Drinking,1,0.41547670646296603,0.4259637691186453,0.01048706265567928
1186,Dining and Drinking,1,0.47261995073417906,0.8566663027449838,0.3840463520108047
1187,Dining and Drinking,1,0.6730728344771735,0.7433195373480375,0.07024670287086399
1192,Dining and Drinking,1,0.44818933881618983,0.440572222870689,-0.007617115945500852
1197,Dining and Drinking,1,0.516451854000405,0.5672684174269361,0.05081656342653107
1208,Dining and Drinking,1,0.5805384769609877,1.9465698301478542,1.3660313531868664
1214,Dining and Drinking,1,0.6263837302578465,0.5880701564591067,-0.0383135737987399
1218,Dining and Drinking,1,0.8293432835269775,0.8032053481202036,-0.026137935406773893
1221,Dining and Drinking,1,0.7155131697051375,0.605876390677244,-0.10963677902789348
1224,Dining and Drinking,1,1.1975274232188764,1.1399168319113082,-0.05761059130756818
1228,Dining and Drinking,1,0.5028814308830878,0.5168310078689256,0.013949576985837764
1232,Dining and Drinking,1,0.5543934824587714,0.580758020099724,0.02636453764095259
2,Dining and Drinking,2,0.4767638162316865,0.5197796027696104,0.04301578653792393
5,Dining and Drinking,2,0.4332332014173959,0.45528940132300133,0.022056199905605423
12,Dining and Drinking,2,0.519302399997308,0.5130970306072449,-0.006205369390063109
21,Dining and Drinking,2,2.595639005986566,2.317120557645599,-0.27851844834096706
25,Dining and Drinking,2,0.38885050116016134,0.48873180769507707,0.09988130653491573
36,Dining and Drinking,2,0.3761953947991983,0.4009936109944137,0.02479821619521544
37,Dining and Drinking,2,0.4958668704485165,0.43131171492794385,-0.06455515552057267
49,Dining and Drinking,2,0.5421964118071112,0.6004658395401637,0.05826942773305255
53,Dining and Drinking,2,0.3266028490144008,0.40372169402971264,0.07711884501531185
56,Dining and Drinking,2,0.2940677131245064,0.3031246672230268,0.009056954098520364
64,Dining and Drinking,2,1.0933877965290209,1.0813813755372212,-0.012006420991799605
67,Dining and Drinking,2,0.8966722106954357,0.9074560682805868,0.010783857585151102
69,Dining and Drinking,2,0.5331252816258939,0.5385806018609672,0.005455320235073335
72,Dining and Drinking,2,0.3532408006349333,0.3286253516109924,-0.024615449023940916
74,Dining and Drinking,2,0.5089446046163831,0.556649700479088,0.04770509586270488
77,Dining and Drinking,2,0.4000605076331013,0.43907424495602626,0.03901373732292496
84,Dining and Drinking,2,0.4536921758764068,0.38281851173919246,-0.07087366413721435
90,Dining and Drinking,2,0.5430741396180734,0.9216127198675927,0.37853858024951936
97,Dining and Drinking,2,0.5697050699965832,0.5846555834998224,0.014950513503239171
98,Dining and Drinking,2,0.4708658338992647,0.4950297749577386,0.024163941058473914
99,Dining and Drinking,2,0.3357802787781508,0.3453475050393958,0.00956722626124501
109,Dining and Drinking,2,0.5960995299048867,0.5949016430720322,-0.001197886832854489
111,Dining and Drinking,2,0.5586523716002444,0.5602089089439993,0.001556537343754938
117,Dining and Drinking,2,0.32631611456089626,0.3204243300790447,-0.00589178448185157
118,Dining and Drinking,2,0.33259677380626296,0.3560691613354668,0.02347238752920383
120,Dining and Drinking,2,0.4127254767146181,0.4783098065005195,0.0655843297859014
124,Dining and Drinking,2,0.42974198261393787,0.5216277698635734,0.09188578724963553
126,Dining and Drinking,2,0.45844246542620126,0.4189177813126218,-0.039524684113579456
130,Dining and Drinking,2,0.5233879244525205,0.8388817038350163,0.3154937793824958
144,Dining and Drinking,2,0.4512602421254125,0.5070189565700639,0.055758714444651414
149,Dining and Drinking,2,0.5238566978598095,0.44055317408102385,-0.08330352377878564
150,Dining and Drinking,2,0.504103936695667,0.4703230592474774,-0.033780877448189583
160,Dining and Drinking,2,0.5456833508181954,0.5535613367001513,0.007877985881955873
164,Dining and Drinking,2,0.3345894370061063,0.339048481485884,0.004459044479777685
166,Dining and Drinking,2,0.2996998282689129,0.34348563931130704,0.04378581104239415
173,Dining and Drinking,2,0.5775251385776741,0.635726815401344,0.058201676823669946
186,Dining and Drinking,2,0.4797996276759682,0.4422201149182363,-0.03757951275773186
189,Dining and Drinking,2,0.3573433728503198,0.3680979057997885,0.01075453294946871
199,Dining and Drinking,2,1.0982004559589997,1.0596334143431274,-0.03856704161587232
206,Dining and Drinking,2,0.38449508015201284,0.3949935511645824,0.010498471012569566
208,Dining and Drinking,2,1.2667283088067145,1.2354836607663588,-0.03124464804035565
209,Dining and Drinking,2,0.511249846093341,0.601117319731238,0.08986747363789704
212,Dining and Drinking,2,0.5084226545669722,0.45116547699789844,-0.05725717756907378
213,Dining and Drinking,2,0.4619594275007839,0.5343065742978398,0.0723471467970559
220,Dining and Drinking,2,1.0670825295591375,3.560494128809382,2.4934115992502446
223,Dining and Drinking,2,1.376369308667773,1.241330484732517,-0.135038823935256
234,Dining and Drinking,2,0.6109962161755625,2.5091426496719045,1.898146433496342
237,Dining and Drinking,2,0.7716145256582242,0.6689338474457991,-0.1026806782124251
244,Dining and Drinking,2,0.4795941124402018,0.4716083731207195,-0.007985739319482266
245,Dining and Drinking,2,0.4338005240826789,0.4580097078684978,0.024209183785818933
251,Dining and Drinking,2,1.3919913307989944,0.8842975184565323,-0.5076938123424621
253,Dining and Drinking,2,0.6711398021568339,0.6062332722111515,-0.06490652994568236
258,Dining and Drinking,2,0.5676310871122393,0.562401030270992,-0.0052300568412473325
264,Dining and Drinking,2,0.6508587521694869,0.8937694279142028,0.24291067574471592
268,Dining and Drinking,2,0.524166100877322,0.525234525675647,0.0010684247983250295
269,Dining and Drinking,2,0.38947238311848004,0.4712827158942467,0.08181033277576666
270,Dining and Drinking,2,0.5940037064727022,0.7082734502992492,0.11426974382654698
273,Dining and Drinking,2,0.44414241045959413,0.44997840429090696,0.005835993831312836
274,Dining and Drinking,2,0.5541561793696301,0.5654380330115654,0.011281853641935236
280,Dining and Drinking,2,0.9608296196759533,4.69391616970011,3.7330865500241566
283,Dining and Drinking,2,0.4085393596572059,0.42119135935070806,0.01265199969350217
292,Dining and Drinking,2,0.9926225073652812,0.9119297379705735,-0.08069276939470771
325,Dining and Drinking,2,0.2979073001088789,0.3613184234426206,0.06341112333374171
329,Dining and Drinking,2,0.8776896043896696,0.907537269139635,0.029847664749965364
330,Dining and Drinking,2,0.9434044911805204,0.9855454828006579,0.04214099162013751
335,Dining and Drinking,2,0.5269845760774727,0.5951567373454685,0.06817216126799575
337,Dining and Drinking,2,0.5534634059139114,0.578897706248473,0.02543430033456162
340,Dining and Drinking,2,0.44814590440790686,0.5421966253058842,0.09405072089797734
345,Dining and Drinking,2,0.37249690638732413,0.3401825736908191,-0.03231433269650502
356,Dining and Drinking,2,0.6551812735953949,0.6411854822005474,-0.013995791394847523
360,Dining and Drinking,2,0.47473849016499564,0.5311082896398795,0.05636979947488391
363,Dining and Drinking,2,0.4876841691180254,0.48778317187556763,9.900275754221033e-05
364,Dining and Drinking,2,0.37388400319876625,0.41485351610194365,0.04096951290317741
366,Dining and Drinking,2,0.6859987770821558,0.6501844074116278,-0.03581436967052809
369,Dining and Drinking,2,0.6851792041155396,0.7203007628244509,0.035121558708911316
373,Dining and Drinking,2,0.3127344378635649,0.4330707147467552,0.12033627688319026
382,Dining and Drinking,2,0.451171357683856,0.5465869783315057,0.09541562064764969
396,Dining and Drinking,2,0.616698610768044,0.6599391591980261,0.04324054842998215
400,Dining and Drinking,2,0.5055983233897835,0.5415101853241319,0.035911861934348366
420,Dining and Drinking,2,0.5041185841000033,0.5822121567428817,0.07809357264287842
425,Dining and Drinking,2,0.38138878008470234,0.38762715144938675,0.006238371364684414
427,Dining and Drinking,2,0.37989391268154016,0.4320173769938804,0.05212346431234022
428,Dining and Drinking,2,1.1772950666091373,1.244948732016252,0.0676536654071147
432,Dining and Drinking,2,1.1177156269885642,1.057658834944012,-0.060056792044552276
433,Dining and Drinking,2,0.6546724598878622,0.5006126671623352,-0.15405979272552695
445,Dining and Drinking,2,0.45467735788265645,0.7620833223437845,0.30740596446112806
446,Dining and Drinking,2,0.3691264084076766,0.38508356531383636,0.015957156906159786
450,Dining and Drinking,2,0.47657222252705994,0.49682968842565345,0.020257465898593507
462,Dining and Drinking,2,0.5056575061970512,0.5757619556575443,0.0701044494604931
464,Dining and Drinking,2,0.5131976930029603,0.5626884202072225,0.049490727204262286
468,Dining and Drinking,2,0.7843383187442823,0.7944694366832192,0.010131117938936951
471,Dining and Drinking,2,0.756575042817853,0.633065186445182,-0.12350985637267109
477,Dining and Drinking,2,0.43350468009848364,0.6576129998845752,0.22410831978609158
479,Dining and Drinking,2,0.5223853230798555,0.549090797567193,0.02670547448733751
480,Dining and Drinking,2,0.4220479931769628,0.36919590833575533,-0.05285208484120746
482,Dining and Drinking,2,0.6054250260076859,0.5078071377917824,-0.09761788821590345
493,Dining and Drinking,2,0.5383287745280452,0.5539704287186619,0.015641654190616694
497,Dining and Drinking,2,0.7764748897264313,0.8072713614615089,0.030796471735077602
505,Dining and Drinking,2,0.35838476773686945,0.28129247124224505,-0.0770922964946244
506,Dining and Drinking,2,0.3775675147630243,0.4567755104755105,0.07920799571248621
513,Dining and Drinking,2,0.31326017824568686,0.28057764592065937,-0.03268253232502749
514,Dining and Drinking,2,0.3775226119781637,1.150018882206693,0.7724962702285293
519,Dining and Drinking,2,0.4300349124577947,0.40096614454471313,-0.02906876791308155
523,Dining and Drinking,2,0.263578111484447,0.2697657723381273,0.006187660853680332
529,Dining and Drinking,2,0.44946123473929755,0.5534449519325642,0.1039837171932666
550,Dining and Drinking,2,0.4867518820149106,0.44610898495578155,-0.040642897059129046
555,Dining and Drinking,2,1.1457728420426743,1.1567368655302235,0.010964023487549213
558,Dining and Drinking,2,0.47816303077432676,0.4195845040740023,-0.058578526700324485
560,Dining and Drinking,2,0.7905179015686783,1.1203469344090058,0.3298290328403275
586,Dining and Drinking,2,1.1914388669563012,1.2803809311737164,0.08894206421741524
589,Dining and Drinking,2,0.47393578961288285,0.4509093845429544,-0.02302640506992848
591,Dining and Drinking,2,0.4141624738314043,0.59460464739278,0.18044217356137565
595,Dining and Drinking,2,0.4026848504341236,0.42726633329288455,0.02458148285876094
596,Dining and Drinking,2,0.26368994929229467,0.3317805673934582,0.06809061810116351
600,Dining and Drinking,2,0.5087829896425231,0.4995725997093631,-0.009210389933160035
601,Dining and Drinking,2,0.5402514340631764,0.5871185744081926,0.046867140345016156
605,Dining and Drinking,2,0.8774144059485867,0.8641971207385687,-0.01321728521001797
609,Dining and Drinking,2,0.42756649651470224,0.7381098113080704,0.31054331479336816
611,Dining and Drinking,2,0.5539851371927755,0.5328054869049937,-0.021179650287781793
614,Dining and Drinking,2,0.6757398030227268,0.6012856784241838,-0.07445412459854306
615,Dining and Drinking,2,0.629544815450045,1.1351864362663393,0.5056416208162943
625,Dining and Drinking,2,0.32360108907681434,0.5087578507810433,0.18515676170422896
629,Dining and Drinking,2,0.5095447622437395,1.1021090387290817,0.5925642764853423
633,Dining and Drinking,2,0.5172638500663952,0.484336876388772,-0.032926973677623206
634,Dining and Drinking,2,0.4492693314339499,6.650684986755063,6.201415655321113
635,Dining and Drinking,2,0.4017599983968289,0.6261940772928072,0.22443407889597827
642,Dining and Drinking,2,0.6557753438871625,0.7342596713418373,0.07848432745467482
643,Dining and Drinking,2,0.263578111484447,0.2697657723381273,0.006187660853680332
648,Dining and Drinking,2,0.5648609850645366,1.9583042787905771,1.3934432937260404
649,Dining and Drinking,2,0.4644423025487643,0.46194043791588246,-0.002501864632881823
657,Dining and Drinking,2,0.6752696318479203,0.7099303507882189,0.03466071894029854
658,Dining and Drinking,2,0.445469087768409,0.4616100700164919,0.016140982248082913
661,Dining and Drinking,2,0.5663133182291341,0.6309812331739053,0.0646679149447712
674,Dining and Drinking,2,0.6542174976218843,0.6717675662776439,0.017550068655759588
676,Dining and Drinking,2,0.8239976934643893,0.8587281591172922,0.03473046565290283
683,Dining and Drinking,2,0.9130896289158621,0.912969977816831,-0.00011965109903111504
691,Dining and Drinking,2,0.9527066970921333,1.7021491672713989,0.7494424701792656
694,Dining and Drinking,2,0.4141195664705237,0.4496853381310174,0.035565771660493684
707,Dining and Drinking,2,1.117351451935725,1.5628978770509345,0.4455464251152095
717,Dining and Drinking,2,0.40097275858010006,0.5429905444667169,0.14201778588661684
720,Dining and Drinking,2,0.616499970888409,0.49004177860301923,-0.1264581922853898
722,Dining and Drinking,2,0.4103673806300513,0.4098971737339495,-0.0004702068961017769
726,Dining and Drinking,2,0.2841750861325322,0.25919828640411496,-0.02497679972841721
729,Dining and Drinking,2,0.7786296412503119,0.7263675345028646,-0.052262106747447246
733,Dining and Drinking,2,0.49236763793085403,0.7654804347564197,0.27311279682556566
734,Dining and Drinking,2,0.44048444330956216,0.688045975438062,0.24756153212849985
737,Dining and Drinking,2,0.7525693634633196,0.8447292100227914,0.09215984655947185
740,Dining and Drinking,2,0.5113707888192952,0.5460361653603433,0.034665376541048065
744,Dining and Drinking,2,0.8253259631446959,0.8240108250529131,-0.0013151380917827415
755,Dining and Drinking,2,0.4603830118871376,0.5974061328299181,0.13702312094278046
765,Dining and Drinking,2,0.5068830441554948,0.5083795561802187,0.001496512024723895
769,Dining and Drinking,2,0.5212645718855649,0.5197873789245088,-0.001477192961056084
773,Dining and Drinking,2,0.3320435187198499,0.3327678246075681,0.0007243058877182129
778,Dining and Drinking,2,0.6554218808812509,0.640361399539709,-0.01506048134154181
779,Dining and Drinking,2,0.5689755601481166,0.5355814210611436,-0.033394139086972974
784,Dining and Drinking,2,0.6042934569483418,0.598194494304068,-0.0060989626442737865
791,Dining and Drinking,2,0.7152257958685019,0.6715247737792287,-0.04370102208927318
798,Dining and Drinking,2,0.433275122191346,0.4520773688192034,0.0188022466278574
799,Dining and Drinking,2,0.7241809906746701,4.684837831079805,3.960656840405135
801,Dining and Drinking,2,0.5828845954340711,0.9118259164658308,0.32894132103175966
804,Dining and Drinking,2,0.6068029364682236,0.5945312240194004,-0.012271712448823191
805,Dining and Drinking,2,0.5974940363667397,0.5816343780282853,-0.015859658338454374
816,Dining and Drinking,2,0.4895803256835798,0.48233026477359964,-0.007250060909980149
819,Dining and Drinking,2,0.47906820375192566,0.49521436549940173,0.016146161747476073
830,Dining and Drinking,2,0.6260242525070077,0.6997145450568615,0.07369029254985382
832,Dining and Drinking,2,0.5486203415680252,0.4756546641092401,-0.07296567745878507
837,Dining and Drinking,2,0.33203475235614366,0.6483645068084146,0.31632975445227096
843,Dining and Drinking,2,0.8088741726881654,1.0386602378677376,0.22978606517957223
848,Dining and Drinking,2,0.6553184793093014,0.650189599869947,-0.005128879439354472
859,Dining and Drinking,2,0.5474665467753812,0.596463583641486,0.04899703686610479
861,Dining and Drinking,2,0.562992379435994,0.6122169181759122,0.04922453873991817
864,Dining and Drinking,2,0.5700008200094904,0.5605872929172624,-0.00941352709222798
866,Dining and Drinking,2,0.6454666636964601,0.7811969764440586,0.1357303127475985
875,Dining and Drinking,2,0.46557781610908966,0.5733534534402691,0.10777563733117945
878,Dining and Drinking,2,0.5677016916574498,0.5364110639402881,-0.03129062771716162
879,Dining and Drinking,2,0.542117175291629,0.6059732611114653,0.06385608581983637
887,Dining and Drinking,2,0.3505586665306485,0.3921876075701587,0.0416289410395102
903,Dining and Drinking,2,0.9293425560873143,1.214002705342226,0.2846601492549117
907,Dining and Drinking,2,0.3284466644536497,0.3593924037824835,0.03094573932883382
909,Dining and Drinking,2,0.5686744227279845,1.7275645485837858,1.1588901258558013
912,Dining and Drinking,2,0.41534754668702034,0.4106329209921272,-0.004714625694893115
915,Dining and Drinking,2,0.5241625310287054,0.5453911042254381,0.02122857319673277
920,Dining and Drinking,2,0.4528124627197494,0.6792211072234194,0.22640864450367004
927,Dining and Drinking,2,0.7426750284069283,0.705369907017304,-0.037305121389624385
929,Dining and Drinking,2,0.6694226501376556,1.2353091814220383,0.5658865312843827
930,Dining and Drinking,2,0.6769677985234646,0.7598501430615077,0.0828823445380431
935,Dining and Drinking,2,0.6045581043222714,0.5759357751988334,-0.028622329123437984
938,Dining and Drinking,2,0.24796527119881454,0.3117776667862919,0.06381239558747734
941,Dining and Drinking,2,0.4508910047985322,0.45211521052602466,0.0012242057274924334
944,Dining and Drinking,2,0.6582379992931787,0.6580983263312872,-0.000139672961891546
947,Dining and Drinking,2,0.28606489726220236,0.24473239052743323,-0.041332506734769126
957,Dining and Drinking,2,0.4708744307845844,0.6192317182229377,0.14835728743835325
963,Dining and Drinking,2,0.4111847251676259,0.43676891486034763,0.025584189692721748
978,Dining and Drinking,2,0.6168457606740543,0.6013991266305732,-0.015446634043481122
979,Dining and Drinking,2,0.4669556319962321,0.6164949015436064,0.14953926954737434
980,Dining and Drinking,2,0.4675731916619667,0.46237442314788146,-0.005198768514085239
981,Dining and Drinking,2,0.5142334924816823,1.1908028685812067,0.6765693760995244
986,Dining and Drinking,2,0.5692298459836107,1.1024796370243055,0.5332497910406948
989,Dining and Drinking,2,0.38500927548019204,0.38330762832318,-0.0017016471570120428
997,Dining and Drinking,2,0.8744777935673878,3.254945314097643,2.3804675205302557
1000,Dining and Drinking,2,0.4763480298550971,0.4668200771812804,-0.00952795267381673
1011,Dining and Drinking,2,0.5749666661837433,0.5691087006523217,-0.005857965531421594
1013,Dining and Drinking,2,1.1525400287363974,1.0673194864822064,-0.08522054225419096
1016,Dining and Drinking,2,0.46635172263716484,0.49345597513071016,0.02710425249354531
1018,Dining and Drinking,2,0.45475672878620815,0.4630299034736661,0.008273174687457974
1024,Dining and Drinking,2,0.7419393684398315,0.9196173522364463,0.1776779837966147
1027,Dining and Drinking,2,0.778237300470336,0.7677619562665081,-0.010475344203827897
1033,Dining and Drinking,2,0.889766751778323,0.8166019241351923,-0.0731648276431307
1037,Dining and Drinking,2,0.5110298760276417,0.6193125561864008,0.10828268015875908
1041,Dining and Drinking,2,0.40325565506596966,0.43150051819487795,0.028244863128908282
1042,Dining and Drinking,2,0.41545489665313284,0.5101075913335362,0.09465269468040338
1061,Dining and Drinking,2,0.41733524288606494,0.5974221217412328,0.18008687885516783
1065,Dining and Drinking,2,0.41347817209254056,0.4264813085321819,0.01300313643964135
1067,Dining and Drinking,2,0.7714005237449574,0.7839948073026635,0.012594283557706087
1079,Dining and Drinking,2,0.4007406179302483,0.5077516872057095,0.10701106927546122
1087,Dining and Drinking,2,0.6185222704091229,0.6564586659689025,0.03793639555977957
1092,Dining and Drinking,2,0.4463040914084397,0.4218559154305892,-0.024448175977850484
1094,Dining and Drinking,2,0.7783765403850518,0.7802083925693678,0.0018318521843160296
1108,Dining and Drinking,2,0.3667070005855422,0.48775566270921356,0.12104866212367138
1114,Dining and Drinking,2,0.5676444739499075,0.7253537796093128,0.15770930565940533
1117,Dining and Drinking,2,0.5130516294889842,0.5183822121469515,0.005330582657967264
1118,Dining and Drinking,2,0.5086831405152217,0.5650571117273762,0.05637397121215448
1120,Dining and Drinking,2,0.5100135500852314,0.5355135458336083,0.025499995748376914
1124,Dining and Drinking,2,0.5340807040139202,0.604531572918837,0.07045086890491681
1126,Dining and Drinking,2,0.48617726888724555,0.7678620019233231,0.28168473303607755
1134,Dining and Drinking,2,0.4988872259378798,0.5392472277719456,0.04036000183406574
1136,Dining and Drinking,2,0.7778328189646859,0.7411404803398837,-0.036692338624802256
1138,Dining and Drinking,2,0.6910962545080591,0.5069651733124835,-0.18413108119557564
1146,Dining and Drinking,2,0.4488445423904279,0.46314375965324567,0.014299217262817743
1150,Dining and Drinking,2,0.5156376308687692,0.4580762160085272,-0.05756141486024202
1159,Dining and Drinking,2,0.6017471038751707,0.794056517584808,0.19230941370963728
1161,Dining and Drinking,2,0.29419077903100826,0.5844502781928489,0.29025949916184063
1164,Dining and Drinking,2,0.3725860766119103,0.37178814017877515,-0.000797936433135138
1169,Dining and Drinking,2,0.6008491702906289,0.5336785737865256,-0.06717059650410329
1184,Dining and Drinking,2,0.5967708989218855,0.5910428821028527,-0.0057280168190327885
1185,Dining and Drinking,2,0.41547670646296603,0.4772998314253174,0.06182312496235137
1186,Dining and Drinking,2,0.47261995073417906,1.1632334960669501,0.6906135453327711
1187,Dining and Drinking,2,0.6730728344771735,1.188257323527865,0.5151844890506916
1192,Dining and Drinking,2,0.44818933881618983,0.449844760084532,0.001655421268342172
1197,Dining and Drinking,2,0.516451854000405,0.6775613119150987,0.16110945791469367
1208,Dining and Drinking,2,0.5805384769609877,3.4389061793316045,2.8583677023706167
1214,Dining and Drinking,2,0.6263837302578465,0.5610583704931288,-0.06532535976471776
1218,Dining and Drinking,2,0.8293432835269775,0.7876733307931205,-0.041669952733856985
1221,Dining and Drinking,2,0.7155131697051375,0.5675637908865215,-0.14794937881861592
1224,Dining and Drinking,2,1.1975274232188764,1.0820844298292172,-0.11544299338965924
1228,Dining and Drinking,2,0.5028814308830878,0.5596321034486957,0.05675067256560795
1232,Dining and Drinking,2,0.5543934824587714,0.5735079990269559,0.019114516568184525
2,Dining and Drinking,3,0.4767638162316865,0.5578753942804398,0.08111157804875324
5,Dining and Drinking,3,0.4332332014173959,0.5404924253051094,0.10725922388771353
12,Dining and Drinking,3,0.519302399997308,0.6014849025407499,0.08218250254344195
21,Dining and Drinking,3,2.595639005986566,2.173905882178885,-0.42173312380768113
25,Dining and Drinking,3,0.38885050116016134,0.5778809706841253,0.1890304695239639
36,Dining and Drinking,3,0.3761953947991983,0.3597058376156411,-0.016489557183557157
37,Dining and Drinking,3,0.4958668704485165,0.4119258249786751,-0.08394104546984144
49,Dining and Drinking,3,0.5421964118071112,0.6371532613852988,0.09495684957818762
53,Dining and Drinking,3,0.3266028490144008,0.4587004597219151,0.1320976107075143
56,Dining and Drinking,3,0.2940677131245064,0.31843157183543097,0.024363858710924557
64,Dining and Drinking,3,1.0933877965290209,1.3924617435795306,0.2990739470505097
67,Dining and Drinking,3,0.8966722106954357,0.9139093635541136,0.017237152858677884
69,Dining and Drinking,3,0.5331252816258939,0.5317724956242301,-0.001352786001663775
72,Dining and Drinking,3,0.3532408006349333,0.34851276501552503,-0.004728035619408266
74,Dining and Drinking,3,0.5089446046163831,0.6035664078508518,0.09462180323446867
77,Dining and Drinking,3,0.4000605076331013,0.4601618737682461,0.060101366135144774
84,Dining and Drinking,3,0.4536921758764068,0.36715657763426957,-0.08653559824213725
90,Dining and Drinking,3,0.5430741396180734,1.0016290803940033,0.45855494077592995
97,Dining and Drinking,3,0.5697050699965832,0.6304293175229452,0.06072424752636196
98,Dining and Drinking,3,0.4708658338992647,0.5082898109320632,0.03742397703279848
99,Dining and Drinking,3,0.3357802787781508,0.3484086145971125,0.012628335818961667
109,Dining and Drinking,3,0.5960995299048867,0.6054013496231134,0.009301819718226745
111,Dining and Drinking,3,0.5586523716002444,0.5661755639780831,0.007523192377838717
117,Dining and Drinking,3,0.32631611456089626,0.33343812855179855,0.007122013990902287
118,Dining and Drinking,3,0.33259677380626296,0.37449510817717124,0.041898334370908286
120,Dining and Drinking,3,0.4127254767146181,0.5490728677302498,0.13634739101563165
124,Dining and Drinking,3,0.42974198261393787,0.7995944630392748,0.36985248042533697
126,Dining and Drinking,3,0.45844246542620126,0.4062642657254923,-0.05217819970070897
130,Dining and Drinking,3,0.5233879244525205,0.8591887822126492,0.3358008577601287
144,Dining and Drinking,3,0.4512602421254125,0.5432026966686196,0.09194245454320715
149,Dining and Drinking,3,0.5238566978598095,0.5214426791369668,-0.002414018722842637
150,Dining and Drinking,3,0.504103936695667,0.506964122920327,0.0028601862246599996
160,Dining and Drinking,3,0.5456833508181954,0.6061461019441661,0.06046275112597066
164,Dining and Drinking,3,0.3345894370061063,0.34058062107804926,0.005991184071942934
166,Dining and Drinking,3,0.2996998282689129,0.3741237904549223,0.07442396218600938
173,Dining and Drinking,3,0.5775251385776741,0.6857852840404542,0.10826014546278018
186,Dining and Drinking,3,0.4797996276759682,0.4503005543761479,-0.029499073299820266
189,Dining and Drinking,3,0.3573433728503198,0.4453166370275589,0.08797326417723911
199,Dining and Drinking,3,1.0982004559589997,1.132956335027545,0.03475587906854516
206,Dining and Drinking,3,0.38449508015201284,0.4048135254159554,0.020318445263942553
208,Dining and Drinking,3,1.2667283088067145,1.2222735042156514,-0.0444548045910631
209,Dining and Drinking,3,0.511249846093341,0.6413116817165585,0.1300618356232175
212,Dining and Drinking,3,0.5084226545669722,0.44148155203426487,-0.06694110253270735
213,Dining and Drinking,3,0.4619594275007839,0.5555090393697395,0.0935496118689556
220,Dining and Drinking,3,1.0670825295591375,4.898518672047624,3.8314361424884864
223,Dining and Drinking,3,1.376369308667773,1.2666425529151748,-0.10972675575259827
234,Dining and Drinking,3,0.6109962161755625,4.473156901575772,3.8621606854002093
237,Dining and Drinking,3,0.7716145256582242,0.6535912668518946,-0.11802325880632958
244,Dining and Drinking,3,0.4795941124402018,0.5047294042519668,0.025135291811764993
245,Dining and Drinking,3,0.4338005240826789,0.4959310633678373,0.06213053928515844
251,Dining and Drinking,3,1.3919913307989944,1.1202638091990207,-0.2717275215999737
253,Dining and Drinking,3,0.6711398021568339,0.5874619158523819,-0.08367788630445194
258,Dining and Drinking,3,0.5676310871122393,1.938063861479462,1.3704327743672229
264,Dining and Drinking,3,0.6508587521694869,1.0082705891220687,0.35741183695258183
268,Dining and Drinking,3,0.524166100877322,0.536029881623513,0.011863780746190988
269,Dining and Drinking,3,0.38947238311848004,0.5596820675274352,0.17020968440895518
270,Dining and Drinking,3,0.5940037064727022,0.7706743289564086,0.17667062248370646
273,Dining and Drinking,3,0.44414241045959413,0.4522660945278863,0.00812368406829217
274,Dining and Drinking,3,0.5541561793696301,0.5810461927565547,0.02689001338692454
280,Dining and Drinking,3,0.9608296196759533,4.631208344748554,3.670378725072601
283,Dining and Drinking,3,0.4085393596572059,0.4616116799241678,0.0530723202669619
292,Dining and Drinking,3,0.9926225073652812,0.7038271805688914,-0.28879532679638986
325,Dining and Drinking,3,0.2979073001088789,0.400797091712519,0.10288979160364009
329,Dining and Drinking,3,0.8776896043896696,0.9221599643052649,0.04447035991559534
330,Dining and Drinking,3,0.9434044911805204,1.0046842077365705,0.061279716556050134
335,Dining and Drinking,3,0.5269845760774727,0.6408306134606605,0.11384603738318777
337,Dining and Drinking,3,0.5534634059139114,0.5917226020632698,0.038259196149358354
340,Dining and Drinking,3,0.44814590440790686,0.6173183340674262,0.16917242965951934
345,Dining and Drinking,3,0.37249690638732413,0.33410435085504625,-0.03839255553227788
356,Dining and Drinking,3,0.6551812735953949,0.6683024284386518,0.013121154843256932
360,Dining and Drinking,3,0.47473849016499564,0.5670653492143394,0.09232685904934373
363,Dining and Drinking,3,0.4876841691180254,0.5028987021405715,0.015214533022546106
364,Dining and Drinking,3,0.37388400319876625,0.4522250343978087,0.07834103119904245
366,Dining and Drinking,3,0.6859987770821558,0.6478190517975424,-0.03817972528461344
369,Dining and Drinking,3,0.6851792041155396,0.7435731993161636,0.05839399520062405
373,Dining and Drinking,3,0.3127344378635649,0.49310170166047457,0.18036726379690965
382,Dining and Drinking,3,0.451171357683856,0.6084266580480259,0.15725530036416985
396,Dining and Drinking,3,0.616698610768044,0.6828722294193672,0.06617361865132321
400,Dining and Drinking,3,0.5055983233897835,0.5573888919630828,0.051790568573299334
420,Dining and Drinking,3,0.5041185841000033,0.6504503362081675,0.14633175210816418
425,Dining and Drinking,3,0.38138878008470234,0.3918743138246074,0.010485533739905073
427,Dining and Drinking,3,0.37989391268154016,0.4773119659986752,0.09741805331713504
428,Dining and Drinking,3,1.1772950666091373,1.2788088087557918,0.10151374214665454
432,Dining and Drinking,3,1.1177156269885642,1.0511733242152643,-0.06654230277329987
433,Dining and Drinking,3,0.6546724598878622,0.44505973419725925,-0.2096127256906029
445,Dining and Drinking,3,0.45467735788265645,0.9771139281168917,0.5224365702342353
446,Dining and Drinking,3,0.3691264084076766,0.444152367767218,0.07502595935954143
450,Dining and Drinking,3,0.47657222252705994,0.5081799892416554,0.031607766714595475
462,Dining and Drinking,3,0.5056575061970512,0.6188452598519582,0.11318775365490696
464,Dining and Drinking,3,0.5131976930029603,0.5762408958410372,0.06304320283807696
468,Dining and Drinking,3,0.7843383187442823,0.7992142559724327,0.014875937228150393
471,Dining and Drinking,3,0.756575042817853,0.9548175884387847,0.1982425456209317
477,Dining and Drinking,3,0.43350468009848364,1.0244122753306706,0.5909075952321869
479,Dining and Drinking,3,0.5223853230798555,0.5639989113960711,0.04161358831621553
480,Dining and Drinking,3,0.4220479931769628,1.322514534108009,0.9004665409310462
482,Dining and Drinking,3,0.6054250260076859,0.48624255970513686,-0.11918246630254903
493,Dining and Drinking,3,0.5383287745280452,0.5643188249547753,0.025990050426730082
497,Dining and Drinking,3,0.7764748897264313,0.8674360150999916,0.09096112537356027
505,Dining and Drinking,3,0.35838476773686945,0.28846945264683627,-0.06991531509003318
506,Dining and Drinking,3,0.3775675147630243,0.4911341556688301,0.11356664090580582
513,Dining and Drinking,3,0.31326017824568686,0.3092064434150907,-0.0040537348305961785
514,Dining and Drinking,3,0.3775226119781637,2.0203011321208963,1.6427785201427327
519,Dining and Drinking,3,0.4300349124577947,0.44092399069694566,0.010889078239150973
523,Dining and Drinking,3,0.263578111484447,0.27527906878008357,0.011700957295636583
529,Dining and Drinking,3,0.44946123473929755,0.611025835425642,0.16156460068634448
550,Dining and Drinking,3,0.4867518820149106,0.43700072583223487,-0.049751156182675726
555,Dining and Drinking,3,1.1457728420426743,1.1644296670115835,0.01865682496890919
558,Dining and Drinking,3,0.47816303077432676,0.42447117113281563,-0.05369185964151113
560,Dining and Drinking,3,0.7905179015686783,1.245506790152914,0.4549888885842357
586,Dining and Drinking,3,1.1914388669563012,1.249623970311728,0.058185103355426815
589,Dining and Drinking,3,0.47393578961288285,0.4640906498433808,-0.009845139769502076
591,Dining and Drinking,3,0.4141624738314043,0.7173824908267055,0.30322001699530116
595,Dining and Drinking,3,0.4026848504341236,0.5168760278010386,0.11419117736691498
596,Dining and Drinking,3,0.26368994929229467,0.39576299227950673,0.13207304298721206
600,Dining and Drinking,3,0.5087829896425231,0.5039853553092881,-0.00479763433323499
601,Dining and Drinking,3,0.5402514340631764,0.6270926806192164,0.08684124655603997
605,Dining and Drinking,3,0.8774144059485867,0.8589750385541912,-0.018439367394395445
609,Dining and Drinking,3,0.42756649651470224,0.946210716480211,0.5186442199655088
611,Dining and Drinking,3,0.5539851371927755,0.5291392032593133,-0.02484593393346224
614,Dining and Drinking,3,0.6757398030227268,0.5726955634787921,-0.10304423954393471
615,Dining and Drinking,3,0.629544815450045,1.9239611116184683,1.2944162961684231
625,Dining and Drinking,3,0.32360108907681434,0.6939352716683953,0.37033418259158096
629,Dining and Drinking,3,0.5095447622437395,1.764336971152219,1.2547922089084795
633,Dining and Drinking,3,0.5172638500663952,0.49868201432005926,-0.01858183574633593
634,Dining and Drinking,3,0.4492693314339499,6.913687106957908,6.464417775523958
635,Dining and Drinking,3,0.4017599983968289,0.8464047107376003,0.44464471234077135
642,Dining and Drinking,3,0.6557753438871625,0.7508577060246633,0.09508236213750076
643,Dining and Drinking,3,0.263578111484447,0.27527906878008357,0.011700957295636583
648,Dining and Drinking,3,0.5648609850645366,4.299464114970284,3.734603129905748
649,Dining and Drinking,3,0.4644423025487643,0.4653650857151934,0.0009227831664291308
657,Dining and Drinking,3,0.6752696318479203,0.7436878801285236,0.06841824828060328
658,Dining and Drinking,3,0.445469087768409,0.4792019795436514,0.03373289177524241
661,Dining and Drinking,3,0.5663133182291341,0.721111494167521,0.15479817593838685
674,Dining and Drinking,3,0.6542174976218843,0.6994253978512837,0.045207900229399356
676,Dining and Drinking,3,0.8239976934643893,0.8794486333160195,0.05545093985163019
683,Dining and Drinking,3,0.9130896289158621,0.922547837088819,0.00945820817295695
691,Dining and Drinking,3,0.9527066970921333,1.9922707733696559,1.0395640762775225
694,Dining and Drinking,3,0.4141195664705237,0.47337061769442995,0.059251051223906226
707,Dining and Drinking,3,1.117351451935725,1.9356102626944651,0.8182588107587401
717,Dining and Drinking,3,0.40097275858010006,0.6256578589747317,0.22468510039463163
720,Dining and Drinking,3,0.616499970888409,0.47497715886566355,-0.14152281202274547
722,Dining and Drinking,3,0.4103673806300513,0.420914421988828,0.01054704135877671
726,Dining and Drinking,3,0.2841750861325322,0.2633524079048599,-0.020822678227672253
729,Dining and Drinking,3,0.7786296412503119,0.708208041482252,-0.07042159976805984
733,Dining and Drinking,3,0.49236763793085403,0.9401039055036483,0.4477362675727943
734,Dining and Drinking,3,0.44048444330956216,0.7940112202392352,0.35352677692967305
737,Dining and Drinking,3,0.7525693634633196,0.908873659340063,0.15630429587674344
740,Dining and Drinking,3,0.5113707888192952,0.6425543840547984,0.13118359523550316
744,Dining and Drinking,3,0.8253259631446959,0.8261551201506497,0.0008291570059538733
755,Dining and Drinking,3,0.4603830118871376,0.6693319758033485,0.20894896391621087
765,Dining and Drinking,3,0.5068830441554948,0.5088049149826415,0.0019218708271466767
769,Dining and Drinking,3,0.5212645718855649,0.5329841067460966,0.011719534860531788
773,Dining and Drinking,3,0.3320435187198499,0.33378380766173954,0.001740288941889656
778,Dining and Drinking,3,0.6554218808812509,0.6825030620101935,0.027081181128942644
779,Dining and Drinking,3,0.5689755601481166,0.5296249863848682,-0.03935057376324835
784,Dining and Drinking,3,0.6042934569483418,0.5887252251683734,-0.015568231779968356
791,Dining and Drinking,3,0.7152257958685019,0.6671023710008428,-0.04812342486765908
798,Dining and Drinking,3,0.433275122191346,0.49362714402264607,0.06035202183130006
799,Dining and Drinking,3,0.7241809906746701,4.652716843924417,3.9285358532497474
801,Dining and Drinking,3,0.5828845954340711,3.788053116412663,3.2051685209785923
804,Dining and Drinking,3,0.6068029364682236,0.5925069856022008,-0.014295950866022755
805,Dining and Drinking,3,0.5974940363667397,0.5969766389169409,-0.0005173974497988398
816,Dining and Drinking,3,0.4895803256835798,0.506690202968817,0.017109877285237163
819,Dining and Drinking,3,0.47906820375192566,0.5096251011240287,0.030556897372103042
830,Dining and Drinking,3,0.6260242525070077,0.7396336139096371,0.11360936140262945
832,Dining and Drinking,3,0.5486203415680252,0.6368896486104016,0.08826930704237645
837,Dining and Drinking,3,0.33203475235614366,0.7618364347682348,0.42980168241209116
843,Dining and Drinking,3,0.8088741726881654,1.7641049548490475,0.9552307821608821
848,Dining and Drinking,3,0.6553184793093014,0.6555939293561258,0.0002754500468243881
859,Dining and Drinking,3,0.5474665467753812,0.6193969433825954,0.07193039660721423
861,Dining and Drinking,3,0.562992379435994,0.6497778759934936,0.08678549655749956
864,Dining and Drinking,3,0.5700008200094904,0.559118249588318,-0.010882570421172355
866,Dining and Drinking,3,0.6454666636964601,0.8492383383161574,0.20377167461969725
875,Dining and Drinking,3,0.46557781610908966,0.629602007609475,0.16402419150038539
878,Dining and Drinking,3,0.5677016916574498,0.5275241522682276,-0.040177539389222194
879,Dining and Drinking,3,0.542117175291629,0.7583121133529338,0.21619493806130485
887,Dining and Drinking,3,0.3505586665306485,0.48117289403836894,0.13061422750772045
903,Dining and Drinking,3,0.9293425560873143,1.4602022695786672,0.5308597134913529
907,Dining and Drinking,3,0.3284466644536497,0.3933889391815928,0.06494227472794312
909,Dining and Drinking,3,0.5686744227279845,3.591362517437286,3.0226880947093013
912,Dining and Drinking,3,0.41534754668702034,0.41222844618277515,-0.003119100504245187
915,Dining and Drinking,3,0.5241625310287054,0.5995119810353504,0.07534945000664506
920,Dining and Drinking,3,0.4528124627197494,1.0405491244372902,0.5877366617175408
927,Dining and Drinking,3,0.7426750284069283,0.6977528200456352,-0.044922208361293126
929,Dining and Drinking,3,0.6694226501376556,2.0736073724523307,1.404184722314675
930,Dining and Drinking,3,0.6769677985234646,0.8096339159968806,0.13266611747341606
935,Dining and Drinking,3,0.6045581043222714,1.8715534925771078,1.2669953882548364
938,Dining and Drinking,3,0.24796527119881454,0.393044909321738,0.1450796381229235
941,Dining and Drinking,3,0.4508910047985322,0.4550613123205369,0.0041703075220047015
944,Dining and Drinking,3,0.6582379992931787,0.6727564190375104,0.014518419744331656
947,Dining and Drinking,3,0.28606489726220236,0.26251860754642065,-0.02354628971578171
957,Dining and Drinking,3,0.4708744307845844,0.7201908299156446,0.24931639913106024
963,Dining and Drinking,3,0.4111847251676259,0.4507468666717454,0.03956214150411952
978,Dining and Drinking,3,0.6168457606740543,0.6039063935416227,-0.0129393671324316
979,Dining and Drinking,3,0.4669556319962321,0.753946024721309,0.2869903927250769
980,Dining and Drinking,3,0.4675731916619667,0.4728291399588318,0.005255948296865098
981,Dining and Drinking,3,0.5142334924816823,1.8741478272455616,1.3599143347638794
986,Dining and Drinking,3,0.5692298459836107,3.3869408743374305,2.81771102835382
989,Dining and Drinking,3,0.38500927548019204,0.38241252346507626,-0.0025967520151157775
997,Dining and Drinking,3,0.8744777935673878,3.71435590831447,2.8398781147470826
1000,Dining and Drinking,3,0.4763480298550971,0.5037345040617918,0.027386474206694655
1011,Dining and Drinking,3,0.5749666661837433,0.5706503653831465,-0.004316300800596751
1013,Dining and Drinking,3,1.1525400287363974,1.0524648774723604,-0.10007515126403699
1016,Dining and Drinking,3,0.46635172263716484,0.5081029187530671,0.04175119611590228
1018,Dining and Drinking,3,0.45475672878620815,0.5001507513239413,0.045394022537733114
1024,Dining and Drinking,3,0.7419393684398315,0.9975945876315055,0.255655219191674
1027,Dining and Drinking,3,0.778237300470336,0.7761421945891815,-0.0020951058811544687
1033,Dining and Drinking,3,0.889766751778323,0.7936433570227447,-0.0961233947555783
1037,Dining and Drinking,3,0.5110298760276417,0.6592192041606355,0.1481893281329938
1041,Dining and Drinking,3,0.40325565506596966,0.44485423281242253,0.04159857774645287
1042,Dining and Drinking,3,0.41545489665313284,0.5804823945270543,0.16502749787392146
1061,Dining and Drinking,3,0.41733524288606494,0.7503604861878951,0.33302524330183014
1065,Dining and Drinking,3,0.41347817209254056,0.45019148766608685,0.03671331557354629
1067,Dining and Drinking,3,0.7714005237449574,0.7919009635934467,0.02050043984848937
1079,Dining and Drinking,3,0.4007406179302483,0.615020241807722,0.21427962387747368
1087,Dining and Drinking,3,0.6185222704091229,0.6788416841301883,0.06031941372106542
1092,Dining and Drinking,3,0.4463040914084397,0.605492991512387,0.15918890010394732
1094,Dining and Drinking,3,0.7783765403850518,0.7806829081346638,0.002306367749612015
1108,Dining and Drinking,3,0.3667070005855422,0.5562177033214334,0.1895107027358912
1114,Dining and Drinking,3,0.5676444739499075,0.8494037742302769,0.28175930028036944
1117,Dining and Drinking,3,0.5130516294889842,0.6686046595596379,0.1555530300706537
1118,Dining and Drinking,3,0.5086831405152217,0.604528793658579,0.09584565314335736
1120,Dining and Drinking,3,0.5100135500852314,0.5476039483773983,0.03759039829216693
1124,Dining and Drinking,3,0.5340807040139202,0.6540037298731498,0.11992302585922965
1126,Dining and Drinking,3,0.48617726888724555,0.8815340432568193,0.3953567743695737
1134,Dining and Drinking,3,0.4988872259378798,1.1413163019401162,0.6424290760022364
1136,Dining and Drinking,3,0.7778328189646859,0.717065608232406,-0.060767210732279975
1138,Dining and Drinking,3,0.6910962545080591,0.5232744813174085,-0.1678217731906506
1146,Dining and Drinking,3,0.4488445423904279,0.5467593798397321,0.09791483744930418
1150,Dining and Drinking,3,0.5156376308687692,0.4390055699865567,-0.07663206088221253
1159,Dining and Drinking,3,0.6017471038751707,0.8741521622961116,0.27240505842094087
1161,Dining and Drinking,3,0.29419077903100826,0.8125701895062304,0.5183794104752222
1164,Dining and Drinking,3,0.3725860766119103,0.373154910305717,0.0005688336938067251
1169,Dining and Drinking,3,0.6008491702906289,0.6733847147562457,0.07253554446561683
1184,Dining and Drinking,3,0.5967708989218855,0.6299029506798435,0.03313205175795797
1185,Dining and Drinking,3,0.41547670646296603,0.5530463215341337,0.13756961507116766
1186,Dining and Drinking,3,0.47261995073417906,6.545259343026266,6.0726393922920865
1187,Dining and Drinking,3,0.6730728344771735,1.4232048196213642,0.7501319851441908
1192,Dining and Drinking,3,0.44818933881618983,0.466544624971617,0.018355286155427142
1197,Dining and Drinking,3,0.516451854000405,0.8279258555708224,0.3114740015704174
1208,Dining and Drinking,3,0.5805384769609877,3.7899984184281212,3.2094599414671334
1214,Dining and Drinking,3,0.6263837302578465,0.538622389183827,-0.08776134107401956
1218,Dining and Drinking,3,0.8293432835269775,0.7821207079019279,-0.04722257562504961
1221,Dining and Drinking,3,0.7155131697051375,0.5405522366839801,-0.17496093302115734
1224,Dining and Drinking,3,1.1975274232188764,1.0186718826384777,-0.17885554058039865
1228,Dining and Drinking,3,0.5028814308830878,0.6506021125920589,0.14772068170897112
1232,Dining and Drinking,3,0.5543934824587714,0.8689272734885374,0.314533791029766
2,Retail,1,0.4767638162316865,0.5987826895432976,0.1220188733116111
5,Retail,1,0.4332332014173959,0.4973834360033346,0.06415023458593871
12,Retail,1,0.519302399997308,0.4994386824247248,-0.019863717572583206
21,Retail,1,2.595639005986566,2.689176653903255,0.09353764791668873
25,Retail,1,0.38885050116016134,0.4553598644718352,0.06650936331167384
36,Retail,1,0.3761953947991983,0.4875276059775948,0.11133221117839653
37,Retail,1,0.4958668704485165,0.5320111887493606,0.03614431830084408
49,Retail,1,0.5421964118071112,0.6751379046795422,0.13294149287243096
53,Retail,1,0.3266028490144008,0.30881152697105874,-0.01779132204334205
56,Retail,1,0.2940677131245064,0.3234845647754566,0.029416851650950204
64,Retail,1,1.0933877965290209,1.093563517745458,0.00017572121643705252
67,Retail,1,0.8966722106954357,0.8897340810109643,-0.0069381296844713836
69,Retail,1,0.5331252816258939,0.5633295365810959,0.03020425495520196
72,Retail,1,0.3532408006349333,0.26913103329955534,-0.08410976733537795
74,Retail,1,0.5089446046163831,4.164616423266083,3.6556718186497
77,Retail,1,0.4000605076331013,0.4749129535698305,0.07485244593672918
84,Retail,1,0.4536921758764068,0.5905620324180536,0.1368698565416468
90,Retail,1,0.5430741396180734,0.8797742105459577,0.33670007092788434
97,Retail,1,0.5697050699965832,0.5756585519958758,0.005953481999292576
98,Retail,1,0.4708658338992647,0.4526170906160616,-0.018248743283203084
99,Retail,1,0.3357802787781508,0.3441254596388067,0.008345180860655887
109,Retail,1,0.5960995299048867,0.5344268631432444,-0.06167266676164229
111,Retail,1,0.5586523716002444,0.5383612099488719,-0.020291161651372458
117,Retail,1,0.32631611456089626,0.32047598374020414,-0.005840130820692124
118,Retail,1,0.33259677380626296,0.3891422336418827,0.05654545983561976
120,Retail,1,0.4127254767146181,0.4144054751905085,0.0016799984758903985
124,Retail,1,0.42974198261393787,0.4255112649764924,-0.00423071763744548
126,Retail,1,0.45844246542620126,0.6385360529223969,0.18009358749619564
130,Retail,1,0.5233879244525205,1.6211966348865874,1.0978087104340668
144,Retail,1,0.4512602421254125,0.48995490513552814,0.03869466301011565
149,Retail,1,0.5238566978598095,0.6266891082885925,0.102832410428783
150,Retail,1,0.504103936695667,0.4915069414585865,-0.012596995237080522
160,Retail,1,0.5456833508181954,0.5491073720461598,0.003424021227964369
164,Retail,1,0.3345894370061063,0.3840104201247133,0.04942098311860699
166,Retail,1,0.2996998282689129,0.29662810705581655,-0.0030717212130963456
173,Retail,1,0.5775251385776741,0.7591046651074227,0.18157952652974862
186,Retail,1,0.4797996276759682,0.5677995702308062,0.087999942554838
189,Retail,1,0.3573433728503198,0.3619746242025498,0.00463125135222997
199,Retail,1,1.0982004559589997,1.2908541650325867,0.19265370907358692
206,Retail,1,0.38449508015201284,1.2003210886673537,0.8158260085153408
208,Retail,1,1.2667283088067145,1.2754425235646893,0.008714214757974847
209,Retail,1,0.511249846093341,1.80039588741255,1.289146041319209
212,Retail,1,0.5084226545669722,0.5980161119431286,0.08959345737615643
213,Retail,1,0.4619594275007839,0.6204965341301434,0.1585371066293595
220,Retail,1,1.0670825295591375,4.104102987899687,3.037020458340549
223,Retail,1,1.376369308667773,1.8751078021873322,0.4987384935195591
234,Retail,1,0.6109962161755625,0.586755747049374,-0.02424046912618849
237,Retail,1,0.7716145256582242,0.7921185757786705,0.020504050120446315
244,Retail,1,0.4795941124402018,6.5802025729141285,6.100608460473927
245,Retail,1,0.4338005240826789,1.4986634553803548,1.064862931297676
251,Retail,1,1.3919913307989944,1.1402543314837463,-0.25173699931524807
253,Retail,1,0.6711398021568339,0.7411852210509566,0.07004541889412275
258,Retail,1,0.5676310871122393,0.875004028217137,0.30737294110489766
264,Retail,1,0.6508587521694869,1.3714011249466673,0.7205423727771805
268,Retail,1,0.524166100877322,0.5488722555556056,0.02470615467828363
269,Retail,1,0.38947238311848004,0.41810860350247314,0.028636220383993105
270,Retail,1,0.5940037064727022,0.45480651212068074,-0.13919719435202144
273,Retail,1,0.44414241045959413,1.1241984757910868,0.6800560653314927
274,Retail,1,0.5541561793696301,0.8113613425781638,0.2572051632085337
280,Retail,1,0.9608296196759533,1.16433622276187,0.20350660308591684
283,Retail,1,0.4085393596572059,0.4803437153652786,0.0718043557080727
292,Retail,1,0.9926225073652812,1.0426272999772388,0.05000479261195756
325,Retail,1,0.2979073001088789,0.5042893807807916,0.20638208067191266
329,Retail,1,0.8776896043896696,0.8862641218372769,0.008574517447607288
330,Retail,1,0.9434044911805204,0.9403444032865074,-0.0030600878940130194
335,Retail,1,0.5269845760774727,1.0288421603132942,0.5018575842358215
337,Retail,1,0.5534634059139114,0.5796585422511563,0.026195136337244906
340,Retail,1,0.44814590440790686,0.4635269695203123,0.015381065112405445
345,Retail,1,0.37249690638732413,0.3374440916901277,-0.035052814697196455
356,Retail,1,0.6551812735953949,0.8292038795142862,0.1740226059188913
360,Retail,1,0.47473849016499564,0.5307590422083768,0.05602055204338113
363,Retail,1,0.4876841691180254,0.4812909824857853,-0.006393186632240144
364,Retail,1,0.37388400319876625,0.40432421003448193,0.03044020683571569
366,Retail,1,0.6859987770821558,0.9159106237551552,0.22991184667299935
369,Retail,1,0.6851792041155396,0.6618130381818006,-0.02336616593373897
373,Retail,1,0.3127344378635649,0.326064560526518,0.013330122662953081
382,Retail,1,0.451171357683856,0.4493974798597449,-0.0017738778241111475
396,Retail,1,0.616698610768044,0.6470941818329254,0.030395571064881444
400,Retail,1,0.5055983233897835,0.545348556771011,0.03975023338122752
420,Retail,1,0.5041185841000033,0.5492208758761438,0.045102291776140446
425,Retail,1,0.38138878008470234,0.39121654951398865,0.009827769429286315
427,Retail,1,0.37989391268154016,0.5604489581166554,0.18055504543511525
428,Retail,1,1.1772950666091373,1.0957420970366203,-0.08155296957251701
432,Retail,1,1.1177156269885642,1.0510785689008646,-0.0666370580876996
433,Retail,1,0.6546724598878622,0.6437541083008919,-0.010918351586970299
445,Retail,1,0.45467735788265645,0.47168642717538384,0.017009069292727386
446,Retail,1,0.3691264084076766,0.4090851236920187,0.03995871528434214
450,Retail,1,0.47657222252705994,0.4834793808377269,0.006907158310666961
462,Retail,1,0.5056575061970512,0.4617393086795632,-0.04391819751748799
464,Retail,1,0.5131976930029603,0.9023946503476397,0.3891969573446794
468,Retail,1,0.7843383187442823,0.8098354904725207,0.0254971717282384
471,Retail,1,0.756575042817853,0.942049479395821,0.18547443657796792
477,Retail,1,0.43350468009848364,0.9797230153207839,0.5462183352223002
479,Retail,1,0.5223853230798555,0.5766329777063389,0.0542476546264834
480,Retail,1,0.4220479931769628,1.4507034146131657,1.028655421436203
482,Retail,1,0.6054250260076859,0.48410186693055723,-0.12132315907712865
493,Retail,1,0.5383287745280452,0.5535206812645233,0.015191906736478078
497,Retail,1,0.7764748897264313,0.752360307687714,-0.024114582038717303
505,Retail,1,0.35838476773686945,0.3679957753571824,0.009611007620312972
506,Retail,1,0.3775675147630243,0.44496885589172175,0.06740134112869745
513,Retail,1,0.31326017824568686,0.3139292792982401,0.0006691010525532448
514,Retail,1,0.3775226119781637,0.5685780932982966,0.19105548132013284
519,Retail,1,0.4300349124577947,0.8417062011781743,0.4116712887203796
523,Retail,1,0.263578111484447,1.2670988879433904,1.0035207764589433
529,Retail,1,0.44946123473929755,0.6115997093990528,0.16213847465975528
550,Retail,1,0.4867518820149106,0.4171832469556727,-0.06956863505923788
555,Retail,1,1.1457728420426743,1.1713830576047526,0.02561021556207832
558,Retail,1,0.47816303077432676,0.8433410608335361,0.36517803005920935
560,Retail,1,0.7905179015686783,0.8380322790975171,0.0475143775288388
586,Retail,1,1.1914388669563012,1.335975063674486,0.14453619671818485
589,Retail,1,0.47393578961288285,1.2779666572124102,0.8040308675995274
591,Retail,1,0.4141624738314043,0.4937501228064286,0.0795876489750243
595,Retail,1,0.4026848504341236,0.5052042051725344,0.10251935473841078
596,Retail,1,0.26368994929229467,0.3018306178182626,0.038140668525967925
600,Retail,1,0.5087829896425231,0.8756511675431978,0.3668681779006747
601,Retail,1,0.5402514340631764,0.579694225832676,0.03944279176949961
605,Retail,1,0.8774144059485867,0.9235920873617818,0.046177681413195115
609,Retail,1,0.42756649651470224,0.6518727822842164,0.22430628576951417
611,Retail,1,0.5539851371927755,1.0378199628762812,0.48383482568350566
614,Retail,1,0.6757398030227268,0.5648668890937167,-0.11087291392901011
615,Retail,1,0.629544815450045,1.2026593289580296,0.5731145135079846
625,Retail,1,0.32360108907681434,0.36613771820442303,0.042536629127608694
629,Retail,1,0.5095447622437395,0.49078967433875376,-0.0187550879049857
633,Retail,1,0.5172638500663952,0.5535343810132182,0.036270530946822976
634,Retail,1,0.4492693314339499,0.4510842758175241,0.0018149443835741574
635,Retail,1,0.4017599983968289,0.4232237694890978,0.02146377109226888
642,Retail,1,0.6557753438871625,0.687064446435524,0.03128910254836148
643,Retail,1,0.263578111484447,1.2670988879433904,1.0035207764589433
648,Retail,1,0.5648609850645366,0.8202202027237819,0.2553592176592453
649,Retail,1,0.4644423025487643,0.6372199848095625,0.17277768226079826
657,Retail,1,0.6752696318479203,0.6595256880476419,-0.015743943800278437
658,Retail,1,0.445469087768409,0.6956605509755688,0.2501914632071598
661,Retail,1,0.5663133182291341,0.6168116850389802,0.050498366809846096
674,Retail,1,0.6542174976218843,0.6532688340768584,-0.000948663545025874
676,Retail,1,0.8239976934643893,0.8109523568179453,-0.013045336646444028
683,Retail,1,0.9130896289158621,1.123114135890722,0.21002450697485986
691,Retail,1,0.9527066970921333,2.2062266645777138,1.2535199674855804
694,Retail,1,0.4141195664705237,0.42146129550446587,0.007341729033942146
707,Retail,1,1.117351451935725,1.085499915195215,-0.03185153674051011
717,Retail,1,0.40097275858010006,4.38740759544766,3.9864348368675597
720,Retail,1,0.616499970888409,0.6975640220926715,0.08106405120426252
722,Retail,1,0.4103673806300513,0.445092932405334,0.03472555177528269
726,Retail,1,0.2841750861325322,1.4832205360994635,1.1990454499669312
729,Retail,1,0.7786296412503119,2.5207823024311895,1.7421526611808775
733,Retail,1,0.49236763793085403,0.5340534989494701,0.041685861018616044
734,Retail,1,0.44048444330956216,0.6352741070735695,0.1947896637640073
737,Retail,1,0.7525693634633196,0.5414672278803765,-0.2111021355829431
740,Retail,1,0.5113707888192952,0.5798022691752627,0.06843148035596747
744,Retail,1,0.8253259631446959,0.8470594302721983,0.02173346712750246
755,Retail,1,0.4603830118871376,0.39430553322970363,-0.06607747865743396
765,Retail,1,0.5068830441554948,0.6153823593866506,0.10849931523115586
769,Retail,1,0.5212645718855649,0.5920190712524943,0.07075449936692946
773,Retail,1,0.3320435187198499,0.332240296007025,0.00019677728717509835
778,Retail,1,0.6554218808812509,3.0048737382793433,2.3494518573980923
779,Retail,1,0.5689755601481166,0.5860193455796837,0.01704378543156715
784,Retail,1,0.6042934569483418,0.5609519356607725,-0.043341521287569296
791,Retail,1,0.7152257958685019,0.7309481082673368,0.015722312398834926
798,Retail,1,0.433275122191346,1.4618090199558256,1.0285338977644796
799,Retail,1,0.7241809906746701,4.716013538190714,3.9918325475160437
801,Retail,1,0.5828845954340711,1.3393674525002273,0.7564828570661561
804,Retail,1,0.6068029364682236,0.712002585888297,0.10519964942007343
805,Retail,1,0.5974940363667397,0.651671398681424,0.054177362314684285
816,Retail,1,0.4895803256835798,0.532308995538233,0.04272866985465318
819,Retail,1,0.47906820375192566,0.574022304971732,0.09495410121980635
830,Retail,1,0.6260242525070077,0.9147468408037736,0.2887225882967659
832,Retail,1,0.5486203415680252,0.5984603372393064,0.04983999567128117
837,Retail,1,0.33203475235614366,0.408138821241282,0.07610406888513832
843,Retail,1,0.8088741726881654,1.1835276108386874,0.374653438150522
848,Retail,1,0.6553184793093014,0.6523406178872454,-0.0029778614220560273
859,Retail,1,0.5474665467753812,0.5326973979572421,-0.014769148818139066
861,Retail,1,0.562992379435994,0.8202471716231992,0.25725479218720515
864,Retail,1,0.5700008200094904,1.156128417520025,0.5861275975105347
866,Retail,1,0.6454666636964601,0.6381359317362129,-0.00733073196024725
875,Retail,1,0.46557781610908966,0.5251918592550978,0.059614043146008155
878,Retail,1,0.5677016916574498,0.6403074366013308,0.07260574494388106
879,Retail,1,0.542117175291629,0.536728631524072,-0.00538854376755693
887,Retail,1,0.3505586665306485,0.4679979027455211,0.11743923621487262
903,Retail,1,0.9293425560873143,4.28124364706155,3.351901090974236
907,Retail,1,0.3284466644536497,0.31858276470596747,-0.009863899747682203
909,Retail,1,0.5686744227279845,3.5819020969318496,3.013227674203865
912,Retail,1,0.41534754668702034,0.4195856659015976,0.004238119214577285
915,Retail,1,0.5241625310287054,0.601244156040822,0.07708162501211668
920,Retail,1,0.4528124627197494,0.577774048196187,0.12496158547643765
927,Retail,1,0.7426750284069283,0.7613029958165117,0.01862796740958339
929,Retail,1,0.6694226501376556,0.7300912017753325,0.060668551637676926
930,Retail,1,0.6769677985234646,1.1102422194322172,0.4332744209087527
935,Retail,1,0.6045581043222714,0.976702295282672,0.37214419096040063
938,Retail,1,0.24796527119881454,0.2729459462866014,0.02498067508778687
941,Retail,1,0.4508910047985322,0.46733992321349305,0.016448918414960823
944,Retail,1,0.6582379992931787,0.6661272959016861,0.007889296608507346
947,Retail,1,0.28606489726220236,0.26914095290548545,-0.016923944356716902
957,Retail,1,0.4708744307845844,0.5547154282611739,0.08384099747658952
963,Retail,1,0.4111847251676259,0.4298047722487852,0.01862004708115933
978,Retail,1,0.6168457606740543,0.7434594807456016,0.12661372007154736
979,Retail,1,0.4669556319962321,0.4832882341619292,0.016332602165697097
980,Retail,1,0.4675731916619667,0.819791877169819,0.35221868550785235
981,Retail,1,0.5142334924816823,1.7773050039377425,1.2630715114560602
986,Retail,1,0.5692298459836107,3.256239704121154,2.6870098581375434
989,Retail,1,0.38500927548019204,0.39319987215501107,0.008190596674819028
997,Retail,1,0.8744777935673878,0.8664195664839186,-0.00805822708346915
1000,Retail,1,0.4763480298550971,0.5093675329955059,0.033019503140408746
1011,Retail,1,0.5749666661837433,0.6758789723157796,0.10091230613203639
1013,Retail,1,1.1525400287363974,1.0943870963334148,-0.05815293240298258
1016,Retail,1,0.46635172263716484,0.5889195923994286,0.12256786976226375
1018,Retail,1,0.45475672878620815,0.47331612530410316,0.01855939651789501
1024,Retail,1,0.7419393684398315,1.0029289819021647,0.2609896134623332
1027,Retail,1,0.778237300470336,1.0599545428542005,0.28171724238386453
1033,Retail,1,0.889766751778323,1.1101265241828457,0.22035977240452276
1037,Retail,1,0.5110298760276417,0.5612100008754772,0.05018012484783552
1041,Retail,1,0.40325565506596966,0.40700643608079434,0.003750781014824678
1042,Retail,1,0.41545489665313284,0.441570914397098,0.02611601774396516
1061,Retail,1,0.41733524288606494,0.5393503903937966,0.12201514750773168
1065,Retail,1,0.41347817209254056,0.4123489595692934,-0.0011292125232471584
1067,Retail,1,0.7714005237449574,0.788962178626795,0.017561654881837585
1079,Retail,1,0.4007406179302483,0.4424664533526841,0.0417258354224358
1087,Retail,1,0.6185222704091229,0.6410693055500591,0.022547035140936256
1092,Retail,1,0.4463040914084397,0.4103760313704401,-0.03592806003799959
1094,Retail,1,0.7783765403850518,0.7806417916348192,0.002265251249767397
1108,Retail,1,0.3667070005855422,2.0488226450854112,1.682115644499869
1114,Retail,1,0.5676444739499075,0.5813951436794181,0.013750669729510667
1117,Retail,1,0.5130516294889842,0.5305950231219487,0.017543393632964532
1118,Retail,1,0.5086831405152217,0.510158149247347,0.0014750087321253602
1120,Retail,1,0.5100135500852314,0.5483026219783126,0.03828907189308117
1124,Retail,1,0.5340807040139202,0.5622571835621379,0.02817647954821778
1126,Retail,1,0.48617726888724555,0.6427376312249393,0.15656036233769377
1134,Retail,1,0.4988872259378798,0.48175705678804737,-0.017130169149832453
1136,Retail,1,0.7778328189646859,1.096645658620634,0.318812839655948
1138,Retail,1,0.6910962545080591,0.5640941392675659,-0.1270021152404932
1146,Retail,1,0.4488445423904279,0.6887774684999006,0.2399329261094727
1150,Retail,1,0.5156376308687692,0.42984988891499387,-0.08578774195377536
1159,Retail,1,0.6017471038751707,0.5161257086817597,-0.08562139519341105
1161,Retail,1,0.29419077903100826,0.29658786696650463,0.002397087935496367
1164,Retail,1,0.3725860766119103,0.3704465625536979,-0.0021395140582123884
1169,Retail,1,0.6008491702906289,0.638881939928873,0.03803276963824409
1184,Retail,1,0.5967708989218855,0.6226214616213893,0.02585056269950381
1185,Retail,1,0.41547670646296603,0.6666442489683229,0.25116754250535683
1186,Retail,1,0.47261995073417906,1.0895703390143132,0.6169503882801342
1187,Retail,1,0.6730728344771735,2.5202899263725325,1.847217091895359
1192,Retail,1,0.44818933881618983,0.7649467100251104,0.31675737120892056
1197,Retail,1,0.516451854000405,0.7605686499261664,0.2441167959257613
1208,Retail,1,0.5805384769609877,3.8351723025304127,3.254633825569425
1214,Retail,1,0.6263837302578465,0.6426354946236729,0.016251764365826316
1218,Retail,1,0.8293432835269775,1.1306062644855737,0.30126298095859616
1221,Retail,1,0.7155131697051375,0.6891795103426955,-0.02633365936244192
1224,Retail,1,1.1975274232188764,1.502983073648908,0.30545565043003164
1228,Retail,1,0.5028814308830878,0.5957228179932264,0.09284138711013856
1232,Retail,1,0.5543934824587714,0.7643100988213438,0.20991661636257242
2,Retail,2,0.4767638162316865,1.1378545015237718,0.6610906852920853
5,Retail,2,0.4332332014173959,0.5949789329523525,0.16174573153495658
12,Retail,2,0.519302399997308,0.4998012740364482,-0.01950112596085979
21,Retail,2,2.595639005986566,2.79716682232675,0.2015278163401839
25,Retail,2,0.38885050116016134,0.6213860338149633,0.23253553265480192
36,Retail,2,0.3761953947991983,1.5928997949165449,1.2167044001173466
37,Retail,2,0.4958668704485165,0.7006927287096774,0.20482585826116084
49,Retail,2,0.5421964118071112,1.0750326398209646,0.5328362280138534
53,Retail,2,0.3266028490144008,0.3211137270253679,-0.005489121989032897
56,Retail,2,0.2940677131245064,0.36575683858897684,0.07168912546447043
64,Retail,2,1.0933877965290209,3.304213239415383,2.210825442886362
67,Retail,2,0.8966722106954357,0.8891521050948827,-0.00752010560055294
69,Retail,2,0.5331252816258939,0.5631263643815815,0.03000108275568758
72,Retail,2,0.3532408006349333,0.30403258642547304,-0.049208214209460255
74,Retail,2,0.5089446046163831,7.0440459408536835,6.5351013362373
77,Retail,2,0.4000605076331013,0.53593197082257,0.13587146318946874
84,Retail,2,0.4536921758764068,0.7177545625663586,0.2640623866899518
90,Retail,2,0.5430741396180734,0.9160479171610693,0.3729737775429959
97,Retail,2,0.5697050699965832,0.590900764063387,0.021195694066803772
98,Retail,2,0.4708658338992647,0.4534978984267982,-0.017367935472466456
99,Retail,2,0.3357802787781508,0.4100698596608119,0.07428958088266108
109,Retail,2,0.5960995299048867,0.5557715714863368,-0.04032795841854986
111,Retail,2,0.5586523716002444,0.5706741148987975,0.0120217432985531
117,Retail,2,0.32631611456089626,0.34138732236788016,0.0150712078069839
118,Retail,2,0.33259677380626296,0.4613436927141461,0.12874691890788315
120,Retail,2,0.4127254767146181,0.4379382467996952,0.025212770085077052
124,Retail,2,0.42974198261393787,0.5555033204258102,0.12576133781187232
126,Retail,2,0.45844246542620126,1.2106701570116032,0.7522276915854019
130,Retail,2,0.5233879244525205,2.064912675822016,1.5415247513694958
144,Retail,2,0.4512602421254125,0.5807787166207774,0.1295184744953649
149,Retail,2,0.5238566978598095,0.7379701538718211,0.2141134560120116
150,Retail,2,0.504103936695667,0.4829694256743649,-0.021134511021302094
160,Retail,2,0.5456833508181954,0.6132091730413343,0.06752582222313885
164,Retail,2,0.3345894370061063,0.48150303695015717,0.14691359994405084
166,Retail,2,0.2996998282689129,0.3465482925639454,0.04684846429503253
173,Retail,2,0.5775251385776741,1.338821613825118,0.761296475247444
186,Retail,2,0.4797996276759682,0.6746706771452742,0.194871049469306
189,Retail,2,0.3573433728503198,0.4556271250475925,0.0982837521972727
199,Retail,2,1.0982004559589997,1.6695086269408022,0.5713081709818024
206,Retail,2,0.38449508015201284,2.2540871346893625,1.8695920545373497
208,Retail,2,1.2667283088067145,1.2840199470916036,0.01729163828488911
209,Retail,2,0.511249846093341,2.314975965055506,1.8037261189621652
212,Retail,2,0.5084226545669722,0.7163590237161586,0.20793636914918634
213,Retail,2,0.4619594275007839,0.7762973312716859,0.314337903770902
220,Retail,2,1.0670825295591375,5.638692846222029,4.571610316662891
223,Retail,2,1.376369308667773,2.0705758089149375,0.6942065002471645
234,Retail,2,0.6109962161755625,0.6871388233987188,0.07614260722315624
237,Retail,2,0.7716145256582242,0.8034807097030384,0.03186618404481423
244,Retail,2,0.4795941124402018,6.578806963157387,6.099212850717185
245,Retail,2,0.4338005240826789,1.9778306333161275,1.5440301092334487
251,Retail,2,1.3919913307989944,1.773220731497673,0.3812294006986785
253,Retail,2,0.6711398021568339,0.8477160998797766,0.1765762977229427
258,Retail,2,0.5676310871122393,1.5108090029448091,0.9431779158325698
264,Retail,2,0.6508587521694869,1.8730130455851124,1.2221542934156255
268,Retail,2,0.524166100877322,0.6002786465875359,0.07611254571021397
269,Retail,2,0.38947238311848004,0.5730543684362801,0.18358198531780007
270,Retail,2,0.5940037064727022,0.7949756873571376,0.20097198088443546
273,Retail,2,0.44414241045959413,1.5873281393802021,1.143185728920608
274,Retail,2,0.5541561793696301,1.136623934025468,0.5824677546558379
280,Retail,2,0.9608296196759533,4.791889991101701,3.8310603714257483
283,Retail,2,0.4085393596572059,0.6149171314356525,0.20637777177844663
292,Retail,2,0.9926225073652812,0.9567073824883926,-0.03591512487688864
325,Retail,2,0.2979073001088789,1.2052499145719615,0.9073426144630826
329,Retail,2,0.8776896043896696,0.911238489884275,0.03354888549460544
330,Retail,2,0.9434044911805204,0.9351339748037407,-0.008270516376779669
335,Retail,2,0.5269845760774727,3.022340620211079,2.4953560441336062
337,Retail,2,0.5534634059139114,0.6459687619483274,0.09250535603441601
340,Retail,2,0.44814590440790686,0.5512862500426299,0.10314034563472302
345,Retail,2,0.37249690638732413,0.34851025246838385,-0.02398665391894028
356,Retail,2,0.6551812735953949,1.1686973879555798,0.5135161143601848
360,Retail,2,0.47473849016499564,0.608243463689904,0.13350497352490837
363,Retail,2,0.4876841691180254,0.4876590298123342,-2.513930569120193e-05
364,Retail,2,0.37388400319876625,0.43817719189980786,0.06429318870104161
366,Retail,2,0.6859987770821558,1.5450761613849622,0.8590773843028063
369,Retail,2,0.6851792041155396,0.658913246778313,-0.026265957337226586
373,Retail,2,0.3127344378635649,0.4041464116477026,0.09141197378413768
382,Retail,2,0.451171357683856,0.4515820827660845,0.00041072508222850246
396,Retail,2,0.616698610768044,0.6735140689881701,0.056815458220126125
400,Retail,2,0.5055983233897835,0.6316468966545201,0.12604857326473662
420,Retail,2,0.5041185841000033,0.67143008872414,0.1673115046241367
425,Retail,2,0.38138878008470234,0.4052837869299466,0.02389500684524426
427,Retail,2,0.37989391268154016,1.1201433399460345,0.7402494272644944
428,Retail,2,1.1772950666091373,1.0696651986718266,-0.10762986793731066
432,Retail,2,1.1177156269885642,1.1329256854127652,0.015210058424200978
433,Retail,2,0.6546724598878622,2.312606213457201,1.6579337535693388
445,Retail,2,0.45467735788265645,0.5946146696931585,0.139937311810502
446,Retail,2,0.3691264084076766,0.4498774137894992,0.08075100538182262
450,Retail,2,0.47657222252705994,0.49753677378635397,0.02096455125929403
462,Retail,2,0.5056575061970512,0.6910961673343932,0.18543866113734198
464,Retail,2,0.5131976930029603,1.3117297258612852,0.798532032858325
468,Retail,2,0.7843383187442823,0.8435601339229776,0.05922181517869529
471,Retail,2,0.756575042817853,1.536063022419,0.7794879796011469
477,Retail,2,0.43350468009848364,1.0124833649036442,0.5789786848051606
479,Retail,2,0.5223853230798555,0.762822782204593,0.24043745912473746
480,Retail,2,0.4220479931769628,2.2101191407822673,1.7880711476053046
482,Retail,2,0.6054250260076859,3.4019513608468634,2.796526334839178
493,Retail,2,0.5383287745280452,2.2597881427647195,1.7214593682366743
497,Retail,2,0.7764748897264313,3.6591875092667365,2.882712619540305
505,Retail,2,0.35838476773686945,0.39196634770506245,0.033581579968193
506,Retail,2,0.3775675147630243,0.4983444480485447,0.12077693328552042
513,Retail,2,0.31326017824568686,0.3247805363718664,0.01152035812617952
514,Retail,2,0.3775226119781637,0.6753362125722429,0.29781360059407913
519,Retail,2,0.4300349124577947,1.196889927137823,0.7668550146800284
523,Retail,2,0.263578111484447,3.068991136213686,2.8054130247292393
529,Retail,2,0.44946123473929755,1.125492060546451,0.6760308258071533
550,Retail,2,0.4867518820149106,0.4382250209672687,-0.04852686104764192
555,Retail,2,1.1457728420426743,1.198951062732886,0.05317822069021183
558,Retail,2,0.47816303077432676,1.9821190434939582,1.5039560127196314
560,Retail,2,0.7905179015686783,0.9207723248318183,0.13025442326313996
586,Retail,2,1.1914388669563012,1.5086878823816994,0.3172490154253982
589,Retail,2,0.47393578961288285,2.2306111508898843,1.7566753612770014
591,Retail,2,0.4141624738314043,0.7409761901116634,0.32681371628025907
595,Retail,2,0.4026848504341236,0.7219822501037321,0.31929739966960846
596,Retail,2,0.26368994929229467,0.3467028644145911,0.08301291512229642
600,Retail,2,0.5087829896425231,1.5797233261398942,1.070940336497371
601,Retail,2,0.5402514340631764,0.6449470183419779,0.10469558427880143
605,Retail,2,0.8774144059485867,0.9719035076411833,0.09448910169259661
609,Retail,2,0.42756649651470224,0.9542978657779764,0.5267313692632741
611,Retail,2,0.5539851371927755,1.675548518746464,1.1215633815536885
614,Retail,2,0.6757398030227268,1.4502425257875164,0.7745027227647896
615,Retail,2,0.629544815450045,4.1247111267934,3.4951663113433553
625,Retail,2,0.32360108907681434,0.5305884760762943,0.20698738699948
629,Retail,2,0.5095447622437395,0.4891407229297886,-0.02040403931395085
633,Retail,2,0.5172638500663952,0.5971599281388452,0.07989607807245003
634,Retail,2,0.4492693314339499,0.7656796459058595,0.31641031447190954
635,Retail,2,0.4017599983968289,0.5886170830303269,0.18685708463349798
642,Retail,2,0.6557753438871625,0.8297098932165436,0.17393454932938113
643,Retail,2,0.263578111484447,3.068991136213686,2.8054130247292393
648,Retail,2,0.5648609850645366,0.9369759033767189,0.37211491831218224
649,Retail,2,0.4644423025487643,1.128298372077892,0.6638560695291278
657,Retail,2,0.6752696318479203,0.6977254531007926,0.022455821252872266
658,Retail,2,0.445469087768409,1.1120114592493415,0.6665423714809325
661,Retail,2,0.5663133182291341,0.6760688720917922,0.10975555386265812
674,Retail,2,0.6542174976218843,0.6634140110813243,0.009196513459439948
676,Retail,2,0.8239976934643893,3.726818469453332,2.9028207759889426
683,Retail,2,0.9130896289158621,2.7650339678751488,1.8519443389592867
691,Retail,2,0.9527066970921333,3.241392859116036,2.2886861620239025
694,Retail,2,0.4141195664705237,0.4360841746218358,0.02196460815131207
707,Retail,2,1.117351451935725,1.0884167572495786,-0.0289346946861464
717,Retail,2,0.40097275858010006,4.1755678313265125,3.7745950727464126
720,Retail,2,0.616499970888409,0.7796988197770148,0.1631988488886058
722,Retail,2,0.4103673806300513,0.49701511251811614,0.08664773188806485
726,Retail,2,0.2841750861325322,3.327943808797326,3.043768722664794
729,Retail,2,0.7786296412503119,3.3147618917222967,2.5361322504719848
733,Retail,2,0.49236763793085403,0.6370436825526902,0.14467604462183614
734,Retail,2,0.44048444330956216,0.8188931948289884,0.3784087515194262
737,Retail,2,0.7525693634633196,0.44114407397397953,-0.31142528948934006
740,Retail,2,0.5113707888192952,2.921218851308976,2.4098480624896808
744,Retail,2,0.8253259631446959,0.9368695386386333,0.11154357549393745
755,Retail,2,0.4603830118871376,0.5475961395125641,0.08721312762542655
765,Retail,2,0.5068830441554948,0.9649907942286591,0.4581077500731643
769,Retail,2,0.5212645718855649,0.9372174007107534,0.4159528288251886
773,Retail,2,0.3320435187198499,0.334570685800865,0.002527167081015136
778,Retail,2,0.6554218808812509,3.044511158894006,2.3890892780127553
779,Retail,2,0.5689755601481166,0.6093415226407911,0.040365962492674545
784,Retail,2,0.6042934569483418,0.5298267391798004,-0.07446671776854141
791,Retail,2,0.7152257958685019,0.7751474515241126,0.059921655655610695
798,Retail,2,0.433275122191346,2.082428508465486,1.6491533862741399
799,Retail,2,0.7241809906746701,4.52570956735675,3.80152857668208
801,Retail,2,0.5828845954340711,3.193238403544731,2.61035380811066
804,Retail,2,0.6068029364682236,1.0709733628251041,0.46417042635688055
805,Retail,2,0.5974940363667397,0.7924182459507111,0.1949242095839714
816,Retail,2,0.4895803256835798,0.525652886001736,0.0360725603181562
819,Retail,2,0.47906820375192566,0.8262682209627542,0.34720001721082855
830,Retail,2,0.6260242525070077,1.2231539515333982,0.5971296990263906
832,Retail,2,0.5486203415680252,0.7238196759311248,0.17519933436309965
837,Retail,2,0.33203475235614366,0.5139131558907887,0.18187840353464502
843,Retail,2,0.8088741726881654,4.999053152257629,4.190178979569463
848,Retail,2,0.6553184793093014,0.6954577089795104,0.040139229670209
859,Retail,2,0.5474665467753812,0.5539517929810924,0.006485246205711226
861,Retail,2,0.562992379435994,1.43907300503973,0.876080625603736
864,Retail,2,0.5700008200094904,2.644698959045067,2.0746981390355765
866,Retail,2,0.6454666636964601,0.6925466045957158,0.04707994089925571
875,Retail,2,0.46557781610908966,0.6374114528247388,0.1718336367156491
878,Retail,2,0.5677016916574498,1.0783637386119946,0.5106620469545449
879,Retail,2,0.542117175291629,2.6174147049324654,2.0752975296408365
887,Retail,2,0.3505586665306485,0.6092286886245869,0.2586700220939384
903,Retail,2,0.9293425560873143,4.848231744402694,3.9188891883153802
907,Retail,2,0.3284466644536497,0.7966178430715223,0.4681711786178726
909,Retail,2,0.5686744227279845,3.615769387278091,3.047094964550107
912,Retail,2,0.41534754668702034,0.4268962890324234,0.01154874234540304
915,Retail,2,0.5241625310287054,0.7285135027489618,0.2043509717202564
920,Retail,2,0.4528124627197494,0.9459406267079342,0.4931281639881848
927,Retail,2,0.7426750284069283,0.824518896819883,0.08184386841295466
929,Retail,2,0.6694226501376556,0.9781405004800943,0.3087178503424387
930,Retail,2,0.6769677985234646,3.448579725475212,2.7716119269517474
935,Retail,2,0.6045581043222714,1.6326211399229225,1.028063035600651
938,Retail,2,0.24796527119881454,0.35386525710964223,0.1058999859108277
941,Retail,2,0.4508910047985322,0.49268458659232756,0.04179358179379533
944,Retail,2,0.6582379992931787,0.7060316355427441,0.04779363624956534
947,Retail,2,0.28606489726220236,0.3041329118000209,0.018068014537818533
957,Retail,2,0.4708744307845844,0.712334558847536,0.24146012806295164
963,Retail,2,0.4111847251676259,0.4490377061056453,0.03785298093801942
978,Retail,2,0.6168457606740543,1.0453959432238626,0.42855018254980837
979,Retail,2,0.4669556319962321,0.5099401376935521,0.042984505697319986
980,Retail,2,0.4675731916619667,1.5016723551602484,1.0340991634982817
981,Retail,2,0.5142334924816823,3.1460975406968377,2.6318640482151556
986,Retail,2,0.5692298459836107,3.272849219548915,2.7036193735653042
989,Retail,2,0.38500927548019204,0.4016287432962912,0.016619467816099187
997,Retail,2,0.8744777935673878,6.890577484863103,6.016099691295715
1000,Retail,2,0.4763480298550971,0.6279503598674172,0.1516023300123201
1011,Retail,2,0.5749666661837433,1.0934759742917148,0.5185093081079716
1013,Retail,2,1.1525400287363974,1.0323265757974733,-0.12021345293892405
1016,Retail,2,0.46635172263716484,1.0718068883859124,0.6054551657487476
1018,Retail,2,0.45475672878620815,0.8278813651023962,0.37312463631618803
1024,Retail,2,0.7419393684398315,1.514060614076194,0.7721212456363625
1027,Retail,2,0.778237300470336,1.4873644837862454,0.7091271833159094
1033,Retail,2,0.889766751778323,1.5042950343729768,0.6145282825946539
1037,Retail,2,0.5110298760276417,0.6126616453297777,0.10163176930213602
1041,Retail,2,0.40325565506596966,0.4113669943552639,0.00811133928929425
1042,Retail,2,0.41545489665313284,0.6243697230307715,0.2089148263776387
1061,Retail,2,0.41733524288606494,0.6834393095674077,0.2661040666813428
1065,Retail,2,0.41347817209254056,1.7760686615182095,1.3625904894256688
1067,Retail,2,0.7714005237449574,0.8149380219768668,0.043537498231909444
1079,Retail,2,0.4007406179302483,1.3387780991480565,0.9380374812178082
1087,Retail,2,0.6185222704091229,0.6669428868900764,0.04842061648095353
1092,Retail,2,0.4463040914084397,0.4660331665135388,0.019729075105099136
1094,Retail,2,0.7783765403850518,0.7791364415920383,0.0007599012069865463
1108,Retail,2,0.3667070005855422,2.9002518140728135,2.5335448134872713
1114,Retail,2,0.5676444739499075,0.6850486238727704,0.11740414992286297
1117,Retail,2,0.5130516294889842,0.7743196262604981,0.2612679967715139
1118,Retail,2,0.5086831405152217,0.8074666134036135,0.2987834728883918
1120,Retail,2,0.5100135500852314,0.6210298717161833,0.11101632163095188
1124,Retail,2,0.5340807040139202,0.5924404899032224,0.05835978588930224
1126,Retail,2,0.48617726888724555,1.0290952203609312,0.5429179514736856
1134,Retail,2,0.4988872259378798,0.47559239905944783,-0.023294826878431985
1136,Retail,2,0.7778328189646859,1.677782172937502,0.8999493539728161
1138,Retail,2,0.6910962545080591,0.8759104779989936,0.18481422349093446
1146,Retail,2,0.4488445423904279,0.7861892996103166,0.33734475721988866
1150,Retail,2,0.5156376308687692,0.34510488827442165,-0.17053274259434759
1159,Retail,2,0.6017471038751707,1.883170090528639,1.2814229866534683
1161,Retail,2,0.29419077903100826,0.32321190948082246,0.029021130449814192
1164,Retail,2,0.3725860766119103,0.38045660783471935,0.007870531222809063
1169,Retail,2,0.6008491702906289,0.898308974123377,0.29745980383274806
1184,Retail,2,0.5967708989218855,0.5944508183483538,-0.0023200805735317243
1185,Retail,2,0.41547670646296603,0.9596882657329178,0.5442115592699517
1186,Retail,2,0.47261995073417906,1.3177150553310697,0.8450951045968906
1187,Retail,2,0.6730728344771735,2.8298872178901773,2.156814383413004
1192,Retail,2,0.44818933881618983,1.129371535593215,0.6811821967770252
1197,Retail,2,0.516451854000405,2.9563679037101944,2.4399160497097894
1208,Retail,2,0.5805384769609877,3.764568220362781,3.1840297434017932
1214,Retail,2,0.6263837302578465,0.6634077004887656,0.03702397023091908
1218,Retail,2,0.8293432835269775,2.8223698492920657,1.993026565765088
1221,Retail,2,0.7155131697051375,0.6804796569360902,-0.035033512769047204
1224,Retail,2,1.1975274232188764,2.050121628487069,0.8525942052681925
1228,Retail,2,0.5028814308830878,0.7076730467418928,0.204791615858805
1232,Retail,2,0.5543934824587714,1.0835771376061427,0.5291836551473713
2,Retail,3,0.4767638162316865,1.5045515272242973,1.0277877109926108
5,Retail,3,0.4332332014173959,0.796693737748698,0.3634605363313021
12,Retail,3,0.519302399997308,0.5114475143956454,-0.007854885601662587
21,Retail,3,2.595639005986566,2.915877317996058,0.3202383120094918
25,Retail,3,0.38885050116016134,0.8780468556363686,0.4891963544762073
36,Retail,3,0.3761953947991983,1.9827542598309673,1.606558865031769
37,Retail,3,0.4958668704485165,0.9296839220963218,0.43381705164780526
49,Retail,3,0.5421964118071112,1.5954630341892957,1.0532666223821845
53,Retail,3,0.3266028490144008,0.34857396903857873,0.021971120024177948
56,Retail,3,0.2940677131245064,0.4212418757616917,0.12717416263718528
64,Retail,3,1.0933877965290209,7.652793211314968,6.559405414785948
67,Retail,3,0.8966722106954357,0.892393269761685,-0.004278940933750697
69,Retail,3,0.5331252816258939,0.5746885618139372,0.04156328018804334
72,Retail,3,0.3532408006349333,0.40201671797297756,0.04877591733804426
74,Retail,3,0.5089446046163831,6.905905819335869,6.396961214719486
77,Retail,3,0.4000605076331013,0.5818116370092379,0.18175112937613658
84,Retail,3,0.4536921758764068,0.9322346765258448,0.478542500649438
90,Retail,3,0.5430741396180734,0.9411668796963366,0.39809274007826323
97,Retail,3,0.5697050699965832,0.6363202070349642,0.06661513703838096
98,Retail,3,0.4708658338992647,0.47064566907826955,-0.0002201648209951279
99,Retail,3,0.3357802787781508,0.5277743472928846,0.19199406851473383
109,Retail,3,0.5960995299048867,0.6416150564710839,0.04551552656619717
111,Retail,3,0.5586523716002444,0.6588149629980722,0.1001625913978278
117,Retail,3,0.32631611456089626,0.3996742143452622,0.07335809978436592
118,Retail,3,0.33259677380626296,0.5252557439145106,0.19265897010824762
120,Retail,3,0.4127254767146181,0.4839338011983448,0.07120832448372666
124,Retail,3,0.42974198261393787,0.6487649538656443,0.2190229712517064
126,Retail,3,0.45844246542620126,2.064403133220741,1.6059606677945397
130,Retail,3,0.5233879244525205,2.1798328071175037,1.6564448826649834
144,Retail,3,0.4512602421254125,0.697776905084981,0.24651666295956853
149,Retail,3,0.5238566978598095,0.8645378724516357,0.34068117459182623
150,Retail,3,0.504103936695667,0.47701886632688406,-0.027085070368782937
160,Retail,3,0.5456833508181954,0.7409105126584477,0.19522716184025224
164,Retail,3,0.3345894370061063,0.6656958244700322,0.33110638746392584
166,Retail,3,0.2996998282689129,0.41772241640640195,0.11802258813748906
173,Retail,3,0.5775251385776741,1.7800956812643969,1.2025705426867228
186,Retail,3,0.4797996276759682,0.7893575871292606,0.30955795945329245
189,Retail,3,0.3573433728503198,0.6191843669727976,0.26184099412247774
199,Retail,3,1.0982004559589997,1.897384825091648,0.7991843691326483
206,Retail,3,0.38449508015201284,2.864628341058535,2.480133260906522
208,Retail,3,1.2667283088067145,1.2924383533744175,0.025710044567702983
209,Retail,3,0.511249846093341,2.4136860759108423,1.9024362298175013
212,Retail,3,0.5084226545669722,0.8596251452500687,0.3512024906830965
213,Retail,3,0.4619594275007839,0.878107485185347,0.4161480576845631
220,Retail,3,1.0670825295591375,5.651570905313482,4.584488375754345
223,Retail,3,1.376369308667773,2.122441579231329,0.7460722705635559
234,Retail,3,0.6109962161755625,0.806758967238888,0.1957627510633254
237,Retail,3,0.7716145256582242,1.5676585200514745,0.7960439943932504
244,Retail,3,0.4795941124402018,6.310829384888905,5.831235272448703
245,Retail,3,0.4338005240826789,2.605262154751477,2.1714616306687984
251,Retail,3,1.3919913307989944,2.0195861185889497,0.6275947877899553
253,Retail,3,0.6711398021568339,0.9221229734340566,0.2509831712772227
258,Retail,3,0.5676310871122393,1.6415927909955281,1.0739617038832887
264,Retail,3,0.6508587521694869,2.3929148439820778,1.742056091812591
268,Retail,3,0.524166100877322,0.6727328806045344,0.14856677972721244
269,Retail,3,0.38947238311848004,0.8085388226303655,0.41906643951188544
270,Retail,3,0.5940037064727022,1.052233890443572,0.4582301839708698
273,Retail,3,0.44414241045959413,2.0387668668217653,1.5946244563621712
274,Retail,3,0.5541561793696301,1.4987111288119785,0.9445549494423484
280,Retail,3,0.9608296196759533,4.772585666879069,3.8117560472031156
283,Retail,3,0.4085393596572059,0.8137173214156375,0.40517796175843157
292,Retail,3,0.9926225073652812,4.850718821352544,3.8580963139872626
325,Retail,3,0.2979073001088789,2.050881767487427,1.752974467378548
329,Retail,3,0.8776896043896696,0.976973245935705,0.09928364154603542
330,Retail,3,0.9434044911805204,0.9293960289938311,-0.014008462186689274
335,Retail,3,0.5269845760774727,3.1677280856673193,2.6407435095898464
337,Retail,3,0.5534634059139114,0.7558471585377253,0.20238375262381392
340,Retail,3,0.44814590440790686,0.6351803086373795,0.18703440422947265
345,Retail,3,0.37249690638732413,0.3809178875544272,0.008420981167103048
356,Retail,3,0.6551812735953949,1.4877032294402215,0.8325219558448266
360,Retail,3,0.47473849016499564,0.6747535464484318,0.20001505628343613
363,Retail,3,0.4876841691180254,0.5064556549134036,0.018771485795378184
364,Retail,3,0.37388400319876625,0.5122337126356737,0.1383497094369075
366,Retail,3,0.6859987770821558,2.354286507376977,1.6682877302948211
369,Retail,3,0.6851792041155396,0.6664450420471361,-0.018734162068403504
373,Retail,3,0.3127344378635649,0.48524573520785974,0.17251129734429482
382,Retail,3,0.451171357683856,0.5326093748018703,0.0814380171180143
396,Retail,3,0.616698610768044,0.6972865991819975,0.08058798841395354
400,Retail,3,0.5055983233897835,0.8427472742888384,0.33714895089905494
420,Retail,3,0.5041185841000033,0.7418930408172091,0.23777445671720576
425,Retail,3,0.38138878008470234,0.4197924120147053,0.03840363193000296
427,Retail,3,0.37989391268154016,1.6199824363333843,1.2400885236518442
428,Retail,3,1.1772950666091373,1.0873616635722516,-0.08993340303688568
432,Retail,3,1.1177156269885642,1.342718857996978,0.2250032310084138
433,Retail,3,0.6546724598878622,3.1945806369950605,2.5399081771071983
445,Retail,3,0.45467735788265645,0.6998561029866655,0.245178745104009
446,Retail,3,0.3691264084076766,0.4913649336608565,0.12223852525317991
450,Retail,3,0.47657222252705994,0.5188230556518927,0.04225083312483274
462,Retail,3,0.5056575061970512,0.9493975342914251,0.44374002809437396
464,Retail,3,0.5131976930029603,1.6034136397913463,1.090215946788386
468,Retail,3,0.7843383187442823,0.8829167862047707,0.09857846746048837
471,Retail,3,0.756575042817853,2.3314978152633925,1.5749227724455395
477,Retail,3,0.43350468009848364,1.0370697293615208,0.6035650492630371
479,Retail,3,0.5223853230798555,2.932924833696007,2.4105395106161516
480,Retail,3,0.4220479931769628,2.27688313498525,1.8548351418082871
482,Retail,3,0.6054250260076859,3.513743442763752,2.9083184167560665
493,Retail,3,0.5383287745280452,2.424202504576045,1.885873730048
497,Retail,3,0.7764748897264313,4.148761754138415,3.3722868644119837
505,Retail,3,0.35838476773686945,0.42828057996985347,0.06989581223298402
506,Retail,3,0.3775675147630243,0.5460450488326277,0.16847753406960342
513,Retail,3,0.31326017824568686,0.3436672913339721,0.030407113088285254
514,Retail,3,0.3775226119781637,0.8027349430228795,0.4252123310447158
519,Retail,3,0.4300349124577947,1.4525653027613477,1.022530390303553
523,Retail,3,0.263578111484447,3.616587696320568,3.353009584836121
529,Retail,3,0.44946123473929755,1.5532036153031865,1.1037423805638888
550,Retail,3,0.4867518820149106,0.5891462944721546,0.10239441245724401
555,Retail,3,1.1457728420426743,1.228044733639583,0.08227189159690873
558,Retail,3,0.47816303077432676,2.3966823494323855,1.9185193186580587
560,Retail,3,0.7905179015686783,1.004047299930587,0.21352939836190865
586,Retail,3,1.1914388669563012,1.5815435332977654,0.39010466634146423
589,Retail,3,0.47393578961288285,2.6983885331833433,2.2244527435704606
591,Retail,3,0.4141624738314043,0.9082749903586137,0.4941125165272094
595,Retail,3,0.4026848504341236,1.1743814480491643,0.7716965976150407
596,Retail,3,0.26368994929229467,0.403019631219671,0.13932968192737633
600,Retail,3,0.5087829896425231,2.121238424328449,1.6124554346859257
601,Retail,3,0.5402514340631764,0.7206793719240778,0.1804279378609014
605,Retail,3,0.8774144059485867,1.023621496573166,0.14620709062457937
609,Retail,3,0.42756649651470224,1.1977036935262697,0.7701371970115675
611,Retail,3,0.5539851371927755,2.0782941519502334,1.5243090147574578
614,Retail,3,0.6757398030227268,3.5927409328939186,2.917001129871192
615,Retail,3,0.629544815450045,4.379958307946271,3.7504134924962265
625,Retail,3,0.32360108907681434,0.627269737834452,0.3036686487576376
629,Retail,3,0.5095447622437395,0.49936211203207187,-0.010182650211667588
633,Retail,3,0.5172638500663952,0.6427021196386881,0.12543826957229287
634,Retail,3,0.4492693314339499,0.9577928533707549,0.508523521936805
635,Retail,3,0.4017599983968289,0.9021066305312496,0.5003466321344208
642,Retail,3,0.6557753438871625,1.1408636817918894,0.48508833790472683
643,Retail,3,0.263578111484447,3.616587696320568,3.353009584836121
648,Retail,3,0.5648609850645366,1.2187009089756076,0.6538399239110709
649,Retail,3,0.4644423025487643,1.3165225500039655,0.8520802474552012
657,Retail,3,0.6752696318479203,0.8902261228994417,0.21495649105152137
658,Retail,3,0.445469087768409,1.7648465966599907,1.3193775088915816
661,Retail,3,0.5663133182291341,0.9284677062518851,0.362154388022751
674,Retail,3,0.6542174976218843,0.7225347762128351,0.06831727859095083
676,Retail,3,0.8239976934643893,3.852684270193004,3.0286865767286146
683,Retail,3,0.9130896289158621,3.2653336477659543,2.352244018850092
691,Retail,3,0.9527066970921333,3.2627486807796204,2.310041983687487
694,Retail,3,0.4141195664705237,0.4601675456722031,0.04604797920167936
707,Retail,3,1.117351451935725,4.127474755090697,3.010123303154972
717,Retail,3,0.40097275858010006,3.83006177976044,3.42908902118034
720,Retail,3,0.616499970888409,0.8697417987261888,0.2532418278377798
722,Retail,3,0.4103673806300513,0.622589850171003,0.2122224695409517
726,Retail,3,0.2841750861325322,3.7562054346313105,3.4720303484987785
729,Retail,3,0.7786296412503119,3.279189842257161,2.500560201006849
733,Retail,3,0.49236763793085403,0.6473861623562134,0.15501852442535935
734,Retail,3,0.44048444330956216,1.0876192905721382,0.6471348472625761
737,Retail,3,0.7525693634633196,0.578375814024767,-0.1741935494385526
740,Retail,3,0.5113707888192952,3.538640477324001,3.027269688504706
744,Retail,3,0.8253259631446959,1.2545541196922092,0.42922815654751334
755,Retail,3,0.4603830118871376,1.4331412596049635,0.9727582477178259
765,Retail,3,0.5068830441554948,1.3894436780607338,0.882560633905239
769,Retail,3,0.5212645718855649,1.509393349340666,0.9881287774551011
773,Retail,3,0.3320435187198499,0.3531962384778157,0.021152719757965843
778,Retail,3,0.6554218808812509,3.082055808583467,2.426633927702216
779,Retail,3,0.5689755601481166,0.6467124199626757,0.07773685981455913
784,Retail,3,0.6042934569483418,0.5305425829940882,-0.07375087395425362
791,Retail,3,0.7152257958685019,0.8355728901473018,0.12034709427879997
798,Retail,3,0.433275122191346,2.369683727111987,1.9364086049206408
799,Retail,3,0.7241809906746701,4.406029061252895,3.6818480705782255
801,Retail,3,0.5828845954340711,3.4687016101275967,2.885817014693526
804,Retail,3,0.6068029364682236,1.2710931754672918,0.6642902389990682
805,Retail,3,0.5974940363667397,1.0719851116005101,0.47449107523377043
816,Retail,3,0.4895803256835798,0.5089124405547396,0.019332114871159822
819,Retail,3,0.47906820375192566,1.0296278710534201,0.5505596673014945
830,Retail,3,0.6260242525070077,1.2752764574094195,0.6492522049024119
832,Retail,3,0.5486203415680252,0.8568424244153172,0.308222082847292
837,Retail,3,0.33203475235614366,0.5783487980217745,0.24631404566563087
843,Retail,3,0.8088741726881654,5.150805683517305,4.34193151082914
848,Retail,3,0.6553184793093014,0.8808377044451902,0.22551922513588873
859,Retail,3,0.5474665467753812,0.6528943172603872,0.10542777048500596
861,Retail,3,0.562992379435994,1.6620459614549787,1.0990535820189846
864,Retail,3,0.5700008200094904,2.9544857806369906,2.3844849606275003
866,Retail,3,0.6454666636964601,0.6775287421695816,0.03206207847312148
875,Retail,3,0.46557781610908966,0.8176733495067701,0.3520955333976804
878,Retail,3,0.5677016916574498,1.6359298689232982,1.0682281772658484
879,Retail,3,0.542117175291629,2.987393639580679,2.44527646428905
887,Retail,3,0.3505586665306485,0.7556778000772841,0.40511913354663565
903,Retail,3,0.9293425560873143,4.858961440448299,3.929618884360985
907,Retail,3,0.3284466644536497,1.6261564084432374,1.2977097439895877
909,Retail,3,0.5686744227279845,3.671137056396343,3.1024626336683587
912,Retail,3,0.41534754668702034,0.579795738250916,0.16444819156389567
915,Retail,3,0.5241625310287054,0.863961470964714,0.3397989399360086
920,Retail,3,0.4528124627197494,1.2622088001181186,0.8093963373983692
927,Retail,3,0.7426750284069283,0.937693085851889,0.1950180574449607
929,Retail,3,0.6694226501376556,2.0404336377564256,1.37101098761877
930,Retail,3,0.6769677985234646,3.342449558043658,2.6654817595201936
935,Retail,3,0.6045581043222714,1.7739869041021958,1.1694287997799244
938,Retail,3,0.24796527119881454,0.4497215215776077,0.20175625037879316
941,Retail,3,0.4508910047985322,0.5267704891395626,0.07587948434103037
944,Retail,3,0.6582379992931787,0.7548562783407872,0.09661827904760845
947,Retail,3,0.28606489726220236,0.3754996783438651,0.08943478108166275
957,Retail,3,0.4708744307845844,0.845730650967375,0.3748562201827906
963,Retail,3,0.4111847251676259,0.4693655502395029,0.058180825071876996
978,Retail,3,0.6168457606740543,1.259323592132499,0.6424778314584447
979,Retail,3,0.4669556319962321,0.5361623735436924,0.06920674154746037
980,Retail,3,0.4675731916619667,1.9094082309441867,1.44183503928222
981,Retail,3,0.5142334924816823,3.3133436777661416,2.7991101852844595
986,Retail,3,0.5692298459836107,3.3523479661475495,2.783118120163939
989,Retail,3,0.38500927548019204,0.4103256825553353,0.025316407075143266
997,Retail,3,0.8744777935673878,6.915325686461044,6.040847892893656
1000,Retail,3,0.4763480298550971,0.7258700707921208,0.24952204093702374
1011,Retail,3,0.5749666661837433,2.4049525265985308,1.8299858604147876
1013,Retail,3,1.1525400287363974,0.9633700343255269,-0.18916999441087046
1016,Retail,3,0.46635172263716484,1.2320225099757978,0.7656707873386329
1018,Retail,3,0.45475672878620815,1.1634248831928367,0.7086681544066284
1024,Retail,3,0.7419393684398315,1.981833228247947,1.2398938598081153
1027,Retail,3,0.778237300470336,2.1683404424341717,1.3901031419638357
1033,Retail,3,0.889766751778323,3.6132951044461885,2.7235283526678655
1037,Retail,3,0.5110298760276417,0.6640724808437578,0.1530426048161161
1041,Retail,3,0.40325565506596966,0.4178651041793546,0.01460944911338491
1042,Retail,3,0.41545489665313284,1.2093291926361673,0.7938742959830345
1061,Retail,3,0.41733524288606494,0.8746412174261928,0.4573059745401279
1065,Retail,3,0.41347817209254056,2.7388913197613096,2.325413147668769
1067,Retail,3,0.7714005237449574,0.8461696914117088,0.07476916766675146
1079,Retail,3,0.4007406179302483,1.7103393501342021,1.3095987322039537
1087,Retail,3,0.6185222704091229,0.6971401630673038,0.07861789265818087
1092,Retail,3,0.4463040914084397,0.5499476469919775,0.10364355558353783
1094,Retail,3,0.7783765403850518,0.7776440395713442,-0.0007325008137075706
1108,Retail,3,0.3667070005855422,2.959756396800506,2.5930493962149637
1114,Retail,3,0.5676444739499075,0.7592876809956335,0.19164320704572602
1117,Retail,3,0.5130516294889842,0.9890547018855008,0.4760030723965166
1118,Retail,3,0.5086831405152217,1.3239310884358,0.8152479479205783
1120,Retail,3,0.5100135500852314,0.7431392765650444,0.233125726479813
1124,Retail,3,0.5340807040139202,0.6257365240959144,0.09165582008199424
1126,Retail,3,0.48617726888724555,1.2154713893951063,0.7292941205078608
1134,Retail,3,0.4988872259378798,1.580930954063128,1.0820437281252482
1136,Retail,3,0.7778328189646859,2.2780291626763445,1.5001963437116586
1138,Retail,3,0.6910962545080591,1.8287383480856823,1.137642093577623
1146,Retail,3,0.4488445423904279,0.9316467847027418,0.48280224231231383
1150,Retail,3,0.5156376308687692,1.49129268779938,0.9756550569306107
1159,Retail,3,0.6017471038751707,2.543170311760555,1.9414232078853844
1161,Retail,3,0.29419077903100826,0.3537784270469694,0.059587648015961114
1164,Retail,3,0.3725860766119103,0.39510466178185605,0.02251858516994576
1169,Retail,3,0.6008491702906289,1.0576022699720946,0.4567530996814657
1184,Retail,3,0.5967708989218855,6.521174446079368,5.924403547157483
1185,Retail,3,0.41547670646296603,1.1389735686361582,0.7234968621731921
1186,Retail,3,0.47261995073417906,1.4727450856798339,1.0001251349456548
1187,Retail,3,0.6730728344771735,3.2883445555877673,2.615271721110594
1192,Retail,3,0.44818933881618983,1.3308191403035554,0.8826298014873656
1197,Retail,3,0.516451854000405,3.3283928458609218,2.8119409918605167
1208,Retail,3,0.5805384769609877,3.6360966099760077,3.05555813301502
1214,Retail,3,0.6263837302578465,0.6772749588775718,0.05089122861972528
1218,Retail,3,0.8293432835269775,2.9312233901259908,2.101880106599013
1221,Retail,3,0.7155131697051375,0.6635826874077552,-0.051930482297382285
1224,Retail,3,1.1975274232188764,2.4602182075375936,1.2626907843187172
1228,Retail,3,0.5028814308830878,0.7908146369568775,0.2879332060737897
1232,Retail,3,0.5543934824587714,1.2344201684931169,0.6800266860343455
2,Nightlife Spot,1,0.4767638162316865,0.5358041656520143,0.059040349420327765
5,Nightlife Spot,1,0.4332332014173959,0.6378733478625608,0.20464014644516487
12,Nightlife Spot,1,0.519302399997308,0.5541021529142752,0.03479975291696724
21,Nightlife Spot,1,2.595639005986566,2.5733842429245524,-0.022254763062013794
25,Nightlife Spot,1,0.38885050116016134,0.39247353293227905,0.003623031772117702
36,Nightlife Spot,1,0.3761953947991983,2.048315663866938,1.6721202690677397
37,Nightlife Spot,1,0.4958668704485165,0.5272480420132193,0.03138117156470277
49,Nightlife Spot,1,0.5421964118071112,0.5652445967501301,0.023048184943018857
53,Nightlife Spot,1,0.3266028490144008,0.4998425478527792,0.17323969883837842
56,Nightlife Spot,1,0.2940677131245064,0.32978096783524774,0.03571325471074133
64,Nightlife Spot,1,1.0933877965290209,1.118958560953264,0.02557076442424311
67,Nightlife Spot,1,0.8966722106954357,1.0535211930806887,0.15684898238525302
69,Nightlife Spot,1,0.5331252816258939,3.1832530762668094,2.6501277946409156
72,Nightlife Spot,1,0.3532408006349333,0.6174219927701127,0.2641811921351794
74,Nightlife Spot,1,0.5089446046163831,0.5326085112685681,0.023663906652184985
77,Nightlife Spot,1,0.4000605076331013,0.37616526788100146,-0.02389523975209984
84,Nightlife Spot,1,0.4536921758764068,0.5300253343724198,0.07633315849601302
90,Nightlife Spot,1,0.5430741396180734,3.066123883208877,2.5230497435908035
97,Nightlife Spot,1,0.5697050699965832,0.6573654997721481,0.08766042977556487
98,Nightlife Spot,1,0.4708658338992647,0.48752028250269835,0.01665444860343368
99,Nightlife Spot,1,0.3357802787781508,0.3433754764457932,0.007595197667642384
109,Nightlife Spot,1,0.5960995299048867,0.6441379740878563,0.04803844418296965
111,Nightlife Spot,1,0.5586523716002444,0.5683746069556792,0.009722235355434816
117,Nightlife Spot,1,0.32631611456089626,0.48998348161361815,0.1636673670527219
118,Nightlife Spot,1,0.33259677380626296,0.3276350028539683,-0.004961770952294664
120,Nightlife Spot,1,0.4127254767146181,0.5550544552047576,0.14232897849013948
124,Nightlife Spot,1,0.42974198261393787,0.8437381528152179,0.41399617020128004
126,Nightlife Spot,1,0.45844246542620126,0.5636396062032805,0.1051971407770792
130,Nightlife Spot,1,0.5233879244525205,1.1151423762008994,0.5917544517483789
144,Nightlife Spot,1,0.4512602421254125,0.5258102555173809,0.07455001339196843
149,Nightlife Spot,1,0.5238566978598095,1.3903671423220907,0.8665104444622812
150,Nightlife Spot,1,0.504103936695667,0.6095963547997687,0.1054924181041017
160,Nightlife Spot,1,0.5456833508181954,0.5709153778560642,0.025232027037868754
164,Nightlife Spot,1,0.3345894370061063,0.3366264135527258,0.0020369765466194956
166,Nightlife Spot,1,0.2996998282689129,0.6339754532074182,0.3342756249385053
173,Nightlife Spot,1,0.5775251385776741,0.6165988391366922,0.039073700559018154
186,Nightlife Spot,1,0.4797996276759682,0.6384118568190136,0.1586122291430454
189,Nightlife Spot,1,0.3573433728503198,0.4579384101843763,0.1005950373340565
199,Nightlife Spot,1,1.0982004559589997,1.1252408696773215,0.027040413718321776
206,Nightlife Spot,1,0.38449508015201284,0.30303945785362135,-0.08145562229839148
208,Nightlife Spot,1,1.2667283088067145,1.2577804050598886,-0.008947903746825858
209,Nightlife Spot,1,0.511249846093341,1.3510602915429146,0.8398104454495736
212,Nightlife Spot,1,0.5084226545669722,0.4373642666283461,-0.07105838793862612
213,Nightlife Spot,1,0.4619594275007839,0.8657593477041169,0.403799920203333
220,Nightlife Spot,1,1.0670825295591375,3.217825956691119,2.1507434271319816
223,Nightlife Spot,1,1.376369308667773,1.2983478865388796,-0.07802142212889351
234,Nightlife Spot,1,0.6109962161755625,6.114268742863447,5.503272526687884
237,Nightlife Spot,1,0.7716145256582242,0.8034310733191975,0.031816547660973304
244,Nightlife Spot,1,0.4795941124402018,0.5061554999780525,0.026561387537850756
245,Nightlife Spot,1,0.4338005240826789,1.1015487375671227,0.6677482134844438
251,Nightlife Spot,1,1.3919913307989944,1.5563931746121586,0.16440184381316425
253,Nightlife Spot,1,0.6711398021568339,0.7420511491271947,0.07091134697036083
258,Nightlife Spot,1,0.5676310871122393,4.854317489593435,4.2866864024811955
264,Nightlife Spot,1,0.6508587521694869,2.453061643965179,1.802202891795692
268,Nightlife Spot,1,0.524166100877322,0.573029897572743,0.04886379669542107
269,Nightlife Spot,1,0.38947238311848004,0.9456452171104343,0.5561728339919543
270,Nightlife Spot,1,0.5940037064727022,2.3386066475078766,1.7446029410351744
273,Nightlife Spot,1,0.44414241045959413,0.6697414934676635,0.2255990830080694
274,Nightlife Spot,1,0.5541561793696301,0.8153663706225858,0.26121019125295564
280,Nightlife Spot,1,0.9608296196759533,1.415080938238914,0.45425131856296075
283,Nightlife Spot,1,0.4085393596572059,0.5038338573589984,0.09529449770179255
292,Nightlife Spot,1,0.9926225073652812,1.06739919332907,0.07477668596378884
325,Nightlife Spot,1,0.2979073001088789,0.33861690094816876,0.04070960083928987
329,Nightlife Spot,1,0.8776896043896696,0.9033975276047903,0.02570792321512072
330,Nightlife Spot,1,0.9434044911805204,0.9778654889276593,0.034460997747138955
335,Nightlife Spot,1,0.5269845760774727,1.2215439981547782,0.6945594220773055
337,Nightlife Spot,1,0.5534634059139114,0.5936311754273546,0.04016776951344314
340,Nightlife Spot,1,0.44814590440790686,0.5555215668462772,0.10737566243837032
345,Nightlife Spot,1,0.37249690638732413,0.4798331367916136,0.10733623040428947
356,Nightlife Spot,1,0.6551812735953949,0.7190001954777928,0.0638189218823979
360,Nightlife Spot,1,0.47473849016499564,0.5124848789804632,0.0377463888154676
363,Nightlife Spot,1,0.4876841691180254,0.500173808575303,0.012489639457277601
364,Nightlife Spot,1,0.37388400319876625,0.350813111943957,-0.023070891254809267
366,Nightlife Spot,1,0.6859987770821558,0.6791580004523144,-0.006840776629841394
369,Nightlife Spot,1,0.6851792041155396,1.112422965205421,0.4272437610898814
373,Nightlife Spot,1,0.3127344378635649,0.5924587345176203,0.2797242966540554
382,Nightlife Spot,1,0.451171357683856,0.5902570921538625,0.13908573447000644
396,Nightlife Spot,1,0.616698610768044,0.6352169677851425,0.018518357017098475
400,Nightlife Spot,1,0.5055983233897835,0.5420795356241274,0.03648121223434386
420,Nightlife Spot,1,0.5041185841000033,0.6689580443385013,0.16483946023849794
425,Nightlife Spot,1,0.38138878008470234,0.5297789429301714,0.14839016284546902
427,Nightlife Spot,1,0.37989391268154016,0.5010701026330847,0.12117618995154456
428,Nightlife Spot,1,1.1772950666091373,1.2539792707223638,0.07668420411322652
432,Nightlife Spot,1,1.1177156269885642,1.2222402532447498,0.10452462625618564
433,Nightlife Spot,1,0.6546724598878622,0.6945486228913577,0.0398761630034955
445,Nightlife Spot,1,0.45467735788265645,0.9055352091288076,0.45085785124615113
446,Nightlife Spot,1,0.3691264084076766,0.4060209641774067,0.03689455576973011
450,Nightlife Spot,1,0.47657222252705994,0.4825046120781579,0.005932389551097983
462,Nightlife Spot,1,0.5056575061970512,0.9984060992377357,0.4927485930406845
464,Nightlife Spot,1,0.5131976930029603,0.5544946955403691,0.04129700253740887
468,Nightlife Spot,1,0.7843383187442823,0.7826310227635545,-0.0017072959807278298
471,Nightlife Spot,1,0.756575042817853,5.545947934072743,4.78937289125489
477,Nightlife Spot,1,0.43350468009848364,2.112422374922642,1.6789176948241582
479,Nightlife Spot,1,0.5223853230798555,0.6444304340996994,0.12204511101984383
480,Nightlife Spot,1,0.4220479931769628,2.3296891539764486,1.9076411607994859
482,Nightlife Spot,1,0.6054250260076859,0.7457927532245451,0.1403677272168592
493,Nightlife Spot,1,0.5383287745280452,0.5848634698217938,0.04653469529374865
497,Nightlife Spot,1,0.7764748897264313,0.842181503354597,0.06570661362816566
505,Nightlife Spot,1,0.35838476773686945,0.29247442799805307,-0.06591033973881638
506,Nightlife Spot,1,0.3775675147630243,0.42559069812831046,0.04802318336528616
513,Nightlife Spot,1,0.31326017824568686,0.5731035009987132,0.25984332275302635
514,Nightlife Spot,1,0.3775226119781637,4.643165983829907,4.265643371851743
519,Nightlife Spot,1,0.4300349124577947,2.065714122385911,1.6356792099281163
523,Nightlife Spot,1,0.263578111484447,0.30759120533792655,0.04401309385347957
529,Nightlife Spot,1,0.44946123473929755,0.9096462165967794,0.4601849818574818
550,Nightlife Spot,1,0.4867518820149106,0.5379795457440594,0.051227663729148776
555,Nightlife Spot,1,1.1457728420426743,1.1012734467763792,-0.044499395266295094
558,Nightlife Spot,1,0.47816303077432676,0.50903603824039,0.03087300746606325
560,Nightlife Spot,1,0.7905179015686783,2.1152630493068676,1.3247451477381893
586,Nightlife Spot,1,1.1914388669563012,1.3149205852608032,0.12348171830450205
589,Nightlife Spot,1,0.47393578961288285,0.8968682588896804,0.4229324692767975
591,Nightlife Spot,1,0.4141624738314043,0.5777237351486435,0.1635612613172392
595,Nightlife Spot,1,0.4026848504341236,0.6325430385093446,0.22985818807522096
596,Nightlife Spot,1,0.26368994929229467,0.38032965703553084,0.11663970774323618
600,Nightlife Spot,1,0.5087829896425231,0.8134414466688618,0.30465845702633865
601,Nightlife Spot,1,0.5402514340631764,0.5771393728706953,0.03688793880751884
605,Nightlife Spot,1,0.8774144059485867,0.8627550433616299,-0.01465936258695677
609,Nightlife Spot,1,0.42756649651470224,2.257446975346107,1.8298804788314045
611,Nightlife Spot,1,0.5539851371927755,0.45367568555394977,-0.10030945163882576
614,Nightlife Spot,1,0.6757398030227268,0.7217467546403324,0.046006951617605596
615,Nightlife Spot,1,0.629544815450045,2.697176990922692,2.067632175472647
625,Nightlife Spot,1,0.32360108907681434,0.635011849805398,0.3114107607285837
629,Nightlife Spot,1,0.5095447622437395,3.784571127901358,3.2750263656576184
633,Nightlife Spot,1,0.5172638500663952,0.49194376255018507,-0.02532008751621012
634,Nightlife Spot,1,0.4492693314339499,6.465724908764794,6.016455577330844
635,Nightlife Spot,1,0.4017599983968289,0.3989997394987812,-0.002760258898047707
642,Nightlife Spot,1,0.6557753438871625,0.6053051729952071,-0.05047017089195538
643,Nightlife Spot,1,0.263578111484447,0.30759120533792655,0.04401309385347957
648,Nightlife Spot,1,0.5648609850645366,5.4471431389733755,4.882282153908839
649,Nightlife Spot,1,0.4644423025487643,0.9571320991145957,0.49268979656583145
657,Nightlife Spot,1,0.6752696318479203,0.6751798021827569,-8.982966516346558e-05
658,Nightlife Spot,1,0.445469087768409,0.5098353477901005,0.06436626002169155
661,Nightlife Spot,1,0.5663133182291341,0.49706659920740437,-0.06924671902172974
674,Nightlife Spot,1,0.6542174976218843,0.6198784969832433,-0.03433900063864104
676,Nightlife Spot,1,0.8239976934643893,1.3810594350314938,0.5570617415671044
683,Nightlife Spot,1,0.9130896289158621,0.9454148139409975,0.03232518502513537
691,Nightlife Spot,1,0.9527066970921333,1.1193121758765776,0.16660547878444432
694,Nightlife Spot,1,0.4141195664705237,0.5725636007333941,0.15844403426287035
707,Nightlife Spot,1,1.117351451935725,1.0323363876144338,-0.08501506432129124
717,Nightlife Spot,1,0.40097275858010006,0.5953203041539508,0.1943475455738507
720,Nightlife Spot,1,0.616499970888409,0.4751353785703324,-0.14136459231807663
722,Nightlife Spot,1,0.4103673806300513,0.3916683166622941,-0.018699063967757168
726,Nightlife Spot,1,0.2841750861325322,0.3275882967014813,0.043413210568949145
729,Nightlife Spot,1,0.7786296412503119,1.4122726556095362,0.6336430143592243
733,Nightlife Spot,1,0.49236763793085403,0.5500169522879705,0.05764931435711651
734,Nightlife Spot,1,0.44048444330956216,0.41986006315284075,-0.02062438015672141
737,Nightlife Spot,1,0.7525693634633196,0.8397880776430119,0.08721871417969229
740,Nightlife Spot,1,0.5113707888192952,0.9121061041423393,0.4007353153230441
744,Nightlife Spot,1,0.8253259631446959,0.7955498993415373,-0.02977606380315856
755,Nightlife Spot,1,0.4603830118871376,0.8602441975254171,0.39986118563827955
765,Nightlife Spot,1,0.5068830441554948,0.5392731422100576,0.03239009805456283
769,Nightlife Spot,1,0.5212645718855649,0.5160559804425341,-0.005208591443030763
773,Nightlife Spot,1,0.3320435187198499,0.36836655712644306,0.03632303840659318
778,Nightlife Spot,1,0.6554218808812509,3.1085182607770436,2.4530963798957925
779,Nightlife Spot,1,0.5689755601481166,0.5455531000926851,-0.02342246005543147
784,Nightlife Spot,1,0.6042934569483418,0.5979293765017144,-0.006364080446627396
791,Nightlife Spot,1,0.7152257958685019,0.7546749648010256,0.039449168932523704
798,Nightlife Spot,1,0.433275122191346,0.6613196997094625,0.22804457751811646
799,Nightlife Spot,1,0.7241809906746701,4.702707042296151,3.978526051621481
801,Nightlife Spot,1,0.5828845954340711,3.74602673126777,3.1631421358336986
804,Nightlife Spot,1,0.6068029364682236,0.7805931471470682,0.1737902106788446
805,Nightlife Spot,1,0.5974940363667397,0.7605489767328193,0.1630549403660796
816,Nightlife Spot,1,0.4895803256835798,0.5151756606902005,0.0255953350066207
819,Nightlife Spot,1,0.47906820375192566,0.5569582142298266,0.07789001047790095
830,Nightlife Spot,1,0.6260242525070077,0.7640067351679823,0.13798248266097468
832,Nightlife Spot,1,0.5486203415680252,0.48447501062754056,-0.06414533094048464
837,Nightlife Spot,1,0.33203475235614366,0.905109334959239,0.5730745826030953
843,Nightlife Spot,1,0.8088741726881654,0.7844921346460987,-0.024382038042066734
848,Nightlife Spot,1,0.6553184793093014,0.6633826632741439,0.00806418396484243
859,Nightlife Spot,1,0.5474665467753812,0.6156648470593706,0.06819830028398943
861,Nightlife Spot,1,0.562992379435994,0.6184947319239843,0.05550235248799029
864,Nightlife Spot,1,0.5700008200094904,0.5822164355386867,0.012215615529196366
866,Nightlife Spot,1,0.6454666636964601,0.8697410272024386,0.2242743635059785
875,Nightlife Spot,1,0.46557781610908966,0.5014389102077947,0.03586109409870508
878,Nightlife Spot,1,0.5677016916574498,0.6232892946741418,0.05558760301669208
879,Nightlife Spot,1,0.542117175291629,4.8573369608175065,4.315219785525878
887,Nightlife Spot,1,0.3505586665306485,1.3764135896580807,1.025854923127432
903,Nightlife Spot,1,0.9293425560873143,1.838644043886379,0.9093014877990646
907,Nightlife Spot,1,0.3284466644536497,0.37255615435997236,0.044109489906322685
909,Nightlife Spot,1,0.5686744227279845,3.7653432323639873,3.1966688096360025
912,Nightlife Spot,1,0.41534754668702034,0.4183420322624591,0.0029944855754387434
915,Nightlife Spot,1,0.5241625310287054,0.6611618108652892,0.1369992798365839
920,Nightlife Spot,1,0.4528124627197494,0.44532250189903255,-0.0074899608207168455
927,Nightlife Spot,1,0.7426750284069283,0.7877805156329022,0.04510548722597385
929,Nightlife Spot,1,0.6694226501376556,0.8770091576361664,0.20758650749851082
930,Nightlife Spot,1,0.6769677985234646,1.536170112420081,0.8592023138966165
935,Nightlife Spot,1,0.6045581043222714,4.496408158099559,3.8918500537772873
938,Nightlife Spot,1,0.24796527119881454,0.5079664897897663,0.2600012185909518
941,Nightlife Spot,1,0.4508910047985322,0.6643172461137911,0.21342624131525884
944,Nightlife Spot,1,0.6582379992931787,0.7079607784692477,0.04972277917606893
947,Nightlife Spot,1,0.28606489726220236,0.35112563198075697,0.06506073471855461
957,Nightlife Spot,1,0.4708744307845844,3.8710233818184268,3.4001489510338425
963,Nightlife Spot,1,0.4111847251676259,0.6505111241159154,0.2393263989482895
978,Nightlife Spot,1,0.6168457606740543,0.6387802464381513,0.021934485764097067
979,Nightlife Spot,1,0.4669556319962321,0.7517339222451994,0.28477829024896734
980,Nightlife Spot,1,0.4675731916619667,0.47884607472948465,0.011272883067517947
981,Nightlife Spot,1,0.5142334924816823,0.6138775844195759,0.09964409193789359
986,Nightlife Spot,1,0.5692298459836107,3.449681386462191,2.8804515404785804
989,Nightlife Spot,1,0.38500927548019204,1.193226445779433,0.808217170299241
997,Nightlife Spot,1,0.8744777935673878,0.9429437996709267,0.06846600610353892
1000,Nightlife Spot,1,0.4763480298550971,6.207818715154824,5.731470685299727
1011,Nightlife Spot,1,0.5749666661837433,0.6774304675162283,0.102463801332485
1013,Nightlife Spot,1,1.1525400287363974,0.8983054994019264,-0.254234529334471
1016,Nightlife Spot,1,0.46635172263716484,0.8206649094926664,0.3543131868555015
1018,Nightlife Spot,1,0.45475672878620815,0.5413909783235606,0.08663424953735249
1024,Nightlife Spot,1,0.7419393684398315,0.6661081434267625,-0.07583122501306905
1027,Nightlife Spot,1,0.778237300470336,0.6895359162895833,-0.08870138418075268
1033,Nightlife Spot,1,0.889766751778323,0.8749511680807328,-0.014815583697590173
1037,Nightlife Spot,1,0.5110298760276417,0.6525715039715502,0.14154162794390845
1041,Nightlife Spot,1,0.40325565506596966,1.64377366859856,1.2405180135325904
1042,Nightlife Spot,1,0.41545489665313284,0.8306120709947201,0.4151571743415873
1061,Nightlife Spot,1,0.41733524288606494,0.43881827543755747,0.02148303255149253
1065,Nightlife Spot,1,0.41347817209254056,0.7167348217931364,0.30325664970059585
1067,Nightlife Spot,1,0.7714005237449574,0.8443869681050629,0.07298644436010548
1079,Nightlife Spot,1,0.4007406179302483,0.47317759190390585,0.07243697397365756
1087,Nightlife Spot,1,0.6185222704091229,0.6214109790786889,0.0028887086695660313
1092,Nightlife Spot,1,0.4463040914084397,0.6131403389475223,0.1668362475390826
1094,Nightlife Spot,1,0.7783765403850518,0.8575537308686807,0.07917719048362892
1108,Nightlife Spot,1,0.3667070005855422,0.8325822856698831,0.46587528508434095
1114,Nightlife Spot,1,0.5676444739499075,0.8702713991524146,0.3026269252025071
1117,Nightlife Spot,1,0.5130516294889842,7.052291400732705,6.539239771243721
1118,Nightlife Spot,1,0.5086831405152217,0.5084452466923176,-0.00023789382290406724
1120,Nightlife Spot,1,0.5100135500852314,0.5282695932986892,0.01825604321345775
1124,Nightlife Spot,1,0.5340807040139202,0.5373932977257729,0.0033125937118527737
1126,Nightlife Spot,1,0.48617726888724555,0.4982846803013897,0.012107411414144176
1134,Nightlife Spot,1,0.4988872259378798,5.5634480511388285,5.064560825200949
1136,Nightlife Spot,1,0.7778328189646859,1.2257856558663087,0.4479528369016228
1138,Nightlife Spot,1,0.6910962545080591,0.8689539193109171,0.17785766480285803
1146,Nightlife Spot,1,0.4488445423904279,0.5852864452243745,0.13644190283394653
1150,Nightlife Spot,1,0.5156376308687692,0.4890540154995573,-0.026583615369211944
1159,Nightlife Spot,1,0.6017471038751707,1.5883557749324262,0.9866086710572555
1161,Nightlife Spot,1,0.29419077903100826,1.9739884274829838,1.6797976484519754
1164,Nightlife Spot,1,0.3725860766119103,0.6311889237035553,0.258602847091645
1169,Nightlife Spot,1,0.6008491702906289,0.6207097261711962,0.019860555880567343
1184,Nightlife Spot,1,0.5967708989218855,0.5811200678225875,-0.01565083109929799
1185,Nightlife Spot,1,0.41547670646296603,0.4881618424762834,0.07268513601331739
1186,Nightlife Spot,1,0.47261995073417906,9.200937690289933,8.728317739555754
1187,Nightlife Spot,1,0.6730728344771735,1.3956561606908562,0.7225833262136827
1192,Nightlife Spot,1,0.44818933881618983,0.5460714217643236,0.09788208294813372
1197,Nightlife Spot,1,0.516451854000405,0.7014122401826635,0.1849603861822584
1208,Nightlife Spot,1,0.5805384769609877,4.15700252601094,3.576464049049952
1214,Nightlife Spot,1,0.6263837302578465,0.543534786278783,-0.0828489439790635
1218,Nightlife Spot,1,0.8293432835269775,0.8463455153572691,0.017002231830291592
1221,Nightlife Spot,1,0.7155131697051375,0.580053754728223,-0.1354594149769145
1224,Nightlife Spot,1,1.1975274232188764,1.0268096260967225,-0.17071779712215385
1228,Nightlife Spot,1,0.5028814308830878,0.6231796219260822,0.12029819104299444
1232,Nightlife Spot,1,0.5543934824587714,0.6678857386492427,0.11349225619047132
2,Nightlife Spot,2,0.4767638162316865,0.6525831236630681,0.17581930743138163
5,Nightlife Spot,2,0.4332332014173959,1.1507195670108425,0.7174863655934467
12,Nightlife Spot,2,0.519302399997308,1.0487415148882957,0.5294391148909877
21,Nightlife Spot,2,2.595639005986566,2.573660815172616,-0.02197819081395025
25,Nightlife Spot,2,0.38885050116016134,2.439320221497125,2.0504697203369635
36,Nightlife Spot,2,0.3761953947991983,2.363094423813208,1.9868990290140096
37,Nightlife Spot,2,0.4958668704485165,0.5759654745122851,0.08009860406376856
49,Nightlife Spot,2,0.5421964118071112,0.7066497166922431,0.16445330488513188
53,Nightlife Spot,2,0.3266028490144008,0.6088295808262747,0.2822267318118739
56,Nightlife Spot,2,0.2940677131245064,0.61093276564843,0.3168650525239236
64,Nightlife Spot,2,1.0933877965290209,1.1603402502573363,0.06695245372831549
67,Nightlife Spot,2,0.8966722106954357,1.3689933014109381,0.47232109071550243
69,Nightlife Spot,2,0.5331252816258939,4.794123235031218,4.260997953405324
72,Nightlife Spot,2,0.3532408006349333,1.073275133388711,0.7200343327537777
74,Nightlife Spot,2,0.5089446046163831,0.6401278452407559,0.1311832406243728
77,Nightlife Spot,2,0.4000605076331013,0.585350899397671,0.18529039176456974
84,Nightlife Spot,2,0.4536921758764068,1.8920676436725103,1.4383754677961036
90,Nightlife Spot,2,0.5430741396180734,3.65675001786302,3.1136758782449467
97,Nightlife Spot,2,0.5697050699965832,0.7870498038707616,0.2173447338741784
98,Nightlife Spot,2,0.4708658338992647,0.46408215405941444,-0.006783679839850232
99,Nightlife Spot,2,0.3357802787781508,0.3510683024962066,0.015288023718055765
109,Nightlife Spot,2,0.5960995299048867,0.7022038540279016,0.10610432412301496
111,Nightlife Spot,2,0.5586523716002444,4.592441856642576,4.033789485042332
117,Nightlife Spot,2,0.32631611456089626,0.8350372293306927,0.5087211147697964
118,Nightlife Spot,2,0.33259677380626296,0.538574375345742,0.20597760153947908
120,Nightlife Spot,2,0.4127254767146181,0.8326844226009873,0.4199589458863692
124,Nightlife Spot,2,0.42974198261393787,1.2489282252358147,0.8191862426218768
126,Nightlife Spot,2,0.45844246542620126,0.9807547326701798,0.5223122672439785
130,Nightlife Spot,2,0.5233879244525205,1.5009947898667908,0.9776068654142703
144,Nightlife Spot,2,0.4512602421254125,0.6858458338734581,0.2345855917480456
149,Nightlife Spot,2,0.5238566978598095,2.628899167169168,2.1050424693093586
150,Nightlife Spot,2,0.504103936695667,1.316708397203958,0.8126044605082909
160,Nightlife Spot,2,0.5456833508181954,0.7623662282960513,0.21668287747785586
164,Nightlife Spot,2,0.3345894370061063,0.33845376002096245,0.003864323014856119
166,Nightlife Spot,2,0.2996998282689129,1.3997075360091427,1.1000077077402297
173,Nightlife Spot,2,0.5775251385776741,0.7316124528696432,0.1540873142919691
186,Nightlife Spot,2,0.4797996276759682,0.9258692004193046,0.4460695727433365
189,Nightlife Spot,2,0.3573433728503198,0.5787446061377287,0.2214012332874089
199,Nightlife Spot,2,1.0982004559589997,1.4229966199466868,0.32479616398768707
206,Nightlife Spot,2,0.38449508015201284,0.2626775497258478,-0.12181753042616505
208,Nightlife Spot,2,1.2667283088067145,1.258362001702989,-0.008366307103725434
209,Nightlife Spot,2,0.511249846093341,1.9927698361820882,1.4815199900887472
212,Nightlife Spot,2,0.5084226545669722,0.40727179355731913,-0.10115086100965309
213,Nightlife Spot,2,0.4619594275007839,1.0578699797196291,0.5959105522188453
220,Nightlife Spot,2,1.0670825295591375,5.521904557942927,4.45482202838379
223,Nightlife Spot,2,1.376369308667773,1.283218986931717,-0.09315032173605609
234,Nightlife Spot,2,0.6109962161755625,6.480754826362434,5.869758610186871
237,Nightlife Spot,2,0.7716145256582242,0.8453603036535985,0.0737457779953743
244,Nightlife Spot,2,0.4795941124402018,0.4849461080414058,0.005351995601204029
245,Nightlife Spot,2,0.4338005240826789,1.8537404182491395,1.4199398941664607
251,Nightlife Spot,2,1.3919913307989944,4.574890263244578,3.1828989324455836
253,Nightlife Spot,2,0.6711398021568339,6.125772530684229,5.454632728527395
258,Nightlife Spot,2,0.5676310871122393,4.966238977236474,4.398607890124234
264,Nightlife Spot,2,0.6508587521694869,3.1036034682321585,2.4527447160626714
268,Nightlife Spot,2,0.524166100877322,0.747969101035186,0.22380300015786403
269,Nightlife Spot,2,0.38947238311848004,1.2475810205796205,0.8581086374611404
270,Nightlife Spot,2,0.5940037064727022,2.9340784999041425,2.34007479343144
273,Nightlife Spot,2,0.44414241045959413,1.0811727152229913,0.6370303047633972
274,Nightlife Spot,2,0.5541561793696301,1.2696083380491667,0.7154521586795366
280,Nightlife Spot,2,0.9608296196759533,2.1037065057172777,1.1428768860413245
283,Nightlife Spot,2,0.4085393596572059,2.0250000603072817,1.6164607006500757
292,Nightlife Spot,2,0.9926225073652812,0.9757397534441723,-0.01688275392110894
325,Nightlife Spot,2,0.2979073001088789,0.39521119335895954,0.09730389325008065
329,Nightlife Spot,2,0.8776896043896696,0.9295075532398616,0.051817948850191975
330,Nightlife Spot,2,0.9434044911805204,1.0031943643472316,0.05978987316671125
335,Nightlife Spot,2,0.5269845760774727,2.7089174195422796,2.181932843464807
337,Nightlife Spot,2,0.5534634059139114,0.6298919156679684,0.07642850975405702
340,Nightlife Spot,2,0.44814590440790686,0.7689630675004511,0.3208171630925442
345,Nightlife Spot,2,0.37249690638732413,0.5714672669308496,0.19897036054352546
356,Nightlife Spot,2,0.6551812735953949,0.8904572852923224,0.23527601169692747
360,Nightlife Spot,2,0.47473849016499564,0.5544045209635311,0.07966603079853546
363,Nightlife Spot,2,0.4876841691180254,0.5230575706462366,0.03537340152821117
364,Nightlife Spot,2,0.37388400319876625,0.34073348741000253,-0.03315051578876371
366,Nightlife Spot,2,0.6859987770821558,0.7411334990743077,0.05513472199215186
369,Nightlife Spot,2,0.6851792041155396,1.9453545097814646,1.260175305665925
373,Nightlife Spot,2,0.3127344378635649,1.01189605987974,0.699161622016175
382,Nightlife Spot,2,0.451171357683856,1.020131942733434,0.568960585049578
396,Nightlife Spot,2,0.616698610768044,0.6510991984483354,0.03440058768029142
400,Nightlife Spot,2,0.5055983233897835,0.5906235827014856,0.08502525931170213
420,Nightlife Spot,2,0.5041185841000033,0.9970854053874797,0.4929668212874764
425,Nightlife Spot,2,0.38138878008470234,1.150042991229888,0.7686542111451856
427,Nightlife Spot,2,0.37989391268154016,0.5498607894637592,0.169966876782219
428,Nightlife Spot,2,1.1772950666091373,1.336440870107726,0.15914580349858864
432,Nightlife Spot,2,1.1177156269885642,1.3224252080491106,0.20470958106054638
433,Nightlife Spot,2,0.6546724598878622,0.7573620053414868,0.10268954545362463
445,Nightlife Spot,2,0.45467735788265645,1.0787057629945334,0.624028405111877
446,Nightlife Spot,2,0.3691264084076766,0.8398297633449248,0.4707033549372482
450,Nightlife Spot,2,0.47657222252705994,0.48873427514863904,0.0121620526215791
462,Nightlife Spot,2,0.5056575061970512,1.5215528544089794,1.0158953482119282
464,Nightlife Spot,2,0.5131976930029603,0.6221666670155213,0.108968974012561
468,Nightlife Spot,2,0.7843383187442823,0.7892087991297718,0.0048704803854895395
471,Nightlife Spot,2,0.756575042817853,6.714831086063481,5.958256043245628
477,Nightlife Spot,2,0.43350468009848364,3.1844917661322887,2.7509870860338053
479,Nightlife Spot,2,0.5223853230798555,1.4064320898521419,0.8840467667722863
480,Nightlife Spot,2,0.4220479931769628,2.5996266800493633,2.1775786868724003
482,Nightlife Spot,2,0.6054250260076859,1.8366834958148741,1.2312584698071882
493,Nightlife Spot,2,0.5383287745280452,2.073780751799509,1.5354519772714639
497,Nightlife Spot,2,0.7764748897264313,1.207779470150136,0.4313045804237048
505,Nightlife Spot,2,0.35838476773686945,0.6393806176290817,0.28099584989221227
506,Nightlife Spot,2,0.3775675147630243,0.6809314706553145,0.30336395589229015
513,Nightlife Spot,2,0.31326017824568686,0.8485218532642338,0.5352616750185469
514,Nightlife Spot,2,0.3775226119781637,4.48280533622718,4.105282724249016
519,Nightlife Spot,2,0.4300349124577947,2.377028793255467,1.946993880797672
523,Nightlife Spot,2,0.263578111484447,0.3385015105527383,0.07492339906829132
529,Nightlife Spot,2,0.44946123473929755,1.1324059028651237,0.6829446681258261
550,Nightlife Spot,2,0.4867518820149106,0.5827452247791238,0.09599334276421323
555,Nightlife Spot,2,1.1457728420426743,1.0811778366484919,-0.06459500539418239
558,Nightlife Spot,2,0.47816303077432676,0.9799933234794812,0.5018302927051544
560,Nightlife Spot,2,0.7905179015686783,4.0759745173159505,3.285456615747272
586,Nightlife Spot,2,1.1914388669563012,1.4723036118858084,0.2808647449295072
589,Nightlife Spot,2,0.47393578961288285,1.4180719407194098,0.9441361511065269
591,Nightlife Spot,2,0.4141624738314043,2.5204750865829286,2.106312612751524
595,Nightlife Spot,2,0.4026848504341236,1.012567531120868,0.6098826806867443
596,Nightlife Spot,2,0.26368994929229467,0.7002928875761427,0.43660293828384805
600,Nightlife Spot,2,0.5087829896425231,1.4694502958642255,0.9606673062217024
601,Nightlife Spot,2,0.5402514340631764,0.6020596712240154,0.06180823716083894
605,Nightlife Spot,2,0.8774144059485867,0.8553196144918387,-0.022094791456747975
609,Nightlife Spot,2,0.42756649651470224,2.4077059830211596,1.9801394865064572
611,Nightlife Spot,2,0.5539851371927755,0.4091438484057539,-0.14484128878702163
614,Nightlife Spot,2,0.6757398030227268,0.7629233052676005,0.0871835022448737
615,Nightlife Spot,2,0.629544815450045,1.2149632080497947,0.5854183925997497
625,Nightlife Spot,2,0.32360108907681434,0.9920007164478779,0.6683996273710635
629,Nightlife Spot,2,0.5095447622437395,3.9264371379016056,3.4168923756578664
633,Nightlife Spot,2,0.5172638500663952,0.5396590015011145,0.022395151434719263
634,Nightlife Spot,2,0.4492693314339499,6.508801363645553,6.059532032211603
635,Nightlife Spot,2,0.4017599983968289,1.9664657671151584,1.5647057687183294
642,Nightlife Spot,2,0.6557753438871625,6.4689872510141715,5.813211907127009
643,Nightlife Spot,2,0.263578111484447,0.3385015105527383,0.07492339906829132
648,Nightlife Spot,2,0.5648609850645366,5.779819781646353,5.214958796581816
649,Nightlife Spot,2,0.4644423025487643,1.0716467841649975,0.6072044816162332
657,Nightlife Spot,2,0.6752696318479203,0.6995277257943828,0.0242580939464625
658,Nightlife Spot,2,0.445469087768409,0.9182236712276292,0.47275458345922017
661,Nightlife Spot,2,0.5663133182291341,0.607673364054867,0.04136004582573294
674,Nightlife Spot,2,0.6542174976218843,0.8695745138055847,0.2153570161837004
676,Nightlife Spot,2,0.8239976934643893,2.0307785868196015,1.2067808933552122
683,Nightlife Spot,2,0.9130896289158621,0.9988725450662024,0.08578291615034028
691,Nightlife Spot,2,0.9527066970921333,1.0188651997483058,0.06615850265617251
694,Nightlife Spot,2,0.4141195664705237,1.3549967374306608,0.9408771709601371
707,Nightlife Spot,2,1.117351451935725,1.68560115880134,0.5682497068656149
717,Nightlife Spot,2,0.40097275858010006,0.71553349515629,0.3145607365761899
720,Nightlife Spot,2,0.616499970888409,0.7446158623072003,0.12811589141879132
722,Nightlife Spot,2,0.4103673806300513,0.43871501328997675,0.02834763265992546
726,Nightlife Spot,2,0.2841750861325322,0.35835424532063587,0.0741791591881037
729,Nightlife Spot,2,0.7786296412503119,2.6818738433076517,1.9032442020573397
733,Nightlife Spot,2,0.49236763793085403,4.186318065880647,3.6939504279497926
734,Nightlife Spot,2,0.44048444330956216,6.389017331924311,5.948532888614749
737,Nightlife Spot,2,0.7525693634633196,7.115389140302117,6.362819776838798
740,Nightlife Spot,2,0.5113707888192952,1.3671276014338747,0.8557568126145795
744,Nightlife Spot,2,0.8253259631446959,4.560323799691565,3.734997836546869
755,Nightlife Spot,2,0.4603830118871376,1.0847542107721475,0.6243711988850099
765,Nightlife Spot,2,0.5068830441554948,0.642900596347421,0.13601755219192624
769,Nightlife Spot,2,0.5212645718855649,0.5108105098263838,-0.01045406205918109
773,Nightlife Spot,2,0.3320435187198499,0.45744801125300316,0.12540449253315328
778,Nightlife Spot,2,0.6554218808812509,3.14941756580368,2.493995684922429
779,Nightlife Spot,2,0.5689755601481166,0.564786121229205,-0.004189438918911548
784,Nightlife Spot,2,0.6042934569483418,0.5924991243220286,-0.011794332626313242
791,Nightlife Spot,2,0.7152257958685019,0.8127484353497063,0.09752263948120443
798,Nightlife Spot,2,0.433275122191346,1.0933684933954646,0.6600933712041186
799,Nightlife Spot,2,0.7241809906746701,4.633487787991728,3.9093067973170577
801,Nightlife Spot,2,0.5828845954340711,3.874272277795629,3.2913876823615578
804,Nightlife Spot,2,0.6068029364682236,1.4778042459283118,0.8710013094600882
805,Nightlife Spot,2,0.5974940363667397,1.087592113087073,0.49009807672033323
816,Nightlife Spot,2,0.4895803256835798,0.7025343421835055,0.21295401649992574
819,Nightlife Spot,2,0.47906820375192566,1.0672833274484066,0.588215123696481
830,Nightlife Spot,2,0.6260242525070077,0.9158077047280968,0.28978345222108914
832,Nightlife Spot,2,0.5486203415680252,0.7951262449100909,0.24650590334206568
837,Nightlife Spot,2,0.33203475235614366,1.515345495985213,1.1833107436290695
843,Nightlife Spot,2,0.8088741726881654,0.943648804579621,0.13477463189145555
848,Nightlife Spot,2,0.6553184793093014,0.6967308573350794,0.04141237802577802
859,Nightlife Spot,2,0.5474665467753812,0.6754590732810685,0.12799252650568727
861,Nightlife Spot,2,0.562992379435994,0.7257843368801719,0.16279195744417785
864,Nightlife Spot,2,0.5700008200094904,0.703733725285761,0.13373290527627058
866,Nightlife Spot,2,0.6454666636964601,1.1265305461501216,0.4810638824536615
875,Nightlife Spot,2,0.46557781610908966,0.48766865486921696,0.022090838760127296
878,Nightlife Spot,2,0.5677016916574498,0.7049964515229872,0.1372947598655374
879,Nightlife Spot,2,0.542117175291629,5.380695005299719,4.83857783000809
887,Nightlife Spot,2,0.3505586665306485,2.6595070891164116,2.3089484225857633
903,Nightlife Spot,2,0.9293425560873143,2.309252441614559,1.3799098855272447
907,Nightlife Spot,2,0.3284466644536497,0.42914658890724167,0.100699924453592
909,Nightlife Spot,2,0.5686744227279845,3.6720506635354173,3.1033762408074326
912,Nightlife Spot,2,0.41534754668702034,0.4634147695606689,0.04806722287364856
915,Nightlife Spot,2,0.5241625310287054,0.8461942343207787,0.3220317032920733
920,Nightlife Spot,2,0.4528124627197494,2.1286178521230306,1.6758053894032812
927,Nightlife Spot,2,0.7426750284069283,0.8376521399687612,0.09497711156183286
929,Nightlife Spot,2,0.6694226501376556,5.656607016013266,4.987184365875611
930,Nightlife Spot,2,0.6769677985234646,4.4327594405592485,3.755791642035784
935,Nightlife Spot,2,0.6045581043222714,4.676037193514513,4.071479089192241
938,Nightlife Spot,2,0.24796527119881454,1.1781153084130238,0.9301500372142093
941,Nightlife Spot,2,0.4508910047985322,1.4396907546102873,0.9887997498117551
944,Nightlife Spot,2,0.6582379992931787,1.251833234692182,0.5935952353990034
947,Nightlife Spot,2,0.28606489726220236,0.4136821244923786,0.12761722723017627
957,Nightlife Spot,2,0.4708744307845844,4.397942267630505,3.9270678368459206
963,Nightlife Spot,2,0.4111847251676259,2.23686455303147,1.8256798278638442
978,Nightlife Spot,2,0.6168457606740543,4.4100825809879804,3.7932368203139264
979,Nightlife Spot,2,0.4669556319962321,1.1954784714239497,0.7285228394277177
980,Nightlife Spot,2,0.4675731916619667,0.631958158285395,0.16438496662342833
981,Nightlife Spot,2,0.5142334924816823,5.876284624576917,5.362051132095235
986,Nightlife Spot,2,0.5692298459836107,3.5830002372577203,3.0137703912741096
989,Nightlife Spot,2,0.38500927548019204,3.2051259250558726,2.8201166495756804
997,Nightlife Spot,2,0.8744777935673878,1.21409886282403,0.33962106925664215
1000,Nightlife Spot,2,0.4763480298550971,6.969792777103926,6.493444747248829
1011,Nightlife Spot,2,0.5749666661837433,1.355939388253473,0.7809727220697297
1013,Nightlife Spot,2,1.1525400287363974,0.7183487705217719,-0.43419125821462545
1016,Nightlife Spot,2,0.46635172263716484,1.1098267892903753,0.6434750666532104
1018,Nightlife Spot,2,0.45475672878620815,0.8472290912659837,0.3924723624797755
1024,Nightlife Spot,2,0.7419393684398315,0.6676600765420706,-0.07427929189776095
1027,Nightlife Spot,2,0.778237300470336,0.801496592723986,0.023259292253649977
1033,Nightlife Spot,2,0.889766751778323,0.8702132424469202,-0.019553509331402763
1037,Nightlife Spot,2,0.5110298760276417,0.7279576222206663,0.21692774619302457
1041,Nightlife Spot,2,0.40325565506596966,2.946724416696161,2.543468761630191
1042,Nightlife Spot,2,0.41545489665313284,1.0495326899022435,0.6340777932491106
1061,Nightlife Spot,2,0.41733524288606494,6.476492018355801,6.059156775469736
1065,Nightlife Spot,2,0.41347817209254056,1.3001493597359606,0.88667118764342
1067,Nightlife Spot,2,0.7714005237449574,0.9506059950825101,0.1792054713375527
1079,Nightlife Spot,2,0.4007406179302483,1.438706872706712,1.0379662547764639
1087,Nightlife Spot,2,0.6185222704091229,0.6297287366560773,0.011206466246954427
1092,Nightlife Spot,2,0.4463040914084397,0.9002245887467689,0.45392049733832923
1094,Nightlife Spot,2,0.7783765403850518,3.6743189217359826,2.895942381350931
1108,Nightlife Spot,2,0.3667070005855422,1.02235684204839,0.6556498414628478
1114,Nightlife Spot,2,0.5676444739499075,1.308054514482604,0.7404100405326964
1117,Nightlife Spot,2,0.5130516294889842,7.16647636982386,6.653424740334875
1118,Nightlife Spot,2,0.5086831405152217,0.49154588227755447,-0.017137258237667208
1120,Nightlife Spot,2,0.5100135500852314,0.5584204536872585,0.04840690360202704
1124,Nightlife Spot,2,0.5340807040139202,1.2284857906590756,0.6944050866451554
1126,Nightlife Spot,2,0.48617726888724555,6.564786964343461,6.078609695456215
1134,Nightlife Spot,2,0.4988872259378798,5.645929624398693,5.147042398460814
1136,Nightlife Spot,2,0.7778328189646859,1.8770387297555147,1.0992059107908287
1138,Nightlife Spot,2,0.6910962545080591,1.1939207563466763,0.5028245018386172
1146,Nightlife Spot,2,0.4488445423904279,1.3466095998582461,0.8977650574678182
1150,Nightlife Spot,2,0.5156376308687692,0.483045564660053,-0.03259206620871624
1159,Nightlife Spot,2,0.6017471038751707,2.7889330500078673,2.1871859461326966
1161,Nightlife Spot,2,0.29419077903100826,2.254938605440729,1.960747826409721
1164,Nightlife Spot,2,0.3725860766119103,1.2711746823962171,0.8985886057843069
1169,Nightlife Spot,2,0.6008491702906289,1.2788799365557384,0.6780307662651095
1184,Nightlife Spot,2,0.5967708989218855,0.6783586670474434,0.0815877681255579
1185,Nightlife Spot,2,0.41547670646296603,0.4999292285777225,0.08445252211475646
1186,Nightlife Spot,2,0.47261995073417906,9.953059393673822,9.480439442939643
1187,Nightlife Spot,2,0.6730728344771735,1.779512285519251,1.1064394510420774
1192,Nightlife Spot,2,0.44818933881618983,0.5213157845272784,0.07312644571108862
1197,Nightlife Spot,2,0.516451854000405,0.933778270504026,0.4173264165036209
1208,Nightlife Spot,2,0.5805384769609877,4.235863402814504,3.655324925853516
1214,Nightlife Spot,2,0.6263837302578465,0.5997436436647385,-0.026640086593108014
1218,Nightlife Spot,2,0.8293432835269775,0.8881452754834762,0.05880199195649871
1221,Nightlife Spot,2,0.7155131697051375,0.6749907437878686,-0.040522425917268845
1224,Nightlife Spot,2,1.1975274232188764,5.566937425728885,4.369410002510008
1228,Nightlife Spot,2,0.5028814308830878,2.719679311008223,2.216797880125135
1232,Nightlife Spot,2,0.5543934824587714,4.78118645106496,4.226792968606189
2,Nightlife Spot,3,0.4767638162316865,0.8436186605734,0.36685484434171345
5,Nightlife Spot,3,0.4332332014173959,1.2924534180508207,0.8592202166334248
12,Nightlife Spot,3,0.519302399997308,1.427622649493933,0.908320249496625
21,Nightlife Spot,3,2.595639005986566,2.592976025518888,-0.0026629804676781
25,Nightlife Spot,3,0.38885050116016134,2.7355561127082875,2.346705611548126
36,Nightlife Spot,3,0.3761953947991983,2.584319945449897,2.2081245506506986
37,Nightlife Spot,3,0.4958668704485165,0.7474281618418983,0.2515612913933818
49,Nightlife Spot,3,0.5421964118071112,1.1121315293613248,0.5699351175542136
53,Nightlife Spot,3,0.3266028490144008,0.7619949628975136,0.4353921138831128
56,Nightlife Spot,3,0.2940677131245064,1.2914572194727603,0.9973895063482539
64,Nightlife Spot,3,1.0933877965290209,1.2624686641504193,0.1690808676213984
67,Nightlife Spot,3,0.8966722106954357,1.7632030330157669,0.8665308223203312
69,Nightlife Spot,3,0.5331252816258939,6.643150417138656,6.110025135512762
72,Nightlife Spot,3,0.3532408006349333,1.2689940711158727,0.9157532704809395
74,Nightlife Spot,3,0.5089446046163831,0.8019413866172322,0.2929967820008491
77,Nightlife Spot,3,0.4000605076331013,1.052774107251361,0.6527135996182597
84,Nightlife Spot,3,0.4536921758764068,2.4044203616949744,1.9507281858185677
90,Nightlife Spot,3,0.5430741396180734,3.8627380800337123,3.319663940415639
97,Nightlife Spot,3,0.5697050699965832,5.318119211736781,4.748414141740198
98,Nightlife Spot,3,0.4708658338992647,2.2564309171045984,1.7855650832053338
99,Nightlife Spot,3,0.3357802787781508,0.35867832153728063,0.022898042759129822
109,Nightlife Spot,3,0.5960995299048867,0.7633463987531297,0.16724686884824302
111,Nightlife Spot,3,0.5586523716002444,6.043216556683216,5.484564185082972
117,Nightlife Spot,3,0.32631611456089626,1.004775979979974,0.6784598654190778
118,Nightlife Spot,3,0.33259677380626296,0.8791318362365076,0.5465350624302446
120,Nightlife Spot,3,0.4127254767146181,1.010362211925065,0.5976367352104469
124,Nightlife Spot,3,0.42974198261393787,1.646010952365691,1.216268969751753
126,Nightlife Spot,3,0.45844246542620126,1.4752017689914112,1.0167593035652098
130,Nightlife Spot,3,0.5233879244525205,1.8238440906131514,1.300456166160631
144,Nightlife Spot,3,0.4512602421254125,1.2541252740191782,0.8028650318937657
149,Nightlife Spot,3,0.5238566978598095,3.588336298007305,3.0644796001474957
150,Nightlife Spot,3,0.504103936695667,2.1921710707183424,1.6880671340226754
160,Nightlife Spot,3,0.5456833508181954,1.2098403864274383,0.6641570356092429
164,Nightlife Spot,3,0.3345894370061063,0.3394607152891626,0.0048712782830562795
166,Nightlife Spot,3,0.2996998282689129,1.8476584007640802,1.5479585724951672
173,Nightlife Spot,3,0.5775251385776741,1.0524828455029962,0.47495770692532213
186,Nightlife Spot,3,0.4797996276759682,1.1515068716788424,0.6717072440028742
189,Nightlife Spot,3,0.3573433728503198,0.7476455410634075,0.3903021682130877
199,Nightlife Spot,3,1.0982004559589997,1.8157485598030192,0.7175481038440195
206,Nightlife Spot,3,0.38449508015201284,0.2570166756986511,-0.12747840445336173
208,Nightlife Spot,3,1.2667283088067145,1.2697128892526575,0.0029845804459429637
209,Nightlife Spot,3,0.511249846093341,2.396451577722103,1.885201731628762
212,Nightlife Spot,3,0.5084226545669722,0.39938594900511504,-0.10903670556185718
213,Nightlife Spot,3,0.4619594275007839,1.1251666351828276,0.6632072076820437
220,Nightlife Spot,3,1.0670825295591375,5.423042712410487,4.35596018285135
223,Nightlife Spot,3,1.376369308667773,1.2865218300843937,-0.08984747858337938
234,Nightlife Spot,3,0.6109962161755625,6.877963471978527,6.266967255802964
237,Nightlife Spot,3,0.7716145256582242,0.9072893827807962,0.135674857122572
244,Nightlife Spot,3,0.4795941124402018,0.5793228327219166,0.09972872028171487
245,Nightlife Spot,3,0.4338005240826789,2.2066284768457676,1.7728279527630888
251,Nightlife Spot,3,1.3919913307989944,9.514977683010478,8.122986352211484
253,Nightlife Spot,3,0.6711398021568339,6.263237782059476,5.5920979799026425
258,Nightlife Spot,3,0.5676310871122393,5.033533462504831,4.4659023753925915
264,Nightlife Spot,3,0.6508587521694869,3.7267164811532316,3.0758577289837445
268,Nightlife Spot,3,0.524166100877322,0.9262155102839248,0.40204940940660283
269,Nightlife Spot,3,0.38947238311848004,1.5456343148346972,1.156161931716217
270,Nightlife Spot,3,0.5940037064727022,3.0366403651608387,2.4426366586881363
273,Nightlife Spot,3,0.44414241045959413,1.4459174357593474,1.0017750252997533
274,Nightlife Spot,3,0.5541561793696301,1.7029786042539814,1.1488224248843513
280,Nightlife Spot,3,0.9608296196759533,2.5651437784927325,1.6043141588167793
283,Nightlife Spot,3,0.4085393596572059,2.518614065855222,2.110074706198016
292,Nightlife Spot,3,0.9926225073652812,2.7786318031991004,1.7860092958338192
325,Nightlife Spot,3,0.2979073001088789,0.45593667399445675,0.15802937388557786
329,Nightlife Spot,3,0.8776896043896696,0.9589196704815571,0.08123006609188754
330,Nightlife Spot,3,0.9434044911805204,1.0205577606891945,0.07715326950867407
335,Nightlife Spot,3,0.5269845760774727,3.6154030402259254,3.088418464148453
337,Nightlife Spot,3,0.5534634059139114,0.6695293225423334,0.11606591662842203
340,Nightlife Spot,3,0.44814590440790686,1.076714494659932,0.6285685902520253
345,Nightlife Spot,3,0.37249690638732413,0.6502329733094259,0.27773606692210173
356,Nightlife Spot,3,0.6551812735953949,1.0383769662508653,0.3831956926554704
360,Nightlife Spot,3,0.47473849016499564,0.581037118917735,0.10629862875273938
363,Nightlife Spot,3,0.4876841691180254,0.5574682226151774,0.06978405349715194
364,Nightlife Spot,3,0.37388400319876625,0.38940842208344517,0.015524418884678926
366,Nightlife Spot,3,0.6859987770821558,0.8546671981166979,0.16866842103454205
369,Nightlife Spot,3,0.6851792041155396,2.5295331646549197,1.8443539605393802
373,Nightlife Spot,3,0.3127344378635649,1.2439516014595722,0.9312171635960073
382,Nightlife Spot,3,0.451171357683856,1.3787739166321662,0.9276025589483101
396,Nightlife Spot,3,0.616698610768044,0.664507679428529,0.047809068660484955
400,Nightlife Spot,3,0.5055983233897835,0.8336982027652802,0.3280998793754967
420,Nightlife Spot,3,0.5041185841000033,1.236122675386633,0.7320040912866297
425,Nightlife Spot,3,0.38138878008470234,2.375867621711472,1.9944788416267696
427,Nightlife Spot,3,0.37989391268154016,0.5689350569358677,0.1890411442543275
428,Nightlife Spot,3,1.1772950666091373,1.42158271689105,0.24428765028191268
432,Nightlife Spot,3,1.1177156269885642,1.4166339371308192,0.298918310142255
433,Nightlife Spot,3,0.6546724598878622,0.8547876319052685,0.20011517201740636
445,Nightlife Spot,3,0.45467735788265645,5.307931596211411,4.853254238328755
446,Nightlife Spot,3,0.3691264084076766,1.2603084051067301,0.8911819966990535
450,Nightlife Spot,3,0.47657222252705994,0.5071209182961844,0.0305486957691245
462,Nightlife Spot,3,0.5056575061970512,1.7969223982351645,1.2912648920381133
464,Nightlife Spot,3,0.5131976930029603,0.6857678568998853,0.17257016389692503
468,Nightlife Spot,3,0.7843383187442823,0.8045893356352141,0.020251016890931783
471,Nightlife Spot,3,0.756575042817853,8.402606543398388,7.646031500580535
477,Nightlife Spot,3,0.43350468009848364,3.5239145665214258,3.0904098864229423
479,Nightlife Spot,3,0.5223853230798555,2.238200479551621,1.7158151564717654
480,Nightlife Spot,3,0.4220479931769628,2.7772461768385397,2.3551981836615767
482,Nightlife Spot,3,0.6054250260076859,3.0555114958136684,2.4500864698059823
493,Nightlife Spot,3,0.5383287745280452,2.8890092955628695,2.3506805210348243
497,Nightlife Spot,3,0.7764748897264313,1.742829656978168,0.9663547672517367
505,Nightlife Spot,3,0.35838476773686945,0.8137662592112687,0.4553814914743992
506,Nightlife Spot,3,0.3775675147630243,0.8689064045144899,0.49133888975146556
513,Nightlife Spot,3,0.31326017824568686,1.0314605087652073,0.7182003305195205
514,Nightlife Spot,3,0.3775226119781637,4.423675489489911,4.046152877511747
519,Nightlife Spot,3,0.4300349124577947,2.550587005633603,2.1205520931758084
523,Nightlife Spot,3,0.263578111484447,0.35546904147973857,0.09189092999529158
529,Nightlife Spot,3,0.44946123473929755,1.225276719349776,0.7758154846104784
550,Nightlife Spot,3,0.4867518820149106,0.6024792780400443,0.11572739602513371
555,Nightlife Spot,3,1.1457728420426743,1.0803961115906509,-0.06537673045202341
558,Nightlife Spot,3,0.47816303077432676,1.674092215587215,1.1959291848128883
560,Nightlife Spot,3,0.7905179015686783,4.4813449911428815,3.6908270895742032
586,Nightlife Spot,3,1.1914388669563012,1.5899600336943254,0.3985211667380242
589,Nightlife Spot,3,0.47393578961288285,1.8933150793278246,1.4193792897149418
591,Nightlife Spot,3,0.4141624738314043,2.655631951061296,2.2414694772298915
595,Nightlife Spot,3,0.4026848504341236,1.2361184556019489,0.8334336051678253
596,Nightlife Spot,3,0.26368994929229467,0.997956569160177,0.7342666198678824
600,Nightlife Spot,3,0.5087829896425231,1.501364989002652,0.9925819993601288
601,Nightlife Spot,3,0.5402514340631764,0.5866798449738435,0.04642841091066707
605,Nightlife Spot,3,0.8774144059485867,0.8502599949758001,-0.02715441097278659
609,Nightlife Spot,3,0.42756649651470224,2.4533053867515697,2.0257388902368674
611,Nightlife Spot,3,0.5539851371927755,0.43123080725684554,-0.12275432993593
614,Nightlife Spot,3,0.6757398030227268,0.8086377255059267,0.13289792248319987
615,Nightlife Spot,3,0.629544815450045,4.517623648717297,3.8880788332672522
625,Nightlife Spot,3,0.32360108907681434,1.326730017166787,1.0031289280899727
629,Nightlife Spot,3,0.5095447622437395,4.051597723181948,3.542052960938209
633,Nightlife Spot,3,0.5172638500663952,4.114208000285563,3.596944150219168
634,Nightlife Spot,3,0.4492693314339499,6.715586659608678,6.266317328174728
635,Nightlife Spot,3,0.4017599983968289,4.074369955210221,3.672609956813392
642,Nightlife Spot,3,0.6557753438871625,6.448317924944892,5.792542581057729
643,Nightlife Spot,3,0.263578111484447,0.35546904147973857,0.09189092999529158
648,Nightlife Spot,3,0.5648609850645366,6.101281965756996,5.536420980692459
649,Nightlife Spot,3,0.4644423025487643,1.2764950945483724,0.8120527919996081
657,Nightlife Spot,3,0.6752696318479203,0.756904583571175,0.08163495172325463
658,Nightlife Spot,3,0.445469087768409,1.4000740149754474,0.9546049272070384
661,Nightlife Spot,3,0.5663133182291341,0.8277101224804402,0.26139680425130607
674,Nightlife Spot,3,0.6542174976218843,7.455654167708249,6.801436670086365
676,Nightlife Spot,3,0.8239976934643893,2.4786460446968004,1.654648351232411
683,Nightlife Spot,3,0.9130896289158621,1.0616823836223432,0.14859275470648114
691,Nightlife Spot,3,0.9527066970921333,1.3113378942814264,0.35863119718929315
694,Nightlife Spot,3,0.4141195664705237,2.734831154377132,2.3207115879066085
707,Nightlife Spot,3,1.117351451935725,2.2622315361895318,1.1448800842538067
717,Nightlife Spot,3,0.40097275858010006,0.8184668195013219,0.4174940609212219
720,Nightlife Spot,3,0.616499970888409,2.9943125274577236,2.3778125565693147
722,Nightlife Spot,3,0.4103673806300513,0.5938652390261363,0.183497858396085
726,Nightlife Spot,3,0.2841750861325322,0.37551269492808936,0.09133760879555719
729,Nightlife Spot,3,0.7786296412503119,3.0802606554456347,2.3016310141953227
733,Nightlife Spot,3,0.49236763793085403,4.407993707589338,3.9156260696584835
734,Nightlife Spot,3,0.44048444330956216,6.432930777241793,5.992446333932231
737,Nightlife Spot,3,0.7525693634633196,7.226596777302908,6.474027413839589
740,Nightlife Spot,3,0.5113707888192952,1.608944430646618,1.097573641827323
744,Nightlife Spot,3,0.8253259631446959,4.655927660397686,3.83060169725299
755,Nightlife Spot,3,0.4603830118871376,1.5475659577813148,1.087182945894177
765,Nightlife Spot,3,0.5068830441554948,0.778289437810716,0.27140639365522123
769,Nightlife Spot,3,0.5212645718855649,0.5256348910932088,0.004370319207643969
773,Nightlife Spot,3,0.3320435187198499,0.5952382560707606,0.26319473735091076
778,Nightlife Spot,3,0.6554218808812509,3.250315511342441,2.59489363046119
779,Nightlife Spot,3,0.5689755601481166,0.6572797594614638,0.08830419931334721
784,Nightlife Spot,3,0.6042934569483418,0.7541347071520648,0.14984125020372296
791,Nightlife Spot,3,0.7152257958685019,0.8727409245320534,0.15751512866355155
798,Nightlife Spot,3,0.433275122191346,1.4321072482568118,0.9988321260654658
799,Nightlife Spot,3,0.7241809906746701,4.663510762743604,3.939329772068934
801,Nightlife Spot,3,0.5828845954340711,3.9379520145967577,3.355067419162687
804,Nightlife Spot,3,0.6068029364682236,2.0218366330793107,1.4150336966110872
805,Nightlife Spot,3,0.5974940363667397,3.683847154142404,3.0863531177756642
816,Nightlife Spot,3,0.4895803256835798,1.0284285377039595,0.5388482120203797
819,Nightlife Spot,3,0.47906820375192566,1.3791417020544616,0.900073498302536
830,Nightlife Spot,3,0.6260242525070077,1.0594233962497173,0.4333991437427096
832,Nightlife Spot,3,0.5486203415680252,4.6090964403506005,4.060476098782575
837,Nightlife Spot,3,0.33203475235614366,1.8376818376778856,1.5056470853217419
843,Nightlife Spot,3,0.8088741726881654,1.3734488703529029,0.5645746976647374
848,Nightlife Spot,3,0.6553184793093014,0.7451665946421839,0.0898481153328825
859,Nightlife Spot,3,0.5474665467753812,0.7269251417497459,0.17945859497436467
861,Nightlife Spot,3,0.562992379435994,0.8990577005241308,0.3360653210881368
864,Nightlife Spot,3,0.5700008200094904,0.8723968729939073,0.30239605298441696
866,Nightlife Spot,3,0.6454666636964601,1.358736999696145,0.7132703359996848
875,Nightlife Spot,3,0.46557781610908966,6.842560085301322,6.376982269192233
878,Nightlife Spot,3,0.5677016916574498,0.8270611850738594,0.2593594934164096
879,Nightlife Spot,3,0.542117175291629,5.44972181850973,4.9076046432181
887,Nightlife Spot,3,0.3505586665306485,3.1677927519636597,2.8172340854330113
903,Nightlife Spot,3,0.9293425560873143,2.5118239548572845,1.5824813987699702
907,Nightlife Spot,3,0.3284466644536497,0.4982003760932183,0.16975371163956865
909,Nightlife Spot,3,0.5686744227279845,3.6599468175820316,3.0912723948540473
912,Nightlife Spot,3,0.41534754668702034,0.5859731047280174,0.1706255580409971
915,Nightlife Spot,3,0.5241625310287054,0.9203796163876694,0.39621708535896405
920,Nightlife Spot,3,0.4528124627197494,3.803810574159712,3.3509981114399627
927,Nightlife Spot,3,0.7426750284069283,0.9523960983116104,0.2097210699046821
929,Nightlife Spot,3,0.6694226501376556,8.09395067871834,7.424528028580684
930,Nightlife Spot,3,0.6769677985234646,4.836150479363135,4.15918268083967
935,Nightlife Spot,3,0.6045581043222714,4.821365735076741,4.216807630754469
938,Nightlife Spot,3,0.24796527119881454,1.572192815645212,1.3242275444463976
941,Nightlife Spot,3,0.4508910047985322,2.219987346783344,1.7690963419848118
944,Nightlife Spot,3,0.6582379992931787,4.8029469711785095,4.144708971885331
947,Nightlife Spot,3,0.28606489726220236,0.7703255818476725,0.48426068458547017
957,Nightlife Spot,3,0.4708744307845844,4.486667600272582,4.015793169487997
963,Nightlife Spot,3,0.4111847251676259,3.5495904415261035,3.1384057163584775
978,Nightlife Spot,3,0.6168457606740543,5.1887590005528255,4.571913239878771
979,Nightlife Spot,3,0.4669556319962321,1.3246338301732201,0.8576781981769881
980,Nightlife Spot,3,0.4675731916619667,7.357080283324998,6.889507091663031
981,Nightlife Spot,3,0.5142334924816823,5.962299377000539,5.448065884518857
986,Nightlife Spot,3,0.5692298459836107,3.7545387226643507,3.18530887668074
989,Nightlife Spot,3,0.38500927548019204,3.715290924937536,3.3302816494573437
997,Nightlife Spot,3,0.8744777935673878,1.63090551157127,0.7564277180038823
1000,Nightlife Spot,3,0.4763480298550971,7.177851603546998,6.701503573691901
1011,Nightlife Spot,3,0.5749666661837433,1.8804659283102945,1.3054992621265513
1013,Nightlife Spot,3,1.1525400287363974,0.6162205054973151,-0.5363195232390823
1016,Nightlife Spot,3,0.46635172263716484,1.3329887277934347,0.8666370051562698
1018,Nightlife Spot,3,0.45475672878620815,1.5613855912822574,1.1066288624960492
1024,Nightlife Spot,3,0.7419393684398315,0.8043180620085921,0.06237869356876058
1027,Nightlife Spot,3,0.778237300470336,0.9617111685365867,0.18347386806625066
1033,Nightlife Spot,3,0.889766751778323,0.8709044681510459,-0.018862283627277043
1037,Nightlife Spot,3,0.5110298760276417,0.7619191200961639,0.2508892440685222
1041,Nightlife Spot,3,0.40325565506596966,3.485946374151599,3.082690719085629
1042,Nightlife Spot,3,0.41545489665313284,1.4568826584868941,1.0414277618337613
1061,Nightlife Spot,3,0.41733524288606494,6.2878157601228954,5.870480517236831
1065,Nightlife Spot,3,0.41347817209254056,1.8794976756172515,1.466019503524711
1067,Nightlife Spot,3,0.7714005237449574,1.0319756281001857,0.26057510435522835
1079,Nightlife Spot,3,0.4007406179302483,1.5420899418769847,1.1413493239467365
1087,Nightlife Spot,3,0.6185222704091229,0.6457702452703303,0.027247974861207447
1092,Nightlife Spot,3,0.4463040914084397,5.185410369847938,4.739106278439499
1094,Nightlife Spot,3,0.7783765403850518,5.901210809323496,5.122834268938444
1108,Nightlife Spot,3,0.3667070005855422,1.1014606372385698,0.7347536366530276
1114,Nightlife Spot,3,0.5676444739499075,1.6623910454283597,1.0947465714784523
1117,Nightlife Spot,3,0.5130516294889842,7.310218615380375,6.797166985891391
1118,Nightlife Spot,3,0.5086831405152217,0.511300320596692,0.0026171800814702717
1120,Nightlife Spot,3,0.5100135500852314,0.5807278593617387,0.07071430927650724
1124,Nightlife Spot,3,0.5340807040139202,7.458593201720679,6.9245124977067585
1126,Nightlife Spot,3,0.48617726888724555,6.657198243997812,6.171020975110567
1134,Nightlife Spot,3,0.4988872259378798,5.772582564426353,5.273695338488473
1136,Nightlife Spot,3,0.7778328189646859,2.3589477796602227,1.5811149606955368
1138,Nightlife Spot,3,0.6910962545080591,1.517659375745428,0.8265631212373689
1146,Nightlife Spot,3,0.4488445423904279,2.3962507178321113,1.9474061754416834
1150,Nightlife Spot,3,0.5156376308687692,0.4850627336059967,-0.030574897262772516
1159,Nightlife Spot,3,0.6017471038751707,2.897480914796774,2.2957338109216034
1161,Nightlife Spot,3,0.29419077903100826,2.343028644411074,2.048837865380066
1164,Nightlife Spot,3,0.3725860766119103,1.8482943783279129,1.4757083017160026
1169,Nightlife Spot,3,0.6008491702906289,7.854375969071847,7.253526798781218
1184,Nightlife Spot,3,0.5967708989218855,1.0450782648722443,0.4483073659503588
1185,Nightlife Spot,3,0.41547670646296603,0.46994172018484437,0.05446501372187834
1186,Nightlife Spot,3,0.47261995073417906,10.107350694822948,9.634730744088769
1187,Nightlife Spot,3,0.6730728344771735,2.307413269006216,1.6343404345290424
1192,Nightlife Spot,3,0.44818933881618983,0.500383353265589,0.052194014449399195
1197,Nightlife Spot,3,0.516451854000405,1.0992861518808055,0.5828342978804004
1208,Nightlife Spot,3,0.5805384769609877,4.3016796239315,3.7211411469705125
1214,Nightlife Spot,3,0.6263837302578465,0.7870708991557982,0.16068716889795165
1218,Nightlife Spot,3,0.8293432835269775,0.9255310880523548,0.09618780452537734
1221,Nightlife Spot,3,0.7155131697051375,0.919829309032604,0.2043161393274665
1224,Nightlife Spot,3,1.1975274232188764,6.203766728414405,5.006239305195528
1228,Nightlife Spot,3,0.5028814308830878,4.193023254611149,3.6901418237280614
1232,Nightlife Spot,3,0.5543934824587714,4.885570775192511,4.331177292733739
2,Community and Government,1,0.4767638162316865,0.5787094024879595,0.10194558625627304
5,Community and Government,1,0.4332332014173959,0.5344882787664773,0.1012550773490814
12,Community and Government,1,0.519302399997308,0.49746059062396003,-0.021841809373347953
21,Community and Government,1,2.595639005986566,2.6663356889351713,0.0706966829486051
25,Community and Government,1,0.38885050116016134,0.45973462665473264,0.07088412549457129
36,Community and Government,1,0.3761953947991983,0.47750972111516593,0.10131432631596765
37,Community and Government,1,0.4958668704485165,0.4699367515899086,-0.02593011885860791
49,Community and Government,1,0.5421964118071112,0.8728063138853399,0.3306099020782287
53,Community and Government,1,0.3266028490144008,0.3689286718343019,0.042325822819901104
56,Community and Government,1,0.2940677131245064,0.291744698988088,-0.0023230141364183887
64,Community and Government,1,1.0933877965290209,1.0309031858675348,-0.06248461066148603
67,Community and Government,1,0.8966722106954357,0.8582110852525786,-0.03846112544285707
69,Community and Government,1,0.5331252816258939,4.4695831236045525,3.9364578419786587
72,Community and Government,1,0.3532408006349333,0.3812055356614751,0.027964735026541787
74,Community and Government,1,0.5089446046163831,6.709742216222262,6.2007976116058785
77,Community and Government,1,0.4000605076331013,0.4153095840646221,0.015249076431520792
84,Community and Government,1,0.4536921758764068,0.3770014089858411,-0.0766907668905657
90,Community and Government,1,0.5430741396180734,4.892893277098539,4.349819137480465
97,Community and Government,1,0.5697050699965832,0.6934728619388123,0.12376779194222909
98,Community and Government,1,0.4708658338992647,0.5034156041722754,0.0325497702730107
99,Community and Government,1,0.3357802787781508,0.4333643334591945,0.0975840546810437
109,Community and Government,1,0.5960995299048867,0.748432228879546,0.1523326989746593
111,Community and Government,1,0.5586523716002444,0.593723034557838,0.035070662957593646
117,Community and Government,1,0.32631611456089626,0.3056771884769442,-0.02063892608395207
118,Community and Government,1,0.33259677380626296,0.3563097017027912,0.023712927896528235
120,Community and Government,1,0.4127254767146181,0.40098289999652625,-0.011742576718091868
124,Community and Government,1,0.42974198261393787,4.005775418827302,3.576033436213364
126,Community and Government,1,0.45844246542620126,0.7092803725649647,0.2508379071387634
130,Community and Government,1,0.5233879244525205,0.5598450302930874,0.03645710584056694
144,Community and Government,1,0.4512602421254125,0.477555706761971,0.02629546463655852
149,Community and Government,1,0.5238566978598095,1.4977591438057956,0.9739024459459861
150,Community and Government,1,0.504103936695667,0.485462492674931,-0.018641444020735976
160,Community and Government,1,0.5456833508181954,0.5221897666874058,-0.023493584130789613
164,Community and Government,1,0.3345894370061063,0.3932955157100266,0.05870607870392025
166,Community and Government,1,0.2996998282689129,0.3291869047266275,0.02948707645771459
173,Community and Government,1,0.5775251385776741,0.7918248808490345,0.2142997422713604
186,Community and Government,1,0.4797996276759682,0.6107532935882989,0.1309536659123307
189,Community and Government,1,0.3573433728503198,0.3616656406123351,0.004322267762015275
199,Community and Government,1,1.0982004559589997,1.5784585114674332,0.4802580555084335
206,Community and Government,1,0.38449508015201284,0.8394378251228436,0.45494274497083076
208,Community and Government,1,1.2667283088067145,1.2361711585952895,-0.03055715021142502
209,Community and Government,1,0.511249846093341,2.028494605448331,1.5172447593549898
212,Community and Government,1,0.5084226545669722,0.5391359483508372,0.030713293783865003
213,Community and Government,1,0.4619594275007839,0.44519318612631925,-0.01676624137446464
220,Community and Government,1,1.0670825295591375,3.0079665534592817,1.9408840239001441
223,Community and Government,1,1.376369308667773,1.44392394995327,0.06755464128549682
234,Community and Government,1,0.6109962161755625,2.2560358855553164,1.645039669379754
237,Community and Government,1,0.7716145256582242,0.8772948919232519,0.10568036626502775
244,Community and Government,1,0.4795941124402018,6.610600890337366,6.131006777897165
245,Community and Government,1,0.4338005240826789,1.6021958076956726,1.1683952836129938
251,Community and Government,1,1.3919913307989944,2.52431936098383,1.1323280301848357
253,Community and Government,1,0.6711398021568339,0.7096884035872258,0.03854860143039196
258,Community and Government,1,0.5676310871122393,1.312871682314992,0.7452405952027527
264,Community and Government,1,0.6508587521694869,1.1319933064942702,0.48113455432478336
268,Community and Government,1,0.524166100877322,0.5344092862578395,0.010243185380517494
269,Community and Government,1,0.38947238311848004,0.3744809593609668,-0.014991423757513223
270,Community and Government,1,0.5940037064727022,1.4797003682431287,0.8856966617704265
273,Community and Government,1,0.44414241045959413,0.6264076697496643,0.1822652592900702
274,Community and Government,1,0.5541561793696301,0.7722498001290172,0.2180936207593871
280,Community and Government,1,0.9608296196759533,3.1248586284111304,2.1640290087351772
283,Community and Government,1,0.4085393596572059,0.616439710084034,0.20790035042682808
292,Community and Government,1,0.9926225073652812,1.1219506589118757,0.1293281515465945
325,Community and Government,1,0.2979073001088789,0.34019392758938083,0.04228662748050194
329,Community and Government,1,0.8776896043896696,0.8394351130559106,-0.03825449133375902
330,Community and Government,1,0.9434044911805204,0.8851291211850796,-0.05827536999544081
335,Community and Government,1,0.5269845760774727,1.1160672848171496,0.5890827087396768
337,Community and Government,1,0.5534634059139114,0.4814808395336725,-0.07198256638023892
340,Community and Government,1,0.44814590440790686,0.42850123856732725,-0.01964466584057961
345,Community and Government,1,0.37249690638732413,0.34842630619211623,-0.024070600195207903
356,Community and Government,1,0.6551812735953949,1.143546751381115,0.48836547778572015
360,Community and Government,1,0.47473849016499564,0.5857602114550422,0.11102172129004656
363,Community and Government,1,0.4876841691180254,0.48383888533165487,-0.003845283786370557
364,Community and Government,1,0.37388400319876625,0.4048372725988049,0.030953269400038674
366,Community and Government,1,0.6859987770821558,0.7673361060355477,0.08133732895339185
369,Community and Government,1,0.6851792041155396,0.5939207868677585,-0.09125841724778105
373,Community and Government,1,0.3127344378635649,0.3620339768593826,0.04929953899581768
382,Community and Government,1,0.451171357683856,0.48911067230366884,0.037939314619812814
396,Community and Government,1,0.616698610768044,0.558218483032562,-0.058480127735481946
400,Community and Government,1,0.5055983233897835,0.5286291618585943,0.02303083846881082
420,Community and Government,1,0.5041185841000033,0.5679674429726609,0.06384885887265757
425,Community and Government,1,0.38138878008470234,0.39961061363220196,0.018221833547499622
427,Community and Government,1,0.37989391268154016,0.39222114724020013,0.012327234558659972
428,Community and Government,1,1.1772950666091373,1.1382907275677785,-0.039004339041358804
432,Community and Government,1,1.1177156269885642,1.1648477336455507,0.04713210665698653
433,Community and Government,1,0.6546724598878622,0.7086233494250949,0.053950889537232705
445,Community and Government,1,0.45467735788265645,0.8563584718668262,0.4016811139841698
446,Community and Government,1,0.3691264084076766,0.3265880970451046,-0.04253831136257197
450,Community and Government,1,0.47657222252705994,0.5178029324695965,0.04123070994253658
462,Community and Government,1,0.5056575061970512,0.5744703384648383,0.06881283226778712
464,Community and Government,1,0.5131976930029603,0.5012067053357688,-0.011990987667191422
468,Community and Government,1,0.7843383187442823,0.801092410187469,0.016754091443186736
471,Community and Government,1,0.756575042817853,1.1024831450292893,0.3459081022114363
477,Community and Government,1,0.43350468009848364,0.6945725052439902,0.2610678251455065
479,Community and Government,1,0.5223853230798555,0.7223037716194715,0.19991844853961593
480,Community and Government,1,0.4220479931769628,0.3936533720194064,-0.028394621157556366
482,Community and Government,1,0.6054250260076859,0.7323575289465885,0.12693250293890257
493,Community and Government,1,0.5383287745280452,1.0532328200315402,0.514904045503495
497,Community and Government,1,0.7764748897264313,1.374259132046411,0.5977842423199797
505,Community and Government,1,0.35838476773686945,0.2670912475131774,-0.09129352022369203
506,Community and Government,1,0.3775675147630243,0.4100804759040307,0.03251296114100638
513,Community and Government,1,0.31326017824568686,0.2993447672121608,-0.01391541103352606
514,Community and Government,1,0.3775226119781637,0.7569724128851254,0.3794498009069617
519,Community and Government,1,0.4300349124577947,2.0396682280883587,1.609633315630564
523,Community and Government,1,0.263578111484447,0.8174025834067211,0.5538244719222741
529,Community and Government,1,0.44946123473929755,0.4353810510408582,-0.01408018369843933
550,Community and Government,1,0.4867518820149106,0.48194579280200395,-0.00480608921290665
555,Community and Government,1,1.1457728420426743,1.1753146700366084,0.029541827993934122
558,Community and Government,1,0.47816303077432676,1.7167905981836673,1.2386275674093405
560,Community and Government,1,0.7905179015686783,1.2898457688886413,0.49932786731996304
586,Community and Government,1,1.1914388669563012,1.1090537212084222,-0.08238514574787903
589,Community and Government,1,0.47393578961288285,0.7831356429721497,0.3091998533592668
591,Community and Government,1,0.4141624738314043,0.6596385803285434,0.24547610649713908
595,Community and Government,1,0.4026848504341236,0.6795621112581591,0.2768772608240355
596,Community and Government,1,0.26368994929229467,0.3120225609255999,0.04833261163330521
600,Community and Government,1,0.5087829896425231,3.2018379243062585,2.6930549346637354
601,Community and Government,1,0.5402514340631764,0.6695723178753165,0.12932088381214002
605,Community and Government,1,0.8774144059485867,0.8672792399959052,-0.01013516595268149
609,Community and Government,1,0.42756649651470224,1.9571362931945897,1.5295697966798874
611,Community and Government,1,0.5539851371927755,0.823478452282886,0.26949331509011043
614,Community and Government,1,0.6757398030227268,0.7465153713739605,0.07077556835123366
615,Community and Government,1,0.629544815450045,2.5135098432813097,1.8839650278312647
625,Community and Government,1,0.32360108907681434,0.5410381443822724,0.21743705530545804
629,Community and Government,1,0.5095447622437395,1.2092973560596847,0.6997525938159452
633,Community and Government,1,0.5172638500663952,0.51471223102259,-0.0025516190438051867
634,Community and Government,1,0.4492693314339499,2.519132252861566,2.069862921427616
635,Community and Government,1,0.4017599983968289,0.5573392691846549,0.15557927078782602
642,Community and Government,1,0.6557753438871625,0.7645648730857447,0.1087895291985822
643,Community and Government,1,0.263578111484447,0.8174025834067211,0.5538244719222741
648,Community and Government,1,0.5648609850645366,0.9099254184887569,0.3450644334242202
649,Community and Government,1,0.4644423025487643,1.1237696938670623,0.659327391318298
657,Community and Government,1,0.6752696318479203,0.7610731672468529,0.0858035353989326
658,Community and Government,1,0.445469087768409,0.8361393235330628,0.39067023576465376
661,Community and Government,1,0.5663133182291341,0.69545760000364,0.12914428177450588
674,Community and Government,1,0.6542174976218843,0.7340860119859749,0.07986851436409059
676,Community and Government,1,0.8239976934643893,0.859320074267589,0.035322380803199716
683,Community and Government,1,0.9130896289158621,0.9272990370294498,0.01420940811358773
691,Community and Government,1,0.9527066970921333,1.7522500332021265,0.7995433361099932
694,Community and Government,1,0.4141195664705237,0.4278020867733273,0.013682520302803591
707,Community and Government,1,1.117351451935725,1.8993265662972887,0.7819751143615636
717,Community and Government,1,0.40097275858010006,0.5570071374480046,0.1560343788679045
720,Community and Government,1,0.616499970888409,0.4837764701659481,-0.13272350072246092
722,Community and Government,1,0.4103673806300513,0.4375637483131959,0.027196367683144596
726,Community and Government,1,0.2841750861325322,0.964956091878072,0.6807810057455398
729,Community and Government,1,0.7786296412503119,1.2551394482591673,0.4765098070088555
733,Community and Government,1,0.49236763793085403,0.7304542186971649,0.23808658076631084
734,Community and Government,1,0.44048444330956216,0.7155518869878599,0.2750674436782977
737,Community and Government,1,0.7525693634633196,1.7118968963342978,0.9593275328709782
740,Community and Government,1,0.5113707888192952,0.7888344726145112,0.277463683795216
744,Community and Government,1,0.8253259631446959,0.7562624160077771,-0.06906354713691876
755,Community and Government,1,0.4603830118871376,0.5950284352047721,0.13464542331763452
765,Community and Government,1,0.5068830441554948,0.5907660750115582,0.08388303085606341
769,Community and Government,1,0.5212645718855649,1.0786505580960224,0.5573859862104575
773,Community and Government,1,0.3320435187198499,0.35545106472969196,0.023407546009842073
778,Community and Government,1,0.6554218808812509,2.9879971732208737,2.332575292339623
779,Community and Government,1,0.5689755601481166,0.707467221535701,0.1384916613875844
784,Community and Government,1,0.6042934569483418,4.375343198521913,3.771049741573571
791,Community and Government,1,0.7152257958685019,0.9291779976815226,0.21395220181302077
798,Community and Government,1,0.433275122191346,1.2736611125012423,0.8403859903098962
799,Community and Government,1,0.7241809906746701,0.8109604389547916,0.08677944828012152
801,Community and Government,1,0.5828845954340711,1.1650515142434705,0.5821669188093994
804,Community and Government,1,0.6068029364682236,1.0600607060459448,0.45325776957772124
805,Community and Government,1,0.5974940363667397,0.8398031674619839,0.2423091310952442
816,Community and Government,1,0.4895803256835798,0.6249379055914427,0.1353575799078629
819,Community and Government,1,0.47906820375192566,0.4664153525935233,-0.012652851158402367
830,Community and Government,1,0.6260242525070077,0.6660628451932562,0.04003859268624854
832,Community and Government,1,0.5486203415680252,0.536038819779709,-0.012581521788316175
837,Community and Government,1,0.33203475235614366,0.6591857679205726,0.32715101556442894
843,Community and Government,1,0.8088741726881654,1.6134433478131658,0.8045691751250004
848,Community and Government,1,0.6553184793093014,0.668605851791889,0.0132873724825876
859,Community and Government,1,0.5474665467753812,0.5073255105757235,-0.0401410361996577
861,Community and Government,1,0.562992379435994,0.6121522257218455,0.04915984628585146
864,Community and Government,1,0.5700008200094904,0.6109193959767679,0.04091857596727755
866,Community and Government,1,0.6454666636964601,0.6258404074164697,-0.019626256279990373
875,Community and Government,1,0.46557781610908966,0.6206452785212431,0.1550674624121534
878,Community and Government,1,0.5677016916574498,0.6303422737952821,0.0626405821378323
879,Community and Government,1,0.542117175291629,1.0937664589006824,0.5516492836090534
887,Community and Government,1,0.3505586665306485,0.5141673297131628,0.16360866318251432
903,Community and Government,1,0.9293425560873143,1.0459912330261105,0.11664867693879621
907,Community and Government,1,0.3284466644536497,0.2541562144200033,-0.07429045003364637
909,Community and Government,1,0.5686744227279845,1.4623115022221693,0.8936370794941848
912,Community and Government,1,0.41534754668702034,0.42053780093757975,0.005190254250559412
915,Community and Government,1,0.5241625310287054,1.204078464512154,0.6799159334834487
920,Community and Government,1,0.4528124627197494,0.7085351896444972,0.25572272692474785
927,Community and Government,1,0.7426750284069283,0.818008926238567,0.07533389783163869
929,Community and Government,1,0.6694226501376556,0.8827197597081767,0.21329710957052117
930,Community and Government,1,0.6769677985234646,1.2552746840156712,0.5783068854922067
935,Community and Government,1,0.6045581043222714,2.4390069761808544,1.834448871858583
938,Community and Government,1,0.24796527119881454,0.28567177563416185,0.037706504435347316
941,Community and Government,1,0.4508910047985322,0.4013153520906006,-0.04957565270793163
944,Community and Government,1,0.6582379992931787,0.7960121356692463,0.1377741363760676
947,Community and Government,1,0.28606489726220236,0.26137935092528464,-0.02468554633691772
957,Community and Government,1,0.4708744307845844,0.6710111918389841,0.20013676105439965
963,Community and Government,1,0.4111847251676259,0.44654233471289245,0.035357609545266566
978,Community and Government,1,0.6168457606740543,0.9741495206766293,0.357303760002575
979,Community and Government,1,0.4669556319962321,1.261378348867195,0.794422716870963
980,Community and Government,1,0.4675731916619667,0.8690989361627321,0.40152574450076545
981,Community and Government,1,0.5142334924816823,0.48707869319328545,-0.027154799288396814
986,Community and Government,1,0.5692298459836107,0.5520718644275371,-0.01715798155607362
989,Community and Government,1,0.38500927548019204,0.4652810987624855,0.08027182328229349
997,Community and Government,1,0.8744777935673878,2.185973648879388,1.3114958553120004
1000,Community and Government,1,0.4763480298550971,0.6696577915655736,0.19330976171047648
1011,Community and Government,1,0.5749666661837433,2.252965219417308,1.6779985532335648
1013,Community and Government,1,1.1525400287363974,1.3034552309595662,0.1509152022231688
1016,Community and Government,1,0.46635172263716484,1.0170940532055108,0.550742330568346
1018,Community and Government,1,0.45475672878620815,0.6556664735905449,0.2009097448043367
1024,Community and Government,1,0.7419393684398315,0.7467298227854615,0.004790454345629969
1027,Community and Government,1,0.778237300470336,0.9291857599931947,0.15094845952285874
1033,Community and Government,1,0.889766751778323,0.9055810318082587,0.01581428002993568
1037,Community and Government,1,0.5110298760276417,0.5161246187810398,0.005094742753398052
1041,Community and Government,1,0.40325565506596966,0.49477834333656995,0.09152268827060028
1042,Community and Government,1,0.41545489665313284,0.46968496379552266,0.054230067142389815
1061,Community and Government,1,0.41733524288606494,0.6216545182488242,0.2043192753627593
1065,Community and Government,1,0.41347817209254056,0.4106062423943381,-0.002871929698202491
1067,Community and Government,1,0.7714005237449574,0.7542193462199304,-0.017181177525027014
1079,Community and Government,1,0.4007406179302483,1.4403876078248303,1.0396469898945822
1087,Community and Government,1,0.6185222704091229,0.5971541211141328,-0.02136814929499009
1092,Community and Government,1,0.4463040914084397,0.4827506164240488,0.03644652501560913
1094,Community and Government,1,0.7783765403850518,0.8709180468386404,0.0925415064535886
1108,Community and Government,1,0.3667070005855422,0.6877112568168724,0.3210042562313302
1114,Community and Government,1,0.5676444739499075,0.5835955216015412,0.015951047651633687
1117,Community and Government,1,0.5130516294889842,0.7390341970442768,0.22598256755529256
1118,Community and Government,1,0.5086831405152217,1.2633637183665938,0.7546805778513721
1120,Community and Government,1,0.5100135500852314,0.6328884199868505,0.12287486990161911
1124,Community and Government,1,0.5340807040139202,0.6033360804745274,0.0692553764606072
1126,Community and Government,1,0.48617726888724555,2.108318321287139,1.6221410523998934
1134,Community and Government,1,0.4988872259378798,0.8605724658804745,0.3616852399425947
1136,Community and Government,1,0.7778328189646859,0.8842358535055195,0.10640303454083355
1138,Community and Government,1,0.6910962545080591,2.308588037784904,1.617491783276845
1146,Community and Government,1,0.4488445423904279,0.5095848249428561,0.06074028255242814
1150,Community and Government,1,0.5156376308687692,0.4660407828775411,-0.049596847991228155
1159,Community and Government,1,0.6017471038751707,0.9122046185384468,0.3104575146632761
1161,Community and Government,1,0.29419077903100826,0.44130303475078064,0.14711225571977238
1164,Community and Government,1,0.3725860766119103,0.3687990731963042,-0.003787003415606116
1169,Community and Government,1,0.6008491702906289,1.0862934103192607,0.48544424002863185
1184,Community and Government,1,0.5967708989218855,0.8070327651821592,0.21026186626027366
1185,Community and Government,1,0.41547670646296603,1.31062771649571,0.895151010032744
1186,Community and Government,1,0.47261995073417906,2.1169378137124566,1.6443178629782775
1187,Community and Government,1,0.6730728344771735,0.7130719058449511,0.03999907136777758
1192,Community and Government,1,0.44818933881618983,1.5370953523344415,1.0889060135182516
1197,Community and Government,1,0.516451854000405,0.566626408783388,0.05017455478298294
1208,Community and Government,1,0.5805384769609877,0.6627322497667363,0.08219377280574858
1214,Community and Government,1,0.6263837302578465,0.9067410247527996,0.28035729449495306
1218,Community and Government,1,0.8293432835269775,0.8891112071099837,0.0597679235830062
1221,Community and Government,1,0.7155131697051375,1.1922205468585447,0.4767073771534073
1224,Community and Government,1,1.1975274232188764,1.290968770645419,0.09344134742654253
1228,Community and Government,1,0.5028814308830878,0.5334216490298068,0.030540218146719034
1232,Community and Government,1,0.5543934824587714,1.4637526367329547,0.9093591542741833
2,Community and Government,2,0.4767638162316865,1.5600941769144476,1.0833303606827611
5,Community and Government,2,0.4332332014173959,3.7637607324149456,3.3305275309975495
12,Community and Government,2,0.519302399997308,0.5044488995076344,-0.014853500489673599
21,Community and Government,2,2.595639005986566,2.727033039146022,0.13139403315945586
25,Community and Government,2,0.38885050116016134,1.7353459945838772,1.3464954934237159
36,Community and Government,2,0.3761953947991983,1.8804653697684266,1.5042699749692283
37,Community and Government,2,0.4958668704485165,0.4471225370611467,-0.04874433338736983
49,Community and Government,2,0.5421964118071112,2.355483815827056,1.813287404019945
53,Community and Government,2,0.3266028490144008,0.38444769435470405,0.057844845340303264
56,Community and Government,2,0.2940677131245064,0.29489395754542747,0.0008262444209210518
64,Community and Government,2,1.0933877965290209,4.136997324057461,3.04360952752844
67,Community and Government,2,0.8966722106954357,0.8245017655931635,-0.07217044510227222
69,Community and Government,2,0.5331252816258939,4.26409473521443,3.730969453588536
72,Community and Government,2,0.3532408006349333,0.6016775041006553,0.24843670346572205
74,Community and Government,2,0.5089446046163831,6.628283380369054,6.119338775752671
77,Community and Government,2,0.4000605076331013,0.4549140070812893,0.054853499448188014
84,Community and Government,2,0.4536921758764068,0.41633103125097226,-0.03736114462543455
90,Community and Government,2,0.5430741396180734,4.8480626667633455,4.304988527145272
97,Community and Government,2,0.5697050699965832,1.4773468346612841,0.9076417646647009
98,Community and Government,2,0.4708658338992647,0.538741837968431,0.06787600406916633
99,Community and Government,2,0.3357802787781508,0.6517428152940785,0.3159625365159277
109,Community and Government,2,0.5960995299048867,0.9214804799736667,0.32538095006878
111,Community and Government,2,0.5586523716002444,0.6322443268900806,0.0735919552898362
117,Community and Government,2,0.32631611456089626,0.5232995133390554,0.19698339877815918
118,Community and Government,2,0.33259677380626296,0.39967617786684484,0.06707940406058188
120,Community and Government,2,0.4127254767146181,0.4142481800340002,0.0015227033193820905
124,Community and Government,2,0.42974198261393787,4.086910316969132,3.6571683343551946
126,Community and Government,2,0.45844246542620126,2.5600446303623636,2.1016021649361623
130,Community and Government,2,0.5233879244525205,0.8469418959455004,0.32355397149297993
144,Community and Government,2,0.4512602421254125,0.5558136288446958,0.10455338671928327
149,Community and Government,2,0.5238566978598095,2.3071889429596775,1.783332245099868
150,Community and Government,2,0.504103936695667,0.5426293610018301,0.038525424306163125
160,Community and Government,2,0.5456833508181954,0.5321252971602302,-0.013558053657965252
164,Community and Government,2,0.3345894370061063,0.6567237790450828,0.3221343420389765
166,Community and Government,2,0.2996998282689129,0.3420673777922213,0.0423675495233084
173,Community and Government,2,0.5775251385776741,4.536307189353601,3.958782050775927
186,Community and Government,2,0.4797996276759682,0.6382437795660456,0.15844415189007743
189,Community and Government,2,0.3573433728503198,0.45534146870808045,0.09799809585776065
199,Community and Government,2,1.0982004559589997,3.7043349158019314,2.6061344598429317
206,Community and Government,2,0.38449508015201284,1.6846446436365352,1.3001495634845224
208,Community and Government,2,1.2667283088067145,1.2071414931665758,-0.05958681564013868
209,Community and Government,2,0.511249846093341,2.493032648260392,1.981782802167051
212,Community and Government,2,0.5084226545669722,0.6423765572729263,0.1339539027059541
213,Community and Government,2,0.4619594275007839,0.4602660932280806,-0.0016933342727032952
220,Community and Government,2,1.0670825295591375,2.8729183255436785,1.805835795984541
223,Community and Government,2,1.376369308667773,1.4400034852344332,0.06363417656666015
234,Community and Government,2,0.6109962161755625,3.061638329648588,2.4506421134730254
237,Community and Government,2,0.7716145256582242,1.0257488075536099,0.25413428189538567
244,Community and Government,2,0.4795941124402018,6.198162799921697,5.718568687481495
245,Community and Government,2,0.4338005240826789,4.642227966933312,4.208427442850633
251,Community and Government,2,1.3919913307989944,2.5770762630719806,1.1850849322729862
253,Community and Government,2,0.6711398021568339,1.0836950547475557,0.4125552525907218
258,Community and Government,2,0.5676310871122393,2.857904006584236,2.2902729194719966
264,Community and Government,2,0.6508587521694869,1.8867293300699126,1.2358705779004258
268,Community and Government,2,0.524166100877322,0.5513738116925786,0.027207710815256636
269,Community and Government,2,0.38947238311848004,3.4805894227250604,3.0911170396065804
270,Community and Government,2,0.5940037064727022,1.9457188145399158,1.3517151080672136
273,Community and Government,2,0.44414241045959413,1.950250167170295,1.5061077567107009
274,Community and Government,2,0.5541561793696301,3.0204970669708913,2.466340887601261
280,Community and Government,2,0.9608296196759533,5.286861569043793,4.326031949367839
283,Community and Government,2,0.4085393596572059,2.0928565539617066,1.6843171943045006
292,Community and Government,2,0.9926225073652812,1.3202120836351527,0.3275895762698715
325,Community and Government,2,0.2979073001088789,0.5410592332686737,0.24315193315979478
329,Community and Government,2,0.8776896043896696,0.7946140855336579,-0.08307551885601172
330,Community and Government,2,0.9434044911805204,0.8094874350686425,-0.13391705611187787
335,Community and Government,2,0.5269845760774727,2.800123686738847,2.273139110661374
337,Community and Government,2,0.5534634059139114,0.4606648621879841,-0.09279854372592733
340,Community and Government,2,0.44814590440790686,0.49396111726791947,0.04581521286001261
345,Community and Government,2,0.37249690638732413,0.44256460241602635,0.07006769602870222
356,Community and Government,2,0.6551812735953949,2.32550948795686,1.670328214361465
360,Community and Government,2,0.47473849016499564,0.8805102855703845,0.4057717954053888
363,Community and Government,2,0.4876841691180254,0.5189867230323948,0.03130255391436937
364,Community and Government,2,0.37388400319876625,0.4666456665215535,0.09276166332278724
366,Community and Government,2,0.6859987770821558,0.9906110696308305,0.3046122925486746
369,Community and Government,2,0.6851792041155396,0.5355189938324341,-0.1496602102831055
373,Community and Government,2,0.3127344378635649,0.45715753879563403,0.14442310093206912
382,Community and Government,2,0.451171357683856,0.7244911301630463,0.2733197724791903
396,Community and Government,2,0.616698610768044,0.5432814123033206,-0.07341719846472339
400,Community and Government,2,0.5055983233897835,0.747084530687874,0.24148620729809045
420,Community and Government,2,0.5041185841000033,1.0019631627891254,0.49784457868912213
425,Community and Government,2,0.38138878008470234,0.4269398054037725,0.04555102531907018
427,Community and Government,2,0.37989391268154016,0.6901180310632545,0.3102241183817144
428,Community and Government,2,1.1772950666091373,1.099991281039286,-0.07730378556985129
432,Community and Government,2,1.1177156269885642,1.2072537525840406,0.08953812559547636
433,Community and Government,2,0.6546724598878622,0.7904479296325277,0.1357754697446656
445,Community and Government,2,0.45467735788265645,1.2694117484460947,0.8147343905634383
446,Community and Government,2,0.3691264084076766,0.42828056020256783,0.05915415179489125
450,Community and Government,2,0.47657222252705994,0.5586697041650217,0.08209748163796177
462,Community and Government,2,0.5056575061970512,2.6936969804872035,2.1880394742901523
464,Community and Government,2,0.5131976930029603,0.6991923281709347,0.18599463516797443
468,Community and Government,2,0.7843383187442823,0.8127300065136969,0.028391687769414586
471,Community and Government,2,0.756575042817853,1.2711564319021988,0.5145813890843458
477,Community and Government,2,0.43350468009848364,0.6107492325832211,0.17724455248473747
479,Community and Government,2,0.5223853230798555,1.488472095697555,0.9660867726176995
480,Community and Government,2,0.4220479931769628,2.192314056007169,1.7702660628302065
482,Community and Government,2,0.6054250260076859,1.3967680590966511,0.7913430330889653
493,Community and Government,2,0.5383287745280452,1.6415932340273474,1.1032644594993022
497,Community and Government,2,0.7764748897264313,3.0345139036584587,2.258039013932027
505,Community and Government,2,0.35838476773686945,0.3626200718767323,0.004235304139862839
506,Community and Government,2,0.3775675147630243,0.46305386970016665,0.08548635493714235
513,Community and Government,2,0.31326017824568686,0.4193893968997325,0.10612921865404562
514,Community and Government,2,0.3775226119781637,1.1476143919585589,0.7700917799803951
519,Community and Government,2,0.4300349124577947,2.461638055529254,2.031603143071459
523,Community and Government,2,0.263578111484447,2.464225203872051,2.2006470923876043
529,Community and Government,2,0.44946123473929755,0.8937850241504703,0.4443237894111728
550,Community and Government,2,0.4867518820149106,0.743524997398699,0.25677311538378844
555,Community and Government,2,1.1457728420426743,1.180118670048834,0.03434582800615971
558,Community and Government,2,0.47816303077432676,2.1312184794459936,1.6530554486716669
560,Community and Government,2,0.7905179015686783,2.0051233423338886,1.2146054407652103
586,Community and Government,2,1.1914388669563012,2.182619003742839,0.9911801367865376
589,Community and Government,2,0.47393578961288285,2.417053896320108,1.9431181067072252
591,Community and Government,2,0.4141624738314043,1.9210373820398066,1.5068749082084023
595,Community and Government,2,0.4026848504341236,0.7112501993969085,0.30856534896278487
596,Community and Government,2,0.26368994929229467,0.35700888096969646,0.0933189316774018
600,Community and Government,2,0.5087829896425231,3.430651618151017,2.921868628508494
601,Community and Government,2,0.5402514340631764,0.9327597186824026,0.39250828461922616
605,Community and Government,2,0.8774144059485867,0.8495261054846887,-0.027888300463898008
609,Community and Government,2,0.42756649651470224,2.7087346573976,2.2811681608828978
611,Community and Government,2,0.5539851371927755,1.2438015499430424,0.6898164127502668
614,Community and Government,2,0.6757398030227268,0.8383177525708578,0.16257794954813098
615,Community and Government,2,0.629544815450045,1.723851174182343,1.094306358732298
625,Community and Government,2,0.32360108907681434,0.7108960278031126,0.3872949387262982
629,Community and Government,2,0.5095447622437395,1.5217544819909183,1.0122097197471789
633,Community and Government,2,0.5172638500663952,0.4986894229027056,-0.018574427163689566
634,Community and Government,2,0.4492693314339499,3.3235337465689203,2.8742644151349706
635,Community and Government,2,0.4017599983968289,0.7424582866965244,0.34069828829969545
642,Community and Government,2,0.6557753438871625,0.8168346717144821,0.16105932782731958
643,Community and Government,2,0.263578111484447,2.464225203872051,2.2006470923876043
648,Community and Government,2,0.5648609850645366,1.6410245059966435,1.076163520932107
649,Community and Government,2,0.4644423025487643,1.2151565360731582,0.7507142335243939
657,Community and Government,2,0.6752696318479203,0.8597647624108958,0.1844951305629755
658,Community and Government,2,0.445469087768409,4.152430572273397,3.7069614845049883
661,Community and Government,2,0.5663133182291341,0.8598577648504926,0.2935444466213585
674,Community and Government,2,0.6542174976218843,0.94929895696554,0.2950814593436557
676,Community and Government,2,0.8239976934643893,1.4697944490844095,0.6457967556200201
683,Community and Government,2,0.9130896289158621,0.9198135795105558,0.006723950594693662
691,Community and Government,2,0.9527066970921333,2.498451835070636,1.5457451379785025
694,Community and Government,2,0.4141195664705237,0.4468306172686702,0.03271105079814646
707,Community and Government,2,1.117351451935725,3.015591139909411,1.8982396879736858
717,Community and Government,2,0.40097275858010006,0.4829688029403599,0.08199604436025981
720,Community and Government,2,0.616499970888409,1.7023923444753892,1.0858923735869803
722,Community and Government,2,0.4103673806300513,0.4548586513079016,0.0444912706778503
726,Community and Government,2,0.2841750861325322,2.7985493975995697,2.5143743114670376
729,Community and Government,2,0.7786296412503119,2.6997131673487367,1.9210835260984247
733,Community and Government,2,0.49236763793085403,1.037358544014886,0.544990906084032
734,Community and Government,2,0.44048444330956216,0.7975886796634926,0.3571042363539304
737,Community and Government,2,0.7525693634633196,2.525551001485878,1.7729816380225585
740,Community and Government,2,0.5113707888192952,1.6070698638308694,1.095699075011574
744,Community and Government,2,0.8253259631446959,0.9508876853189991,0.12556172217430328
755,Community and Government,2,0.4603830118871376,1.673674867075142,1.2132918551880043
765,Community and Government,2,0.5068830441554948,6.7264897125941765,6.219606668438682
769,Community and Government,2,0.5212645718855649,1.9396114197450003,1.4183468478594354
773,Community and Government,2,0.3320435187198499,0.4275443371322813,0.09550081841243141
778,Community and Government,2,0.6554218808812509,3.160684795867592,2.505262914986341
779,Community and Government,2,0.5689755601481166,1.162135403961131,0.5931598438130143
784,Community and Government,2,0.6042934569483418,6.395301023015708,5.791007566067367
791,Community and Government,2,0.7152257958685019,1.2071659377123671,0.49194014184386525
798,Community and Government,2,0.433275122191346,2.439900285814988,2.006625163623642
799,Community and Government,2,0.7241809906746701,0.8254116431990016,0.1012306525243315
801,Community and Government,2,0.5828845954340711,1.3312941846939026,0.7484095892598315
804,Community and Government,2,0.6068029364682236,2.604734519434337,1.9979315829661135
805,Community and Government,2,0.5974940363667397,1.1223073409228232,0.5248133045560835
816,Community and Government,2,0.4895803256835798,0.8582291605963779,0.3686488349127981
819,Community and Government,2,0.47906820375192566,0.46087943653447017,-0.018188767217455493
830,Community and Government,2,0.6260242525070077,1.1712935603965202,0.5452693078895126
832,Community and Government,2,0.5486203415680252,2.6143754446263676,2.0657551030583425
837,Community and Government,2,0.33203475235614366,0.8462351161102,0.5142003637540563
843,Community and Government,2,0.8088741726881654,2.6906043371904986,1.8817301645023332
848,Community and Government,2,0.6553184793093014,0.6955507325655825,0.0402322532562811
859,Community and Government,2,0.5474665467753812,0.4599674537612352,-0.08749909301414599
861,Community and Government,2,0.562992379435994,0.7739022104488967,0.21090983101290273
864,Community and Government,2,0.5700008200094904,1.0419562738221262,0.4719554538126358
866,Community and Government,2,0.6454666636964601,0.925933809696259,0.28046714599979894
875,Community and Government,2,0.46557781610908966,0.7310236360458136,0.2654458199367239
878,Community and Government,2,0.5677016916574498,0.9695617331614242,0.4018600415039745
879,Community and Government,2,0.542117175291629,1.3856002046897795,0.8434830293981506
887,Community and Government,2,0.3505586665306485,0.5627059972721749,0.21214733074152636
903,Community and Government,2,0.9293425560873143,1.8435768725591162,0.9142343164718019
907,Community and Government,2,0.3284466644536497,0.3257665151631991,-0.002680149290450573
909,Community and Government,2,0.5686744227279845,1.53419770300856,0.9655232802805755
912,Community and Government,2,0.41534754668702034,0.42226191306575633,0.006914366378735992
915,Community and Government,2,0.5241625310287054,1.7766849280059342,1.2525223969772288
920,Community and Government,2,0.4528124627197494,0.8200379962185711,0.3672255334988217
927,Community and Government,2,0.7426750284069283,1.0215803871731097,0.2789053587661814
929,Community and Government,2,0.6694226501376556,0.9569100319232318,0.2874873817855762
930,Community and Government,2,0.6769677985234646,1.9065813231617739,1.2296135246383093
935,Community and Government,2,0.6045581043222714,2.8387208584008246,2.234162754078553
938,Community and Government,2,0.24796527119881454,0.3416835812225617,0.09371831002374717
941,Community and Government,2,0.4508910047985322,0.38841210715867414,-0.06247889763985809
944,Community and Government,2,0.6582379992931787,1.2973003654396122,0.6390623661464335
947,Community and Government,2,0.28606489726220236,0.2604596389748866,-0.025605258287315746
957,Community and Government,2,0.4708744307845844,4.687640801370822,4.216766370586238
963,Community and Government,2,0.4111847251676259,0.5059465776894839,0.09476185252185804
978,Community and Government,2,0.6168457606740543,1.3606028994357233,0.743757138761669
979,Community and Government,2,0.4669556319962321,2.8334542909871567,2.3664986589909245
980,Community and Government,2,0.4675731916619667,1.783448087366103,1.3158748957041362
981,Community and Government,2,0.5142334924816823,0.9175713242835869,0.40333783180190463
986,Community and Government,2,0.5692298459836107,0.7600292096443833,0.19079936366077255
989,Community and Government,2,0.38500927548019204,0.5189460701526274,0.13393679467243536
997,Community and Government,2,0.8744777935673878,4.338688570879006,3.464210777311618
1000,Community and Government,2,0.4763480298550971,2.2094736544703046,1.7331256246152076
1011,Community and Government,2,0.5749666661837433,3.15939254079919,2.5844258746154467
1013,Community and Government,2,1.1525400287363974,1.5353242528745041,0.38278422413810675
1016,Community and Government,2,0.46635172263716484,1.1822586928291954,0.7159069701920305
1018,Community and Government,2,0.45475672878620815,0.9980091468813987,0.5432524180951905
1024,Community and Government,2,0.7419393684398315,1.2742085733492452,0.5322692049094137
1027,Community and Government,2,0.778237300470336,1.5116245190073805,0.7333872185370445
1033,Community and Government,2,0.889766751778323,0.92517580345889,0.03540905168056696
1037,Community and Government,2,0.5110298760276417,0.5126649501925155,0.00163507416487374
1041,Community and Government,2,0.40325565506596966,0.5844471147520236,0.18119145968605394
1042,Community and Government,2,0.41545489665313284,0.5458680798512355,0.1304131831981027
1061,Community and Government,2,0.41733524288606494,0.7168979075034174,0.2995626646173525
1065,Community and Government,2,0.41347817209254056,2.1197430999944378,1.706264927901897
1067,Community and Government,2,0.7714005237449574,0.7936790752153344,0.02227855147037705
1079,Community and Government,2,0.4007406179302483,1.661906322838238,1.2611657049079898
1087,Community and Government,2,0.6185222704091229,0.5758059806913709,-0.04271628971775199
1092,Community and Government,2,0.4463040914084397,0.911491222017349,0.4651871306089093
1094,Community and Government,2,0.7783765403850518,0.939400919913034,0.1610243795279822
1108,Community and Government,2,0.3667070005855422,0.8120598318557328,0.44535283127019065
1114,Community and Government,2,0.5676444739499075,0.8230198648237836,0.2553753908738762
1117,Community and Government,2,0.5130516294889842,1.2552490916616565,0.7421974621726724
1118,Community and Government,2,0.5086831405152217,2.1871058103778465,1.6784226698626248
1120,Community and Government,2,0.5100135500852314,4.594890554360523,4.084877004275292
1124,Community and Government,2,0.5340807040139202,0.7561892447256451,0.22210854071172492
1126,Community and Government,2,0.48617726888724555,2.6976193591142903,2.211442090227045
1134,Community and Government,2,0.4988872259378798,1.1464490324475647,0.6475618065096849
1136,Community and Government,2,0.7778328189646859,1.9032146771767644,1.1253818582120785
1138,Community and Government,2,0.6910962545080591,2.8503737104580162,2.1592774559499572
1146,Community and Government,2,0.4488445423904279,0.4757216259252669,0.026877083534838975
1150,Community and Government,2,0.5156376308687692,0.418680837523021,-0.09695679334574825
1159,Community and Government,2,0.6017471038751707,1.497016797991371,0.8952696941162004
1161,Community and Government,2,0.29419077903100826,0.649631393066779,0.3554406140357707
1164,Community and Government,2,0.3725860766119103,0.38066386304378586,0.008077786431875567
1169,Community and Government,2,0.6008491702906289,2.1540075134410026,1.5531583431503737
1184,Community and Government,2,0.5967708989218855,6.716393595526062,6.119622696604177
1185,Community and Government,2,0.41547670646296603,2.132513653514713,1.7170369470517468
1186,Community and Government,2,0.47261995073417906,3.2307331823331467,2.7581132315989674
1187,Community and Government,2,0.6730728344771735,2.515154772366842,1.8420819378896685
1192,Community and Government,2,0.44818933881618983,2.6676648254162876,2.2194754866000976
1197,Community and Government,2,0.516451854000405,2.4292848526691744,1.9128329986687693
1208,Community and Government,2,0.5805384769609877,0.58046432281853,-7.415414245770524e-05
1214,Community and Government,2,0.6263837302578465,1.7044540359756386,1.078070305717792
1218,Community and Government,2,0.8293432835269775,1.1593427380782213,0.3299994545512438
1221,Community and Government,2,0.7155131697051375,1.919074451940388,1.2035612822352504
1224,Community and Government,2,1.1975274232188764,1.463844084209608,0.2663166609907317
1228,Community and Government,2,0.5028814308830878,0.6782484939669108,0.175367063083823
1232,Community and Government,2,0.5543934824587714,1.5987284063980498,1.0443349239392785
2,Community and Government,3,0.4767638162316865,6.505493729074911,6.028729912843224
5,Community and Government,3,0.4332332014173959,3.74776659739558,3.314533395978184
12,Community and Government,3,0.519302399997308,0.5207515388394495,0.0014491388421414841
21,Community and Government,3,2.595639005986566,2.7795006717170176,0.18386166573045148
25,Community and Government,3,0.38885050116016134,2.29643588943555,1.9075853882753886
36,Community and Government,3,0.3761953947991983,2.5265109210127905,2.1503155262135922
37,Community and Government,3,0.4958668704485165,0.4290607123820794,-0.06680615806643714
49,Community and Government,3,0.5421964118071112,4.96373036732477,4.421533955517658
53,Community and Government,3,0.3266028490144008,0.41618878454893177,0.08958593553453098
56,Community and Government,3,0.2940677131245064,0.29694128698331623,0.002873573858809819
64,Community and Government,3,1.0933877965290209,6.6241868915771285,5.530799095048108
67,Community and Government,3,0.8966722106954357,0.800935606206249,-0.09573660448918664
69,Community and Government,3,0.5331252816258939,4.5783973210042745,4.04527203937838
72,Community and Government,3,0.3532408006349333,0.8491146931810136,0.49587389254608033
74,Community and Government,3,0.5089446046163831,6.917777140215974,6.408832535599591
77,Community and Government,3,0.4000605076331013,0.48461656499155903,0.08455605735845773
84,Community and Government,3,0.4536921758764068,2.712288874020991,2.258596698144584
90,Community and Government,3,0.5430741396180734,4.813384805003479,4.270310665385406
97,Community and Government,3,0.5697050699965832,2.405882464079696,1.836177394083113
98,Community and Government,3,0.4708658338992647,0.5402331116399013,0.06936727774063661
99,Community and Government,3,0.3357802787781508,4.288085528493679,3.9523052497155278
109,Community and Government,3,0.5960995299048867,1.0527175713462524,0.45661804144136575
111,Community and Government,3,0.5586523716002444,0.6457693014810861,0.08711692988084174
117,Community and Government,3,0.32631611456089626,1.4502360840329702,1.123919969472074
118,Community and Government,3,0.33259677380626296,0.43703191456389956,0.1044351407576366
120,Community and Government,3,0.4127254767146181,0.42403874976000355,0.01131327304538543
124,Community and Government,3,0.42974198261393787,4.3326931158859185,3.902951133271981
126,Community and Government,3,0.45844246542620126,4.922806886678094,4.464364421251893
130,Community and Government,3,0.5233879244525205,1.7054659225677264,1.182077998115206
144,Community and Government,3,0.4512602421254125,0.5751416311607767,0.12388138903536416
149,Community and Government,3,0.5238566978598095,3.0527960100969085,2.528939312237099
150,Community and Government,3,0.504103936695667,0.5919739607947893,0.08787002409912226
160,Community and Government,3,0.5456833508181954,0.5457315078156612,4.8156997465742535e-05
164,Community and Government,3,0.3345894370061063,0.8673870976342424,0.532797660628136
166,Community and Government,3,0.2996998282689129,0.36822824034867163,0.06852841207975874
173,Community and Government,3,0.5775251385776741,4.614909711083453,4.037384572505779
186,Community and Government,3,0.4797996276759682,3.933521574643882,3.4537219469679137
189,Community and Government,3,0.3573433728503198,0.6036372540390897,0.24629388118876994
199,Community and Government,3,1.0982004559589997,5.3780920167861055,4.279891560827106
206,Community and Government,3,0.38449508015201284,2.6854932277791232,2.3009981476271104
208,Community and Government,3,1.2667283088067145,1.1815053076478992,-0.08522300115881531
209,Community and Government,3,0.511249846093341,2.737412594475696,2.226162748382355
212,Community and Government,3,0.5084226545669722,0.7689273157094632,0.26050466114249093
213,Community and Government,3,0.4619594275007839,0.47776982903150284,0.015810401530718943
220,Community and Government,3,1.0670825295591375,2.2029651544094118,1.1358826248502742
223,Community and Government,3,1.376369308667773,1.3539958975425939,-0.02237341112517921
234,Community and Government,3,0.6109962161755625,3.2549568535404845,2.643960637364922
237,Community and Government,3,0.7716145256582242,1.1774094761591214,0.4057949505008972
244,Community and Government,3,0.4795941124402018,6.221078508862087,5.741484396421885
245,Community and Government,3,0.4338005240826789,4.801885566811146,4.368085042728467
251,Community and Government,3,1.3919913307989944,2.6026919275445204,1.210700596745526
253,Community and Government,3,0.6711398021568339,1.3983045679498476,0.7271647657930137
258,Community and Government,3,0.5676310871122393,2.6338816990766176,2.0662506119643784
264,Community and Government,3,0.6508587521694869,2.3480047463278164,1.6971459941583296
268,Community and Government,3,0.524166100877322,4.0753463090320725,3.5511802081547508
269,Community and Government,3,0.38947238311848004,3.489929014622496,3.100456631504016
270,Community and Government,3,0.5940037064727022,2.388186264403189,1.7941825579304866
273,Community and Government,3,0.44414241045959413,5.6820758625316055,5.237933452072012
274,Community and Government,3,0.5541561793696301,3.6344007990637355,3.0802446196941053
280,Community and Government,3,0.9608296196759533,5.7055996630382495,4.744770043362296
283,Community and Government,3,0.4085393596572059,2.8990609277974255,2.4905215681402195
292,Community and Government,3,0.9926225073652812,1.4981655019246949,0.5055429945594136
325,Community and Government,3,0.2979073001088789,0.954613814576531,0.6567065144676522
329,Community and Government,3,0.8776896043896696,0.7602752955579433,-0.11741430883172632
330,Community and Government,3,0.9434044911805204,0.7226115523838414,-0.22079293879667894
335,Community and Government,3,0.5269845760774727,2.6450744155353516,2.1180898394578787
337,Community and Government,3,0.5534634059139114,0.5017363271368684,-0.05172707877704297
340,Community and Government,3,0.44814590440790686,0.5522428151175732,0.10409691070966637
345,Community and Government,3,0.37249690638732413,5.289258613135598,4.916761706748273
356,Community and Government,3,0.6551812735953949,4.229943753441736,3.574762479846341
360,Community and Government,3,0.47473849016499564,1.1579827557543583,0.6832442655893627
363,Community and Government,3,0.4876841691180254,0.5579194214498238,0.07023525233179834
364,Community and Government,3,0.37388400319876625,4.249943701804085,3.876059698605319
366,Community and Government,3,0.6859987770821558,1.0508087257755094,0.3648099486933536
369,Community and Government,3,0.6851792041155396,0.5258296319214196,-0.15934957219411994
373,Community and Government,3,0.3127344378635649,0.5862979429459931,0.2735635050824282
382,Community and Government,3,0.451171357683856,3.982397594432995,3.531226236749139
396,Community and Government,3,0.616698610768044,0.5856399795228077,-0.031058631245236334
400,Community and Government,3,0.5055983233897835,1.1543650537639925,0.648766730374209
420,Community and Government,3,0.5041185841000033,1.355771688761499,0.8516531046614957
425,Community and Government,3,0.38138878008470234,0.4281464161847264,0.046757636100024036
427,Community and Government,3,0.37989391268154016,1.0290121502392338,0.6491182375576936
428,Community and Government,3,1.1772950666091373,1.0575156483032626,-0.11977941830587469
432,Community and Government,3,1.1177156269885642,1.240755423479107,0.12303979649054275
433,Community and Government,3,0.6546724598878622,0.8920977195778583,0.23742525968999617
445,Community and Government,3,0.45467735788265645,1.6943048113612627,1.2396274534786063
446,Community and Government,3,0.3691264084076766,0.6083879746537801,0.23926156624610356
450,Community and Government,3,0.47657222252705994,0.5739100492440264,0.0973378267169665
462,Community and Government,3,0.5056575061970512,3.3674739442228807,2.8618164380258295
464,Community and Government,3,0.5131976930029603,1.4208416971089557,0.9076440041059954
468,Community and Government,3,0.7843383187442823,0.8162061438789953,0.03186782513471298
471,Community and Government,3,0.756575042817853,1.34968289157569,0.593107848757837
477,Community and Government,3,0.43350468009848364,0.5974091132259893,0.1639044331275057
479,Community and Government,3,0.5223853230798555,2.5219006720142985,1.9995153489344428
480,Community and Government,3,0.4220479931769628,2.345792464004533,1.9237444708275702
482,Community and Government,3,0.6054250260076859,1.8790297334509227,1.2736047074432368
493,Community and Government,3,0.5383287745280452,2.852777623840839,2.314448849312794
497,Community and Government,3,0.7764748897264313,4.477857816420892,3.7013829266944605
505,Community and Government,3,0.35838476773686945,0.8581063915100333,0.49972162377316387
506,Community and Government,3,0.3775675147630243,0.4859296300725277,0.1083621153095034
513,Community and Government,3,0.31326017824568686,1.4356620693089235,1.1224018910632365
514,Community and Government,3,0.3775226119781637,5.351349385914065,4.973826773935901
519,Community and Government,3,0.4300349124577947,2.7426253171016235,2.312590404643829
523,Community and Government,3,0.263578111484447,3.5512741794248925,3.2876960679404457
529,Community and Government,3,0.44946123473929755,1.4847684714068776,1.0353072366675802
550,Community and Government,3,0.4867518820149106,0.8362926529622012,0.34954077094729064
555,Community and Government,3,1.1457728420426743,1.1634295649148727,0.017656722872198438
558,Community and Government,3,0.47816303077432676,2.1270922110466746,1.6489291802723478
560,Community and Government,3,0.7905179015686783,2.197789425069053,1.4072715235003748
586,Community and Government,3,1.1914388669563012,6.954502343240971,5.76306347628467
589,Community and Government,3,0.47393578961288285,5.05364279561528,4.579707006002398
591,Community and Government,3,0.4141624738314043,2.3394556799840815,1.9252932061526773
595,Community and Government,3,0.4026848504341236,3.5743051683211036,3.1716203178869797
596,Community and Government,3,0.26368994929229467,0.3745860108567668,0.11089606156447213
600,Community and Government,3,0.5087829896425231,3.486985852545868,2.978202862903345
601,Community and Government,3,0.5402514340631764,1.5835912993360963,1.04333986527292
605,Community and Government,3,0.8774144059485867,0.848111605887836,-0.0293028000607507
609,Community and Government,3,0.42756649651470224,2.8244768494685903,2.396910352953888
611,Community and Government,3,0.5539851371927755,1.8961103700143893,1.3421252328216138
614,Community and Government,3,0.6757398030227268,1.012269749453261,0.33652994643053424
615,Community and Government,3,0.629544815450045,1.3354266064276918,0.7058817909776468
625,Community and Government,3,0.32360108907681434,0.7866222415769604,0.463021152500146
629,Community and Government,3,0.5095447622437395,4.842350105483138,4.332805343239399
633,Community and Government,3,0.5172638500663952,3.2230861976615657,2.7058223475951704
634,Community and Government,3,0.4492693314339499,3.499802057191059,3.050532725757109
635,Community and Government,3,0.4017599983968289,2.577935869459899,2.17617587106307
642,Community and Government,3,0.6557753438871625,0.9483271941432155,0.292551850256053
643,Community and Government,3,0.263578111484447,3.5512741794248925,3.2876960679404457
648,Community and Government,3,0.5648609850645366,1.7948426141331546,1.229981629068618
649,Community and Government,3,0.4644423025487643,3.1365950412362724,2.672152738687508
657,Community and Government,3,0.6752696318479203,0.9443157644383431,0.26904613259042276
658,Community and Government,3,0.445469087768409,4.515813748515658,4.070344660747249
661,Community and Government,3,0.5663133182291341,2.056787341683609,1.4904740234544747
674,Community and Government,3,0.6542174976218843,2.110894414472727,1.4566769168508427
676,Community and Government,3,0.8239976934643893,3.205556844326778,2.3815591508623886
683,Community and Government,3,0.9130896289158621,8.41172788461424,7.498638255698379
691,Community and Government,3,0.9527066970921333,2.912072442617131,1.9593657455249978
694,Community and Government,3,0.4141195664705237,0.45540207047901254,0.04128250400848882
707,Community and Government,3,1.117351451935725,4.1303429328737895,3.0129914809380645
717,Community and Government,3,0.40097275858010006,5.110931075531441,4.709958316951341
720,Community and Government,3,0.616499970888409,2.46095984754122,1.8444598766528113
722,Community and Government,3,0.4103673806300513,0.9440582246868561,0.5336908440568048
726,Community and Government,3,0.2841750861325322,3.6880159346354375,3.4038408485029055
729,Community and Government,3,0.7786296412503119,3.594902950787082,2.8162733095367702
733,Community and Government,3,0.49236763793085403,1.205839521418767,0.7134718834879129
734,Community and Government,3,0.44048444330956216,1.4760280120516716,1.0355435687421095
737,Community and Government,3,0.7525693634633196,2.8333350208811163,2.0807656574177966
740,Community and Government,3,0.5113707888192952,2.9674994422486694,2.4561286534293743
744,Community and Government,3,0.8253259631446959,1.047794820818154,0.22246885767345814
755,Community and Government,3,0.4603830118871376,3.3030759189447148,2.842692907057577
765,Community and Government,3,0.5068830441554948,6.635906053935906,6.129023009780411
769,Community and Government,3,0.5212645718855649,2.3703999314491995,1.8491353595636346
773,Community and Government,3,0.3320435187198499,0.5008380693589636,0.1687945506391137
778,Community and Government,3,0.6554218808812509,1.230339377986722,0.5749174971054711
779,Community and Government,3,0.5689755601481166,6.952428862631566,6.383453302483449
784,Community and Government,3,0.6042934569483418,6.661957227061687,6.057663770113345
791,Community and Government,3,0.7152257958685019,1.4674240825031253,0.7521982866346234
798,Community and Government,3,0.433275122191346,2.6719272439442374,2.2386521217528914
799,Community and Government,3,0.7241809906746701,0.8314750021828308,0.10729401150816065
801,Community and Government,3,0.5828845954340711,1.5703926270543016,0.9875080316202305
804,Community and Government,3,0.6068029364682236,3.5106206312611166,2.903817694792893
805,Community and Government,3,0.5974940363667397,1.4043975015474557,0.806903465180716
816,Community and Government,3,0.4895803256835798,1.071565734626923,0.5819854089433432
819,Community and Government,3,0.47906820375192566,0.4684191974935543,-0.01064900625837134
830,Community and Government,3,0.6260242525070077,1.7092547204409085,1.0832304679339009
832,Community and Government,3,0.5486203415680252,3.4507917357932483,2.902171394225223
837,Community and Government,3,0.33203475235614366,1.1347342611271123,0.8026995087709686
843,Community and Government,3,0.8088741726881654,3.912740842563952,3.1038666698757864
848,Community and Government,3,0.6553184793093014,0.7473618045145254,0.09204332520522396
859,Community and Government,3,0.5474665467753812,0.42177564191005285,-0.12569090486532836
861,Community and Government,3,0.562992379435994,1.5020383151454224,0.9390459357094284
864,Community and Government,3,0.5700008200094904,2.00711657703789,1.4371157570283994
866,Community and Government,3,0.6454666636964601,1.3211517971372606,0.6756851334408005
875,Community and Government,3,0.46557781610908966,0.8770501515304774,0.4114723354213877
878,Community and Government,3,0.5677016916574498,6.523287412691397,5.955585721033947
879,Community and Government,3,0.542117175291629,1.4964165151821416,0.9542993398905126
887,Community and Government,3,0.3505586665306485,0.6391865004136932,0.2886278338830447
903,Community and Government,3,0.9293425560873143,3.969186148340331,3.0398435922530167
907,Community and Government,3,0.3284466644536497,0.48778375621780745,0.15933709176415778
909,Community and Government,3,0.5686744227279845,1.5960924495389759,1.0274180268109914
912,Community and Government,3,0.41534754668702034,0.41161226424083697,-0.0037352824461833745
915,Community and Government,3,0.5241625310287054,2.57104199606869,2.0468794650399844
920,Community and Government,3,0.4528124627197494,2.15084901865602,1.6980365559362705
927,Community and Government,3,0.7426750284069283,1.2732395065821078,0.5305644781751795
929,Community and Government,3,0.6694226501376556,1.0179668598832186,0.348544209745563
930,Community and Government,3,0.6769677985234646,2.3311976637654,1.6542298652419354
935,Community and Government,3,0.6045581043222714,2.8168348445274125,2.212276740205141
938,Community and Government,3,0.24796527119881454,0.33359559053224075,0.08563031933342621
941,Community and Government,3,0.4508910047985322,0.3829577379375245,-0.0679332668610077
944,Community and Government,3,0.6582379992931787,1.9156107672383642,1.2573727679451854
947,Community and Government,3,0.28606489726220236,0.2650075453384633,-0.02105735192373903
957,Community and Government,3,0.4708744307845844,4.658558689652479,4.187684258867895
963,Community and Government,3,0.4111847251676259,0.5418827214114895,0.13069799624386363
978,Community and Government,3,0.6168457606740543,1.5167358537579134,0.8998900930838591
979,Community and Government,3,0.4669556319962321,3.791120594743662,3.32416496274743
980,Community and Government,3,0.4675731916619667,2.503759951316547,2.0361867596545804
981,Community and Government,3,0.5142334924816823,1.3078744972257978,0.7936410047441156
986,Community and Government,3,0.5692298459836107,1.0751600513322648,0.5059302053486541
989,Community and Government,3,0.38500927548019204,0.4615325731343875,0.07652329765419547
997,Community and Government,3,0.8744777935673878,4.8556377106656115,3.981159917098224
1000,Community and Government,3,0.4763480298550971,2.9674464803804455,2.491098450525348
1011,Community and Government,3,0.5749666661837433,3.3115064442861457,2.7365397781024026
1013,Community and Government,3,1.1525400287363974,1.821835510222231,0.6692954814858336
1016,Community and Government,3,0.46635172263716484,1.1260595326933551,0.6597078100561903
1018,Community and Government,3,0.45475672878620815,2.8061613657332796,2.3514046369470716
1024,Community and Government,3,0.7419393684398315,1.6191880820153792,0.8772487135755477
1027,Community and Government,3,0.778237300470336,5.54865365132293,4.770416350852594
1033,Community and Government,3,0.889766751778323,4.003686884374436,3.113920132596113
1037,Community and Government,3,0.5110298760276417,0.508713100628629,-0.0023167753990127604
1041,Community and Government,3,0.40325565506596966,0.834567888464521,0.43131223339855135
1042,Community and Government,3,0.41545489665313284,3.4369305271976014,3.0214756305444688
1061,Community and Government,3,0.41733524288606494,0.913821828846778,0.49648658596071304
1065,Community and Government,3,0.41347817209254056,2.370517446258302,1.9570392741657612
1067,Community and Government,3,0.7714005237449574,0.8444570611749223,0.07305653742996487
1079,Community and Government,3,0.4007406179302483,1.8250447024196483,1.4243040844894002
1087,Community and Government,3,0.6185222704091229,0.6032691914484966,-0.015253078960626332
1092,Community and Government,3,0.4463040914084397,2.0208481674281185,1.5745440760196787
1094,Community and Government,3,0.7783765403850518,0.9834201464923165,0.2050436061072647
1108,Community and Government,3,0.3667070005855422,0.7856228565138192,0.41891585592827707
1114,Community and Government,3,0.5676444739499075,1.051038178237141,0.4833937042872335
1117,Community and Government,3,0.5130516294889842,2.3341112725146465,1.8210596430256623
1118,Community and Government,3,0.5086831405152217,2.536170343490736,2.0274872029755144
1120,Community and Government,3,0.5100135500852314,4.857886378673161,4.34787282858793
1124,Community and Government,3,0.5340807040139202,1.6192831087486046,1.0852024047346844
1126,Community and Government,3,0.48617726888724555,2.8435405288066002,2.357363259919355
1134,Community and Government,3,0.4988872259378798,1.2958284217994314,0.7969411958615515
1136,Community and Government,3,0.7778328189646859,3.268154935694385,2.490322116729699
1138,Community and Government,3,0.6910962545080591,2.990164416809993,2.299068162301934
1146,Community and Government,3,0.4488445423904279,5.3247996366108445,4.875955094220417
1150,Community and Government,3,0.5156376308687692,0.6047107406928101,0.08907310982404082
1159,Community and Government,3,0.6017471038751707,2.0433741106011425,1.4416270067259718
1161,Community and Government,3,0.29419077903100826,1.1810676881099733,0.886876909078965
1164,Community and Government,3,0.3725860766119103,0.4731702498311867,0.10058417321927643
1169,Community and Government,3,0.6008491702906289,2.669000398676559,2.06815122838593
1184,Community and Government,3,0.5967708989218855,7.162707673915895,6.565936774994009
1185,Community and Government,3,0.41547670646296603,2.9066871341455003,2.4912104276825344
1186,Community and Government,3,0.47261995073417906,3.5032168534216264,3.0305969026874475
1187,Community and Government,3,0.6730728344771735,3.889167500619458,3.2160946661422845
1192,Community and Government,3,0.44818933881618983,3.0380331354764776,2.5898437966602876
1197,Community and Government,3,0.516451854000405,3.190411744743084,2.673959890742679
1208,Community and Government,3,0.5805384769609877,1.017206015767931,0.4366675388069433
1214,Community and Government,3,0.6263837302578465,2.275116631798471,1.6487329015406245
1218,Community and Government,3,0.8293432835269775,5.959580653696122,5.130237370169144
1221,Community and Government,3,0.7155131697051375,2.330712809467652,1.6151996397625146
1224,Community and Government,3,1.1975274232188764,1.5535670893937468,0.3560396661748704
1228,Community and Government,3,0.5028814308830878,0.8179086376256912,0.3150272067426034
1232,Community and Government,3,0.5543934824587714,2.7819423063727244,2.227548823913953
2,Travel and Transportation,1,0.4767638162316865,0.5439824291340833,0.06721861290239683
5,Travel and Transportation,1,0.4332332014173959,2.6449927681141325,2.2117595666967365
12,Travel and Transportation,1,0.519302399997308,0.5654240423640716,0.04612164236676364
21,Travel and Transportation,1,2.595639005986566,2.427848159162293,-0.16779084682427303
25,Travel and Transportation,1,0.38885050116016134,2.035586370649279,1.6467358694891179
36,Travel and Transportation,1,0.3761953947991983,1.6515446471553745,1.2753492523561762
37,Travel and Transportation,1,0.4958668704485165,0.8809635392290684,0.38509666878055193
49,Travel and Transportation,1,0.5421964118071112,1.0424799645772664,0.5002835527701552
53,Travel and Transportation,1,0.3266028490144008,1.1484879396201315,0.8218850906057307
56,Travel and Transportation,1,0.2940677131245064,1.3427736316338765,1.0487059185093701
64,Travel and Transportation,1,1.0933877965290209,1.5227262290615529,0.429338432532532
67,Travel and Transportation,1,0.8966722106954357,0.8245629055321401,-0.07210930516329561
69,Travel and Transportation,1,0.5331252816258939,0.5235983955565937,-0.009526886069300189
72,Travel and Transportation,1,0.3532408006349333,1.7130876624465727,1.3598468618116395
74,Travel and Transportation,1,0.5089446046163831,7.237989230773778,6.729044626157394
77,Travel and Transportation,1,0.4000605076331013,1.1181853132726158,0.7181248056395145
84,Travel and Transportation,1,0.4536921758764068,1.4586614415273962,1.0049692656509894
90,Travel and Transportation,1,0.5430741396180734,1.641392078232355,1.0983179386142816
97,Travel and Transportation,1,0.5697050699965832,0.5665386328238978,-0.003166437172685388
98,Travel and Transportation,1,0.4708658338992647,0.6060176838672038,0.1351518499679391
99,Travel and Transportation,1,0.3357802787781508,0.5461845059494699,0.21040422717131907
109,Travel and Transportation,1,0.5960995299048867,0.779628536949361,0.18352900704447428
111,Travel and Transportation,1,0.5586523716002444,0.6393744421101293,0.08072207050988489
117,Travel and Transportation,1,0.32631611456089626,1.1389386209182062,0.8126225063573099
118,Travel and Transportation,1,0.33259677380626296,1.205424192980714,0.872827419174451
120,Travel and Transportation,1,0.4127254767146181,0.4193658855726448,0.006640408858026692
124,Travel and Transportation,1,0.42974198261393787,2.9849838171754906,2.555241834561553
126,Travel and Transportation,1,0.45844246542620126,0.9394489526862023,0.48100648726000106
130,Travel and Transportation,1,0.5233879244525205,1.910832866157671,1.3874449417051506
144,Travel and Transportation,1,0.4512602421254125,1.3505510347084497,0.8992907925830372
149,Travel and Transportation,1,0.5238566978598095,1.5309170666826648,1.0070603688228554
150,Travel and Transportation,1,0.504103936695667,0.855654064699839,0.35155012800417196
160,Travel and Transportation,1,0.5456833508181954,1.2144572923299028,0.6687739415117074
164,Travel and Transportation,1,0.3345894370061063,0.6164789880902215,0.2818895510841152
166,Travel and Transportation,1,0.2996998282689129,1.5441098403337996,1.2444100120648867
173,Travel and Transportation,1,0.5775251385776741,1.3385834773511065,0.7610583387734324
186,Travel and Transportation,1,0.4797996276759682,2.8111006939577976,2.3313010662818296
189,Travel and Transportation,1,0.3573433728503198,1.0219312151439914,0.6645878422936716
199,Travel and Transportation,1,1.0982004559589997,1.286482811513059,0.18828235555405937
206,Travel and Transportation,1,0.38449508015201284,0.6420233995962041,0.2575283194441913
208,Travel and Transportation,1,1.2667283088067145,1.2502111510972171,-0.016517157709497354
209,Travel and Transportation,1,0.511249846093341,1.7635559401783278,1.2523060940849868
212,Travel and Transportation,1,0.5084226545669722,0.6977025256913411,0.18927987112436884
213,Travel and Transportation,1,0.4619594275007839,1.5516882210188874,1.0897287935181035
220,Travel and Transportation,1,1.0670825295591375,4.263681127446485,3.196598597887348
223,Travel and Transportation,1,1.376369308667773,1.5036871434413257,0.12731783477355263
234,Travel and Transportation,1,0.6109962161755625,0.8849593115617971,0.27396309538623453
237,Travel and Transportation,1,0.7716145256582242,0.7312042961065309,-0.040410229551693266
244,Travel and Transportation,1,0.4795941124402018,7.199117263774416,6.719523151334214
245,Travel and Transportation,1,0.4338005240826789,0.916150382788627,0.48234985870594815
251,Travel and Transportation,1,1.3919913307989944,1.4117136175782343,0.019722286779239928
253,Travel and Transportation,1,0.6711398021568339,0.8308105289858805,0.1596707268290466
258,Travel and Transportation,1,0.5676310871122393,0.7437470462249465,0.17611595911270717
264,Travel and Transportation,1,0.6508587521694869,3.4056169462054924,2.7547581940360057
268,Travel and Transportation,1,0.524166100877322,3.0201000015223736,2.495933900645052
269,Travel and Transportation,1,0.38947238311848004,3.07979432339477,2.69032194027629
270,Travel and Transportation,1,0.5940037064727022,2.1600029938768044,1.5659992874041022
273,Travel and Transportation,1,0.44414241045959413,0.6161108188714184,0.17196840841182426
274,Travel and Transportation,1,0.5541561793696301,4.5892873668253475,4.035131187455717
280,Travel and Transportation,1,0.9608296196759533,1.2433367040446002,0.2825070843686469
283,Travel and Transportation,1,0.4085393596572059,1.1507312561412986,0.7421918964840927
292,Travel and Transportation,1,0.9926225073652812,1.4197338792432044,0.42711137187792314
325,Travel and Transportation,1,0.2979073001088789,0.36662280600330033,0.06871550589442144
329,Travel and Transportation,1,0.8776896043896696,0.9016163541203435,0.02392674973067388
330,Travel and Transportation,1,0.9434044911805204,1.0759250689708044,0.13252057779028403
335,Travel and Transportation,1,0.5269845760774727,3.085072454618967,2.558087878541494
337,Travel and Transportation,1,0.5534634059139114,0.6914698497401067,0.1380064438261953
340,Travel and Transportation,1,0.44814590440790686,0.6980265290656971,0.2498806246577902
345,Travel and Transportation,1,0.37249690638732413,0.7460029058085459,0.37350599942122176
356,Travel and Transportation,1,0.6551812735953949,4.297356734931411,3.6421754613360156
360,Travel and Transportation,1,0.47473849016499564,0.7175560373419909,0.24281754717699527
363,Travel and Transportation,1,0.4876841691180254,0.5160745007055889,0.02839033158756349
364,Travel and Transportation,1,0.37388400319876625,0.7956002818419247,0.4217162786431584
366,Travel and Transportation,1,0.6859987770821558,0.6153529468450613,-0.07064583023709459
369,Travel and Transportation,1,0.6851792041155396,0.5404013147917186,-0.14477788932382096
373,Travel and Transportation,1,0.3127344378635649,0.9627473163148965,0.6500128784513316
382,Travel and Transportation,1,0.451171357683856,1.7967724465734978,1.3456010888896417
396,Travel and Transportation,1,0.616698610768044,0.7487084324334434,0.13200982166539943
400,Travel and Transportation,1,0.5055983233897835,0.5382977256973683,0.032699402307584835
420,Travel and Transportation,1,0.5041185841000033,0.5123878802488843,0.008269296148880945
425,Travel and Transportation,1,0.38138878008470234,0.8774355377783225,0.49604675769362017
427,Travel and Transportation,1,0.37989391268154016,0.7208499595701666,0.34095604688862646
428,Travel and Transportation,1,1.1772950666091373,1.1756130217822018,-0.0016820448269354582
432,Travel and Transportation,1,1.1177156269885642,1.0560764886454574,-0.06163913834310675
433,Travel and Transportation,1,0.6546724598878622,0.4205067232855158,-0.23416573660234635
445,Travel and Transportation,1,0.45467735788265645,0.6730199860246744,0.21834262814201794
446,Travel and Transportation,1,0.3691264084076766,1.0748357288019115,0.7057093203942348
450,Travel and Transportation,1,0.47657222252705994,0.5802266902085875,0.10365446768152758
462,Travel and Transportation,1,0.5056575061970512,3.733303488134143,3.227645981937092
464,Travel and Transportation,1,0.5131976930029603,1.7910100183088067,1.2778123253058464
468,Travel and Transportation,1,0.7843383187442823,0.8463813159610927,0.06204299721681039
471,Travel and Transportation,1,0.756575042817853,0.8506454884786019,0.09407044566074885
477,Travel and Transportation,1,0.43350468009848364,1.7411137101879515,1.3076090300894678
479,Travel and Transportation,1,0.5223853230798555,0.8346822385867232,0.31229691550686767
480,Travel and Transportation,1,0.4220479931769628,1.7684988047769243,1.3464508115999616
482,Travel and Transportation,1,0.6054250260076859,1.2308412714544452,0.6254162454467593
493,Travel and Transportation,1,0.5383287745280452,2.1290872671813945,1.5907584926533493
497,Travel and Transportation,1,0.7764748897264313,0.7779164189933647,0.0014415292669334168
505,Travel and Transportation,1,0.35838476773686945,1.0012271636188945,0.6428423958820251
506,Travel and Transportation,1,0.3775675147630243,1.0750661531932768,0.6974986384302525
513,Travel and Transportation,1,0.31326017824568686,1.0906914577180435,0.7774312794723567
514,Travel and Transportation,1,0.3775226119781637,1.011727117793161,0.6342045058149973
519,Travel and Transportation,1,0.4300349124577947,2.172112869862131,1.7420779574043364
523,Travel and Transportation,1,0.263578111484447,0.5198113176907512,0.2562332062063042
529,Travel and Transportation,1,0.44946123473929755,0.5889026684372252,0.1394414336979276
550,Travel and Transportation,1,0.4867518820149106,0.7205082455963533,0.2337563635814427
555,Travel and Transportation,1,1.1457728420426743,1.222291940089136,0.07651909804646184
558,Travel and Transportation,1,0.47816303077432676,1.2315733061431207,0.7534102753687939
560,Travel and Transportation,1,0.7905179015686783,2.806546313405385,2.016028411836707
586,Travel and Transportation,1,1.1914388669563012,1.2903769208744418,0.09893805391814059
589,Travel and Transportation,1,0.47393578961288285,0.865147118214711,0.39121132860182817
591,Travel and Transportation,1,0.4141624738314043,2.245355192854363,1.8311927190229589
595,Travel and Transportation,1,0.4026848504341236,2.9444779303365003,2.5417930799023765
596,Travel and Transportation,1,0.26368994929229467,1.1535144790033613,0.8898245297110667
600,Travel and Transportation,1,0.5087829896425231,4.692238836455597,4.183455846813073
601,Travel and Transportation,1,0.5402514340631764,0.6133679909351479,0.0731165568719715
605,Travel and Transportation,1,0.8774144059485867,0.7769675281633823,-0.10044687778520434
609,Travel and Transportation,1,0.42756649651470224,2.976004314231811,2.5484378177171085
611,Travel and Transportation,1,0.5539851371927755,0.7603295098222961,0.20634437262952054
614,Travel and Transportation,1,0.6757398030227268,0.5237166061108182,-0.1520231969119087
615,Travel and Transportation,1,0.629544815450045,0.642568399194795,0.01302358374474999
625,Travel and Transportation,1,0.32360108907681434,1.1535213735726173,0.8299202844958029
629,Travel and Transportation,1,0.5095447622437395,1.3897522412654209,0.8802074790216814
633,Travel and Transportation,1,0.5172638500663952,0.4489062712546574,-0.06835757881173782
634,Travel and Transportation,1,0.4492693314339499,0.743163940745772,0.29389460931182204
635,Travel and Transportation,1,0.4017599983968289,0.9707969742930438,0.5690369758962148
642,Travel and Transportation,1,0.6557753438871625,0.7859373358494001,0.13016199196223754
643,Travel and Transportation,1,0.263578111484447,0.5198113176907512,0.2562332062063042
648,Travel and Transportation,1,0.5648609850645366,0.8351663173079267,0.27030533224339004
649,Travel and Transportation,1,0.4644423025487643,2.656028655980796,2.1915863534320317
657,Travel and Transportation,1,0.6752696318479203,0.7533905631319333,0.07812093128401298
658,Travel and Transportation,1,0.445469087768409,1.0651279149934172,0.6196588272250082
661,Travel and Transportation,1,0.5663133182291341,0.8048367812149322,0.23852346298579807
674,Travel and Transportation,1,0.6542174976218843,0.7899937052974534,0.13577620767556908
676,Travel and Transportation,1,0.8239976934643893,0.8350185544234047,0.011020860959015333
683,Travel and Transportation,1,0.9130896289158621,1.063404893351962,0.15031526443609988
691,Travel and Transportation,1,0.9527066970921333,1.3590578097055657,0.4063511126134324
694,Travel and Transportation,1,0.4141195664705237,1.4380269849802652,1.0239074185097414
707,Travel and Transportation,1,1.117351451935725,1.3615673057233595,0.24421585378763444
717,Travel and Transportation,1,0.40097275858010006,5.310479600999637,4.909506842419536
720,Travel and Transportation,1,0.616499970888409,1.1934203134401684,0.5769203425517594
722,Travel and Transportation,1,0.4103673806300513,0.9982423238305458,0.5878749432004945
726,Travel and Transportation,1,0.2841750861325322,0.5671045620665605,0.2829294759340283
729,Travel and Transportation,1,0.7786296412503119,2.976808964557818,2.198179323307506
733,Travel and Transportation,1,0.49236763793085403,1.8362080496371578,1.3438404117063039
734,Travel and Transportation,1,0.44048444330956216,0.63235883119552,0.1918743878859579
737,Travel and Transportation,1,0.7525693634633196,0.7891213787036317,0.03655201524031215
740,Travel and Transportation,1,0.5113707888192952,1.0569456992374686,0.5455749104181734
744,Travel and Transportation,1,0.8253259631446959,0.9184309796576172,0.09310501651292136
755,Travel and Transportation,1,0.4603830118871376,3.1881478549829794,2.7277648430958417
765,Travel and Transportation,1,0.5068830441554948,0.606473719391661,0.09959067523616616
769,Travel and Transportation,1,0.5212645718855649,0.7324650122011391,0.21120044031557428
773,Travel and Transportation,1,0.3320435187198499,0.7993051137796634,0.4672615950598135
778,Travel and Transportation,1,0.6554218808812509,3.2491541723844026,2.5937322915031515
779,Travel and Transportation,1,0.5689755601481166,0.5412365046572685,-0.027739055490848097
784,Travel and Transportation,1,0.6042934569483418,0.7609827008471435,0.15668924389880168
791,Travel and Transportation,1,0.7152257958685019,0.9250660221410948,0.2098402262725929
798,Travel and Transportation,1,0.433275122191346,0.731279244458213,0.298004122266867
799,Travel and Transportation,1,0.7241809906746701,0.8262784281441369,0.10209743746946676
801,Travel and Transportation,1,0.5828845954340711,2.3147410719959716,1.7318564765619004
804,Travel and Transportation,1,0.6068029364682236,0.659144734688426,0.05234179822020246
805,Travel and Transportation,1,0.5974940363667397,0.5172865349396463,-0.08020750142709343
816,Travel and Transportation,1,0.4895803256835798,0.4953338741668537,0.005753548483273918
819,Travel and Transportation,1,0.47906820375192566,2.9565935221581237,2.477525318406198
830,Travel and Transportation,1,0.6260242525070077,0.6017532141353729,-0.0242710383716348
832,Travel and Transportation,1,0.5486203415680252,0.41062891555942677,-0.13799142600859843
837,Travel and Transportation,1,0.33203475235614366,1.4877621781335013,1.1557274257773575
843,Travel and Transportation,1,0.8088741726881654,1.3015078661812938,0.49263369349312836
848,Travel and Transportation,1,0.6553184793093014,0.6532275996107192,-0.0020908796985822375
859,Travel and Transportation,1,0.5474665467753812,0.47429975796234963,-0.07316678881303157
861,Travel and Transportation,1,0.562992379435994,0.5898770739401964,0.02688469450420239
864,Travel and Transportation,1,0.5700008200094904,0.7500566254819949,0.18005580547250455
866,Travel and Transportation,1,0.6454666636964601,0.5758158518052894,-0.06965081189117073
875,Travel and Transportation,1,0.46557781610908966,0.5994739795384825,0.1338961634293928
878,Travel and Transportation,1,0.5677016916574498,0.5618841945416766,-0.005817497115773174
879,Travel and Transportation,1,0.542117175291629,0.8989354944905417,0.3568183191989127
887,Travel and Transportation,1,0.3505586665306485,1.1774727352369927,0.8269140687063442
903,Travel and Transportation,1,0.9293425560873143,1.832369829525292,0.9030272734379776
907,Travel and Transportation,1,0.3284466644536497,0.27673423815273085,-0.05171242630091882
909,Travel and Transportation,1,0.5686744227279845,2.5506183133246445,1.98194389059666
912,Travel and Transportation,1,0.41534754668702034,0.9155700512867462,0.5002225045997258
915,Travel and Transportation,1,0.5241625310287054,1.0024205555692527,0.47825802454054733
920,Travel and Transportation,1,0.4528124627197494,1.1343021958334307,0.6814897331136813
927,Travel and Transportation,1,0.7426750284069283,0.7986484017514363,0.055973373344507915
929,Travel and Transportation,1,0.6694226501376556,0.7722590564775138,0.10283640633985824
930,Travel and Transportation,1,0.6769677985234646,2.239195383055912,1.5622275845324474
935,Travel and Transportation,1,0.6045581043222714,0.5634972730188029,-0.04106083130346849
938,Travel and Transportation,1,0.24796527119881454,1.7093985662002118,1.4614332950013973
941,Travel and Transportation,1,0.4508910047985322,0.5525276020793035,0.10163659728077129
944,Travel and Transportation,1,0.6582379992931787,0.6289359208971883,-0.029302078395990416
947,Travel and Transportation,1,0.28606489726220236,1.5874266027823705,1.301361705520168
957,Travel and Transportation,1,0.4708744307845844,0.7788165833831848,0.3079421525986004
963,Travel and Transportation,1,0.4111847251676259,0.7372776998639141,0.32609297469628823
978,Travel and Transportation,1,0.6168457606740543,0.5529783372220981,-0.06386742345195617
979,Travel and Transportation,1,0.4669556319962321,1.1933297143068082,0.7263740823105762
980,Travel and Transportation,1,0.4675731916619667,0.6498051915355187,0.18223199987355204
981,Travel and Transportation,1,0.5142334924816823,1.5949354355890961,1.0807019431074139
986,Travel and Transportation,1,0.5692298459836107,1.5982894145191806,1.02905956853557
989,Travel and Transportation,1,0.38500927548019204,1.0958973505626273,0.7108880750824352
997,Travel and Transportation,1,0.8744777935673878,1.8268501456938913,0.9523723521265035
1000,Travel and Transportation,1,0.4763480298550971,0.634791232623013,0.15844320276791585
1011,Travel and Transportation,1,0.5749666661837433,4.244847540715755,3.6698808745320117
1013,Travel and Transportation,1,1.1525400287363974,1.2958894298878547,0.14334940115145733
1016,Travel and Transportation,1,0.46635172263716484,3.3263180757793767,2.859966353142212
1018,Travel and Transportation,1,0.45475672878620815,0.9854898404644507,0.5307331116782426
1024,Travel and Transportation,1,0.7419393684398315,0.9519637176565363,0.21002434921670476
1027,Travel and Transportation,1,0.778237300470336,0.5481091674591207,-0.23012813301121526
1033,Travel and Transportation,1,0.889766751778323,0.8331875238343918,-0.05657922794393122
1037,Travel and Transportation,1,0.5110298760276417,0.5211328489758305,0.010102972948188738
1041,Travel and Transportation,1,0.40325565506596966,1.1441275746699575,0.7408719196039879
1042,Travel and Transportation,1,0.41545489665313284,3.2784744102369867,2.863019513583854
1061,Travel and Transportation,1,0.41733524288606494,0.5699582313388619,0.15262298845279698
1065,Travel and Transportation,1,0.41347817209254056,1.2816595584811248,0.8681813863885842
1067,Travel and Transportation,1,0.7714005237449574,0.8184260026811735,0.047025478936216114
1079,Travel and Transportation,1,0.4007406179302483,2.960580622526797,2.559840004596549
1087,Travel and Transportation,1,0.6185222704091229,0.658164261385441,0.03964199097631815
1092,Travel and Transportation,1,0.4463040914084397,0.3980755719853027,-0.048228519423136995
1094,Travel and Transportation,1,0.7783765403850518,0.8759612491752263,0.09758470879017456
1108,Travel and Transportation,1,0.3667070005855422,4.638285124620033,4.271578124034491
1114,Travel and Transportation,1,0.5676444739499075,1.0303430599842236,0.46269858603431613
1117,Travel and Transportation,1,0.5130516294889842,0.5335105673377891,0.020458937848804926
1118,Travel and Transportation,1,0.5086831405152217,0.7974477914458227,0.288764650930601
1120,Travel and Transportation,1,0.5100135500852314,0.5150824412506823,0.0050688911654508395
1124,Travel and Transportation,1,0.5340807040139202,0.609550195217232,0.07546949120331181
1126,Travel and Transportation,1,0.48617726888724555,0.7536136158772582,0.2674363469900126
1134,Travel and Transportation,1,0.4988872259378798,0.5972207705003467,0.0983335445624669
1136,Travel and Transportation,1,0.7778328189646859,0.7762142758335706,-0.0016185431311153131
1138,Travel and Transportation,1,0.6910962545080591,0.7988059340652849,0.10770967955722577
1146,Travel and Transportation,1,0.4488445423904279,1.0238679957591674,0.5750234533687395
1150,Travel and Transportation,1,0.5156376308687692,0.5093114697383393,-0.0063261611304299414
1159,Travel and Transportation,1,0.6017471038751707,1.8131799212980761,1.2114328174229054
1161,Travel and Transportation,1,0.29419077903100826,1.431987795649385,1.1377970166183766
1164,Travel and Transportation,1,0.3725860766119103,0.872144067390386,0.4995579907784757
1169,Travel and Transportation,1,0.6008491702906289,0.6633415383033656,0.06249236801273672
1184,Travel and Transportation,1,0.5967708989218855,0.5789541729830042,-0.017816725938881284
1185,Travel and Transportation,1,0.41547670646296603,0.9741936354824123,0.5587169290194463
1186,Travel and Transportation,1,0.47261995073417906,0.6189385744235414,0.14631862368936233
1187,Travel and Transportation,1,0.6730728344771735,5.253299547538702,4.580226713061528
1192,Travel and Transportation,1,0.44818933881618983,0.9929635978512266,0.5447742590350367
1197,Travel and Transportation,1,0.516451854000405,0.6240414748203806,0.10758962081997558
1208,Travel and Transportation,1,0.5805384769609877,4.319582226823265,3.739043749862277
1214,Travel and Transportation,1,0.6263837302578465,0.77434534025514,0.14796160999729346
1218,Travel and Transportation,1,0.8293432835269775,1.0455639074830607,0.2162206239560832
1221,Travel and Transportation,1,0.7155131697051375,0.9058293185121,0.19031614880696257
1224,Travel and Transportation,1,1.1975274232188764,1.5669370160330627,0.3694095928141863
1228,Travel and Transportation,1,0.5028814308830878,0.5803785088200262,0.07749707793693839
1232,Travel and Transportation,1,0.5543934824587714,1.1129083860155111,0.5585149035567397
2,Travel and Transportation,2,0.4767638162316865,0.653922291183479,0.1771584749517925
5,Travel and Transportation,2,0.4332332014173959,3.187854525744179,2.754621324326783
12,Travel and Transportation,2,0.519302399997308,0.6268964233234466,0.10759402332613865
21,Travel and Transportation,2,2.595639005986566,2.3676327040169642,-0.22800630196960192
25,Travel and Transportation,2,0.38885050116016134,2.3741211766039796,1.9852706754438183
36,Travel and Transportation,2,0.3761953947991983,1.8596842083187317,1.4834888135195334
37,Travel and Transportation,2,0.4958668704485165,3.716152942539561,3.220286072091045
49,Travel and Transportation,2,0.5421964118071112,1.332545563683931,0.7903491518768198
53,Travel and Transportation,2,0.3266028490144008,1.494708320783295,1.1681054717688941
56,Travel and Transportation,2,0.2940677131245064,1.6061769943023592,1.3121092811778527
64,Travel and Transportation,2,1.0933877965290209,7.880876986917932,6.787489190388911
67,Travel and Transportation,2,0.8966722106954357,0.8308836043996888,-0.0657886062957469
69,Travel and Transportation,2,0.5331252816258939,0.5104514139078083,-0.02267386771808555
72,Travel and Transportation,2,0.3532408006349333,2.6288162242988653,2.275575423663932
74,Travel and Transportation,2,0.5089446046163831,7.54369085787617,7.034746253259787
77,Travel and Transportation,2,0.4000605076331013,1.353326172945146,0.9532656653120447
84,Travel and Transportation,2,0.4536921758764068,1.7314333277114509,1.277741151835044
90,Travel and Transportation,2,0.5430741396180734,2.0243740607595004,1.481299921141427
97,Travel and Transportation,2,0.5697050699965832,0.5812324416863529,0.011527371689769694
98,Travel and Transportation,2,0.4708658338992647,0.7810338701348121,0.3101680362355474
99,Travel and Transportation,2,0.3357802787781508,0.7171870134142466,0.3814067346360958
109,Travel and Transportation,2,0.5960995299048867,1.0442127609674023,0.44811323106251566
111,Travel and Transportation,2,0.5586523716002444,0.7625730617645401,0.2039206901642957
117,Travel and Transportation,2,0.32631611456089626,1.3873333875014917,1.0610172729405956
118,Travel and Transportation,2,0.33259677380626296,1.5007721583095577,1.1681753845032947
120,Travel and Transportation,2,0.4127254767146181,0.486003629118357,0.07327815240373886
124,Travel and Transportation,2,0.42974198261393787,4.290918209866078,3.86117622725214
126,Travel and Transportation,2,0.45844246542620126,1.1783270521355915,0.7198845867093903
130,Travel and Transportation,2,0.5233879244525205,2.430941255791951,1.9075533313394306
144,Travel and Transportation,2,0.4512602421254125,2.468155287929126,2.0168950458037136
149,Travel and Transportation,2,0.5238566978598095,1.6103650497251634,1.086508351865354
150,Travel and Transportation,2,0.504103936695667,0.9598988628353433,0.4557949261396763
160,Travel and Transportation,2,0.5456833508181954,2.2463521337972243,1.700668782979029
164,Travel and Transportation,2,0.3345894370061063,1.1151568741744007,0.7805674371682944
166,Travel and Transportation,2,0.2996998282689129,1.9730084066126463,1.6733085783437334
173,Travel and Transportation,2,0.5775251385776741,5.465072059314164,4.88754692073649
186,Travel and Transportation,2,0.4797996276759682,3.420212555033614,2.940412927357646
189,Travel and Transportation,2,0.3573433728503198,1.4522726720970704,1.0949292992467505
199,Travel and Transportation,2,1.0982004559589997,1.9253942582680161,0.8271938023090164
206,Travel and Transportation,2,0.38449508015201284,0.9315065247063454,0.5470114445543326
208,Travel and Transportation,2,1.2667283088067145,1.2670390199946868,0.00031071118797232344
209,Travel and Transportation,2,0.511249846093341,1.7754739305273735,1.2642240844340324
212,Travel and Transportation,2,0.5084226545669722,1.3881253688813568,0.8797027143143846
213,Travel and Transportation,2,0.4619594275007839,3.0440670388185227,2.582107611317739
220,Travel and Transportation,2,1.0670825295591375,5.779543180207595,4.712460650648458
223,Travel and Transportation,2,1.376369308667773,1.4930364817196544,0.11666717305188135
234,Travel and Transportation,2,0.6109962161755625,1.0316448545504326,0.4206486383748701
237,Travel and Transportation,2,0.7716145256582242,0.6688052607385144,-0.10280926491970976
244,Travel and Transportation,2,0.4795941124402018,7.425773656850192,6.946179544409991
245,Travel and Transportation,2,0.4338005240826789,6.1878465584715325,5.754046034388853
251,Travel and Transportation,2,1.3919913307989944,1.4312385681308641,0.039247237331869744
253,Travel and Transportation,2,0.6711398021568339,1.144306395400199,0.4731665932433652
258,Travel and Transportation,2,0.5676310871122393,0.8290327210120063,0.261401633899767
264,Travel and Transportation,2,0.6508587521694869,3.792645472200193,3.141786720030706
268,Travel and Transportation,2,0.524166100877322,3.580984325727787,3.056818224850465
269,Travel and Transportation,2,0.38947238311848004,3.989325981098925,3.5998535979804447
270,Travel and Transportation,2,0.5940037064727022,2.2044699394472884,1.6104662329745862
273,Travel and Transportation,2,0.44414241045959413,0.715388452746365,0.27124604228677085
274,Travel and Transportation,2,0.5541561793696301,4.99115694329761,4.43700076392798
280,Travel and Transportation,2,0.9608296196759533,5.889587032231393,4.92875741255544
283,Travel and Transportation,2,0.4085393596572059,1.3173182544021538,0.9087788947449479
292,Travel and Transportation,2,0.9926225073652812,2.053343749539051,1.06072124217377
325,Travel and Transportation,2,0.2979073001088789,0.5699756171993409,0.272068317090462
329,Travel and Transportation,2,0.8776896043896696,0.9075376785624002,0.02984807417273061
330,Travel and Transportation,2,0.9434044911805204,1.2490566180596137,0.30565212687909327
335,Travel and Transportation,2,0.5269845760774727,5.47135765182399,4.944373075746517
337,Travel and Transportation,2,0.5534634059139114,0.690797124198766,0.13733371828485463
340,Travel and Transportation,2,0.44814590440790686,1.0386956885198806,0.5905497841119738
345,Travel and Transportation,2,0.37249690638732413,0.9077456517880124,0.5352487454006882
356,Travel and Transportation,2,0.6551812735953949,4.811773144139952,4.156591870544557
360,Travel and Transportation,2,0.47473849016499564,1.2075153470477966,0.732776856882801
363,Travel and Transportation,2,0.4876841691180254,0.564724730471007,0.0770405613529816
364,Travel and Transportation,2,0.37388400319876625,1.432709764461496,1.0588257612627296
366,Travel and Transportation,2,0.6859987770821558,0.8446147227856383,0.15861594570348247
369,Travel and Transportation,2,0.6851792041155396,0.9158777317942957,0.2306985276787561
373,Travel and Transportation,2,0.3127344378635649,2.1877200869102835,1.8749856490467187
382,Travel and Transportation,2,0.451171357683856,2.2481904267663406,1.7970190690824845
396,Travel and Transportation,2,0.616698610768044,1.0846017050988148,0.4679030943307708
400,Travel and Transportation,2,0.5055983233897835,0.5868091782844208,0.08121085489463731
420,Travel and Transportation,2,0.5041185841000033,0.5191487252241274,0.015030141124124041
425,Travel and Transportation,2,0.38138878008470234,1.3923494797884124,1.01096069970371
427,Travel and Transportation,2,0.37989391268154016,3.640428333442494,3.260534420760954
428,Travel and Transportation,2,1.1772950666091373,1.165402390308843,-0.011892676300294225
432,Travel and Transportation,2,1.1177156269885642,1.032184577931631,-0.0855310490569332
433,Travel and Transportation,2,0.6546724598878622,0.5963254940454754,-0.058346965842386744
445,Travel and Transportation,2,0.45467735788265645,1.223047942493793,0.7683705846111366
446,Travel and Transportation,2,0.3691264084076766,1.1987843606164743,0.8296579522087977
450,Travel and Transportation,2,0.47657222252705994,0.7578710600259722,0.2812988374989122
462,Travel and Transportation,2,0.5056575061970512,4.272255899595246,3.7665983933981946
464,Travel and Transportation,2,0.5131976930029603,2.1231402365979988,1.6099425435950385
468,Travel and Transportation,2,0.7843383187442823,0.9847979017123546,0.20045958296807231
471,Travel and Transportation,2,0.756575042817853,1.3218932757480164,0.5653182329301634
477,Travel and Transportation,2,0.43350468009848364,2.1690700623379726,1.735565382239489
479,Travel and Transportation,2,0.5223853230798555,2.2177074687843996,1.695322145704544
480,Travel and Transportation,2,0.4220479931769628,2.074437632458343,1.6523896392813804
482,Travel and Transportation,2,0.6054250260076859,2.359014847843675,1.753589821835989
493,Travel and Transportation,2,0.5383287745280452,2.4687266992562726,1.9303979247282275
497,Travel and Transportation,2,0.7764748897264313,3.238759216556618,2.4622843268301864
505,Travel and Transportation,2,0.35838476773686945,1.1428658169230932,0.7844810491862237
506,Travel and Transportation,2,0.3775675147630243,1.2448134600115688,0.8672459452485445
513,Travel and Transportation,2,0.31326017824568686,1.2467962157639814,0.9335360375182945
514,Travel and Transportation,2,0.3775226119781637,1.279072045497037,0.9015494335188733
519,Travel and Transportation,2,0.4300349124577947,2.0979153253438323,1.6678804128860376
523,Travel and Transportation,2,0.263578111484447,0.8823694269846243,0.6187913155001773
529,Travel and Transportation,2,0.44946123473929755,0.5274962105321257,0.07803497579282814
550,Travel and Transportation,2,0.4867518820149106,0.9078467496911986,0.421094867676288
555,Travel and Transportation,2,1.1457728420426743,1.3043144072019557,0.15854156515928142
558,Travel and Transportation,2,0.47816303077432676,1.4451110469393387,0.9669480161650119
560,Travel and Transportation,2,0.7905179015686783,3.0103153430724507,2.2197974415037725
586,Travel and Transportation,2,1.1914388669563012,1.5201895669916183,0.32875070003531714
589,Travel and Transportation,2,0.47393578961288285,0.9567219531189939,0.48278616350611103
591,Travel and Transportation,2,0.4141624738314043,2.5260325368213037,2.111870062989899
595,Travel and Transportation,2,0.4026848504341236,3.5280321139608963,3.1253472635267725
596,Travel and Transportation,2,0.26368994929229467,1.6856731788825063,1.4219832295902117
600,Travel and Transportation,2,0.5087829896425231,5.081036752743509,4.572253763100987
601,Travel and Transportation,2,0.5402514340631764,0.867868755857622,0.3276173217944456
605,Travel and Transportation,2,0.8774144059485867,0.8030715523714167,-0.07434285357716997
609,Travel and Transportation,2,0.42756649651470224,3.045102334659756,2.6175358381450535
611,Travel and Transportation,2,0.5539851371927755,0.9330485238038553,0.37906338661107974
614,Travel and Transportation,2,0.6757398030227268,0.6252523519242906,-0.05048745109843622
615,Travel and Transportation,2,0.629544815450045,2.2829946814061834,1.6534498659561385
625,Travel and Transportation,2,0.32360108907681434,1.3645070083915911,1.0409059193147767
629,Travel and Transportation,2,0.5095447622437395,1.6592361927251533,1.1496914304814139
633,Travel and Transportation,2,0.5172638500663952,0.4688087268715159,-0.04845512319487927
634,Travel and Transportation,2,0.4492693314339499,0.8730421445028999,0.4237728130689499
635,Travel and Transportation,2,0.4017599983968289,1.2531456893970692,0.8513856910002402
642,Travel and Transportation,2,0.6557753438871625,0.92432496882518,0.2685496249380175
643,Travel and Transportation,2,0.263578111484447,0.8823694269846243,0.6187913155001773
648,Travel and Transportation,2,0.5648609850645366,0.9559471148384675,0.39108612977393087
649,Travel and Transportation,2,0.4644423025487643,3.4204557656749706,2.9560134631262063
657,Travel and Transportation,2,0.6752696318479203,0.8697846919435974,0.1945150600956771
658,Travel and Transportation,2,0.445469087768409,5.8454112834719,5.399942195703491
661,Travel and Transportation,2,0.5663133182291341,0.9859597598573691,0.41964644162823495
674,Travel and Transportation,2,0.6542174976218843,0.9434265223111975,0.2892090246893132
676,Travel and Transportation,2,0.8239976934643893,2.7333490394958346,1.9093513460314453
683,Travel and Transportation,2,0.9130896289158621,2.4696926900968474,1.5566030611809853
691,Travel and Transportation,2,0.9527066970921333,2.4966623609396748,1.5439556638475413
694,Travel and Transportation,2,0.4141195664705237,2.1548117944736673,1.7406922280031436
707,Travel and Transportation,2,1.117351451935725,2.0496844124608584,0.9323329605251334
717,Travel and Transportation,2,0.40097275858010006,5.600538985014935,5.199566226434834
720,Travel and Transportation,2,0.616499970888409,1.2856814960923255,0.6691815252039165
722,Travel and Transportation,2,0.4103673806300513,1.5033857831144224,1.093018402484371
726,Travel and Transportation,2,0.2841750861325322,0.9433720073983853,0.6591969212658532
729,Travel and Transportation,2,0.7786296412503119,5.836570788104719,5.057941146854407
733,Travel and Transportation,2,0.49236763793085403,1.9802256663141713,1.4878580283833172
734,Travel and Transportation,2,0.44048444330956216,0.8883016214664374,0.4478171781568753
737,Travel and Transportation,2,0.7525693634633196,0.9494029754678763,0.19683361200455674
740,Travel and Transportation,2,0.5113707888192952,1.0551991676754757,0.5438283788561805
744,Travel and Transportation,2,0.8253259631446959,0.9249075503433213,0.09958158719862542
755,Travel and Transportation,2,0.4603830118871376,3.9712720329578417,3.510889021070704
765,Travel and Transportation,2,0.5068830441554948,0.716314281882444,0.20943123772694916
769,Travel and Transportation,2,0.5212645718855649,1.0793804957266007,0.5581159238410358
773,Travel and Transportation,2,0.3320435187198499,1.3145954428586604,0.9825519241388105
778,Travel and Transportation,2,0.6554218808812509,3.2833422425306327,2.627920361649382
779,Travel and Transportation,2,0.5689755601481166,0.531943174354347,-0.03703238579376955
784,Travel and Transportation,2,0.6042934569483418,0.8250662532637683,0.22077279631542646
791,Travel and Transportation,2,0.7152257958685019,1.271409544821015,0.5561837489525131
798,Travel and Transportation,2,0.433275122191346,0.7817261674686635,0.3484510452773175
799,Travel and Transportation,2,0.7241809906746701,1.4970781103503448,0.7728971196756746
801,Travel and Transportation,2,0.5828845954340711,2.454194209613796,1.8713096141797247
804,Travel and Transportation,2,0.6068029364682236,5.346435059844769,4.739632123376545
805,Travel and Transportation,2,0.5974940363667397,0.6725699628385172,0.07507592647177752
816,Travel and Transportation,2,0.4895803256835798,0.536722930045032,0.047142604361452234
819,Travel and Transportation,2,0.47906820375192566,3.1076514616875954,2.6285832579356696
830,Travel and Transportation,2,0.6260242525070077,0.5956213072365779,-0.03040294527042975
832,Travel and Transportation,2,0.5486203415680252,1.4253565064565576,0.8767361648885325
837,Travel and Transportation,2,0.33203475235614366,1.5782487994838537,1.24621404712771
843,Travel and Transportation,2,0.8088741726881654,6.135224710704664,5.326350538016499
848,Travel and Transportation,2,0.6553184793093014,0.7733683128599901,0.11804983355068865
859,Travel and Transportation,2,0.5474665467753812,0.4619317143118576,-0.08553483246352361
861,Travel and Transportation,2,0.562992379435994,0.6188126870637046,0.05582030762771062
864,Travel and Transportation,2,0.5700008200094904,0.9321677840295515,0.3621669640200611
866,Travel and Transportation,2,0.6454666636964601,0.5677652584239709,-0.07770140527248925
875,Travel and Transportation,2,0.46557781610908966,0.7790627350471272,0.31348491893803754
878,Travel and Transportation,2,0.5677016916574498,0.6963129480834664,0.12861125642601667
879,Travel and Transportation,2,0.542117175291629,1.5358497095740224,0.9937325342823935
887,Travel and Transportation,2,0.3505586665306485,1.49928952690602,1.1487308603753714
903,Travel and Transportation,2,0.9293425560873143,3.6512021989855845,2.72185964289827
907,Travel and Transportation,2,0.3284466644536497,0.4254245251959786,0.09697786074232895
909,Travel and Transportation,2,0.5686744227279845,3.7560012502938713,3.1873268275658866
912,Travel and Transportation,2,0.41534754668702034,4.2827809874090095,3.8674334407219892
915,Travel and Transportation,2,0.5241625310287054,1.6433001086099315,1.1191375775812262
920,Travel and Transportation,2,0.4528124627197494,1.3398139201740396,0.8870014574542902
927,Travel and Transportation,2,0.7426750284069283,1.062926178386256,0.3202511499793277
929,Travel and Transportation,2,0.6694226501376556,0.8643568719510921,0.19493422181343656
930,Travel and Transportation,2,0.6769677985234646,2.676343297678474,1.9993754991550095
935,Travel and Transportation,2,0.6045581043222714,1.0125548178513764,0.40799671352910494
938,Travel and Transportation,2,0.24796527119881454,2.1335539847422362,1.8855887135434217
941,Travel and Transportation,2,0.4508910047985322,1.0045434779101348,0.5536524731116026
944,Travel and Transportation,2,0.6582379992931787,0.6127418530513242,-0.045496146241854496
947,Travel and Transportation,2,0.28606489726220236,2.0933922328968815,1.807327335634679
957,Travel and Transportation,2,0.4708744307845844,1.1869353097964943,0.7160608790119098
963,Travel and Transportation,2,0.4111847251676259,1.1887057951184732,0.7775210699508472
978,Travel and Transportation,2,0.6168457606740543,0.6164727064094069,-0.0003730542646473989
979,Travel and Transportation,2,0.4669556319962321,2.2200383221261237,1.7530826901298917
980,Travel and Transportation,2,0.4675731916619667,1.0243066327835113,0.5567334411215445
981,Travel and Transportation,2,0.5142334924816823,2.9615036368228616,2.4472701443411795
986,Travel and Transportation,2,0.5692298459836107,2.5113851555748394,1.9421553095912287
989,Travel and Transportation,2,0.38500927548019204,1.5396829703389248,1.1546736948587326
997,Travel and Transportation,2,0.8744777935673878,6.99411811219476,6.119640318627373
1000,Travel and Transportation,2,0.4763480298550971,0.8882240161613928,0.4118759863062957
1011,Travel and Transportation,2,0.5749666661837433,4.7498603068981025,4.174893640714359
1013,Travel and Transportation,2,1.1525400287363974,1.4267276726401161,0.27418764390371875
1016,Travel and Transportation,2,0.46635172263716484,3.9452110171652226,3.478859294528058
1018,Travel and Transportation,2,0.45475672878620815,1.3583663167968254,0.9036095880106172
1024,Travel and Transportation,2,0.7419393684398315,1.3687777113557966,0.6268383429159651
1027,Travel and Transportation,2,0.778237300470336,0.8504989922826085,0.07226169181227249
1033,Travel and Transportation,2,0.889766751778323,0.8481810591519687,-0.041585692626354254
1037,Travel and Transportation,2,0.5110298760276417,0.5813167849705974,0.07028690894295564
1041,Travel and Transportation,2,0.40325565506596966,1.6268931270024345,1.2236374719364649
1042,Travel and Transportation,2,0.41545489665313284,4.02048869866335,3.605033802010217
1061,Travel and Transportation,2,0.41733524288606494,0.8426152991181401,0.4252800562320752
1065,Travel and Transportation,2,0.41347817209254056,1.5335280391963577,1.120049867103817
1067,Travel and Transportation,2,0.7714005237449574,1.6251887901895312,0.8537882664445738
1079,Travel and Transportation,2,0.4007406179302483,3.94550971081128,3.544769092881032
1087,Travel and Transportation,2,0.6185222704091229,0.6783114783192403,0.05978920791011744
1092,Travel and Transportation,2,0.4463040914084397,0.5256288739750332,0.07932478256659353
1094,Travel and Transportation,2,0.7783765403850518,0.9820762988841646,0.20369975849911282
1108,Travel and Transportation,2,0.3667070005855422,4.953393187659559,4.586686187074017
1114,Travel and Transportation,2,0.5676444739499075,1.2455203332713476,0.6778758593214401
1117,Travel and Transportation,2,0.5130516294889842,0.8423289931052884,0.3292773636163042
1118,Travel and Transportation,2,0.5086831405152217,1.2059556640495799,0.6972725235343582
1120,Travel and Transportation,2,0.5100135500852314,0.5213224752252548,0.011308925140023351
1124,Travel and Transportation,2,0.5340807040139202,0.7224588390519454,0.18837813503802525
1126,Travel and Transportation,2,0.48617726888724555,1.2715488456586173,0.7853715767713717
1134,Travel and Transportation,2,0.4988872259378798,0.7783908061339458,0.279503580196066
1136,Travel and Transportation,2,0.7778328189646859,5.1761226514226655,4.39828983245798
1138,Travel and Transportation,2,0.6910962545080591,0.9787421573299427,0.2876459028218836
1146,Travel and Transportation,2,0.4488445423904279,1.480496754285936,1.031652211895508
1150,Travel and Transportation,2,0.5156376308687692,0.6515608330805602,0.135923202211791
1159,Travel and Transportation,2,0.6017471038751707,2.2781027577094255,1.6763556538342548
1161,Travel and Transportation,2,0.29419077903100826,1.4289217383342403,1.134730959303232
1164,Travel and Transportation,2,0.3725860766119103,1.4615555225611536,1.0889694459492434
1169,Travel and Transportation,2,0.6008491702906289,0.9666607018837595,0.3658115315931306
1184,Travel and Transportation,2,0.5967708989218855,7.225499527958739,6.6287286290368534
1185,Travel and Transportation,2,0.41547670646296603,1.580202898749468,1.164726192286502
1186,Travel and Transportation,2,0.47261995073417906,0.702765123807921,0.23014517307374194
1187,Travel and Transportation,2,0.6730728344771735,5.930942645380997,5.2578698109038235
1192,Travel and Transportation,2,0.44818933881618983,1.6371581004556475,1.1889687616394577
1197,Travel and Transportation,2,0.516451854000405,0.7652928429317247,0.24884098893131967
1208,Travel and Transportation,2,0.5805384769609877,4.370262954799172,3.789724477838184
1214,Travel and Transportation,2,0.6263837302578465,0.9488348209177637,0.32245109065991717
1218,Travel and Transportation,2,0.8293432835269775,1.4964695603946354,0.6671262768676579
1221,Travel and Transportation,2,0.7155131697051375,1.0887757673379568,0.3732625976328193
1224,Travel and Transportation,2,1.1975274232188764,2.217496066414265,1.0199686431953885
1228,Travel and Transportation,2,0.5028814308830878,1.1000428640156321,0.5971614331325443
1232,Travel and Transportation,2,0.5543934824587714,1.7644654758504634,1.2100719933916921
2,Travel and Transportation,3,0.4767638162316865,0.7202136628937876,0.24344984666210112
5,Travel and Transportation,3,0.4332332014173959,4.05815622338771,3.6249230219703144
12,Travel and Transportation,3,0.519302399997308,0.7179602080199088,0.1986578080226008
21,Travel and Transportation,3,2.595639005986566,2.413697017105515,-0.18194198888105095
25,Travel and Transportation,3,0.38885050116016134,2.8474470156925316,2.45859651453237
36,Travel and Transportation,3,0.3761953947991983,2.494123285811443,2.1179278910122448
37,Travel and Transportation,3,0.4958668704485165,3.846577577956553,3.3507107075080365
49,Travel and Transportation,3,0.5421964118071112,6.009430202455535,5.467233790648423
53,Travel and Transportation,3,0.3266028490144008,1.5742893338367507,1.24768648482235
56,Travel and Transportation,3,0.2940677131245064,1.6737690438639174,1.379701330739411
64,Travel and Transportation,3,1.0933877965290209,8.19562508594759,7.10223728941857
67,Travel and Transportation,3,0.8966722106954357,0.9685198896429452,0.07184767894750954
69,Travel and Transportation,3,0.5331252816258939,1.0076224544704022,0.4744971728445083
72,Travel and Transportation,3,0.3532408006349333,3.178020559891622,2.8247797592566886
74,Travel and Transportation,3,0.5089446046163831,7.931182008633523,7.42223740401714
77,Travel and Transportation,3,0.4000605076331013,1.5738885784764949,1.1738280708433937
84,Travel and Transportation,3,0.4536921758764068,1.7843502678514507,1.330658091975044
90,Travel and Transportation,3,0.5430741396180734,2.1995803306313704,1.656506191013297
97,Travel and Transportation,3,0.5697050699965832,0.9876635681587228,0.4179584981621396
98,Travel and Transportation,3,0.4708658338992647,1.0308932039883456,0.560027370089081
99,Travel and Transportation,3,0.3357802787781508,0.9768857648648387,0.6411054860866878
109,Travel and Transportation,3,0.5960995299048867,1.348588418863059,0.7524888889581723
111,Travel and Transportation,3,0.5586523716002444,0.9097303286858011,0.35107795708555667
117,Travel and Transportation,3,0.32631611456089626,1.613047723388327,1.2867316088274308
118,Travel and Transportation,3,0.33259677380626296,1.7597504091893588,1.4271536353830958
120,Travel and Transportation,3,0.4127254767146181,0.6323009085345099,0.2195754318198918
124,Travel and Transportation,3,0.42974198261393787,4.754422040684521,4.324680058070583
126,Travel and Transportation,3,0.45844246542620126,6.46029354632585,6.001851080899649
130,Travel and Transportation,3,0.5233879244525205,2.76279055430866,2.23940262985614
144,Travel and Transportation,3,0.4512602421254125,3.854077673490475,3.4028174313650625
149,Travel and Transportation,3,0.5238566978598095,1.6558876912744065,1.1320309934145971
150,Travel and Transportation,3,0.504103936695667,1.0343970222502414,0.5302930855545744
160,Travel and Transportation,3,0.5456833508181954,3.875078345057958,3.3293949942397627
164,Travel and Transportation,3,0.3345894370061063,1.1607642244001892,0.8261747873940829
166,Travel and Transportation,3,0.2996998282689129,2.1934748592936897,1.8937750310247767
173,Travel and Transportation,3,0.5775251385776741,5.726876506689393,5.149351368111719
186,Travel and Transportation,3,0.4797996276759682,3.9765245535806493,3.4967249259046813
189,Travel and Transportation,3,0.3573433728503198,1.6651387120648362,1.3077953392145165
199,Travel and Transportation,3,1.0982004559589997,8.594802609820714,7.496602153861715
206,Travel and Transportation,3,0.38449508015201284,1.1543105796057789,0.769815499453766
208,Travel and Transportation,3,1.2667283088067145,1.374955337259425,0.10822702845271048
209,Travel and Transportation,3,0.511249846093341,1.7460605662044446,1.2348107201111036
212,Travel and Transportation,3,0.5084226545669722,1.6495118662033008,1.1410892116363285
213,Travel and Transportation,3,0.4619594275007839,3.1871162425246347,2.7251568150238508
220,Travel and Transportation,3,1.0670825295591375,5.9991911199944665,4.932108590435329
223,Travel and Transportation,3,1.376369308667773,1.6309678110320416,0.2545985023642685
234,Travel and Transportation,3,0.6109962161755625,1.3292336656820245,0.718237449506462
237,Travel and Transportation,3,0.7716145256582242,0.6508546425049822,-0.12075988315324204
244,Travel and Transportation,3,0.4795941124402018,7.739825067218496,7.260230954778295
245,Travel and Transportation,3,0.4338005240826789,6.553249749151988,6.119449225069308
251,Travel and Transportation,3,1.3919913307989944,1.6837193067572689,0.2917279759582745
253,Travel and Transportation,3,0.6711398021568339,1.680069702712613,1.008929900555779
258,Travel and Transportation,3,0.5676310871122393,1.2205435579524178,0.6529124708401784
264,Travel and Transportation,3,0.6508587521694869,3.9720257508732013,3.3211669987037142
268,Travel and Transportation,3,0.524166100877322,3.8391372657510687,3.3149711648737465
269,Travel and Transportation,3,0.38947238311848004,4.55913582806832,4.16966344494984
270,Travel and Transportation,3,0.5940037064727022,2.252087325092213,1.658083618619511
273,Travel and Transportation,3,0.44414241045959413,0.8102051531787707,0.3660627427191766
274,Travel and Transportation,3,0.5541561793696301,5.413129993090635,4.858973813721005
280,Travel and Transportation,3,0.9608296196759533,8.150914379053344,7.19008475937739
283,Travel and Transportation,3,0.4085393596572059,1.383452353387229,0.974912993730023
292,Travel and Transportation,3,0.9926225073652812,2.5299512203286225,1.5373287129633413
325,Travel and Transportation,3,0.2979073001088789,0.8057104163252801,0.5078031162164012
329,Travel and Transportation,3,0.8776896043896696,0.8902464998481044,0.012556895458434858
330,Travel and Transportation,3,0.9434044911805204,1.4096497594935107,0.4662452683129903
335,Travel and Transportation,3,0.5269845760774727,5.731719329898265,5.204734753820793
337,Travel and Transportation,3,0.5534634059139114,3.00247101722085,2.4490076113069383
340,Travel and Transportation,3,0.44814590440790686,1.2811124008876602,0.8329664964797534
345,Travel and Transportation,3,0.37249690638732413,4.6664428042584385,4.293945897871114
356,Travel and Transportation,3,0.6551812735953949,5.095864959942741,4.440683686347346
360,Travel and Transportation,3,0.47473849016499564,1.6398644808681921,1.1651259907031966
363,Travel and Transportation,3,0.4876841691180254,0.7147399774713851,0.22705580835335964
364,Travel and Transportation,3,0.37388400319876625,5.0926067393147605,4.7187227361159945
366,Travel and Transportation,3,0.6859987770821558,0.965803426093194,0.2798046490110382
369,Travel and Transportation,3,0.6851792041155396,1.3289457760385133,0.6437665719229737
373,Travel and Transportation,3,0.3127344378635649,2.652414291770561,2.339679853906996
382,Travel and Transportation,3,0.451171357683856,3.282741215562959,2.8315698578791033
396,Travel and Transportation,3,0.616698610768044,1.3773562972776228,0.7606576865095788
400,Travel and Transportation,3,0.5055983233897835,0.6147226679852272,0.10912434459544373
420,Travel and Transportation,3,0.5041185841000033,0.5269990117542935,0.022880427654290214
425,Travel and Transportation,3,0.38138878008470234,1.7461904382346993,1.364801658149997
427,Travel and Transportation,3,0.37989391268154016,4.3738064099997365,3.9939124973181963
428,Travel and Transportation,3,1.1772950666091373,1.1487691718281599,-0.028525894780977445
432,Travel and Transportation,3,1.1177156269885642,1.0360706043002248,-0.0816450226883394
433,Travel and Transportation,3,0.6546724598878622,0.8591386789149202,0.20446621902705808
445,Travel and Transportation,3,0.45467735788265645,1.70063322993426,1.2459558720516035
446,Travel and Transportation,3,0.3691264084076766,1.38250703046509,1.0133806220574133
450,Travel and Transportation,3,0.47657222252705994,1.0200192697816681,0.5434470472546082
462,Travel and Transportation,3,0.5056575061970512,4.81826535035867,4.312607844161619
464,Travel and Transportation,3,0.5131976930029603,2.2623892811323323,1.749191588129372
468,Travel and Transportation,3,0.7843383187442823,1.1216130290955157,0.33727471035123346
471,Travel and Transportation,3,0.756575042817853,2.117194083053824,1.3606190402359708
477,Travel and Transportation,3,0.43350468009848364,2.1882396143757528,1.7547349342772691
479,Travel and Transportation,3,0.5223853230798555,5.651616079277455,5.129230756197599
480,Travel and Transportation,3,0.4220479931769628,2.732442112520052,2.3103941193430892
482,Travel and Transportation,3,0.6054250260076859,2.9683210382803864,2.3628960122727003
493,Travel and Transportation,3,0.5383287745280452,4.070254869063385,3.53192609453534
497,Travel and Transportation,3,0.7764748897264313,7.042596886250615,6.266121996524183
505,Travel and Transportation,3,0.35838476773686945,1.2538423802781464,0.895457612541277
506,Travel and Transportation,3,0.3775675147630243,1.3415049911822212,0.9639374764191969
513,Travel and Transportation,3,0.31326017824568686,1.3484401571201556,1.0351799788744689
514,Travel and Transportation,3,0.3775226119781637,1.439182300992831,1.0616596890146672
519,Travel and Transportation,3,0.4300349124577947,2.0373512273605305,1.6073163149027359
523,Travel and Transportation,3,0.263578111484447,1.1436973192610473,0.8801192077766004
529,Travel and Transportation,3,0.44946123473929755,3.3101789888373205,2.860717754098023
550,Travel and Transportation,3,0.4867518820149106,1.0917574290055159,0.6050055469906053
555,Travel and Transportation,3,1.1457728420426743,1.3872621063825408,0.2414892643398665
558,Travel and Transportation,3,0.47816303077432676,5.765240639601748,5.287077608827421
560,Travel and Transportation,3,0.7905179015686783,3.177327177893443,2.386809276324765
586,Travel and Transportation,3,1.1914388669563012,1.172380052307871,-0.01905881464843029
589,Travel and Transportation,3,0.47393578961288285,1.03476159879332,0.5608258091804372
591,Travel and Transportation,3,0.4141624738314043,2.9886806728019932,2.5745181989705888
595,Travel and Transportation,3,0.4026848504341236,4.142069143141429,3.739384292707305
596,Travel and Transportation,3,0.26368994929229467,1.864754919114605,1.6010649698223103
600,Travel and Transportation,3,0.5087829896425231,5.585113175249351,5.076330185606828
601,Travel and Transportation,3,0.5402514340631764,1.196658726576077,0.6564072925129006
605,Travel and Transportation,3,0.8774144059485867,0.9082816786582284,0.030867272709641735
609,Travel and Transportation,3,0.42756649651470224,3.2948636307229404,2.867297134208238
611,Travel and Transportation,3,0.5539851371927755,1.0565022587557111,0.5025171215629356
614,Travel and Transportation,3,0.6757398030227268,0.995480490542855,0.3197406875201282
615,Travel and Transportation,3,0.629544815450045,4.713676074969357,4.084131259519312
625,Travel and Transportation,3,0.32360108907681434,1.4959304662154211,1.1723293771386067
629,Travel and Transportation,3,0.5095447622437395,1.8692464467649281,1.3597016845211887
633,Travel and Transportation,3,0.5172638500663952,0.7400648846248296,0.22280103455843436
634,Travel and Transportation,3,0.4492693314339499,1.0072036625027863,0.5579343310688363
635,Travel and Transportation,3,0.4017599983968289,1.422259074635076,1.020499076238247
642,Travel and Transportation,3,0.6557753438871625,1.084547974615289,0.42877263072812655
643,Travel and Transportation,3,0.263578111484447,1.1436973192610473,0.8801192077766004
648,Travel and Transportation,3,0.5648609850645366,1.3703890776353878,0.8055280925708511
649,Travel and Transportation,3,0.4644423025487643,4.189225250367686,3.724782947818922
657,Travel and Transportation,3,0.6752696318479203,1.019955108807456,0.3446854769595358
658,Travel and Transportation,3,0.445469087768409,6.023110157197857,5.577641069429449
661,Travel and Transportation,3,0.5663133182291341,1.1218485832368017,0.5555352650076676
674,Travel and Transportation,3,0.6542174976218843,1.1147824039617205,0.46056490633983616
676,Travel and Transportation,3,0.8239976934643893,6.427569270863082,5.603571577398693
683,Travel and Transportation,3,0.9130896289158621,3.57929920849143,2.6662095795755683
691,Travel and Transportation,3,0.9527066970921333,2.799395825874967,1.8466891287828338
694,Travel and Transportation,3,0.4141195664705237,2.3755966437853706,1.9614770773148469
707,Travel and Transportation,3,1.117351451935725,5.22536345852028,4.108012006584556
717,Travel and Transportation,3,0.40097275858010006,5.954197275067417,5.553224516487316
720,Travel and Transportation,3,0.616499970888409,1.3487962501039215,0.7322962792155124
722,Travel and Transportation,3,0.4103673806300513,4.5025810020794035,4.0922136214493525
726,Travel and Transportation,3,0.2841750861325322,1.2019146618549943,0.9177395757224621
729,Travel and Transportation,3,0.7786296412503119,4.759983451603998,3.981353810353686
733,Travel and Transportation,3,0.49236763793085403,2.0720820422112394,1.5797144042803852
734,Travel and Transportation,3,0.44048444330956216,1.1059951559256889,0.6655107126161267
737,Travel and Transportation,3,0.7525693634633196,1.2653261669124676,0.512756803449148
740,Travel and Transportation,3,0.5113707888192952,1.0946474837482567,0.5832766949289615
744,Travel and Transportation,3,0.8253259631446959,0.9594820430433362,0.1341560798986403
755,Travel and Transportation,3,0.4603830118871376,4.647654813114146,4.187271801227008
765,Travel and Transportation,3,0.5068830441554948,7.645597698233074,7.138714654077579
769,Travel and Transportation,3,0.5212645718855649,1.3602326164857503,0.8389680446001855
773,Travel and Transportation,3,0.3320435187198499,1.0384889224692195,0.7064454037493697
778,Travel and Transportation,3,0.6554218808812509,4.102445244598789,3.4470233637175376
779,Travel and Transportation,3,0.5689755601481166,7.087853827992646,6.51887826784453
784,Travel and Transportation,3,0.6042934569483418,1.5190296577008593,0.9147362007525175
791,Travel and Transportation,3,0.7152257958685019,1.6927392495980969,0.977513453729595
798,Travel and Transportation,3,0.433275122191346,0.8118350591830917,0.3785599369917457
799,Travel and Transportation,3,0.7241809906746701,2.4300217576074936,1.7058407669328235
801,Travel and Transportation,3,0.5828845954340711,2.5670270880853066,1.9841424926512354
804,Travel and Transportation,3,0.6068029364682236,5.191405382735333,4.584602446267109
805,Travel and Transportation,3,0.5974940363667397,0.9791887472077597,0.38169471084102
816,Travel and Transportation,3,0.4895803256835798,0.5788747733738886,0.08929444769030881
819,Travel and Transportation,3,0.47906820375192566,3.254006468133798,2.774938264381872
830,Travel and Transportation,3,0.6260242525070077,0.5961402637853054,-0.02988398872170228
832,Travel and Transportation,3,0.5486203415680252,2.2129221284325333,1.6643017868645082
837,Travel and Transportation,3,0.33203475235614366,1.609281319275346,1.2772465669192021
843,Travel and Transportation,3,0.8088741726881654,6.1351860755400445,5.326311902851879
848,Travel and Transportation,3,0.6553184793093014,0.9574072051850048,0.30208872587570335
859,Travel and Transportation,3,0.5474665467753812,0.521828470523251,-0.025638076252130215
861,Travel and Transportation,3,0.562992379435994,0.6578617031535957,0.0948693237176017
864,Travel and Transportation,3,0.5700008200094904,1.045302625937329,0.47530180592783866
866,Travel and Transportation,3,0.6454666636964601,0.56562268439604,-0.07984397930042009
875,Travel and Transportation,3,0.46557781610908966,0.9707780586686673,0.5052002425595776
878,Travel and Transportation,3,0.5677016916574498,0.7783778800592687,0.2106761884018189
879,Travel and Transportation,3,0.542117175291629,2.4526337718789337,1.9105165965873048
887,Travel and Transportation,3,0.3505586665306485,1.613861816259373,1.2633031497287246
903,Travel and Transportation,3,0.9293425560873143,3.304734119894183,2.3753915638068683
907,Travel and Transportation,3,0.3284466644536497,0.6403650893041406,0.3119184248504909
909,Travel and Transportation,3,0.5686744227279845,4.987884645946204,4.4192102232182195
912,Travel and Transportation,3,0.41534754668702034,4.25050800639141,3.83516045970439
915,Travel and Transportation,3,0.5241625310287054,2.049096199162607,1.5249336681339014
920,Travel and Transportation,3,0.4528124627197494,1.492652333303306,1.0398398705835565
927,Travel and Transportation,3,0.7426750284069283,1.771768643183198,1.0290936147762697
929,Travel and Transportation,3,0.6694226501376556,1.2368341844660888,0.5674115343284333
930,Travel and Transportation,3,0.6769677985234646,3.046201354727692,2.3692335562042275
935,Travel and Transportation,3,0.6045581043222714,1.8669593258197126,1.2624012214974412
938,Travel and Transportation,3,0.24796527119881454,2.2957815950808347,2.04781632388202
941,Travel and Transportation,3,0.4508910047985322,1.2896955584170016,0.8388045536184694
944,Travel and Transportation,3,0.6582379992931787,0.6121832679555558,-0.046054731337622945
947,Travel and Transportation,3,0.28606489726220236,2.2318700064402845,1.9458051091780821
957,Travel and Transportation,3,0.4708744307845844,1.5982884477389698,1.1274140169543854
963,Travel and Transportation,3,0.4111847251676259,1.5589902997939113,1.1478055746262854
978,Travel and Transportation,3,0.6168457606740543,1.1943923704570647,0.5775466097830104
979,Travel and Transportation,3,0.4669556319962321,2.9358611572709057,2.4689055252746734
980,Travel and Transportation,3,0.4675731916619667,1.3372715837513736,0.8696983920894068
981,Travel and Transportation,3,0.5142334924816823,3.5290571237198662,3.014823631238184
986,Travel and Transportation,3,0.5692298459836107,3.2168290501593075,2.647599204175697
989,Travel and Transportation,3,0.38500927548019204,1.8151429588075927,1.4301336833274005
997,Travel and Transportation,3,0.8744777935673878,6.810312693172968,5.93583489960558
1000,Travel and Transportation,3,0.4763480298550971,1.1433682808590717,0.6670202510039747
1011,Travel and Transportation,3,0.5749666661837433,5.315284236625525,4.740317570441781
1013,Travel and Transportation,3,1.1525400287363974,1.5450451693444558,0.3925051406080584
1016,Travel and Transportation,3,0.46635172263716484,4.28045519373788,3.814103471100715
1018,Travel and Transportation,3,0.45475672878620815,5.146551150585225,4.691794421799017
1024,Travel and Transportation,3,0.7419393684398315,2.216555865627816,1.4746164971879847
1027,Travel and Transportation,3,0.778237300470336,0.9977753759347394,0.2195380754644034
1033,Travel and Transportation,3,0.889766751778323,1.6267331895910169,0.7369664378126939
1037,Travel and Transportation,3,0.5110298760276417,0.7028274766059988,0.19179760057835704
1041,Travel and Transportation,3,0.40325565506596966,1.9741596712700478,1.5709040162040782
1042,Travel and Transportation,3,0.41545489665313284,4.659095587417637,4.243640690764504
1061,Travel and Transportation,3,0.41733524288606494,1.096889353176906,0.679554110290841
1065,Travel and Transportation,3,0.41347817209254056,1.4900311022936967,1.076552930201156
1067,Travel and Transportation,3,0.7714005237449574,2.255827756031645,1.4844272322866874
1079,Travel and Transportation,3,0.4007406179302483,4.527767199280424,4.127026581350176
1087,Travel and Transportation,3,0.6185222704091229,0.689754973028075,0.07123270261895209
1092,Travel and Transportation,3,0.4463040914084397,0.9454869331043807,0.499182841695941
1094,Travel and Transportation,3,0.7783765403850518,1.0860761697288792,0.30769962934382744
1108,Travel and Transportation,3,0.3667070005855422,5.178433857356447,4.811726856770905
1114,Travel and Transportation,3,0.5676444739499075,1.2949958699321167,0.7273513959822092
1117,Travel and Transportation,3,0.5130516294889842,1.1268156059860799,0.6137639764970957
1118,Travel and Transportation,3,0.5086831405152217,1.5248016838165337,1.016118543301312
1120,Travel and Transportation,3,0.5100135500852314,0.5292424082182701,0.01922885813303865
1124,Travel and Transportation,3,0.5340807040139202,0.8700175753284553,0.3359368713145351
1126,Travel and Transportation,3,0.48617726888724555,1.6990918966332735,1.212914627746028
1134,Travel and Transportation,3,0.4988872259378798,1.3287365408668603,0.8298493149289805
1136,Travel and Transportation,3,0.7778328189646859,5.181286976383964,4.403454157419278
1138,Travel and Transportation,3,0.6910962545080591,1.1621776730680131,0.471081418559954
1146,Travel and Transportation,3,0.4488445423904279,5.453619108320602,5.004774565930174
1150,Travel and Transportation,3,0.5156376308687692,0.856467749316382,0.3408301184476128
1159,Travel and Transportation,3,0.6017471038751707,2.9091842677706365,2.307437163895466
1161,Travel and Transportation,3,0.29419077903100826,1.4639527183441017,1.1697619393130934
1164,Travel and Transportation,3,0.3725860766119103,1.8824572973938989,1.5098712207819887
1169,Travel and Transportation,3,0.6008491702906289,1.1513682636765394,0.5505190933859105
1184,Travel and Transportation,3,0.5967708989218855,7.429598123405517,6.832827224483632
1185,Travel and Transportation,3,0.41547670646296603,1.9930482767716553,1.5775715703086892
1186,Travel and Transportation,3,0.47261995073417906,0.9698167193775262,0.49719676864334716
1187,Travel and Transportation,3,0.6730728344771735,6.418363099475098,5.745290264997925
1192,Travel and Transportation,3,0.44818933881618983,2.0815729749241867,1.6333836361079968
1197,Travel and Transportation,3,0.516451854000405,0.9308844318473307,0.41443257784692566
1208,Travel and Transportation,3,0.5805384769609877,4.372745724988571,3.792207248027583
1214,Travel and Transportation,3,0.6263837302578465,1.112243081890618,0.4858593516327714
1218,Travel and Transportation,3,0.8293432835269775,1.6393756110469242,0.8100323275199467
1221,Travel and Transportation,3,0.7155131697051375,1.2600994663651397,0.5445862966600022
1224,Travel and Transportation,3,1.1975274232188764,2.783225908853099,1.5856984856342224
1228,Travel and Transportation,3,0.5028814308830878,1.5939715116280506,1.0910900807449628
1232,Travel and Transportation,3,0.5543934824587714,2.1749943047870683,1.620600822328297
2,Business and Professional Services,1,0.4767638162316865,0.6615827419433449,0.18481892571165837
5,Business and Professional Services,1,0.4332332014173959,0.8244408624486355,0.39120766103123955
12,Business and Professional Services,1,0.519302399997308,0.5198086305049815,0.0005062305076735107
21,Business and Professional Services,1,2.595639005986566,2.657312023332042,0.06167301734547603
25,Business and Professional Services,1,0.38885050116016134,0.3723065917176931,-0.016543909442468252
36,Business and Professional Services,1,0.3761953947991983,0.4756334978211372,0.0994381030219389
37,Business and Professional Services,1,0.4958668704485165,0.5018956761765168,0.006028805728000242
49,Business and Professional Services,1,0.5421964118071112,0.5826645663792455,0.04046815457213426
53,Business and Professional Services,1,0.3266028490144008,0.3120157287541714,-0.014587120260229403
56,Business and Professional Services,1,0.2940677131245064,0.3412100428704211,0.0471423297459147
64,Business and Professional Services,1,1.0933877965290209,1.076369837579572,-0.017017958949448797
67,Business and Professional Services,1,0.8966722106954357,0.9232263725498985,0.0265541618544628
69,Business and Professional Services,1,0.5331252816258939,1.7229293508003867,1.1898040691744929
72,Business and Professional Services,1,0.3532408006349333,0.34915454710806343,-0.004086253526869865
74,Business and Professional Services,1,0.5089446046163831,0.9914906976471025,0.4825460930307194
77,Business and Professional Services,1,0.4000605076331013,0.47715259521753106,0.07709208758442976
84,Business and Professional Services,1,0.4536921758764068,0.4887185912269028,0.035026415350496
90,Business and Professional Services,1,0.5430741396180734,2.6615809088496856,2.118506769231612
97,Business and Professional Services,1,0.5697050699965832,0.6283516350320681,0.05864656503548493
98,Business and Professional Services,1,0.4708658338992647,0.48394154671395956,0.013075712814694884
99,Business and Professional Services,1,0.3357802787781508,0.3425543885250044,0.006774109746853607
109,Business and Professional Services,1,0.5960995299048867,0.5382767635076788,-0.05782276639720785
111,Business and Professional Services,1,0.5586523716002444,0.5458276090174252,-0.012824762582819171
117,Business and Professional Services,1,0.32631611456089626,0.4974069502672539,0.17109083570635764
118,Business and Professional Services,1,0.33259677380626296,0.3915411860792488,0.05894441227298586
120,Business and Professional Services,1,0.4127254767146181,0.4094397812419299,-0.0032856954726881993
124,Business and Professional Services,1,0.42974198261393787,0.9417187079272706,0.5119767253133327
126,Business and Professional Services,1,0.45844246542620126,0.4715917766139176,0.01314931118771634
130,Business and Professional Services,1,0.5233879244525205,0.443366361987229,-0.08002156246529146
144,Business and Professional Services,1,0.4512602421254125,0.5891736912332495,0.13791344910783698
149,Business and Professional Services,1,0.5238566978598095,0.6438406713830882,0.11998397352327872
150,Business and Professional Services,1,0.504103936695667,0.5282384555102911,0.02413451881462414
160,Business and Professional Services,1,0.5456833508181954,0.5692202031851041,0.023536852366908723
164,Business and Professional Services,1,0.3345894370061063,0.328715185537306,-0.005874251468800329
166,Business and Professional Services,1,0.2996998282689129,0.2853833253775403,-0.014316502891372596
173,Business and Professional Services,1,0.5775251385776741,1.5873035288244568,1.0097783902467827
186,Business and Professional Services,1,0.4797996276759682,0.5550761334592584,0.07527650578329026
189,Business and Professional Services,1,0.3573433728503198,0.38837220679192097,0.031028833941601164
199,Business and Professional Services,1,1.0982004559589997,1.2738104268506238,0.1756099708916241
206,Business and Professional Services,1,0.38449508015201284,0.9308620187490166,0.5463669385970038
208,Business and Professional Services,1,1.2667283088067145,1.2789400552652608,0.01221174645854628
209,Business and Professional Services,1,0.511249846093341,1.2658302386887783,0.7545803925954373
212,Business and Professional Services,1,0.5084226545669722,0.43614756784895947,-0.07227508671801275
213,Business and Professional Services,1,0.4619594275007839,0.4442848157891619,-0.01767461171162199
220,Business and Professional Services,1,1.0670825295591375,3.243471040684972,2.1763885111258343
223,Business and Professional Services,1,1.376369308667773,1.7787451831339465,0.4023758744661734
234,Business and Professional Services,1,0.6109962161755625,1.3650708770961286,0.7540746609205661
237,Business and Professional Services,1,0.7716145256582242,0.7412391524400143,-0.030375373218209933
244,Business and Professional Services,1,0.4795941124402018,6.021605011856351,5.542010899416149
245,Business and Professional Services,1,0.4338005240826789,2.0512254984472706,1.6174249743645919
251,Business and Professional Services,1,1.3919913307989944,1.5828759113074913,0.19088458050849688
253,Business and Professional Services,1,0.6711398021568339,0.5761140204119602,-0.09502578174487364
258,Business and Professional Services,1,0.5676310871122393,0.6236618576372572,0.056030770525017926
264,Business and Professional Services,1,0.6508587521694869,0.7921822254121988,0.141323473242712
268,Business and Professional Services,1,0.524166100877322,0.5489044501659255,0.024738349288603523
269,Business and Professional Services,1,0.38947238311848004,0.7017961744675829,0.3123237913491029
270,Business and Professional Services,1,0.5940037064727022,0.878828951103434,0.2848252446307318
273,Business and Professional Services,1,0.44414241045959413,0.4662732223140111,0.022130811854416954
274,Business and Professional Services,1,0.5541561793696301,1.0875439708753647,0.5333877915057346
280,Business and Professional Services,1,0.9608296196759533,1.5180507594428594,0.5572211397669061
283,Business and Professional Services,1,0.4085393596572059,0.46808107995383963,0.05954172029663374
292,Business and Professional Services,1,0.9926225073652812,0.9175620043002783,-0.07506050306500289
325,Business and Professional Services,1,0.2979073001088789,0.45575859372444727,0.15785129361556838
329,Business and Professional Services,1,0.8776896043896696,0.8878172309255967,0.010127626535927137
330,Business and Professional Services,1,0.9434044911805204,0.9626038958440298,0.019199404663509445
335,Business and Professional Services,1,0.5269845760774727,0.8741187484602119,0.34713417238273914
337,Business and Professional Services,1,0.5534634059139114,0.581954537015478,0.028491131101566536
340,Business and Professional Services,1,0.44814590440790686,0.44883382142053485,0.0006879170126279921
345,Business and Professional Services,1,0.37249690638732413,0.4342356836314889,0.061738777244164766
356,Business and Professional Services,1,0.6551812735953949,1.1264466655964274,0.47126539200103246
360,Business and Professional Services,1,0.47473849016499564,0.5358737204970366,0.06113523033204099
363,Business and Professional Services,1,0.4876841691180254,0.4764713039896782,-0.011212865128347238
364,Business and Professional Services,1,0.37388400319876625,0.34303528615231843,-0.030848717046447816
366,Business and Professional Services,1,0.6859987770821558,0.7818417752406065,0.09584299815845065
369,Business and Professional Services,1,0.6851792041155396,0.6803387653565223,-0.004840438759017296
373,Business and Professional Services,1,0.3127344378635649,0.3083703940957727,-0.004364043767792203
382,Business and Professional Services,1,0.451171357683856,0.6673304686788585,0.21615911099500246
396,Business and Professional Services,1,0.616698610768044,0.6309681603366375,0.014269549568593498
400,Business and Professional Services,1,0.5055983233897835,0.513333780367564,0.007735456977780553
420,Business and Professional Services,1,0.5041185841000033,0.4941328656199896,-0.009985718480013728
425,Business and Professional Services,1,0.38138878008470234,0.39783038874382065,0.016441608659118312
427,Business and Professional Services,1,0.37989391268154016,0.40817254927591806,0.028278636594377904
428,Business and Professional Services,1,1.1772950666091373,1.13127166084213,-0.04602340576700725
432,Business and Professional Services,1,1.1177156269885642,1.0639338645594636,-0.0537817624291006
433,Business and Professional Services,1,0.6546724598878622,0.571702430678353,-0.08297002920950913
445,Business and Professional Services,1,0.45467735788265645,0.8381165967412025,0.3834392388585461
446,Business and Professional Services,1,0.3691264084076766,0.4427632798566307,0.07363687144895414
450,Business and Professional Services,1,0.47657222252705994,0.5069107588134456,0.030338536286385664
462,Business and Professional Services,1,0.5056575061970512,0.7547027704512486,0.24904526425419737
464,Business and Professional Services,1,0.5131976930029603,0.48767302664680623,-0.025524666356154024
468,Business and Professional Services,1,0.7843383187442823,0.7934938594424943,0.009155540698212006
471,Business and Professional Services,1,0.756575042817853,0.5935978820267188,-0.16297716079113422
477,Business and Professional Services,1,0.43350468009848364,0.45527102781054196,0.02176634771205832
479,Business and Professional Services,1,0.5223853230798555,0.7705902368762146,0.24820491379635912
480,Business and Professional Services,1,0.4220479931769628,0.4938461301619905,0.07179813698502774
482,Business and Professional Services,1,0.6054250260076859,0.9006667249507438,0.29524169894305796
493,Business and Professional Services,1,0.5383287745280452,1.2826033767128138,0.7442746021847686
497,Business and Professional Services,1,0.7764748897264313,0.9304912088955537,0.1540163191691224
505,Business and Professional Services,1,0.35838476773686945,0.4780615816045272,0.11967681386765777
506,Business and Professional Services,1,0.3775675147630243,0.4151146335573891,0.03754711879436479
513,Business and Professional Services,1,0.31326017824568686,0.4695432760640923,0.15628309781840544
514,Business and Professional Services,1,0.3775226119781637,0.409177303472366,0.0316546914942023
519,Business and Professional Services,1,0.4300349124577947,0.8753570369957538,0.44532212453795916
523,Business and Professional Services,1,0.263578111484447,0.8655482134483269,0.6019701019638799
529,Business and Professional Services,1,0.44946123473929755,0.5597915537881499,0.11033031904885238
550,Business and Professional Services,1,0.4867518820149106,0.5262472991198636,0.03949541710495297
555,Business and Professional Services,1,1.1457728420426743,1.1317382478507523,-0.01403459419192199
558,Business and Professional Services,1,0.47816303077432676,1.1943481250368015,0.7161850942624748
560,Business and Professional Services,1,0.7905179015686783,0.6331135498337819,-0.15740435173489642
586,Business and Professional Services,1,1.1914388669563012,1.6705602290952644,0.47912136213896317
589,Business and Professional Services,1,0.47393578961288285,1.4273368974563816,0.9534011078434987
591,Business and Professional Services,1,0.4141624738314043,0.43884780694414555,0.024685333112741237
595,Business and Professional Services,1,0.4026848504341236,0.7144667774462048,0.3117819270120812
596,Business and Professional Services,1,0.26368994929229467,0.28359525180279144,0.01990530251049677
600,Business and Professional Services,1,0.5087829896425231,1.3091135091500272,0.8003305195075041
601,Business and Professional Services,1,0.5402514340631764,0.7732183026314449,0.23296686856826843
605,Business and Professional Services,1,0.8774144059485867,0.8891408728110411,0.011726466862454488
609,Business and Professional Services,1,0.42756649651470224,0.9265803402800745,0.4990138437653723
611,Business and Professional Services,1,0.5539851371927755,0.9089256212800305,0.354940484087255
614,Business and Professional Services,1,0.6757398030227268,0.638764302877841,-0.03697550014488582
615,Business and Professional Services,1,0.629544815450045,0.673644915798782,0.044100100348737015
625,Business and Professional Services,1,0.32360108907681434,0.6268389771774219,0.30323788810060753
629,Business and Professional Services,1,0.5095447622437395,2.478438565687118,1.9688938034433787
633,Business and Professional Services,1,0.5172638500663952,0.6045494779552409,0.08728562788884575
634,Business and Professional Services,1,0.4492693314339499,0.891337331065847,0.4420679996318971
635,Business and Professional Services,1,0.4017599983968289,0.4220587245493309,0.020298726152502
642,Business and Professional Services,1,0.6557753438871625,0.6125640493988684,-0.04321129448829408
643,Business and Professional Services,1,0.263578111484447,0.8655482134483269,0.6019701019638799
648,Business and Professional Services,1,0.5648609850645366,0.7620870375708915,0.19722605250635483
649,Business and Professional Services,1,0.4644423025487643,0.6151272307116099,0.15068492816284562
657,Business and Professional Services,1,0.6752696318479203,0.6636260579528486,-0.011643573895071757
658,Business and Professional Services,1,0.445469087768409,1.3837160780192246,0.9382469902508156
661,Business and Professional Services,1,0.5663133182291341,0.7265356238366116,0.16022230560747752
674,Business and Professional Services,1,0.6542174976218843,0.6730789397094403,0.018861442087556024
676,Business and Professional Services,1,0.8239976934643893,0.823689899639315,-0.0003077938250742873
683,Business and Professional Services,1,0.9130896289158621,1.0816378572343257,0.1685482283184636
691,Business and Professional Services,1,0.9527066970921333,1.4766459871619744,0.5239392900698411
694,Business and Professional Services,1,0.4141195664705237,0.5504040303842284,0.13628446391370463
707,Business and Professional Services,1,1.117351451935725,1.446056832937693,0.328705381001968
717,Business and Professional Services,1,0.40097275858010006,5.090734458094179,4.6897616995140785
720,Business and Professional Services,1,0.616499970888409,0.6532277705700992,0.036727799681690154
722,Business and Professional Services,1,0.4103673806300513,0.3916452467151752,-0.018722133914876093
726,Business and Professional Services,1,0.2841750861325322,0.9914078047025806,0.7072327185700484
729,Business and Professional Services,1,0.7786296412503119,1.0954326939499457,0.3168030526996338
733,Business and Professional Services,1,0.49236763793085403,0.4597846768186778,-0.032582961112176234
734,Business and Professional Services,1,0.44048444330956216,0.7571357346032827,0.3166512912937205
737,Business and Professional Services,1,0.7525693634633196,1.2569551295656811,0.5043857661023615
740,Business and Professional Services,1,0.5113707888192952,0.8330329854739258,0.3216621966546306
744,Business and Professional Services,1,0.8253259631446959,0.8797979532898448,0.05447199014514892
755,Business and Professional Services,1,0.4603830118871376,0.7061342507018125,0.24575123881467487
765,Business and Professional Services,1,0.5068830441554948,0.5289628998204905,0.022079855664995707
769,Business and Professional Services,1,0.5212645718855649,1.9228131872067593,1.4015486153211945
773,Business and Professional Services,1,0.3320435187198499,0.33324968475489314,0.0012061660350432546
778,Business and Professional Services,1,0.6554218808812509,0.8466866433509748,0.1912647624697239
779,Business and Professional Services,1,0.5689755601481166,0.6080161760730887,0.0390406159249721
784,Business and Professional Services,1,0.6042934569483418,0.5842275312462303,-0.02006592570211152
791,Business and Professional Services,1,0.7152257958685019,0.7054581571601313,-0.009767638708370607
798,Business and Professional Services,1,0.433275122191346,1.1564746745501377,0.7231995523587917
799,Business and Professional Services,1,0.7241809906746701,0.6899624156491002,-0.03421857502556991
801,Business and Professional Services,1,0.5828845954340711,0.631748602795176,0.048864007361104855
804,Business and Professional Services,1,0.6068029364682236,1.1847385485167619,0.5779356120485383
805,Business and Professional Services,1,0.5974940363667397,1.0890582677024918,0.4915642313357521
816,Business and Professional Services,1,0.4895803256835798,0.5377104712298948,0.048130145546315006
819,Business and Professional Services,1,0.47906820375192566,2.9898207093505977,2.510752505598672
830,Business and Professional Services,1,0.6260242525070077,0.6660893991488912,0.04006514664188354
832,Business and Professional Services,1,0.5486203415680252,0.7981997247418051,0.24957938317377992
837,Business and Professional Services,1,0.33203475235614366,0.4831719615533774,0.15113720919723372
843,Business and Professional Services,1,0.8088741726881654,0.8604487763208786,0.051574603632713156
848,Business and Professional Services,1,0.6553184793093014,0.6746050730599378,0.01928659375063635
859,Business and Professional Services,1,0.5474665467753812,0.5860213489896074,0.03855480221422625
861,Business and Professional Services,1,0.562992379435994,0.6250765969362617,0.06208421750026771
864,Business and Professional Services,1,0.5700008200094904,0.7214691651452055,0.15146834513571517
866,Business and Professional Services,1,0.6454666636964601,0.5972175382784566,-0.048249125418003525
875,Business and Professional Services,1,0.46557781610908966,0.7780783028628881,0.3125004867537985
878,Business and Professional Services,1,0.5677016916574498,0.5440201577868273,-0.02368153387062244
879,Business and Professional Services,1,0.542117175291629,0.6396386919279611,0.09752151663633213
887,Business and Professional Services,1,0.3505586665306485,0.3871399369257057,0.03658127039505721
903,Business and Professional Services,1,0.9293425560873143,1.69195154975319,0.7626089936658758
907,Business and Professional Services,1,0.3284466644536497,0.3340785595069017,0.005631895053252012
909,Business and Professional Services,1,0.5686744227279845,1.180156630104885,0.6114822073769004
912,Business and Professional Services,1,0.41534754668702034,0.41558386927829793,0.00023632259127759347
915,Business and Professional Services,1,0.5241625310287054,0.7213417980435877,0.1971792670148823
920,Business and Professional Services,1,0.4528124627197494,0.5209381933572286,0.06812573063747918
927,Business and Professional Services,1,0.7426750284069283,0.7775634555559479,0.03488842714901952
929,Business and Professional Services,1,0.6694226501376556,0.7212371011212318,0.05181445098357629
930,Business and Professional Services,1,0.6769677985234646,0.6819839539782562,0.005016155454791615
935,Business and Professional Services,1,0.6045581043222714,0.7305134245705258,0.1259553202482544
938,Business and Professional Services,1,0.24796527119881454,0.24447820687168853,-0.003487064327126005
941,Business and Professional Services,1,0.4508910047985322,0.4107164661286785,-0.04017453866985371
944,Business and Professional Services,1,0.6582379992931787,0.7027003562136099,0.04446235692043121
947,Business and Professional Services,1,0.28606489726220236,0.2616659207991322,-0.024398976463070154
957,Business and Professional Services,1,0.4708744307845844,0.5535898236481953,0.0827153928636109
963,Business and Professional Services,1,0.4111847251676259,0.424460466192776,0.013275741025150112
978,Business and Professional Services,1,0.6168457606740543,0.8670574950904946,0.2502117344164403
979,Business and Professional Services,1,0.4669556319962321,0.48627777292166996,0.01932214092543788
980,Business and Professional Services,1,0.4675731916619667,1.8811618388822602,1.4135886472202934
981,Business and Professional Services,1,0.5142334924816823,0.7569920022725807,0.2427585097908984
986,Business and Professional Services,1,0.5692298459836107,0.5914311368356645,0.0222012908520538
989,Business and Professional Services,1,0.38500927548019204,0.43208143210610706,0.04707215662591502
997,Business and Professional Services,1,0.8744777935673878,1.171350200658409,0.29687240709102114
1000,Business and Professional Services,1,0.4763480298550971,0.5648944736648382,0.08854644380974114
1011,Business and Professional Services,1,0.5749666661837433,1.2682867350440894,0.6933200688603461
1013,Business and Professional Services,1,1.1525400287363974,1.02510765388178,-0.12743237485461734
1016,Business and Professional Services,1,0.46635172263716484,0.7487042258789794,0.2823525032418146
1018,Business and Professional Services,1,0.45475672878620815,0.47054142401916227,0.015784695232954116
1024,Business and Professional Services,1,0.7419393684398315,0.8963375155768614,0.15439814713702982
1027,Business and Professional Services,1,0.778237300470336,1.0816828531176406,0.30344555264730455
1033,Business and Professional Services,1,0.889766751778323,1.0872180353373457,0.19745128355902275
1037,Business and Professional Services,1,0.5110298760276417,0.5571736383168402,0.046143762289198476
1041,Business and Professional Services,1,0.40325565506596966,0.4511538296440044,0.04789817457803475
1042,Business and Professional Services,1,0.41545489665313284,0.6938110282921007,0.2783561316389679
1061,Business and Professional Services,1,0.41733524288606494,0.5610960206197307,0.1437607777336658
1065,Business and Professional Services,1,0.41347817209254056,0.5036961428139126,0.09021797072137205
1067,Business and Professional Services,1,0.7714005237449574,0.7835842510218591,0.012183727276901757
1079,Business and Professional Services,1,0.4007406179302483,0.6425985432565402,0.2418579253262919
1087,Business and Professional Services,1,0.6185222704091229,0.618550973863307,2.8703454184153543e-05
1092,Business and Professional Services,1,0.4463040914084397,0.7326104551079916,0.2863063636995519
1094,Business and Professional Services,1,0.7783765403850518,0.7937130508513284,0.015336510466276598
1108,Business and Professional Services,1,0.3667070005855422,0.4928272909268325,0.1261202903412903
1114,Business and Professional Services,1,0.5676444739499075,0.5538624719084316,-0.013782002041475838
1117,Business and Professional Services,1,0.5130516294889842,0.5576202513364567,0.044568621847472456
1118,Business and Professional Services,1,0.5086831405152217,1.6313929702113206,1.122709829696099
1120,Business and Professional Services,1,0.5100135500852314,0.5737903518626285,0.06377680177739709
1124,Business and Professional Services,1,0.5340807040139202,0.6450138038952251,0.11093309988130495
1126,Business and Professional Services,1,0.48617726888724555,1.103440841985221,0.6172635730979755
1134,Business and Professional Services,1,0.4988872259378798,0.6058720229836284,0.10698479704574859
1136,Business and Professional Services,1,0.7778328189646859,0.9628811781062065,0.18504835914152062
1138,Business and Professional Services,1,0.6910962545080591,1.1346266641479419,0.44353040963988277
1146,Business and Professional Services,1,0.4488445423904279,0.3696080929687168,-0.07923644942171115
1150,Business and Professional Services,1,0.5156376308687692,0.43762533249373314,-0.0780122983750361
1159,Business and Professional Services,1,0.6017471038751707,0.6887238211577545,0.08697671728258383
1161,Business and Professional Services,1,0.29419077903100826,0.562374307991478,0.26818352896046976
1164,Business and Professional Services,1,0.3725860766119103,0.3715587356058304,-0.0010273410060798738
1169,Business and Professional Services,1,0.6008491702906289,0.9518414729146376,0.3509923026240087
1184,Business and Professional Services,1,0.5967708989218855,0.6549374151225968,0.05816651620071134
1185,Business and Professional Services,1,0.41547670646296603,1.2022458754571348,0.7867691689941687
1186,Business and Professional Services,1,0.47261995073417906,0.6429046206093176,0.17028466987513857
1187,Business and Professional Services,1,0.6730728344771735,1.0615261932097195,0.38845335873254605
1192,Business and Professional Services,1,0.44818933881618983,1.4195290254597774,0.9713396866435876
1197,Business and Professional Services,1,0.516451854000405,0.7088987851731878,0.19244693117278278
1208,Business and Professional Services,1,0.5805384769609877,0.8464310034362661,0.2658925264752784
1214,Business and Professional Services,1,0.6263837302578465,0.6014404034729998,-0.024943326784846787
1218,Business and Professional Services,1,0.8293432835269775,1.1574119092571333,0.3280686257301558
1221,Business and Professional Services,1,0.7155131697051375,0.5353130954750933,-0.18020007423004414
1224,Business and Professional Services,1,1.1975274232188764,0.7570349200338893,-0.4404925031849871
1228,Business and Professional Services,1,0.5028814308830878,0.543450470214841,0.040569039331753265
1232,Business and Professional Services,1,0.5543934824587714,0.650223431331816,0.09582994887304463
2,Business and Professional Services,2,0.4767638162316865,1.0282536028641125,0.551489786632426
5,Business and Professional Services,2,0.4332332014173959,1.1011190057020628,0.6678858042846669
12,Business and Professional Services,2,0.519302399997308,0.5215717706097279,0.002269370612419941
21,Business and Professional Services,2,2.595639005986566,2.730829917129004,0.13519091114243764
25,Business and Professional Services,2,0.38885050116016134,0.44380761834093063,0.05495711718076929
36,Business and Professional Services,2,0.3761953947991983,0.6337626171539775,0.25756722235477925
37,Business and Professional Services,2,0.4958668704485165,0.5179701420429592,0.022103271594442697
49,Business and Professional Services,2,0.5421964118071112,0.7764575876436945,0.23426117583658335
53,Business and Professional Services,2,0.3266028490144008,0.3521894095159511,0.025586560501550337
56,Business and Professional Services,2,0.2940677131245064,0.4449894115403492,0.1509216984158428
64,Business and Professional Services,2,1.0933877965290209,1.4064196311046557,0.3130318345756349
67,Business and Professional Services,2,0.8966722106954357,0.9380969840580857,0.04142477336265005
69,Business and Professional Services,2,0.5331252816258939,2.819297535360435,2.286172253734541
72,Business and Professional Services,2,0.3532408006349333,0.36724404456478776,0.01400324392985447
74,Business and Professional Services,2,0.5089446046163831,5.636723350750572,5.127778746134188
77,Business and Professional Services,2,0.4000605076331013,0.5919781410242124,0.19191763339111112
84,Business and Professional Services,2,0.4536921758764068,0.5688713621867805,0.11517918631037366
90,Business and Professional Services,2,0.5430741396180734,6.409509757804365,5.866435618186292
97,Business and Professional Services,2,0.5697050699965832,0.707555393411987,0.13785032341540382
98,Business and Professional Services,2,0.4708658338992647,0.4878049525548171,0.01693911865555242
99,Business and Professional Services,2,0.3357802787781508,0.3356705721740949,-0.0001097066040559036
109,Business and Professional Services,2,0.5960995299048867,0.591150745600881,-0.004948784304005693
111,Business and Professional Services,2,0.5586523716002444,0.541374280876344,-0.017278090723900408
117,Business and Professional Services,2,0.32631611456089626,0.6726127738987393,0.34629665933784304
118,Business and Professional Services,2,0.33259677380626296,0.49641228651030533,0.16381551270404238
120,Business and Professional Services,2,0.4127254767146181,0.41393937576684925,0.0012138990522311266
124,Business and Professional Services,2,0.42974198261393787,1.0874829483192896,0.6577409657053517
126,Business and Professional Services,2,0.45844246542620126,3.22729648223447,2.7688540168082687
130,Business and Professional Services,2,0.5233879244525205,0.43412739556517443,-0.08926052888734604
144,Business and Professional Services,2,0.4512602421254125,0.8705168823349977,0.4192566402095852
149,Business and Professional Services,2,0.5238566978598095,0.7448257844255517,0.2209690865657422
150,Business and Professional Services,2,0.504103936695667,0.5496813638937945,0.04557742719812752
160,Business and Professional Services,2,0.5456833508181954,0.6578885132542638,0.11220516243606837
164,Business and Professional Services,2,0.3345894370061063,0.34246890133761054,0.007879464331504216
166,Business and Professional Services,2,0.2996998282689129,0.30013346118824913,0.0004336329193362354
173,Business and Professional Services,2,0.5775251385776741,2.6007662946142798,2.0232411560366055
186,Business and Professional Services,2,0.4797996276759682,0.8493847751266896,0.36958514745072146
189,Business and Professional Services,2,0.3573433728503198,2.2293372942111818,1.871993921360862
199,Business and Professional Services,2,1.0982004559589997,1.420193570673833,0.32199311471483316
206,Business and Professional Services,2,0.38449508015201284,1.4948620750853834,1.1103669949333705
208,Business and Professional Services,2,1.2667283088067145,1.294845098740055,0.028116789933340547
209,Business and Professional Services,2,0.511249846093341,2.985306923306875,2.474057077213534
212,Business and Professional Services,2,0.5084226545669722,0.40231940731743326,-0.10610324724953896
213,Business and Professional Services,2,0.4619594275007839,0.44534769376665534,-0.016611733734128553
220,Business and Professional Services,2,1.0670825295591375,3.394167269431588,2.3270847398724506
223,Business and Professional Services,2,1.376369308667773,2.6357214971855694,1.2593521885177963
234,Business and Professional Services,2,0.6109962161755625,1.7883396525682929,1.1773434363927304
237,Business and Professional Services,2,0.7716145256582242,0.7564049013898455,-0.015209624268378685
244,Business and Professional Services,2,0.4795941124402018,5.560973418475805,5.081379306035603
245,Business and Professional Services,2,0.4338005240826789,2.210694943751168,1.7768944196684893
251,Business and Professional Services,2,1.3919913307989944,3.254354896303207,1.8623635655042126
253,Business and Professional Services,2,0.6711398021568339,0.6345088020196572,-0.036631000137176684
258,Business and Professional Services,2,0.5676310871122393,0.8072999884494021,0.2396689013371628
264,Business and Professional Services,2,0.6508587521694869,0.7834105041373105,0.13255175196782365
268,Business and Professional Services,2,0.524166100877322,0.5710206764377168,0.04685457556039485
269,Business and Professional Services,2,0.38947238311848004,1.0489111853561672,0.6594388022376871
270,Business and Professional Services,2,0.5940037064727022,1.068306104274719,0.4743023978020169
273,Business and Professional Services,2,0.44414241045959413,0.639468546960974,0.19532613650137987
274,Business and Professional Services,2,0.5541561793696301,1.5932656237087035,1.0391094443390734
280,Business and Professional Services,2,0.9608296196759533,1.6917911697437962,0.7309615500678429
283,Business and Professional Services,2,0.4085393596572059,0.5536268555215285,0.14508749586432257
292,Business and Professional Services,2,0.9926225073652812,0.8538520197988679,-0.1387704875664133
325,Business and Professional Services,2,0.2979073001088789,0.8230231852898136,0.5251158851809347
329,Business and Professional Services,2,0.8776896043896696,0.8924312034809198,0.014741599091250168
330,Business and Professional Services,2,0.9434044911805204,0.9788782567524038,0.03547376557188342
335,Business and Professional Services,2,0.5269845760774727,1.6358389284551178,1.108854352377645
337,Business and Professional Services,2,0.5534634059139114,0.6152866885988775,0.06182328268496606
340,Business and Professional Services,2,0.44814590440790686,0.472494797471106,0.02434889306319915
345,Business and Professional Services,2,0.37249690638732413,0.44163401180936546,0.06913710542204132
356,Business and Professional Services,2,0.6551812735953949,1.6909261898284629,1.0357449162330679
360,Business and Professional Services,2,0.47473849016499564,0.5862138552596899,0.1114753650946943
363,Business and Professional Services,2,0.4876841691180254,0.481163552279688,-0.006520616838337434
364,Business and Professional Services,2,0.37388400319876625,0.34224922082992915,-0.0316347823688371
366,Business and Professional Services,2,0.6859987770821558,1.0230113605331288,0.33701258345097296
369,Business and Professional Services,2,0.6851792041155396,0.6699925482157882,-0.015186655899751322
373,Business and Professional Services,2,0.3127344378635649,0.2995005844197049,-0.013233853443860022
382,Business and Professional Services,2,0.451171357683856,0.9003606679544767,0.44918931027062065
396,Business and Professional Services,2,0.616698610768044,0.6432475465573906,0.026548935789346584
400,Business and Professional Services,2,0.5055983233897835,0.5242296779073408,0.018631354517557264
420,Business and Professional Services,2,0.5041185841000033,0.5574512774561483,0.05333269335614499
425,Business and Professional Services,2,0.38138878008470234,0.43014169773833966,0.04875291765363732
427,Business and Professional Services,2,0.37989391268154016,0.4287456482451998,0.048851735563659626
428,Business and Professional Services,2,1.1772950666091373,1.1212832642125485,-0.05601180239658876
432,Business and Professional Services,2,1.1177156269885642,1.1344372023149054,0.01672157532634122
433,Business and Professional Services,2,0.6546724598878622,0.45745133589056564,-0.19722112399729652
445,Business and Professional Services,2,0.45467735788265645,1.0656255801112673,0.6109482222286109
446,Business and Professional Services,2,0.3691264084076766,0.6893720491565702,0.32024564074889367
450,Business and Professional Services,2,0.47657222252705994,0.5481203139762217,0.0715480914491618
462,Business and Professional Services,2,0.5056575061970512,1.2092083325313645,0.7035508263343133
464,Business and Professional Services,2,0.5131976930029603,0.4916826996976309,-0.021514993305329355
468,Business and Professional Services,2,0.7843383187442823,0.803704452514702,0.019366133770419736
471,Business and Professional Services,2,0.756575042817853,1.1377215321217922,0.38114648930393913
477,Business and Professional Services,2,0.43350468009848364,0.3804219068785891,-0.05308277321989452
479,Business and Professional Services,2,0.5223853230798555,1.4986989947971887,0.9763136717173332
480,Business and Professional Services,2,0.4220479931769628,0.6107678020501728,0.18871980887321
482,Business and Professional Services,2,0.6054250260076859,1.1066650904956215,0.5012400644879356
493,Business and Professional Services,2,0.5383287745280452,1.9077172755840996,1.3693885010560545
497,Business and Professional Services,2,0.7764748897264313,1.0328371877084037,0.2563622979819724
505,Business and Professional Services,2,0.35838476773686945,0.6273250832771154,0.268940315540246
506,Business and Professional Services,2,0.3775675147630243,0.5250174517553206,0.14744993699229625
513,Business and Professional Services,2,0.31326017824568686,0.6831019011137095,0.36984172286802264
514,Business and Professional Services,2,0.3775226119781637,0.4416155636675797,0.06409295168941598
519,Business and Professional Services,2,0.4300349124577947,1.5960990239509538,1.1660641114931591
523,Business and Professional Services,2,0.263578111484447,1.712220633729702,1.448642522245255
529,Business and Professional Services,2,0.44946123473929755,0.6814861499701885,0.23202491523089097
550,Business and Professional Services,2,0.4867518820149106,0.5461423586661526,0.059390476651241975
555,Business and Professional Services,2,1.1457728420426743,1.138517247339309,-0.007255594703365231
558,Business and Professional Services,2,0.47816303077432676,1.652361418611778,1.1741983878374513
560,Business and Professional Services,2,0.7905179015686783,0.653677368602085,-0.13684053296659326
586,Business and Professional Services,2,1.1914388669563012,2.5055725637570605,1.3141336968007593
589,Business and Professional Services,2,0.47393578961288285,2.4063909905606664,1.9324552009477836
591,Business and Professional Services,2,0.4141624738314043,0.5699051149113653,0.155742641079961
595,Business and Professional Services,2,0.4026848504341236,0.999831629871718,0.5971467794375944
596,Business and Professional Services,2,0.26368994929229467,0.30954372269282016,0.04585377340052549
600,Business and Professional Services,2,0.5087829896425231,1.44159442182794,0.9328114321854168
601,Business and Professional Services,2,0.5402514340631764,1.4155869504679777,0.8753355164048012
605,Business and Professional Services,2,0.8774144059485867,0.8778537217215715,0.0004393157729848385
609,Business and Professional Services,2,0.42756649651470224,1.2175960471494796,0.7900295506347773
611,Business and Professional Services,2,0.5539851371927755,1.2583229934723952,0.7043378562796196
614,Business and Professional Services,2,0.6757398030227268,0.5300244593477201,-0.14571534367500671
615,Business and Professional Services,2,0.629544815450045,0.6474342755116547,0.01788946006160963
625,Business and Professional Services,2,0.32360108907681434,0.8672161608110587,0.5436150717342443
629,Business and Professional Services,2,0.5095447622437395,3.2358788080637875,2.726334045820048
633,Business and Professional Services,2,0.5172638500663952,0.7833431537225074,0.2660793036561122
634,Business and Professional Services,2,0.4492693314339499,1.5310459021413443,1.0817765707073943
635,Business and Professional Services,2,0.4017599983968289,0.49961640191588064,0.09785640351905173
642,Business and Professional Services,2,0.6557753438871625,0.6649510397112205,0.009175695824057972
643,Business and Professional Services,2,0.263578111484447,1.712220633729702,1.448642522245255
648,Business and Professional Services,2,0.5648609850645366,1.1196768461588629,0.5548158610943262
649,Business and Professional Services,2,0.4644423025487643,0.8033018614460707,0.33885955889730646
657,Business and Professional Services,2,0.6752696318479203,0.7166244593937899,0.04135482754586961
658,Business and Professional Services,2,0.445469087768409,2.6999594611308284,2.2544903733624193
661,Business and Professional Services,2,0.5663133182291341,2.2810956201796264,1.7147823019504922
674,Business and Professional Services,2,0.6542174976218843,1.0958313542604978,0.4416138566386135
676,Business and Professional Services,2,0.8239976934643893,0.8938312579016863,0.06983356443729694
683,Business and Professional Services,2,0.9130896289158621,1.5783590561244298,0.6652694272085677
691,Business and Professional Services,2,0.9527066970921333,2.079983151845319,1.1272764547531855
694,Business and Professional Services,2,0.4141195664705237,0.8894467980176176,0.4753272315470939
707,Business and Professional Services,2,1.117351451935725,1.4964143351308774,0.37906288319515236
717,Business and Professional Services,2,0.40097275858010006,4.190708522156214,3.789735763576114
720,Business and Professional Services,2,0.616499970888409,0.6719756075607579,0.055475636672348894
722,Business and Professional Services,2,0.4103673806300513,0.41934842059337285,0.008981039963321558
726,Business and Professional Services,2,0.2841750861325322,1.9135249452470768,1.6293498591145448
729,Business and Professional Services,2,0.7786296412503119,1.3533870007907705,0.5747573595404586
733,Business and Professional Services,2,0.49236763793085403,0.45912014495698694,-0.03324749297386709
734,Business and Professional Services,2,0.44048444330956216,1.9213773775690526,1.4808929342594905
737,Business and Professional Services,2,0.7525693634633196,1.7330167748397147,0.9804474113763951
740,Business and Professional Services,2,0.5113707888192952,1.4861981680392673,0.9748273792199721
744,Business and Professional Services,2,0.8253259631446959,0.915458655058348,0.09013269191365214
755,Business and Professional Services,2,0.4603830118871376,1.0718585783996333,0.6114755665124957
765,Business and Professional Services,2,0.5068830441554948,0.7210626925332153,0.21417964837772052
769,Business and Professional Services,2,0.5212645718855649,2.65119416413751,2.129929592251945
773,Business and Professional Services,2,0.3320435187198499,0.33655508045115673,0.004511561731306846
778,Business and Professional Services,2,0.6554218808812509,0.9663536610398828,0.310931780158632
779,Business and Professional Services,2,0.5689755601481166,0.6597012621482099,0.09072570200009333
784,Business and Professional Services,2,0.6042934569483418,0.5617568281279389,-0.04253662882040288
791,Business and Professional Services,2,0.7152257958685019,0.7383795904546684,0.02315379458616651
798,Business and Professional Services,2,0.433275122191346,1.7713457294646784,1.3380706072733324
799,Business and Professional Services,2,0.7241809906746701,0.7723373282872414,0.04815633761257132
801,Business and Professional Services,2,0.5828845954340711,0.56375455466207,-0.01913004077200109
804,Business and Professional Services,2,0.6068029364682236,1.6226008271214112,1.0157978906531877
805,Business and Professional Services,2,0.5974940363667397,1.9794347543062607,1.381940717939521
816,Business and Professional Services,2,0.4895803256835798,0.5822998412538667,0.0927195155702869
819,Business and Professional Services,2,0.47906820375192566,3.1674090109239104,2.6883408071719845
830,Business and Professional Services,2,0.6260242525070077,1.040034668833877,0.4140104163268694
832,Business and Professional Services,2,0.5486203415680252,0.9538107095744606,0.4051903680064354
837,Business and Professional Services,2,0.33203475235614366,0.8679254425870777,0.535890690230934
843,Business and Professional Services,2,0.8088741726881654,0.9189206185559428,0.11004644586777734
848,Business and Professional Services,2,0.6553184793093014,0.703724565976878,0.04840608666757662
859,Business and Professional Services,2,0.5474665467753812,0.6715865337595985,0.12411998698421733
861,Business and Professional Services,2,0.562992379435994,0.9123154541147753,0.3493230746787813
864,Business and Professional Services,2,0.5700008200094904,1.3129025839343749,0.7429017639248845
866,Business and Professional Services,2,0.6454666636964601,0.7303664335837758,0.08489976988731573
875,Business and Professional Services,2,0.46557781610908966,1.7609696471587308,1.295391831049641
878,Business and Professional Services,2,0.5677016916574498,0.5130015127119949,-0.05470017894545487
879,Business and Professional Services,2,0.542117175291629,0.8432418279235292,0.30112465263190025
887,Business and Professional Services,2,0.3505586665306485,0.5209837670041673,0.17042510047351878
903,Business and Professional Services,2,0.9293425560873143,2.146521857433278,1.2171793013459637
907,Business and Professional Services,2,0.3284466644536497,0.6342181593765319,0.30577149492288225
909,Business and Professional Services,2,0.5686744227279845,1.1317331753636908,0.5630587526357063
912,Business and Professional Services,2,0.41534754668702034,0.41945836676382764,0.004110820076807298
915,Business and Professional Services,2,0.5241625310287054,0.980244666689515,0.4560821356608097
920,Business and Professional Services,2,0.4528124627197494,0.6683002233437663,0.21548776062401687
927,Business and Professional Services,2,0.7426750284069283,1.2872204594851695,0.5445454310782412
929,Business and Professional Services,2,0.6694226501376556,0.9633703846487074,0.29394773451105183
930,Business and Professional Services,2,0.6769677985234646,0.6825109329978728,0.00554313447440824
935,Business and Professional Services,2,0.6045581043222714,0.8104939414299964,0.205935837107725
938,Business and Professional Services,2,0.24796527119881454,0.25451808686510774,0.006552815666293205
941,Business and Professional Services,2,0.4508910047985322,0.383246627450217,-0.06764437734831524
944,Business and Professional Services,2,0.6582379992931787,0.7363903462665042,0.07815234697332551
947,Business and Professional Services,2,0.28606489726220236,0.3142794418316664,0.02821454456946404
957,Business and Professional Services,2,0.4708744307845844,2.8779188897028036,2.4070444589182194
963,Business and Professional Services,2,0.4111847251676259,0.46097579762369345,0.049791072456067564
978,Business and Professional Services,2,0.6168457606740543,1.0046245593521714,0.38777879867811715
979,Business and Professional Services,2,0.4669556319962321,0.7426776489466316,0.2757220169503995
980,Business and Professional Services,2,0.4675731916619667,2.2045182740947133,1.7369450824327466
981,Business and Professional Services,2,0.5142334924816823,0.9669203536244236,0.45268686114274137
986,Business and Professional Services,2,0.5692298459836107,0.6270170263773391,0.05778718039372843
989,Business and Professional Services,2,0.38500927548019204,0.5463840593673391,0.1613747838871471
997,Business and Professional Services,2,0.8744777935673878,1.508025618816468,0.6335478252490803
1000,Business and Professional Services,2,0.4763480298550971,1.451417364161069,0.975069334305972
1011,Business and Professional Services,2,0.5749666661837433,1.4393306580622163,0.864363991878473
1013,Business and Professional Services,2,1.1525400287363974,0.7245037663700857,-0.42803626236631165
1016,Business and Professional Services,2,0.46635172263716484,0.8844495006701224,0.41809777803295756
1018,Business and Professional Services,2,0.45475672878620815,3.7118450610933165,3.2570883323071085
1024,Business and Professional Services,2,0.7419393684398315,1.0979901094277558,0.3560507409879242
1027,Business and Professional Services,2,0.778237300470336,1.8140356481495827,1.0357983476792467
1033,Business and Professional Services,2,0.889766751778323,1.9333889348458255,1.0436221830675025
1037,Business and Professional Services,2,0.5110298760276417,0.6014726300649883,0.09044275403734658
1041,Business and Professional Services,2,0.40325565506596966,0.5415032441051031,0.13824758903913342
1042,Business and Professional Services,2,0.41545489665313284,1.0675768352460333,0.6521219385929005
1061,Business and Professional Services,2,0.41733524288606494,1.025577328697719,0.6082420858116541
1065,Business and Professional Services,2,0.41347817209254056,1.5900518370418542,1.1765736649493137
1067,Business and Professional Services,2,0.7714005237449574,0.7949353865524051,0.023534862807447765
1079,Business and Professional Services,2,0.4007406179302483,0.9388552117764357,0.5381145938461874
1087,Business and Professional Services,2,0.6185222704091229,0.6178703855494163,-0.0006518848597065752
1092,Business and Professional Services,2,0.4463040914084397,0.9402174278031961,0.4939133363947564
1094,Business and Professional Services,2,0.7783765403850518,0.8117503433305786,0.03337380294552683
1108,Business and Professional Services,2,0.3667070005855422,1.895165939903104,1.5284589393175618
1114,Business and Professional Services,2,0.5676444739499075,0.550699923024408,-0.016944550925499513
1117,Business and Professional Services,2,0.5130516294889842,1.107374348032308,0.5943227185433237
1118,Business and Professional Services,2,0.5086831405152217,2.286697487685487,1.7780143471702652
1120,Business and Professional Services,2,0.5100135500852314,1.685755678920655,1.1757421288354235
1124,Business and Professional Services,2,0.5340807040139202,0.8108564829380539,0.27677577892413374
1126,Business and Professional Services,2,0.48617726888724555,1.449135267394608,0.9629579985073625
1134,Business and Professional Services,2,0.4988872259378798,0.9312780000413863,0.43239077410350646
1136,Business and Professional Services,2,0.7778328189646859,1.2718540919367392,0.4940212729720532
1138,Business and Professional Services,2,0.6910962545080591,2.8960073073509065,2.2049110528428475
1146,Business and Professional Services,2,0.4488445423904279,0.39238437615179345,-0.05646016623863448
1150,Business and Professional Services,2,0.5156376308687692,0.5243025301776539,0.0086648993088847
1159,Business and Professional Services,2,0.6017471038751707,0.8348265310482151,0.23307942717304442
1161,Business and Professional Services,2,0.29419077903100826,0.7415025749241605,0.44731179589315223
1164,Business and Professional Services,2,0.3725860766119103,0.4001550819407881,0.027569005328877794
1169,Business and Professional Services,2,0.6008491702906289,2.1480863322843753,1.5472371619937464
1184,Business and Professional Services,2,0.5967708989218855,0.7794098044908184,0.18263890556893292
1185,Business and Professional Services,2,0.41547670646296603,1.5350338871667848,1.1195571807038187
1186,Business and Professional Services,2,0.47261995073417906,1.2388712277990421,0.7662512770648631
1187,Business and Professional Services,2,0.6730728344771735,1.0409231119175106,0.36785027744033716
1192,Business and Professional Services,2,0.44818933881618983,1.7138218484328513,1.2656325096166614
1197,Business and Professional Services,2,0.516451854000405,1.6961789222497887,1.1797270682493837
1208,Business and Professional Services,2,0.5805384769609877,1.0165813516075983,0.4360428746466106
1214,Business and Professional Services,2,0.6263837302578465,1.8866231813601968,1.2602394511023502
1218,Business and Professional Services,2,0.8293432835269775,2.0313143389970705,1.2019710554700929
1221,Business and Professional Services,2,0.7155131697051375,1.6717505455479058,0.9562373758427684
1224,Business and Professional Services,2,1.1975274232188764,0.5993232922593665,-0.5982041309595099
1228,Business and Professional Services,2,0.5028814308830878,0.8882393277990585,0.38535789691597067
1232,Business and Professional Services,2,0.5543934824587714,0.8268291007521843,0.2724356182934129
2,Business and Professional Services,3,0.4767638162316865,1.4276593579644719,0.9508955417327853
5,Business and Professional Services,3,0.4332332014173959,1.2695398852874167,0.8363066838700208
12,Business and Professional Services,3,0.519302399997308,0.5246270239896218,0.005324623992313815
21,Business and Professional Services,3,2.595639005986566,2.8142026454968136,0.2185636395102475
25,Business and Professional Services,3,0.38885050116016134,0.5669031781219527,0.17805267696179133
36,Business and Professional Services,3,0.3761953947991983,0.7734679570356338,0.3972725622364355
37,Business and Professional Services,3,0.4958668704485165,0.5312640821539494,0.03539721170543286
49,Business and Professional Services,3,0.5421964118071112,3.6192551922703116,3.0770587804632004
53,Business and Professional Services,3,0.3266028490144008,0.4397551022926752,0.11315225327827444
56,Business and Professional Services,3,0.2940677131245064,0.6135287221374484,0.31946100901294194
64,Business and Professional Services,3,1.0933877965290209,1.751729668474885,0.6583418719458642
67,Business and Professional Services,3,0.8966722106954357,0.9433326311443622,0.04666042044892649
69,Business and Professional Services,3,0.5331252816258939,3.3290027285909503,2.7958774469650565
72,Business and Professional Services,3,0.3532408006349333,0.27161183693656143,-0.08162896369837186
74,Business and Professional Services,3,0.5089446046163831,5.230352181209693,4.72140757659331
77,Business and Professional Services,3,0.4000605076331013,0.7248274905158394,0.3247669828827381
84,Business and Professional Services,3,0.4536921758764068,0.646726213833497,0.19303403795709023
90,Business and Professional Services,3,0.5430741396180734,6.481240632122697,5.938166492504624
97,Business and Professional Services,3,0.5697050699965832,0.7690058149912313,0.19930074499464812
98,Business and Professional Services,3,0.4708658338992647,0.48643535580800157,0.015569521908736894
99,Business and Professional Services,3,0.3357802787781508,5.467171794446214,5.131391515668064
109,Business and Professional Services,3,0.5960995299048867,0.6341254384521953,0.038025908547308584
111,Business and Professional Services,3,0.5586523716002444,0.5413923905431349,-0.017259981057109464
117,Business and Professional Services,3,0.32631611456089626,0.8199414353724542,0.49362532081155797
118,Business and Professional Services,3,0.33259677380626296,0.6422213736029947,0.30962459979673174
120,Business and Professional Services,3,0.4127254767146181,0.42662778144533253,0.01390230473071441
124,Business and Professional Services,3,0.42974198261393787,1.1565057675951158,0.7267637849811779
126,Business and Professional Services,3,0.45844246542620126,3.07931711353268,2.6208746481064784
130,Business and Professional Services,3,0.5233879244525205,0.4373936774076874,-0.08599424704483305
144,Business and Professional Services,3,0.4512602421254125,0.9698998792986173,0.5186396371732048
149,Business and Professional Services,3,0.5238566978598095,0.826096754136534,0.30224005627672457
150,Business and Professional Services,3,0.504103936695667,0.5536986290790006,0.04959469238333358
160,Business and Professional Services,3,0.5456833508181954,0.8316014170175521,0.28591806619935667
164,Business and Professional Services,3,0.3345894370061063,0.3773151014497811,0.04272566444367476
166,Business and Professional Services,3,0.2996998282689129,0.4996300932867543,0.1999302650178414
173,Business and Professional Services,3,0.5775251385776741,2.7730471672563586,2.1955220286786847
186,Business and Professional Services,3,0.4797996276759682,1.2139431862925554,0.7341435586165872
189,Business and Professional Services,3,0.3573433728503198,3.9926567068957683,3.6353133340454487
199,Business and Professional Services,3,1.0982004559589997,1.5206792061033885,0.42247875014438874
206,Business and Professional Services,3,0.38449508015201284,1.8688872112176527,1.4843921310656398
208,Business and Professional Services,3,1.2667283088067145,1.3137379903928523,0.04700968158613783
209,Business and Professional Services,3,0.511249846093341,2.9628971286668553,2.4516472825735143
212,Business and Professional Services,3,0.5084226545669722,0.37753598688164547,-0.13088666768532675
213,Business and Professional Services,3,0.4619594275007839,0.4776888382474637,0.01572941074667983
220,Business and Professional Services,3,1.0670825295591375,2.823957369827254,1.7568748402681167
223,Business and Professional Services,3,1.376369308667773,3.1284644526202525,1.7520951439524795
234,Business and Professional Services,3,0.6109962161755625,2.0955838786048817,1.4845876624293193
237,Business and Professional Services,3,0.7716145256582242,0.849918824583424,0.07830429892519986
244,Business and Professional Services,3,0.4795941124402018,5.153631064372622,4.67403695193242
245,Business and Professional Services,3,0.4338005240826789,2.2975215300940697,1.863721006011391
251,Business and Professional Services,3,1.3919913307989944,3.8361780152570693,2.444186684458075
253,Business and Professional Services,3,0.6711398021568339,0.7491123869184224,0.07797258476158853
258,Business and Professional Services,3,0.5676310871122393,0.9337307148560214,0.36609962774378213
264,Business and Professional Services,3,0.6508587521694869,0.7974204065712484,0.1465616544017615
268,Business and Professional Services,3,0.524166100877322,0.7070059958027066,0.18283989492538466
269,Business and Professional Services,3,0.38947238311848004,1.2293831875520649,0.8399108044335848
270,Business and Professional Services,3,0.5940037064727022,1.1860760106510007,0.5920723041782985
273,Business and Professional Services,3,0.44414241045959413,2.487357977423172,2.043215566963578
274,Business and Professional Services,3,0.5541561793696301,1.6600104291717068,1.1058542498020767
280,Business and Professional Services,3,0.9608296196759533,1.8211655543709484,0.8603359346949951
283,Business and Professional Services,3,0.4085393596572059,0.6452038767075735,0.23666451705036762
292,Business and Professional Services,3,0.9926225073652812,0.7815317272366618,-0.21109078012861948
325,Business and Professional Services,3,0.2979073001088789,1.183727617851158,0.8858203177422791
329,Business and Professional Services,3,0.8776896043896696,0.891952815000049,0.014263210610379384
330,Business and Professional Services,3,0.9434044911805204,0.9937766400538179,0.05037214887329755
335,Business and Professional Services,3,0.5269845760774727,2.128755539461585,1.6017709633841124
337,Business and Professional Services,3,0.5534634059139114,0.6554172659899085,0.10195386007599705
340,Business and Professional Services,3,0.44814590440790686,0.4866952898510627,0.03854938544315584
345,Business and Professional Services,3,0.37249690638732413,4.432731005446503,4.060234099059179
356,Business and Professional Services,3,0.6551812735953949,1.859393686653279,1.204212413057884
360,Business and Professional Services,3,0.47473849016499564,0.629905488805999,0.1551669986410033
363,Business and Professional Services,3,0.4876841691180254,0.49320223822199805,0.005518069103972623
364,Business and Professional Services,3,0.37388400319876625,0.35085022032293955,-0.02303378287582669
366,Business and Professional Services,3,0.6859987770821558,1.6827520995968932,0.9967533225147374
369,Business and Professional Services,3,0.6851792041155396,0.6528657063639114,-0.03231349775162817
373,Business and Professional Services,3,0.3127344378635649,0.2932447918101428,-0.019489646053422127
382,Business and Professional Services,3,0.451171357683856,1.0888429766992764,0.6376716190154204
396,Business and Professional Services,3,0.616698610768044,0.6563796312214458,0.03968102045340183
400,Business and Professional Services,3,0.5055983233897835,0.5350468526953545,0.02944852930557096
420,Business and Professional Services,3,0.5041185841000033,0.6584696502058053,0.15435106610580196
425,Business and Professional Services,3,0.38138878008470234,0.4621816177614195,0.08079283767671719
427,Business and Professional Services,3,0.37989391268154016,0.4357305964893705,0.055836683807830356
428,Business and Professional Services,3,1.1772950666091373,1.128721277776395,-0.048573788832742215
432,Business and Professional Services,3,1.1177156269885642,1.2919938940476836,0.17427826705911942
433,Business and Professional Services,3,0.6546724598878622,0.933744592305545,0.2790721324176828
445,Business and Professional Services,3,0.45467735788265645,1.1661637382687537,0.7114863803860974
446,Business and Professional Services,3,0.3691264084076766,0.9998474979612578,0.6307210895535813
450,Business and Professional Services,3,0.47657222252705994,0.6002403726528283,0.12366815012576832
462,Business and Professional Services,3,0.5056575061970512,1.3526946948427163,0.8470371886456651
464,Business and Professional Services,3,0.5131976930029603,0.4971269617517333,-0.016070731251226933
468,Business and Professional Services,3,0.7843383187442823,0.8161568777311224,0.03181855898684016
471,Business and Professional Services,3,0.756575042817853,1.5114570037261519,0.7548819609082988
477,Business and Professional Services,3,0.43350468009848364,0.4691490734471903,0.03564439334870667
479,Business and Professional Services,3,0.5223853230798555,2.266699413337359,1.7443140902575034
480,Business and Professional Services,3,0.4220479931769628,0.744919408601054,0.3228714154240912
482,Business and Professional Services,3,0.6054250260076859,1.1987115115790148,0.5932864855713289
493,Business and Professional Services,3,0.5383287745280452,1.8787416471506024,1.3404128726225573
497,Business and Professional Services,3,0.7764748897264313,1.0913595688205113,0.31488467909408
505,Business and Professional Services,3,0.35838476773686945,0.7578003106153486,0.39941554287847914
506,Business and Professional Services,3,0.3775675147630243,0.7990106536382728,0.42144313887524854
513,Business and Professional Services,3,0.31326017824568686,0.8600917428982477,0.5468315646525609
514,Business and Professional Services,3,0.3775226119781637,0.9917471577531258,0.6142245457749621
519,Business and Professional Services,3,0.4300349124577947,1.8855226387161286,1.455487726258334
523,Business and Professional Services,3,0.263578111484447,2.2022707755515256,1.9386926640670787
529,Business and Professional Services,3,0.44946123473929755,0.7860705942460015,0.3366093595067039
550,Business and Professional Services,3,0.4867518820149106,0.5526674450696131,0.06591556305470248
555,Business and Professional Services,3,1.1457728420426743,1.1553261854977421,0.009553343455067864
558,Business and Professional Services,3,0.47816303077432676,2.408041713535208,1.9298786827608814
560,Business and Professional Services,3,0.7905179015686783,0.675899037399091,-0.11461886416958733
586,Business and Professional Services,3,1.1914388669563012,2.8189433987923986,1.6275045318360974
589,Business and Professional Services,3,0.47393578961288285,2.632412448878391,2.1584766592655082
591,Business and Professional Services,3,0.4141624738314043,0.7169902772590784,0.30282780342767407
595,Business and Professional Services,3,0.4026848504341236,1.1869411798960878,0.7842563294619642
596,Business and Professional Services,3,0.26368994929229467,0.3769758181779569,0.11328586888566222
600,Business and Professional Services,3,0.5087829896425231,1.6447326018928914,1.1359496122503683
601,Business and Professional Services,3,0.5402514340631764,1.7567040611504825,1.216452627087306
605,Business and Professional Services,3,0.8774144059485867,0.8590361912311855,-0.018378214717401198
609,Business and Professional Services,3,0.42756649651470224,1.3767550704446219,0.9491885739299196
611,Business and Professional Services,3,0.5539851371927755,1.5557207464591922,1.0017356092664167
614,Business and Professional Services,3,0.6757398030227268,0.8604045632015012,0.1846647601787743
615,Business and Professional Services,3,0.629544815450045,0.6171812753660354,-0.012363540084009639
625,Business and Professional Services,3,0.32360108907681434,1.0157985467756334,0.692197457698819
629,Business and Professional Services,3,0.5095447622437395,3.183080288022694,2.673535525778955
633,Business and Professional Services,3,0.5172638500663952,0.9510793505029781,0.4338155004365829
634,Business and Professional Services,3,0.4492693314339499,1.9382192661644357,1.4889499347304858
635,Business and Professional Services,3,0.4017599983968289,0.5923668361113084,0.19060683771447945
642,Business and Professional Services,3,0.6557753438871625,2.670207433456488,2.0144320895693255
643,Business and Professional Services,3,0.263578111484447,2.2022707755515256,1.9386926640670787
648,Business and Professional Services,3,0.5648609850645366,1.347135966320429,0.7822749812558923
649,Business and Professional Services,3,0.4644423025487643,1.0394864750161104,0.5750441724673461
657,Business and Professional Services,3,0.6752696318479203,1.397395570216536,0.7221259383686156
658,Business and Professional Services,3,0.445469087768409,2.703011346887193,2.2575422591187837
661,Business and Professional Services,3,0.5663133182291341,2.72914988637851,2.162836568149376
674,Business and Professional Services,3,0.6542174976218843,2.139829302510001,1.4856118048881166
676,Business and Professional Services,3,0.8239976934643893,0.95457929150838,0.1305815980439906
683,Business and Professional Services,3,0.9130896289158621,1.9933862431926066,1.0802966142767445
691,Business and Professional Services,3,0.9527066970921333,2.54413311378045,1.5914264166883165
694,Business and Professional Services,3,0.4141195664705237,0.9272464964226279,0.5131269299521042
707,Business and Professional Services,3,1.117351451935725,1.5639122064962012,0.44656075456047617
717,Business and Professional Services,3,0.40097275858010006,4.038670796630933,3.6376980380508335
720,Business and Professional Services,3,0.616499970888409,0.67634205673724,0.059842085848830995
722,Business and Professional Services,3,0.4103673806300513,0.43590078879942457,0.025533408169373273
726,Business and Professional Services,3,0.2841750861325322,2.3712843174822726,2.0871092313497406
729,Business and Professional Services,3,0.7786296412503119,1.5092072456992343,0.7305776044489224
733,Business and Professional Services,3,0.49236763793085403,0.46221754230613016,-0.03015009562472387
734,Business and Professional Services,3,0.44048444330956216,2.1905525761313465,1.7500681328217844
737,Business and Professional Services,3,0.7525693634633196,1.9846074628388781,1.2320380993755586
740,Business and Professional Services,3,0.5113707888192952,2.025260150566751,1.5138893617474558
744,Business and Professional Services,3,0.8253259631446959,0.9236305565660119,0.09830459342131603
755,Business and Professional Services,3,0.4603830118871376,1.230907407428917,0.7705243955417794
765,Business and Professional Services,3,0.5068830441554948,4.841906954075417,4.335023909919922
769,Business and Professional Services,3,0.5212645718855649,2.8898157476795427,2.3685511757939777
773,Business and Professional Services,3,0.3320435187198499,0.37916951679153515,0.04712599807168527
778,Business and Professional Services,3,0.6554218808812509,1.0476893617928862,0.3922674809116353
779,Business and Professional Services,3,0.5689755601481166,0.7634769124561823,0.19450135230806576
784,Business and Professional Services,3,0.6042934569483418,0.5476898067702728,-0.05660365017806901
791,Business and Professional Services,3,0.7152257958685019,0.8944066074648984,0.17918081159639654
798,Business and Professional Services,3,0.433275122191346,2.1834652719511207,1.7501901497597747
799,Business and Professional Services,3,0.7241809906746701,0.880400799481416,0.1562198088067459
801,Business and Professional Services,3,0.5828845954340711,0.5220991173910727,-0.060785478042998387
804,Business and Professional Services,3,0.6068029364682236,1.6072748356817437,1.0004718992135202
805,Business and Professional Services,3,0.5974940363667397,2.6495825896229173,2.0520885532561777
816,Business and Professional Services,3,0.4895803256835798,0.6143133510432073,0.12473302535962749
819,Business and Professional Services,3,0.47906820375192566,3.1533335312401753,2.6742653274882495
830,Business and Professional Services,3,0.6260242525070077,1.305275453938993,0.6792512014319854
832,Business and Professional Services,3,0.5486203415680252,1.0651043548252275,0.5164840132572023
837,Business and Professional Services,3,0.33203475235614366,1.0931558039710256,0.761121051614882
843,Business and Professional Services,3,0.8088741726881654,0.9944540713868922,0.18557989869872682
848,Business and Professional Services,3,0.6553184793093014,0.7318972999240616,0.07657882061476018
859,Business and Professional Services,3,0.5474665467753812,0.7688616921490039,0.2213951453736227
861,Business and Professional Services,3,0.562992379435994,1.391812292440282,0.828819913004288
864,Business and Professional Services,3,0.5700008200094904,2.0900458619862166,1.5200450419767262
866,Business and Professional Services,3,0.6454666636964601,0.9399604990640678,0.29449383536760765
875,Business and Professional Services,3,0.46557781610908966,2.1908349590238343,1.7252571429147445
878,Business and Professional Services,3,0.5677016916574498,0.6127614713762539,0.04505977971880415
879,Business and Professional Services,3,0.542117175291629,0.9809939813892323,0.4388768060976034
887,Business and Professional Services,3,0.3505586665306485,0.6146064462697349,0.26404777973908644
903,Business and Professional Services,3,0.9293425560873143,2.304523049978845,1.3751804938915309
907,Business and Professional Services,3,0.3284466644536497,0.9829686050893812,0.6545219406357315
909,Business and Professional Services,3,0.5686744227279845,1.125053307426803,0.5563788846988185
912,Business and Professional Services,3,0.41534754668702034,0.42167698133553333,0.006329434648512988
915,Business and Professional Services,3,0.5241625310287054,1.1786980141143604,0.654535483085655
920,Business and Professional Services,3,0.4528124627197494,0.9642503626619181,0.5114378999421687
927,Business and Professional Services,3,0.7426750284069283,1.6114092407954872,0.8687342123885589
929,Business and Professional Services,3,0.6694226501376556,1.0911460740312664,0.42172342389361084
930,Business and Professional Services,3,0.6769677985234646,0.7033221798187862,0.02635438129532164
935,Business and Professional Services,3,0.6045581043222714,0.8669825536615918,0.2624244493393204
938,Business and Professional Services,3,0.24796527119881454,0.3599305701791111,0.11196529898029658
941,Business and Professional Services,3,0.4508910047985322,0.4017718878249946,-0.0491191169735376
944,Business and Professional Services,3,0.6582379992931787,0.7629966204366434,0.10475862114346468
947,Business and Professional Services,3,0.28606489726220236,0.45688066602828437,0.170815768766082
957,Business and Professional Services,3,0.4708744307845844,3.0396642965252108,2.5687898657406265
963,Business and Professional Services,3,0.4111847251676259,0.531669026015372,0.12048430084774614
978,Business and Professional Services,3,0.6168457606740543,1.0833545484460099,0.4665087877719556
979,Business and Professional Services,3,0.4669556319962321,0.9005935121683324,0.4336378801721003
980,Business and Professional Services,3,0.4675731916619667,2.389336851427899,1.9217636597659322
981,Business and Professional Services,3,0.5142334924816823,1.0931623514216033,0.5789288589399211
986,Business and Professional Services,3,0.5692298459836107,0.6420925775137009,0.07286273153009015
989,Business and Professional Services,3,0.38500927548019204,0.7521749687670166,0.3671656932868246
997,Business and Professional Services,3,0.8744777935673878,1.589929030705951,0.7154512371385633
1000,Business and Professional Services,3,0.4763480298550971,1.9538703601754286,1.4775223303203315
1011,Business and Professional Services,3,0.5749666661837433,1.491855175117291,0.9168885089335478
1013,Business and Professional Services,3,1.1525400287363974,1.1211055023748226,-0.03143452636157473
1016,Business and Professional Services,3,0.46635172263716484,1.381670381229911,0.9153186585927461
1018,Business and Professional Services,3,0.45475672878620815,3.7288418297018686,3.2740851009156606
1024,Business and Professional Services,3,0.7419393684398315,1.1996277315136452,0.45768836307381366
1027,Business and Professional Services,3,0.778237300470336,2.402041622189599,1.623804321719263
1033,Business and Professional Services,3,0.889766751778323,2.9732622773237174,2.0834955255453944
1037,Business and Professional Services,3,0.5110298760276417,0.6420703771750316,0.13104050114738985
1041,Business and Professional Services,3,0.40325565506596966,0.5793812154426963,0.1761255603767266
1042,Business and Professional Services,3,0.41545489665313284,1.2388603866830865,0.8234054900299537
1061,Business and Professional Services,3,0.41733524288606494,1.680639171205025,1.26330392831896
1065,Business and Professional Services,3,0.41347817209254056,3.322543820131877,2.9090656480393364
1067,Business and Professional Services,3,0.7714005237449574,0.8099769465126914,0.03857642276773399
1079,Business and Professional Services,3,0.4007406179302483,1.1247796155359235,0.7240389976056752
1087,Business and Professional Services,3,0.6185222704091229,0.6137790177425777,-0.0047432526665451835
1092,Business and Professional Services,3,0.4463040914084397,1.0654265789104083,0.6191224875019685
1094,Business and Professional Services,3,0.7783765403850518,0.8329804195805203,0.0546038791954685
1108,Business and Professional Services,3,0.3667070005855422,4.013010652105265,3.646303651519723
1114,Business and Professional Services,3,0.5676444739499075,0.5481281928152594,-0.019516281134648095
1117,Business and Professional Services,3,0.5130516294889842,1.7759132649789122,1.262861635489928
1118,Business and Professional Services,3,0.5086831405152217,2.5082735256046034,1.9995903850893817
1120,Business and Professional Services,3,0.5100135500852314,4.535727839804494,4.025714289719263
1124,Business and Professional Services,3,0.5340807040139202,0.9061820410390635,0.37210133702514336
1126,Business and Professional Services,3,0.48617726888724555,1.7082598074473294,1.222082538560084
1134,Business and Professional Services,3,0.4988872259378798,1.1852167038144916,0.6863294778766118
1136,Business and Professional Services,3,0.7778328189646859,1.4832850249704626,0.7054522060057766
1138,Business and Professional Services,3,0.6910962545080591,3.174927661782549,2.48383140727449
1146,Business and Professional Services,3,0.4488445423904279,2.807386682920593,2.358542140530165
1150,Business and Professional Services,3,0.5156376308687692,0.8459313536996482,0.330293722830879
1159,Business and Professional Services,3,0.6017471038751707,1.0072720741131607,0.40552497023798995
1161,Business and Professional Services,3,0.29419077903100826,0.696895489576686,0.40270471054567775
1164,Business and Professional Services,3,0.3725860766119103,0.4674701688278433,0.09488409221593302
1169,Business and Professional Services,3,0.6008491702906289,2.6723979009518057,2.071548730661177
1184,Business and Professional Services,3,0.5967708989218855,2.38548177395979,1.7887108750379044
1185,Business and Professional Services,3,0.41547670646296603,1.7204573250998183,1.3049806186368522
1186,Business and Professional Services,3,0.47261995073417906,2.81085143901044,2.3382314882762607
1187,Business and Professional Services,3,0.6730728344771735,1.0921590627348774,0.4190862282577039
1192,Business and Professional Services,3,0.44818933881618983,1.8586128390807555,1.4104235002645655
1197,Business and Professional Services,3,0.516451854000405,2.080757257248029,1.5643054032476238
1208,Business and Professional Services,3,0.5805384769609877,1.0759502644462349,0.49541178748524717
1214,Business and Professional Services,3,0.6263837302578465,2.7607010203802305,2.134317290122384
1218,Business and Professional Services,3,0.8293432835269775,2.678480675213125,1.8491373916861473
1221,Business and Professional Services,3,0.7155131697051375,2.682633157034401,1.9671199873292635
1224,Business and Professional Services,3,1.1975274232188764,0.906807033416356,-0.29072038980252035
1228,Business and Professional Services,3,0.5028814308830878,1.4058465014345065,0.9029650705514187
1232,Business and Professional Services,3,0.5543934824587714,0.9776125583973151,0.4232190759385437
2,Landmarks and Outdoors,1,0.4767638162316865,0.508466786048717,0.03170296981703047
5,Landmarks and Outdoors,1,0.4332332014173959,0.6002159838047235,0.1669827823873276
12,Landmarks and Outdoors,1,0.519302399997308,0.5134485878668196,-0.005853812130488412
21,Landmarks and Outdoors,1,2.595639005986566,2.63210603336172,0.03646702737515373
25,Landmarks and Outdoors,1,0.38885050116016134,0.5221422946716409,0.13329179351147952
36,Landmarks and Outdoors,1,0.3761953947991983,0.632751485422169,0.2565560906229707
37,Landmarks and Outdoors,1,0.4958668704485165,0.612482398660268,0.11661552821175147
49,Landmarks and Outdoors,1,0.5421964118071112,0.5635356272305632,0.021339215423451963
53,Landmarks and Outdoors,1,0.3266028490144008,0.3235620002164125,-0.0030408487979882715
56,Landmarks and Outdoors,1,0.2940677131245064,0.34048144401968405,0.04641373089517764
64,Landmarks and Outdoors,1,1.0933877965290209,1.1288895057092878,0.03550170918026696
67,Landmarks and Outdoors,1,0.8966722106954357,0.8534036824953077,-0.04326852820012794
69,Landmarks and Outdoors,1,0.5331252816258939,4.584046971520518,4.050921689894624
72,Landmarks and Outdoors,1,0.3532408006349333,0.3482727353068473,-0.004968065328085969
74,Landmarks and Outdoors,1,0.5089446046163831,6.60329928055376,6.094354675937376
77,Landmarks and Outdoors,1,0.4000605076331013,0.5553194704050564,0.15525896277195506
84,Landmarks and Outdoors,1,0.4536921758764068,0.43606008987796246,-0.017632085998444347
90,Landmarks and Outdoors,1,0.5430741396180734,4.670794010798664,4.127719871180591
97,Landmarks and Outdoors,1,0.5697050699965832,0.7583550005948348,0.18864993059825164
98,Landmarks and Outdoors,1,0.4708658338992647,0.5386909885297013,0.06782515463043665
99,Landmarks and Outdoors,1,0.3357802787781508,0.34657389474292355,0.01079361596477274
109,Landmarks and Outdoors,1,0.5960995299048867,0.7116424086087818,0.11554287870389512
111,Landmarks and Outdoors,1,0.5586523716002444,0.5879595014248845,0.02930712982464012
117,Landmarks and Outdoors,1,0.32631611456089626,0.4371185106869937,0.11080239612609744
118,Landmarks and Outdoors,1,0.33259677380626296,0.446730719847193,0.11413394604093002
120,Landmarks and Outdoors,1,0.4127254767146181,0.4090428630823329,-0.0036826136322852254
124,Landmarks and Outdoors,1,0.42974198261393787,3.557714997948674,3.1279730153347365
126,Landmarks and Outdoors,1,0.45844246542620126,0.4843675881148278,0.025925122688626512
130,Landmarks and Outdoors,1,0.5233879244525205,0.5773017515842354,0.053913827131714886
144,Landmarks and Outdoors,1,0.4512602421254125,0.5127281487555524,0.0614679066301399
149,Landmarks and Outdoors,1,0.5238566978598095,0.9038170063884015,0.379960308528592
150,Landmarks and Outdoors,1,0.504103936695667,0.5142159277167029,0.010111991021035882
160,Landmarks and Outdoors,1,0.5456833508181954,0.6093866393413616,0.0637032885231662
164,Landmarks and Outdoors,1,0.3345894370061063,0.35203471744270953,0.017445280436603205
166,Landmarks and Outdoors,1,0.2996998282689129,0.3331682742370168,0.03346844596810389
173,Landmarks and Outdoors,1,0.5775251385776741,0.7117113890562616,0.13418625047858757
186,Landmarks and Outdoors,1,0.4797996276759682,0.5520607860443358,0.07226115836836766
189,Landmarks and Outdoors,1,0.3573433728503198,0.3808420368441475,0.023498663993827718
199,Landmarks and Outdoors,1,1.0982004559589997,1.4697735564449859,0.37157310048598613
206,Landmarks and Outdoors,1,0.38449508015201284,0.7072255856047691,0.3227305054527563
208,Landmarks and Outdoors,1,1.2667283088067145,1.276412707211813,0.009684398405098493
209,Landmarks and Outdoors,1,0.511249846093341,0.6568298660957113,0.14558002000237025
212,Landmarks and Outdoors,1,0.5084226545669722,0.39559662810115703,-0.11282602646581519
213,Landmarks and Outdoors,1,0.4619594275007839,0.4501334355757375,-0.011825991925046409
220,Landmarks and Outdoors,1,1.0670825295591375,3.204696702746663,2.1376141731875253
223,Landmarks and Outdoors,1,1.376369308667773,1.802463330646217,0.4260940219784439
234,Landmarks and Outdoors,1,0.6109962161755625,1.638502210361115,1.0275059941855527
237,Landmarks and Outdoors,1,0.7716145256582242,0.9076621539481108,0.1360476282898866
244,Landmarks and Outdoors,1,0.4795941124402018,6.550290682647131,6.0706965702069295
245,Landmarks and Outdoors,1,0.4338005240826789,1.042317918528006,0.6085173944453272
251,Landmarks and Outdoors,1,1.3919913307989944,2.4498336269297916,1.0578422961307972
253,Landmarks and Outdoors,1,0.6711398021568339,0.60767546088208,-0.06346434127475387
258,Landmarks and Outdoors,1,0.5676310871122393,0.727308365947749,0.15967727883550964
264,Landmarks and Outdoors,1,0.6508587521694869,1.2575566439300339,0.606697891760547
268,Landmarks and Outdoors,1,0.524166100877322,0.5641037786674434,0.03993767779012147
269,Landmarks and Outdoors,1,0.38947238311848004,0.611444619920547,0.22197223680206696
270,Landmarks and Outdoors,1,0.5940037064727022,1.1649689924059332,0.570965285933231
273,Landmarks and Outdoors,1,0.44414241045959413,0.654805618827921,0.21066320836832686
274,Landmarks and Outdoors,1,0.5541561793696301,0.6631589084051435,0.10900272903551333
280,Landmarks and Outdoors,1,0.9608296196759533,0.9323631805696886,-0.028466439106264674
283,Landmarks and Outdoors,1,0.4085393596572059,0.5264922609964311,0.1179529013392252
292,Landmarks and Outdoors,1,0.9926225073652812,0.8710741355190315,-0.12154837184624978
325,Landmarks and Outdoors,1,0.2979073001088789,0.310248751171626,0.012341451062747089
329,Landmarks and Outdoors,1,0.8776896043896696,0.8721313285986305,-0.005558275791039069
330,Landmarks and Outdoors,1,0.9434044911805204,0.9447731856385743,0.0013686944580538762
335,Landmarks and Outdoors,1,0.5269845760774727,0.6005239519642652,0.07353937588679249
337,Landmarks and Outdoors,1,0.5534634059139114,0.5182163702654772,-0.03524703564843423
340,Landmarks and Outdoors,1,0.44814590440790686,0.4325687446372484,-0.015577159770658433
345,Landmarks and Outdoors,1,0.37249690638732413,0.34830831455858996,-0.024188591828734174
356,Landmarks and Outdoors,1,0.6551812735953949,0.6535373963537858,-0.0016438772416090819
360,Landmarks and Outdoors,1,0.47473849016499564,0.5732697664917856,0.09853127632678998
363,Landmarks and Outdoors,1,0.4876841691180254,0.4855126740762654,-0.0021714950417600076
364,Landmarks and Outdoors,1,0.37388400319876625,0.35313469335023895,-0.020749309848527298
366,Landmarks and Outdoors,1,0.6859987770821558,0.5936403152858614,-0.09235846179629448
369,Landmarks and Outdoors,1,0.6851792041155396,0.5749327132286426,-0.11024649088689698
373,Landmarks and Outdoors,1,0.3127344378635649,0.3264483052864717,0.013713867422906756
382,Landmarks and Outdoors,1,0.451171357683856,0.6034630495113292,0.1522916918274732
396,Landmarks and Outdoors,1,0.616698610768044,0.5771811967179781,-0.039517414050065924
400,Landmarks and Outdoors,1,0.5055983233897835,0.4953140909095298,-0.010284232480253674
420,Landmarks and Outdoors,1,0.5041185841000033,0.5102378218318907,0.006119237731887384
425,Landmarks and Outdoors,1,0.38138878008470234,0.4796259385043635,0.09823715841966119
427,Landmarks and Outdoors,1,0.37989391268154016,0.3948119825113773,0.014918069829837122
428,Landmarks and Outdoors,1,1.1772950666091373,1.1388865794029008,-0.038408487206236464
432,Landmarks and Outdoors,1,1.1177156269885642,1.2473058590598607,0.1295902320712965
433,Landmarks and Outdoors,1,0.6546724598878622,0.7622643619701523,0.10759190208229019
445,Landmarks and Outdoors,1,0.45467735788265645,0.8066862773328674,0.3520089194502109
446,Landmarks and Outdoors,1,0.3691264084076766,0.5017840712713668,0.13265766286369024
450,Landmarks and Outdoors,1,0.47657222252705994,0.5484669792159702,0.07189475668891027
462,Landmarks and Outdoors,1,0.5056575061970512,0.6514167157753763,0.1457592095783251
464,Landmarks and Outdoors,1,0.5131976930029603,0.7765299402473541,0.26333224724439386
468,Landmarks and Outdoors,1,0.7843383187442823,0.8006948670921531,0.016356548347870814
471,Landmarks and Outdoors,1,0.756575042817853,0.654441175081311,-0.10213386773654198
477,Landmarks and Outdoors,1,0.43350468009848364,0.5752515155738651,0.14174683547538147
479,Landmarks and Outdoors,1,0.5223853230798555,0.6386787171402704,0.11629339406041483
480,Landmarks and Outdoors,1,0.4220479931769628,0.6784001593151346,0.25635216613817186
482,Landmarks and Outdoors,1,0.6054250260076859,0.5670125918874833,-0.038412434120202565
493,Landmarks and Outdoors,1,0.5383287745280452,0.5996110875863692,0.06128231305832399
497,Landmarks and Outdoors,1,0.7764748897264313,1.4212785857999288,0.6448036960734975
505,Landmarks and Outdoors,1,0.35838476773686945,0.43184122543762343,0.07345645770075399
506,Landmarks and Outdoors,1,0.3775675147630243,0.4845510655478613,0.10698355078483701
513,Landmarks and Outdoors,1,0.31326017824568686,0.3868965627021293,0.07363638445644244
514,Landmarks and Outdoors,1,0.3775226119781637,4.857053194588952,4.479530582610788
519,Landmarks and Outdoors,1,0.4300349124577947,1.2248112994415588,0.7947763869837641
523,Landmarks and Outdoors,1,0.263578111484447,0.6057120776171365,0.34213396613268954
529,Landmarks and Outdoors,1,0.44946123473929755,0.43101757470884955,-0.018443660030448006
550,Landmarks and Outdoors,1,0.4867518820149106,0.4691457568085156,-0.017606125206394985
555,Landmarks and Outdoors,1,1.1457728420426743,1.1824115659290952,0.036638723886420976
558,Landmarks and Outdoors,1,0.47816303077432676,0.4466280794414965,-0.03153495133283024
560,Landmarks and Outdoors,1,0.7905179015686783,1.8214617530866664,1.030943851517988
586,Landmarks and Outdoors,1,1.1914388669563012,1.526702186011009,0.33526331905470785
589,Landmarks and Outdoors,1,0.47393578961288285,0.6263645519433082,0.15242876233042535
591,Landmarks and Outdoors,1,0.4141624738314043,0.6795404499047839,0.2653779760733796
595,Landmarks and Outdoors,1,0.4026848504341236,0.4739885777692119,0.07130372733508827
596,Landmarks and Outdoors,1,0.26368994929229467,0.325824027405087,0.06213407811279231
600,Landmarks and Outdoors,1,0.5087829896425231,2.6183450727919566,2.1095620831494335
601,Landmarks and Outdoors,1,0.5402514340631764,0.5619349141682182,0.02168348010504173
605,Landmarks and Outdoors,1,0.8774144059485867,0.8473182823904887,-0.030096123558097987
609,Landmarks and Outdoors,1,0.42756649651470224,1.5502233201654347,1.1226568236507326
611,Landmarks and Outdoors,1,0.5539851371927755,0.783943124154542,0.2299579869617665
614,Landmarks and Outdoors,1,0.6757398030227268,0.912183478237238,0.23644367521451115
615,Landmarks and Outdoors,1,0.629544815450045,2.3285418644224096,1.6989970489723647
625,Landmarks and Outdoors,1,0.32360108907681434,0.45286831628022656,0.12926722720341222
629,Landmarks and Outdoors,1,0.5095447622437395,2.0307571438949434,1.521212381651204
633,Landmarks and Outdoors,1,0.5172638500663952,0.5595787304082009,0.04231488034180575
634,Landmarks and Outdoors,1,0.4492693314339499,1.7355088892028478,1.2862395577688979
635,Landmarks and Outdoors,1,0.4017599983968289,0.3975347026115238,-0.0042252957853051165
642,Landmarks and Outdoors,1,0.6557753438871625,0.719274712458471,0.06349936857130845
643,Landmarks and Outdoors,1,0.263578111484447,0.6057120776171365,0.34213396613268954
648,Landmarks and Outdoors,1,0.5648609850645366,0.6200158766758755,0.05515489161133891
649,Landmarks and Outdoors,1,0.4644423025487643,0.5862841439948268,0.12184184144606247
657,Landmarks and Outdoors,1,0.6752696318479203,0.7817892643740998,0.10651963252617946
658,Landmarks and Outdoors,1,0.445469087768409,0.580550877389992,0.13508178962158301
661,Landmarks and Outdoors,1,0.5663133182291341,0.6454647450365785,0.07915142680744436
674,Landmarks and Outdoors,1,0.6542174976218843,0.815129258772872,0.1609117611509877
676,Landmarks and Outdoors,1,0.8239976934643893,0.9832839435042997,0.15928625003991037
683,Landmarks and Outdoors,1,0.9130896289158621,0.996035547143151,0.08294591822728892
691,Landmarks and Outdoors,1,0.9527066970921333,2.3715557321271916,1.4188490350350582
694,Landmarks and Outdoors,1,0.4141195664705237,0.46364404241453516,0.04952447594401144
707,Landmarks and Outdoors,1,1.117351451935725,1.3736079685073763,0.25625651657165127
717,Landmarks and Outdoors,1,0.40097275858010006,4.885362029916129,4.4843892713360285
720,Landmarks and Outdoors,1,0.616499970888409,0.672681868645928,0.05618189775751903
722,Landmarks and Outdoors,1,0.4103673806300513,0.3922229473312953,-0.01814443329875598
726,Landmarks and Outdoors,1,0.2841750861325322,0.7014023258846207,0.41722723975208853
729,Landmarks and Outdoors,1,0.7786296412503119,1.904549384916106,1.125919743665794
733,Landmarks and Outdoors,1,0.49236763793085403,1.2626238254496862,0.7702561875188322
734,Landmarks and Outdoors,1,0.44048444330956216,0.43796527717573647,-0.00251916613382569
737,Landmarks and Outdoors,1,0.7525693634633196,1.4881852368778268,0.7356158734145072
740,Landmarks and Outdoors,1,0.5113707888192952,0.5096437785858415,-0.001727010233453674
744,Landmarks and Outdoors,1,0.8253259631446959,0.8075882223754127,-0.01773774076928314
755,Landmarks and Outdoors,1,0.4603830118871376,0.794330665133492,0.33394765324635445
765,Landmarks and Outdoors,1,0.5068830441554948,0.5082765260136506,0.0013934818581557984
769,Landmarks and Outdoors,1,0.5212645718855649,0.5390423599227793,0.017777788037214415
773,Landmarks and Outdoors,1,0.3320435187198499,0.33203654460255594,-6.974117293945259e-06
778,Landmarks and Outdoors,1,0.6554218808812509,0.6593180143429563,0.0038961334617054755
779,Landmarks and Outdoors,1,0.5689755601481166,0.638833750580241,0.06985819043212449
784,Landmarks and Outdoors,1,0.6042934569483418,0.5521773687830052,-0.05211608816533664
791,Landmarks and Outdoors,1,0.7152257958685019,0.7353316876799675,0.020105891811465604
798,Landmarks and Outdoors,1,0.433275122191346,0.8023583075828243,0.36908318539147833
799,Landmarks and Outdoors,1,0.7241809906746701,0.7280837059756792,0.003902715301009052
801,Landmarks and Outdoors,1,0.5828845954340711,0.9571746443058134,0.37429004887174233
804,Landmarks and Outdoors,1,0.6068029364682236,0.7760772153044935,0.1692742788362699
805,Landmarks and Outdoors,1,0.5974940363667397,0.6311423606915156,0.033648324324775936
816,Landmarks and Outdoors,1,0.4895803256835798,0.5514117023522983,0.06183137666871852
819,Landmarks and Outdoors,1,0.47906820375192566,2.677147453444874,2.198079249692948
830,Landmarks and Outdoors,1,0.6260242525070077,0.6652627216986305,0.03923846919162288
832,Landmarks and Outdoors,1,0.5486203415680252,0.9293582687291413,0.3807379271611161
837,Landmarks and Outdoors,1,0.33203475235614366,0.5386307562134466,0.20659600385730292
843,Landmarks and Outdoors,1,0.8088741726881654,1.2334142445294183,0.42454007184125286
848,Landmarks and Outdoors,1,0.6553184793093014,0.6577594981591393,0.0024410188498378282
859,Landmarks and Outdoors,1,0.5474665467753812,0.4774187754834949,-0.07004777129188633
861,Landmarks and Outdoors,1,0.562992379435994,0.6130559258565752,0.050063546420581195
864,Landmarks and Outdoors,1,0.5700008200094904,0.6362605131499943,0.06625969314050395
866,Landmarks and Outdoors,1,0.6454666636964601,0.6099078954628694,-0.03555876823359072
875,Landmarks and Outdoors,1,0.46557781610908966,0.5518468124508094,0.0862689963417197
878,Landmarks and Outdoors,1,0.5677016916574498,0.5279818208056435,-0.03971987085180628
879,Landmarks and Outdoors,1,0.542117175291629,0.6586011220944512,0.11648394680282226
887,Landmarks and Outdoors,1,0.3505586665306485,0.3340662335789244,-0.01649243295172409
903,Landmarks and Outdoors,1,0.9293425560873143,1.5622878433300387,0.6329452872427244
907,Landmarks and Outdoors,1,0.3284466644536497,0.2774494688596061,-0.05099719559404359
909,Landmarks and Outdoors,1,0.5686744227279845,1.2551443572555163,0.6864699345275318
912,Landmarks and Outdoors,1,0.41534754668702034,0.4745138484252478,0.059166301738227456
915,Landmarks and Outdoors,1,0.5241625310287054,0.7108603772405033,0.18669784621179797
920,Landmarks and Outdoors,1,0.4528124627197494,0.4282199261125701,-0.024592536607179305
927,Landmarks and Outdoors,1,0.7426750284069283,0.7251154186245201,-0.017559609782408225
929,Landmarks and Outdoors,1,0.6694226501376556,0.6603141616574089,-0.009108488480246701
930,Landmarks and Outdoors,1,0.6769677985234646,1.471627481601994,0.7946596830785295
935,Landmarks and Outdoors,1,0.6045581043222714,1.1999281084443487,0.5953700041220773
938,Landmarks and Outdoors,1,0.24796527119881454,0.28750361460349094,0.03953834340467641
941,Landmarks and Outdoors,1,0.4508910047985322,0.3990211245900026,-0.05186988020852962
944,Landmarks and Outdoors,1,0.6582379992931787,0.7304916473473642,0.07225364805418544
947,Landmarks and Outdoors,1,0.28606489726220236,0.26696389658572695,-0.01910100067647541
957,Landmarks and Outdoors,1,0.4708744307845844,0.9077819665447238,0.43690753576013935
963,Landmarks and Outdoors,1,0.4111847251676259,0.5247501236188046,0.11356539845117869
978,Landmarks and Outdoors,1,0.6168457606740543,0.806768804092566,0.18992304341851174
979,Landmarks and Outdoors,1,0.4669556319962321,0.5352424260432086,0.06828679404697652
980,Landmarks and Outdoors,1,0.4675731916619667,0.566298364978028,0.09872517331606129
981,Landmarks and Outdoors,1,0.5142334924816823,0.6260817869562232,0.11184829447454092
986,Landmarks and Outdoors,1,0.5692298459836107,0.5814948421211243,0.01226499613751364
989,Landmarks and Outdoors,1,0.38500927548019204,0.7738316254097559,0.3888223499295639
997,Landmarks and Outdoors,1,0.8744777935673878,1.7135350824690407,0.839057288901653
1000,Landmarks and Outdoors,1,0.4763480298550971,0.6596351963907172,0.1832871665356201
1011,Landmarks and Outdoors,1,0.5749666661837433,1.7132580614335655,1.1382913952498224
1013,Landmarks and Outdoors,1,1.1525400287363974,1.3246668166923716,0.17212678795597425
1016,Landmarks and Outdoors,1,0.46635172263716484,0.4567856351581921,-0.009566087478972751
1018,Landmarks and Outdoors,1,0.45475672878620815,0.486569474909365,0.03181274612315682
1024,Landmarks and Outdoors,1,0.7419393684398315,0.7500211406232526,0.008081772183421099
1027,Landmarks and Outdoors,1,0.778237300470336,0.6211421413848268,-0.1570951590855092
1033,Landmarks and Outdoors,1,0.889766751778323,0.9875745663780575,0.09780781459973453
1037,Landmarks and Outdoors,1,0.5110298760276417,0.48669231099848587,-0.02433756502915585
1041,Landmarks and Outdoors,1,0.40325565506596966,0.5173168673803648,0.11406121231439509
1042,Landmarks and Outdoors,1,0.41545489665313284,0.6760144287403603,0.2605595320872275
1061,Landmarks and Outdoors,1,0.41733524288606494,0.45013688781187755,0.03280164492581261
1065,Landmarks and Outdoors,1,0.41347817209254056,0.4126365515540828,-0.0008416205384577657
1067,Landmarks and Outdoors,1,0.7714005237449574,0.7759252649105647,0.0045247411656073044
1079,Landmarks and Outdoors,1,0.4007406179302483,0.6478672025001436,0.24712658456989534
1087,Landmarks and Outdoors,1,0.6185222704091229,0.6054837990033227,-0.013038471405800167
1092,Landmarks and Outdoors,1,0.4463040914084397,0.8019217397187413,0.35561764831030157
1094,Landmarks and Outdoors,1,0.7783765403850518,0.8993033896539622,0.1209268492689104
1108,Landmarks and Outdoors,1,0.3667070005855422,1.9322700673321995,1.5655630667466574
1114,Landmarks and Outdoors,1,0.5676444739499075,0.5323565393844052,-0.03528793456550228
1117,Landmarks and Outdoors,1,0.5130516294889842,0.9485527731566195,0.43550114366763526
1118,Landmarks and Outdoors,1,0.5086831405152217,0.6766876225612326,0.16800448204601093
1120,Landmarks and Outdoors,1,0.5100135500852314,1.4193141069845097,0.9093005568992782
1124,Landmarks and Outdoors,1,0.5340807040139202,0.6215557450664531,0.0874750410525329
1126,Landmarks and Outdoors,1,0.48617726888724555,1.4959004894806849,1.0097232205934392
1134,Landmarks and Outdoors,1,0.4988872259378798,0.5335696366547731,0.034682410716893264
1136,Landmarks and Outdoors,1,0.7778328189646859,1.0875431821679749,0.30971036320328893
1138,Landmarks and Outdoors,1,0.6910962545080591,1.8455219793676307,1.1544257248595717
1146,Landmarks and Outdoors,1,0.4488445423904279,0.3607351813519866,-0.0881093610384413
1150,Landmarks and Outdoors,1,0.5156376308687692,0.5067998133485478,-0.008837817520221392
1159,Landmarks and Outdoors,1,0.6017471038751707,0.9337586498159126,0.3320115459407419
1161,Landmarks and Outdoors,1,0.29419077903100826,0.35154090953796135,0.05735013050695309
1164,Landmarks and Outdoors,1,0.3725860766119103,0.40250277304085824,0.029916696428947953
1169,Landmarks and Outdoors,1,0.6008491702906289,1.1821319762053664,0.5812828059147375
1184,Landmarks and Outdoors,1,0.5967708989218855,0.6710398798458894,0.07426898092400391
1185,Landmarks and Outdoors,1,0.41547670646296603,0.7569339035554625,0.3414571970924965
1186,Landmarks and Outdoors,1,0.47261995073417906,3.7034903399718306,3.2308703892376514
1187,Landmarks and Outdoors,1,0.6730728344771735,1.861970071581553,1.1888972371043796
1192,Landmarks and Outdoors,1,0.44818933881618983,0.565801354209285,0.11761201539309518
1197,Landmarks and Outdoors,1,0.516451854000405,0.5209620498984933,0.0045101958980882095
1208,Landmarks and Outdoors,1,0.5805384769609877,0.6117670899982564,0.03122861303726865
1214,Landmarks and Outdoors,1,0.6263837302578465,0.7198077414424804,0.09342401118463384
1218,Landmarks and Outdoors,1,0.8293432835269775,0.8743419928302827,0.044998709303305184
1221,Landmarks and Outdoors,1,0.7155131697051375,0.8013230893508441,0.08580991964570661
1224,Landmarks and Outdoors,1,1.1975274232188764,1.0302288939650643,-0.16729852925381206
1228,Landmarks and Outdoors,1,0.5028814308830878,0.5233888896386646,0.020507458755576802
1232,Landmarks and Outdoors,1,0.5543934824587714,0.8523154500043614,0.29792196754558997
2,Landmarks and Outdoors,2,0.4767638162316865,0.8525737212283253,0.3758099049966388
5,Landmarks and Outdoors,2,0.4332332014173959,2.103549816258945,1.6703166148415491
12,Landmarks and Outdoors,2,0.519302399997308,0.5184148223966021,-0.0008875776007059022
21,Landmarks and Outdoors,2,2.595639005986566,2.6851613567688313,0.08952235078226511
25,Landmarks and Outdoors,2,0.38885050116016134,1.2231451003386442,0.8342945991784829
36,Landmarks and Outdoors,2,0.3761953947991983,1.1158077438013048,0.7396123490021065
37,Landmarks and Outdoors,2,0.4958668704485165,0.9167341802675021,0.42086730981898557
49,Landmarks and Outdoors,2,0.5421964118071112,0.5333165563115632,-0.008879855495548039
53,Landmarks and Outdoors,2,0.3266028490144008,0.4064648966915304,0.07986204767712962
56,Landmarks and Outdoors,2,0.2940677131245064,0.4148250893290475,0.12075737620454108
64,Landmarks and Outdoors,2,1.0933877965290209,4.002882272332439,2.909494475803418
67,Landmarks and Outdoors,2,0.8966722106954357,0.8381603859930706,-0.058511824702365045
69,Landmarks and Outdoors,2,0.5331252816258939,5.19549240811792,4.6623671264920254
72,Landmarks and Outdoors,2,0.3532408006349333,0.6020674509886962,0.2488266503537629
74,Landmarks and Outdoors,2,0.5089446046163831,6.342364363237937,5.833419758621554
77,Landmarks and Outdoors,2,0.4000605076331013,0.6794073470000521,0.2793468393669508
84,Landmarks and Outdoors,2,0.4536921758764068,0.5538213561707436,0.10012918029433676
90,Landmarks and Outdoors,2,0.5430741396180734,4.828406829914125,4.285332690296052
97,Landmarks and Outdoors,2,0.5697050699965832,1.1507268200869132,0.58102175009033
98,Landmarks and Outdoors,2,0.4708658338992647,0.6069978300022867,0.136131996103022
99,Landmarks and Outdoors,2,0.3357802787781508,5.491417398133156,5.1556371193550055
109,Landmarks and Outdoors,2,0.5960995299048867,0.8694696704758802,0.2733701405709935
111,Landmarks and Outdoors,2,0.5586523716002444,0.6277721858758393,0.06911981427559488
117,Landmarks and Outdoors,2,0.32631611456089626,0.7023806244974744,0.37606450993657814
118,Landmarks and Outdoors,2,0.33259677380626296,0.6092970583463345,0.27670028454007156
120,Landmarks and Outdoors,2,0.4127254767146181,0.43683442026524466,0.024108943550626538
124,Landmarks and Outdoors,2,0.42974198261393787,3.5201515583779175,3.09040957576398
126,Landmarks and Outdoors,2,0.45844246542620126,0.42667523863502466,-0.031767226791176606
130,Landmarks and Outdoors,2,0.5233879244525205,0.5137848745472537,-0.009603049905266725
144,Landmarks and Outdoors,2,0.4512602421254125,0.6960285979845711,0.24476835585915857
149,Landmarks and Outdoors,2,0.5238566978598095,1.1904823325375404,0.666625634677731
150,Landmarks and Outdoors,2,0.504103936695667,0.5215793223916279,0.017475385695960854
160,Landmarks and Outdoors,2,0.5456833508181954,0.8295958985093876,0.28391254769119223
164,Landmarks and Outdoors,2,0.3345894370061063,0.4490193778441074,0.11442994083800107
166,Landmarks and Outdoors,2,0.2996998282689129,0.4590756046431206,0.1593757763742077
173,Landmarks and Outdoors,2,0.5775251385776741,3.2123667105408584,2.634841571963184
186,Landmarks and Outdoors,2,0.4797996276759682,0.6554267405531988,0.17562711287723065
189,Landmarks and Outdoors,2,0.3573433728503198,0.41217808988801097,0.05483471703769116
199,Landmarks and Outdoors,2,1.0982004559589997,1.6764568105489799,0.5782563545899801
206,Landmarks and Outdoors,2,0.38449508015201284,1.3086596624111857,0.9241645822591729
208,Landmarks and Outdoors,2,1.2667283088067145,1.2949031427087851,0.02817483390207065
209,Landmarks and Outdoors,2,0.511249846093341,0.8046000648181686,0.2933502187248276
212,Landmarks and Outdoors,2,0.5084226545669722,0.3438985013116301,-0.16452415325534214
213,Landmarks and Outdoors,2,0.4619594275007839,0.46473178644781227,0.002772358947028375
220,Landmarks and Outdoors,2,1.0670825295591375,3.452477508672684,2.3853949791135465
223,Landmarks and Outdoors,2,1.376369308667773,2.2574839009234786,0.8811145922557055
234,Landmarks and Outdoors,2,0.6109962161755625,2.1267884770059817,1.5157922608304193
237,Landmarks and Outdoors,2,0.7716145256582242,1.0551941021554674,0.2835795764972432
244,Landmarks and Outdoors,2,0.4795941124402018,6.255362603050154,5.775768490609952
245,Landmarks and Outdoors,2,0.4338005240826789,4.332176712503109,3.8983761884204307
251,Landmarks and Outdoors,2,1.3919913307989944,2.5507609666295705,1.1587696358305761
253,Landmarks and Outdoors,2,0.6711398021568339,0.7364536727884914,0.0653138706316575
258,Landmarks and Outdoors,2,0.5676310871122393,1.2193303577402952,0.6516992706280559
264,Landmarks and Outdoors,2,0.6508587521694869,2.3332153260744257,1.6823565739049389
268,Landmarks and Outdoors,2,0.524166100877322,0.7318592068430272,0.20769310596570523
269,Landmarks and Outdoors,2,0.38947238311848004,1.844887841299729,1.4554154581812488
270,Landmarks and Outdoors,2,0.5940037064727022,1.3357718399485818,0.7417681334758797
273,Landmarks and Outdoors,2,0.44414241045959413,0.6800192837610919,0.23587687330149776
274,Landmarks and Outdoors,2,0.5541561793696301,2.4352288027603226,1.8810726233906925
280,Landmarks and Outdoors,2,0.9608296196759533,2.194021475296749,1.2331918556207957
283,Landmarks and Outdoors,2,0.4085393596572059,0.8055608622947517,0.39702150263754576
292,Landmarks and Outdoors,2,0.9926225073652812,0.8472929501732374,-0.14532955719204388
325,Landmarks and Outdoors,2,0.2979073001088789,0.4246752231188822,0.12676792301000328
329,Landmarks and Outdoors,2,0.8776896043896696,0.8612790001884427,-0.016410604201226864
330,Landmarks and Outdoors,2,0.9434044911805204,0.9394736359988656,-0.003930855181654813
335,Landmarks and Outdoors,2,0.5269845760774727,0.7342103833630702,0.20722580728559747
337,Landmarks and Outdoors,2,0.5534634059139114,0.49756060645630856,-0.05590279945760285
340,Landmarks and Outdoors,2,0.44814590440790686,0.4338328534529302,-0.014313050954976647
345,Landmarks and Outdoors,2,0.37249690638732413,0.3515053581860086,-0.020991548201315546
356,Landmarks and Outdoors,2,0.6551812735953949,2.7048422317801295,2.0496609581847345
360,Landmarks and Outdoors,2,0.47473849016499564,0.874872822421461,0.4001343322564654
363,Landmarks and Outdoors,2,0.4876841691180254,0.4887671335184327,0.0010829644004072825
364,Landmarks and Outdoors,2,0.37388400319876625,0.3579552968064976,-0.01592870639226862
366,Landmarks and Outdoors,2,0.6859987770821558,0.5904832259031133,-0.09551555117904253
369,Landmarks and Outdoors,2,0.6851792041155396,0.5714065446882639,-0.11377265942727566
373,Landmarks and Outdoors,2,0.3127344378635649,0.3619412572663585,0.04920681940279359
382,Landmarks and Outdoors,2,0.451171357683856,1.2410907711734747,0.7899194134896186
396,Landmarks and Outdoors,2,0.616698610768044,0.5373650476871514,-0.07933356308089257
400,Landmarks and Outdoors,2,0.5055983233897835,0.5023854651546403,-0.003212858235143168
420,Landmarks and Outdoors,2,0.5041185841000033,0.6820046943543749,0.17788611025437162
425,Landmarks and Outdoors,2,0.38138878008470234,0.6997431823255096,0.31835440224080724
427,Landmarks and Outdoors,2,0.37989391268154016,0.4156634803795415,0.035769567698001326
428,Landmarks and Outdoors,2,1.1772950666091373,1.1059118130111112,-0.07138325359802611
432,Landmarks and Outdoors,2,1.1177156269885642,1.4141933890290637,0.29647776204049947
433,Landmarks and Outdoors,2,0.6546724598878622,1.0726392559284008,0.41796679604053866
445,Landmarks and Outdoors,2,0.45467735788265645,1.3564024913570512,0.9017251334743948
446,Landmarks and Outdoors,2,0.3691264084076766,0.6451104250491846,0.275984016641508
450,Landmarks and Outdoors,2,0.47657222252705994,0.669530812578399,0.19295859005133903
462,Landmarks and Outdoors,2,0.5056575061970512,1.5243244892849228,1.0186669830878716
464,Landmarks and Outdoors,2,0.5131976930029603,1.0582820123665124,0.5450843193635522
468,Landmarks and Outdoors,2,0.7843383187442823,0.8431225102659339,0.058784191521651596
471,Landmarks and Outdoors,2,0.756575042817853,0.6242083000583172,-0.13236674275953586
477,Landmarks and Outdoors,2,0.43350468009848364,0.49165731286633696,0.05815263276785332
479,Landmarks and Outdoors,2,0.5223853230798555,0.9715467138665417,0.44916139078668615
480,Landmarks and Outdoors,2,0.4220479931769628,0.906394963385625,0.4843469702086622
482,Landmarks and Outdoors,2,0.6054250260076859,0.6688028611486541,0.06337783514096818
493,Landmarks and Outdoors,2,0.5383287745280452,0.8611431243197885,0.3228143497917433
497,Landmarks and Outdoors,2,0.7764748897264313,2.3789784620851857,1.6025035723587544
505,Landmarks and Outdoors,2,0.35838476773686945,0.5407072236355629,0.18232245589869345
506,Landmarks and Outdoors,2,0.3775675147630243,0.5947297349568259,0.2171622201938016
513,Landmarks and Outdoors,2,0.31326017824568686,0.5877468938000314,0.27448671555434456
514,Landmarks and Outdoors,2,0.3775226119781637,5.594012711245027,5.216490099266863
519,Landmarks and Outdoors,2,0.4300349124577947,1.75733835115446,1.3273034386966653
523,Landmarks and Outdoors,2,0.263578111484447,1.6197258102887133,1.3561476988042664
529,Landmarks and Outdoors,2,0.44946123473929755,0.37305842486907814,-0.07640280987021941
550,Landmarks and Outdoors,2,0.4867518820149106,0.4611620085604501,-0.02558987345446051
555,Landmarks and Outdoors,2,1.1457728420426743,1.2106047181845119,0.06483187614183761
558,Landmarks and Outdoors,2,0.47816303077432676,1.0395760822126487,0.561413051438322
560,Landmarks and Outdoors,2,0.7905179015686783,2.4283485280135073,1.637830626444829
586,Landmarks and Outdoors,2,1.1914388669563012,1.957893456555555,0.7664545895992538
589,Landmarks and Outdoors,2,0.47393578961288285,0.8350555845509571,0.3611197949380742
591,Landmarks and Outdoors,2,0.4141624738314043,1.503314181376345,1.0891517075449408
595,Landmarks and Outdoors,2,0.4026848504341236,1.491671696791373,1.0889868463572494
596,Landmarks and Outdoors,2,0.26368994929229467,0.4555216304381897,0.19183168114589505
600,Landmarks and Outdoors,2,0.5087829896425231,3.2687180261251907,2.7599350364826676
601,Landmarks and Outdoors,2,0.5402514340631764,0.6226820643631115,0.08243063029993503
605,Landmarks and Outdoors,2,0.8774144059485867,0.8262807435577304,-0.05113366239085626
609,Landmarks and Outdoors,2,0.42756649651470224,1.951847756444442,1.5242812599297397
611,Landmarks and Outdoors,2,0.5539851371927755,1.1245234372744766,0.570538300081701
614,Landmarks and Outdoors,2,0.6757398030227268,1.2808745696583208,0.605134766635594
615,Landmarks and Outdoors,2,0.629544815450045,2.894734231779319,2.265189416329274
625,Landmarks and Outdoors,2,0.32360108907681434,0.822743260996005,0.4991421719191907
629,Landmarks and Outdoors,2,0.5095447622437395,3.8142895540538073,3.3047447918100676
633,Landmarks and Outdoors,2,0.5172638500663952,0.8344320368610411,0.31716818679464587
634,Landmarks and Outdoors,2,0.4492693314339499,2.5071199904193575,2.0578506589854078
635,Landmarks and Outdoors,2,0.4017599983968289,3.898289549696287,3.496529551299458
642,Landmarks and Outdoors,2,0.6557753438871625,0.6294263998212992,-0.0263489440658633
643,Landmarks and Outdoors,2,0.263578111484447,1.6197258102887133,1.3561476988042664
648,Landmarks and Outdoors,2,0.5648609850645366,0.7824231115565119,0.21756212649197526
649,Landmarks and Outdoors,2,0.4644423025487643,1.4520499015575474,0.9876075990087831
657,Landmarks and Outdoors,2,0.6752696318479203,0.9093246983103572,0.2340550664624369
658,Landmarks and Outdoors,2,0.445469087768409,2.786730520269259,2.34126143250085
661,Landmarks and Outdoors,2,0.5663133182291341,0.7689899547096359,0.20267663648050183
674,Landmarks and Outdoors,2,0.6542174976218843,0.9061374646456233,0.251919967023739
676,Landmarks and Outdoors,2,0.8239976934643893,1.5693267568671452,0.7453290634027558
683,Landmarks and Outdoors,2,0.9130896289158621,1.1286012466331625,0.21551161771730043
691,Landmarks and Outdoors,2,0.9527066970921333,2.8770585621927918,1.9243518651006584
694,Landmarks and Outdoors,2,0.4141195664705237,0.5347520021662524,0.12063243569572868
707,Landmarks and Outdoors,2,1.117351451935725,1.6701581014733635,0.5528066495376385
717,Landmarks and Outdoors,2,0.40097275858010006,4.735195040085001,4.334222281504901
720,Landmarks and Outdoors,2,0.616499970888409,0.7805344205951641,0.16403444970675507
722,Landmarks and Outdoors,2,0.4103673806300513,0.399137926565743,-0.011229454064308309
726,Landmarks and Outdoors,2,0.2841750861325322,1.8715123282934822,1.5873372421609502
729,Landmarks and Outdoors,2,0.7786296412503119,3.1870952190246236,2.4084655777743116
733,Landmarks and Outdoors,2,0.49236763793085403,1.6046587348072978,1.1122910968764437
734,Landmarks and Outdoors,2,0.44048444330956216,1.2712973583967728,0.8308129150872107
737,Landmarks and Outdoors,2,0.7525693634633196,1.9829366071844683,1.2303672437211488
740,Landmarks and Outdoors,2,0.5113707888192952,0.9389279457682678,0.42755715694897256
744,Landmarks and Outdoors,2,0.8253259631446959,0.745878094214212,-0.07944786893048383
755,Landmarks and Outdoors,2,0.4603830118871376,1.2881667439966193,0.8277837321094818
765,Landmarks and Outdoors,2,0.5068830441554948,6.721664806558554,6.214781762403059
769,Landmarks and Outdoors,2,0.5212645718855649,0.8653278567325191,0.34406328484695425
773,Landmarks and Outdoors,2,0.3320435187198499,0.33229496759361066,0.0002514488737607734
778,Landmarks and Outdoors,2,0.6554218808812509,1.1070274258721238,0.4516055449908729
779,Landmarks and Outdoors,2,0.5689755601481166,0.6976790763974804,0.12870351624936383
784,Landmarks and Outdoors,2,0.6042934569483418,6.2173956949411435,5.613102237992802
791,Landmarks and Outdoors,2,0.7152257958685019,0.801217892609137,0.08599209674063513
798,Landmarks and Outdoors,2,0.433275122191346,1.6860898143327345,1.2528146921413885
799,Landmarks and Outdoors,2,0.7241809906746701,0.7180358293440965,-0.006145161330573634
801,Landmarks and Outdoors,2,0.5828845954340711,0.6621434149346457,0.07925881950057456
804,Landmarks and Outdoors,2,0.6068029364682236,1.7210716884054216,1.1142687519371979
805,Landmarks and Outdoors,2,0.5974940363667397,0.6723318518315706,0.07483781546483093
816,Landmarks and Outdoors,2,0.4895803256835798,0.6174366057224681,0.12785628003888827
819,Landmarks and Outdoors,2,0.47906820375192566,3.0870401861262025,2.6079719823742766
830,Landmarks and Outdoors,2,0.6260242525070077,1.0473259184992585,0.42130166599225083
832,Landmarks and Outdoors,2,0.5486203415680252,1.6370327493250323,1.0884124077570072
837,Landmarks and Outdoors,2,0.33203475235614366,0.7110958991364833,0.37906114678033964
843,Landmarks and Outdoors,2,0.8088741726881654,1.3889651928966298,0.5800910202084644
848,Landmarks and Outdoors,2,0.6553184793093014,0.7394776895610884,0.08415921025178696
859,Landmarks and Outdoors,2,0.5474665467753812,0.39824811668736104,-0.14921843008802016
861,Landmarks and Outdoors,2,0.562992379435994,0.909350890087455,0.34635851065146095
864,Landmarks and Outdoors,2,0.5700008200094904,0.6364017657452505,0.06640094573576016
866,Landmarks and Outdoors,2,0.6454666636964601,0.7413878044965005,0.09592114080004044
875,Landmarks and Outdoors,2,0.46557781610908966,0.5586722945707855,0.09309447846169583
878,Landmarks and Outdoors,2,0.5677016916574498,1.1863161357725225,0.6186144441150727
879,Landmarks and Outdoors,2,0.542117175291629,0.7297358979497051,0.1876187226580761
887,Landmarks and Outdoors,2,0.3505586665306485,0.33990986021609176,-0.010648806314556725
903,Landmarks and Outdoors,2,0.9293425560873143,2.115083633336443,1.1857410772491288
907,Landmarks and Outdoors,2,0.3284466644536497,0.2543704517551493,-0.0740762126985004
909,Landmarks and Outdoors,2,0.5686744227279845,1.2609835153000621,0.6923090925720776
912,Landmarks and Outdoors,2,0.41534754668702034,0.5343080930073647,0.11896054632034436
915,Landmarks and Outdoors,2,0.5241625310287054,1.1745511096480845,0.6503885786193792
920,Landmarks and Outdoors,2,0.4528124627197494,0.5819136855687448,0.1291012228489954
927,Landmarks and Outdoors,2,0.7426750284069283,0.720185351867151,-0.022489676539777292
929,Landmarks and Outdoors,2,0.6694226501376556,0.6204447646298118,-0.048977885507843766
930,Landmarks and Outdoors,2,0.6769677985234646,1.969601968741465,1.2926341702180004
935,Landmarks and Outdoors,2,0.6045581043222714,1.7209849466621332,1.1164268423398618
938,Landmarks and Outdoors,2,0.24796527119881454,0.42549455534866554,0.177529284149851
941,Landmarks and Outdoors,2,0.4508910047985322,0.5544165792987283,0.10352557450019612
944,Landmarks and Outdoors,2,0.6582379992931787,0.7937520369498013,0.13551403765662262
947,Landmarks and Outdoors,2,0.28606489726220236,0.3435603356161489,0.05749543835394655
957,Landmarks and Outdoors,2,0.4708744307845844,5.11672715112889,4.645852720344306
963,Landmarks and Outdoors,2,0.4111847251676259,0.7986520208172663,0.3874672956496404
978,Landmarks and Outdoors,2,0.6168457606740543,1.0168166118414697,0.3999708511674154
979,Landmarks and Outdoors,2,0.4669556319962321,0.5905149368899777,0.12355930489374561
980,Landmarks and Outdoors,2,0.4675731916619667,0.7258946966417762,0.2583215049798095
981,Landmarks and Outdoors,2,0.5142334924816823,0.9149280846665558,0.4006945921848736
986,Landmarks and Outdoors,2,0.5692298459836107,0.7741013697767494,0.20487152379313867
989,Landmarks and Outdoors,2,0.38500927548019204,1.1821654636126833,0.7971561881324912
997,Landmarks and Outdoors,2,0.8744777935673878,1.8718660230259283,0.9973882294585406
1000,Landmarks and Outdoors,2,0.4763480298550971,1.4029788782535104,0.9266308483984134
1011,Landmarks and Outdoors,2,0.5749666661837433,3.0584107154645057,2.4834440492807626
1013,Landmarks and Outdoors,2,1.1525400287363974,1.4950307896777462,0.3424907609413488
1016,Landmarks and Outdoors,2,0.46635172263716484,1.078727832707993,0.6123761100708282
1018,Landmarks and Outdoors,2,0.45475672878620815,0.858677456464739,0.4039207276785309
1024,Landmarks and Outdoors,2,0.7419393684398315,0.8299861706080014,0.08804680216816985
1027,Landmarks and Outdoors,2,0.778237300470336,1.0367753535508801,0.2585380530805441
1033,Landmarks and Outdoors,2,0.889766751778323,1.2609252723894815,0.3711585206111585
1037,Landmarks and Outdoors,2,0.5110298760276417,0.49962818228394024,-0.01140169374370148
1041,Landmarks and Outdoors,2,0.40325565506596966,0.6559005305974137,0.25264487553144405
1042,Landmarks and Outdoors,2,0.41545489665313284,1.3564162096638148,0.940961313010682
1061,Landmarks and Outdoors,2,0.41733524288606494,0.4973735419737319,0.08003829908766696
1065,Landmarks and Outdoors,2,0.41347817209254056,0.542242599844925,0.1287644277523844
1067,Landmarks and Outdoors,2,0.7714005237449574,0.8743765067816622,0.10297598303670485
1079,Landmarks and Outdoors,2,0.4007406179302483,1.2284089380374859,0.8276683201072376
1087,Landmarks and Outdoors,2,0.6185222704091229,0.5836578320414623,-0.03486443836766062
1092,Landmarks and Outdoors,2,0.4463040914084397,1.2111019137654089,0.7647978223569691
1094,Landmarks and Outdoors,2,0.7783765403850518,0.9983464611733945,0.21996992078834277
1108,Landmarks and Outdoors,2,0.3667070005855422,4.2848805257351685,3.9181735251496264
1114,Landmarks and Outdoors,2,0.5676444739499075,0.5675046753965733,-0.00013979855333412505
1117,Landmarks and Outdoors,2,0.5130516294889842,1.5187369214333042,1.00568529194432
1118,Landmarks and Outdoors,2,0.5086831405152217,1.1773114594934209,0.6686283189781992
1120,Landmarks and Outdoors,2,0.5100135500852314,4.784895085267282,4.27488153518205
1124,Landmarks and Outdoors,2,0.5340807040139202,0.7659360715572475,0.23185536754332736
1126,Landmarks and Outdoors,2,0.48617726888724555,2.1059975757991802,1.6198203069119348
1134,Landmarks and Outdoors,2,0.4988872259378798,0.5823665001499012,0.08347927421202139
1136,Landmarks and Outdoors,2,0.7778328189646859,2.7116192155995296,1.9337863966348436
1138,Landmarks and Outdoors,2,0.6910962545080591,2.47939038988346,1.7882941353754012
1146,Landmarks and Outdoors,2,0.4488445423904279,0.5256160491626393,0.07677150677221134
1150,Landmarks and Outdoors,2,0.5156376308687692,0.5015564553995817,-0.014081175469187523
1159,Landmarks and Outdoors,2,0.6017471038751707,1.4296478889288475,0.8279007850536768
1161,Landmarks and Outdoors,2,0.29419077903100826,5.832746759155812,5.538555980124804
1164,Landmarks and Outdoors,2,0.3725860766119103,0.46351343718077165,0.09092736056886136
1169,Landmarks and Outdoors,2,0.6008491702906289,1.9166328882664563,1.3157837179758274
1184,Landmarks and Outdoors,2,0.5967708989218855,6.316973996495763,5.720203097573878
1185,Landmarks and Outdoors,2,0.41547670646296603,1.2073762018133956,0.7918994953504295
1186,Landmarks and Outdoors,2,0.47261995073417906,4.137823532013335,3.6652035812791555
1187,Landmarks and Outdoors,2,0.6730728344771735,1.9904375029823629,1.3173646685051894
1192,Landmarks and Outdoors,2,0.44818933881618983,0.9942558444582471,0.5460665056420573
1197,Landmarks and Outdoors,2,0.516451854000405,0.8716102908147422,0.3551584368143371
1208,Landmarks and Outdoors,2,0.5805384769609877,0.5744739416592305,-0.006064535301757212
1214,Landmarks and Outdoors,2,0.6263837302578465,0.9826904938523153,0.3563067635944688
1218,Landmarks and Outdoors,2,0.8293432835269775,5.971066996315178,5.141723712788201
1221,Landmarks and Outdoors,2,0.7155131697051375,1.0454424557935895,0.32992928608845207
1224,Landmarks and Outdoors,2,1.1975274232188764,0.9673607703090996,-0.23016665290977678
1228,Landmarks and Outdoors,2,0.5028814308830878,0.5685447761761129,0.06566334529302509
1232,Landmarks and Outdoors,2,0.5543934824587714,1.6387401109665276,1.084346628507756
2,Landmarks and Outdoors,3,0.4767638162316865,5.960052763050796,5.483288946819109
5,Landmarks and Outdoors,3,0.4332332014173959,2.8529966589046425,2.4197634574872464
12,Landmarks and Outdoors,3,0.519302399997308,0.5416790771257814,0.022376677128473466
21,Landmarks and Outdoors,3,2.595639005986566,2.7638985921524597,0.16825958616589354
25,Landmarks and Outdoors,3,0.38885050116016134,1.6627632733704996,1.2739127722103383
36,Landmarks and Outdoors,3,0.3761953947991983,1.4245374115500846,1.0483420167508863
37,Landmarks and Outdoors,3,0.4958668704485165,4.905975453715957,4.410108583267441
49,Landmarks and Outdoors,3,0.5421964118071112,4.6364382257915775,4.094241813984466
53,Landmarks and Outdoors,3,0.3266028490144008,0.5023145537251775,0.17571170471077674
56,Landmarks and Outdoors,3,0.2940677131245064,0.5318844946088093,0.23781678148430285
64,Landmarks and Outdoors,3,1.0933877965290209,5.3156996609117195,4.222311864382698
67,Landmarks and Outdoors,3,0.8966722106954357,0.8545932718214875,-0.0420789388739482
69,Landmarks and Outdoors,3,0.5331252816258939,5.149097755214428,4.615972473588534
72,Landmarks and Outdoors,3,0.3532408006349333,0.5858872381381032,0.23264643750316988
74,Landmarks and Outdoors,3,0.5089446046163831,6.167350048805624,5.658405444189241
77,Landmarks and Outdoors,3,0.4000605076331013,0.7717058027065589,0.37164529507345756
84,Landmarks and Outdoors,3,0.4536921758764068,0.8641729569739076,0.4104807810975008
90,Landmarks and Outdoors,3,0.5430741396180734,4.91958406188602,4.376509922267947
97,Landmarks and Outdoors,3,0.5697050699965832,1.4432912559240565,0.8735861859274733
98,Landmarks and Outdoors,3,0.4708658338992647,0.662520422788881,0.19165458888961634
99,Landmarks and Outdoors,3,0.3357802787781508,5.7781029204149075,5.442322641636757
109,Landmarks and Outdoors,3,0.5960995299048867,1.0706822152548325,0.47458268534994585
111,Landmarks and Outdoors,3,0.5586523716002444,0.6735396793962203,0.11488730779597589
117,Landmarks and Outdoors,3,0.32631611456089626,1.0708759122646054,0.7445597977037092
118,Landmarks and Outdoors,3,0.33259677380626296,0.7490082161517864,0.4164114423455234
120,Landmarks and Outdoors,3,0.4127254767146181,0.5028293884779903,0.09010391176337218
124,Landmarks and Outdoors,3,0.42974198261393787,3.593304572324933,3.1635625897109954
126,Landmarks and Outdoors,3,0.45844246542620126,4.8153599804841285,4.356917515057927
130,Landmarks and Outdoors,3,0.5233879244525205,0.6258488477947288,0.10246092334220835
144,Landmarks and Outdoors,3,0.4512602421254125,0.8542061961440337,0.4029459540186212
149,Landmarks and Outdoors,3,0.5238566978598095,1.4369667849854868,0.9131100871256773
150,Landmarks and Outdoors,3,0.504103936695667,0.536314778436708,0.03221084174104105
160,Landmarks and Outdoors,3,0.5456833508181954,1.1693755816339388,0.6236922308157434
164,Landmarks and Outdoors,3,0.3345894370061063,0.5423286713803424,0.20773923437423603
166,Landmarks and Outdoors,3,0.2996998282689129,0.5787128714600813,0.27901304319116843
173,Landmarks and Outdoors,3,0.5775251385776741,4.267065759758012,3.6895406211803374
186,Landmarks and Outdoors,3,0.4797996276759682,3.090759015694708,2.61095938801874
189,Landmarks and Outdoors,3,0.3573433728503198,4.4185096402182396,4.06116626736792
199,Landmarks and Outdoors,3,1.0982004559589997,1.8217480290371968,0.7235475730781971
206,Landmarks and Outdoors,3,0.38449508015201284,1.9988674110569962,1.6143723309049833
208,Landmarks and Outdoors,3,1.2667283088067145,1.327789361050507,0.061061052243792435
209,Landmarks and Outdoors,3,0.511249846093341,3.796990195454363,3.285740349361022
212,Landmarks and Outdoors,3,0.5084226545669722,0.33498435339731725,-0.17343830116965497
213,Landmarks and Outdoors,3,0.4619594275007839,0.5588700934059881,0.09691066590520425
220,Landmarks and Outdoors,3,1.0670825295591375,3.2389981255972984,2.171915596038161
223,Landmarks and Outdoors,3,1.376369308667773,2.7316407903092284,1.3552714816414553
234,Landmarks and Outdoors,3,0.6109962161755625,2.294161082217559,1.6831648660419964
237,Landmarks and Outdoors,3,0.7716145256582242,1.2269842799926203,0.4553697543343961
244,Landmarks and Outdoors,3,0.4795941124402018,6.07072859223338,5.591134479793178
245,Landmarks and Outdoors,3,0.4338005240826789,4.820489768751936,4.386689244669257
251,Landmarks and Outdoors,3,1.3919913307989944,2.5692667110130056,1.1772753802140112
253,Landmarks and Outdoors,3,0.6711398021568339,0.8433775445799425,0.17223774242310863
258,Landmarks and Outdoors,3,0.5676310871122393,2.2671937151691797,1.6995626280569405
264,Landmarks and Outdoors,3,0.6508587521694869,2.478529239362783,1.827670487193296
268,Landmarks and Outdoors,3,0.524166100877322,4.070693628799179,3.5465275279218575
269,Landmarks and Outdoors,3,0.38947238311848004,2.6623886000302637,2.2729162169117836
270,Landmarks and Outdoors,3,0.5940037064727022,1.4583380487437108,0.8643343422710086
273,Landmarks and Outdoors,3,0.44414241045959413,6.41724800435977,5.973105593900176
274,Landmarks and Outdoors,3,0.5541561793696301,3.6776596107616077,3.1235034313919776
280,Landmarks and Outdoors,3,0.9608296196759533,3.423679862527193,2.46285024285124
283,Landmarks and Outdoors,3,0.4085393596572059,1.1042770192628255,0.6957376596056196
292,Landmarks and Outdoors,3,0.9926225073652812,0.8480360108276389,-0.14458649653764233
325,Landmarks and Outdoors,3,0.2979073001088789,0.6741595788606736,0.3762522787517947
329,Landmarks and Outdoors,3,0.8776896043896696,0.8436064667050192,-0.03408313768465043
330,Landmarks and Outdoors,3,0.9434044911805204,0.9278070196042182,-0.015597471576302202
335,Landmarks and Outdoors,3,0.5269845760774727,0.8483883647533759,0.32140378867590313
337,Landmarks and Outdoors,3,0.5534634059139114,0.4927230856274041,-0.06074032028650733
340,Landmarks and Outdoors,3,0.44814590440790686,0.45258588026497015,0.004439975857063294
345,Landmarks and Outdoors,3,0.37249690638732413,4.95699135134576,4.584494444958436
356,Landmarks and Outdoors,3,0.6551812735953949,3.5469142522695343,2.8917329786741393
360,Landmarks and Outdoors,3,0.47473849016499564,1.3847758890527415,0.9100373988877459
363,Landmarks and Outdoors,3,0.4876841691180254,0.5618578445889918,0.07417367547096637
364,Landmarks and Outdoors,3,0.37388400319876625,4.930495618505741,4.556611615306975
366,Landmarks and Outdoors,3,0.6859987770821558,1.4163167742667053,0.7303179971845495
369,Landmarks and Outdoors,3,0.6851792041155396,0.7885885965642907,0.10340939244875114
373,Landmarks and Outdoors,3,0.3127344378635649,0.45833023318777766,0.14559579532421274
382,Landmarks and Outdoors,3,0.451171357683856,2.2414141503002645,1.7902427926164084
396,Landmarks and Outdoors,3,0.616698610768044,0.49932277409637305,-0.11737583667167095
400,Landmarks and Outdoors,3,0.5055983233897835,5.5542583347135865,5.048660011323803
420,Landmarks and Outdoors,3,0.5041185841000033,0.8169619677677431,0.3128433836677398
425,Landmarks and Outdoors,3,0.38138878008470234,0.8334305675736022,0.4520417874888999
427,Landmarks and Outdoors,3,0.37989391268154016,2.448160267511798,2.068266354830258
428,Landmarks and Outdoors,3,1.1772950666091373,1.0758295193085625,-0.10146554730057478
432,Landmarks and Outdoors,3,1.1177156269885642,1.6086481714203513,0.49093254443178713
433,Landmarks and Outdoors,3,0.6546724598878622,1.461414064266571,0.8067416043787088
445,Landmarks and Outdoors,3,0.45467735788265645,1.8044942227991374,1.349816864916481
446,Landmarks and Outdoors,3,0.3691264084076766,0.7725879778279316,0.4034615694202551
450,Landmarks and Outdoors,3,0.47657222252705994,0.8085367698811239,0.33196454735406394
462,Landmarks and Outdoors,3,0.5056575061970512,2.980772426521664,2.475114920324613
464,Landmarks and Outdoors,3,0.5131976930029603,1.0139156168628218,0.5007179238598616
468,Landmarks and Outdoors,3,0.7843383187442823,0.8851331339953965,0.10079481525111422
471,Landmarks and Outdoors,3,0.756575042817853,0.6500944290782738,-0.10648061373957929
477,Landmarks and Outdoors,3,0.43350468009848364,0.4183800007281353,-0.015124679370348337
479,Landmarks and Outdoors,3,0.5223853230798555,1.555832336554904,1.0334470134750484
480,Landmarks and Outdoors,3,0.4220479931769628,1.0674245430553932,0.6453765498784305
482,Landmarks and Outdoors,3,0.6054250260076859,0.8623768547238572,0.2569518287161713
493,Landmarks and Outdoors,3,0.5383287745280452,2.434758593785973,1.8964298192579276
497,Landmarks and Outdoors,3,0.7764748897264313,2.6009097159737053,1.824434826247274
505,Landmarks and Outdoors,3,0.35838476773686945,0.7028879273586772,0.3445031596218078
506,Landmarks and Outdoors,3,0.3775675147630243,0.7074590942660473,0.32989157950302295
513,Landmarks and Outdoors,3,0.31326017824568686,0.7842037781500427,0.47094359990435586
514,Landmarks and Outdoors,3,0.3775226119781637,5.511431630563932,5.133909018585768
519,Landmarks and Outdoors,3,0.4300349124577947,2.5166209626447364,2.0865860501869418
523,Landmarks and Outdoors,3,0.263578111484447,2.6579042630132883,2.3943261515288414
529,Landmarks and Outdoors,3,0.44946123473929755,0.39265100587781043,-0.05681022886148712
550,Landmarks and Outdoors,3,0.4867518820149106,0.4424018899468657,-0.04434999206804491
555,Landmarks and Outdoors,3,1.1457728420426743,1.2413787615254033,0.09560591948272901
558,Landmarks and Outdoors,3,0.47816303077432676,3.3196755193138467,2.8415124885395198
560,Landmarks and Outdoors,3,0.7905179015686783,2.3353098898596607,1.5447919882909824
586,Landmarks and Outdoors,3,1.1914388669563012,2.364574479623058,1.1731356126667567
589,Landmarks and Outdoors,3,0.47393578961288285,5.037535723491944,4.563599933879061
591,Landmarks and Outdoors,3,0.4141624738314043,1.7407749418590361,1.3266124680276319
595,Landmarks and Outdoors,3,0.4026848504341236,2.5525528532882156,2.1498680028540917
596,Landmarks and Outdoors,3,0.26368994929229467,0.6622055855746813,0.3985156362823867
600,Landmarks and Outdoors,3,0.5087829896425231,3.285892914696231,2.7771099250537077
601,Landmarks and Outdoors,3,0.5402514340631764,0.7150097055853535,0.17475827152217704
605,Landmarks and Outdoors,3,0.8774144059485867,0.8219725688488582,-0.0554418370997285
609,Landmarks and Outdoors,3,0.42756649651470224,2.1573310294273362,1.7297645329126339
611,Landmarks and Outdoors,3,0.5539851371927755,1.592703169264741,1.0387180320719656
614,Landmarks and Outdoors,3,0.6757398030227268,1.5325239672896807,0.8567841642669538
615,Landmarks and Outdoors,3,0.629544815450045,2.9301755442429362,2.3006307287928913
625,Landmarks and Outdoors,3,0.32360108907681434,1.234893396946393,0.9112923078695787
629,Landmarks and Outdoors,3,0.5095447622437395,4.114366112368247,3.6048213501245074
633,Landmarks and Outdoors,3,0.5172638500663952,1.505275330688701,0.9880114806223058
634,Landmarks and Outdoors,3,0.4492693314339499,2.6844574038127202,2.2351880723787705
635,Landmarks and Outdoors,3,0.4017599983968289,5.551741791935298,5.149981793538469
642,Landmarks and Outdoors,3,0.6557753438871625,1.519941430902739,0.8641660870155765
643,Landmarks and Outdoors,3,0.263578111484447,2.6579042630132883,2.3943261515288414
648,Landmarks and Outdoors,3,0.5648609850645366,0.9296271640151641,0.36476617895062746
649,Landmarks and Outdoors,3,0.4644423025487643,2.314892168816364,1.8504498662675997
657,Landmarks and Outdoors,3,0.6752696318479203,1.081586699032225,0.4063170671843046
658,Landmarks and Outdoors,3,0.445469087768409,4.539480720808525,4.094011633040116
661,Landmarks and Outdoors,3,0.5663133182291341,1.375899892552443,0.8095865743233089
674,Landmarks and Outdoors,3,0.6542174976218843,0.8572583984405922,0.20304090081870785
676,Landmarks and Outdoors,3,0.8239976934643893,2.3468069404719802,1.522809247007591
683,Landmarks and Outdoors,3,0.9130896289158621,1.7451478263293323,0.8320581974134702
691,Landmarks and Outdoors,3,0.9527066970921333,3.057274813612871,2.1045681165207375
694,Landmarks and Outdoors,3,0.4141195664705237,0.7193644024478862,0.3052448359773625
707,Landmarks and Outdoors,3,1.117351451935725,2.025812976238001,0.9084615243022758
717,Landmarks and Outdoors,3,0.40097275858010006,4.5557571144986415,4.154784355918541
720,Landmarks and Outdoors,3,0.616499970888409,0.9017361493893087,0.28523617850089966
722,Landmarks and Outdoors,3,0.4103673806300513,5.105994352277504,4.695626971647453
726,Landmarks and Outdoors,3,0.2841750861325322,2.8710784611554594,2.5869033750229273
729,Landmarks and Outdoors,3,0.7786296412503119,3.5493336635142354,2.7707040222639234
733,Landmarks and Outdoors,3,0.49236763793085403,1.5328066046521407,1.0404389667212866
734,Landmarks and Outdoors,3,0.44048444330956216,2.5281023444051574,2.0876179010955953
737,Landmarks and Outdoors,3,0.7525693634633196,2.1976074658844147,1.445038102421095
740,Landmarks and Outdoors,3,0.5113707888192952,1.6143529281915248,1.1029821393722297
744,Landmarks and Outdoors,3,0.8253259631446959,0.870275021584648,0.044949058439952116
755,Landmarks and Outdoors,3,0.4603830118871376,2.472577851406392,2.012194839519254
765,Landmarks and Outdoors,3,0.5068830441554948,6.478054591977492,5.9711715478219975
769,Landmarks and Outdoors,3,0.5212645718855649,1.4134658531227353,0.8922012812371705
773,Landmarks and Outdoors,3,0.3320435187198499,2.0194877668053053,1.6874442480854555
778,Landmarks and Outdoors,3,0.6554218808812509,2.082948636304378,1.4275267554231272
779,Landmarks and Outdoors,3,0.5689755601481166,6.281825128893583,5.712849568745467
784,Landmarks and Outdoors,3,0.6042934569483418,5.807130196521936,5.202836739573595
791,Landmarks and Outdoors,3,0.7152257958685019,0.8826490044959714,0.1674232086274695
798,Landmarks and Outdoors,3,0.433275122191346,2.1968663947858724,1.7635912725945264
799,Landmarks and Outdoors,3,0.7241809906746701,0.7061267809152187,-0.01805420975945138
801,Landmarks and Outdoors,3,0.5828845954340711,1.0324855291255786,0.44960093369150744
804,Landmarks and Outdoors,3,0.6068029364682236,3.95687577199558,3.3500728355273566
805,Landmarks and Outdoors,3,0.5974940363667397,0.7280233351800895,0.13052929881334985
816,Landmarks and Outdoors,3,0.4895803256835798,0.6994399745625478,0.20985964887896802
819,Landmarks and Outdoors,3,0.47906820375192566,3.1188782306659446,2.639810026914019
830,Landmarks and Outdoors,3,0.6260242525070077,1.3468934852283803,0.7208692327213726
832,Landmarks and Outdoors,3,0.5486203415680252,2.2746111758450187,1.7259908342769936
837,Landmarks and Outdoors,3,0.33203475235614366,0.8893290407787782,0.5572942884226345
843,Landmarks and Outdoors,3,0.8088741726881654,1.6787089548441407,0.8698347821559753
848,Landmarks and Outdoors,3,0.6553184793093014,1.0573432938093181,0.4020248145000167
859,Landmarks and Outdoors,3,0.5474665467753812,0.33871606370365315,-0.20875048307172805
861,Landmarks and Outdoors,3,0.562992379435994,1.5283576718337213,0.9653652923977273
864,Landmarks and Outdoors,3,0.5700008200094904,1.954928105425714,1.3849272854162236
866,Landmarks and Outdoors,3,0.6454666636964601,0.6612965431438884,0.015829879447428308
875,Landmarks and Outdoors,3,0.46557781610908966,0.9172828487305914,0.45170503262150175
878,Landmarks and Outdoors,3,0.5677016916574498,1.531141844514014,0.9634401528565641
879,Landmarks and Outdoors,3,0.542117175291629,0.7978422434971257,0.2557250682054968
887,Landmarks and Outdoors,3,0.3505586665306485,0.36029520642618873,0.009736539895540242
903,Landmarks and Outdoors,3,0.9293425560873143,2.642844141190658,1.7135015851033437
907,Landmarks and Outdoors,3,0.3284466644536497,0.2725383323844954,-0.0559083320691543
909,Landmarks and Outdoors,3,0.5686744227279845,1.2473541475176901,0.6786797247897056
912,Landmarks and Outdoors,3,0.41534754668702034,0.6121558382451757,0.19680829155815538
915,Landmarks and Outdoors,3,0.5241625310287054,1.660546636169531,1.1363841051408254
920,Landmarks and Outdoors,3,0.4528124627197494,4.298914951902692,3.8461024891829423
927,Landmarks and Outdoors,3,0.7426750284069283,0.7458259828704003,0.003150954463471911
929,Landmarks and Outdoors,3,0.6694226501376556,0.6228297309153352,-0.04659291922232034
930,Landmarks and Outdoors,3,0.6769677985234646,2.066437047228893,1.3894692487054283
935,Landmarks and Outdoors,3,0.6045581043222714,2.46251081748649,1.8579527131642186
938,Landmarks and Outdoors,3,0.24796527119881454,0.6148398022396928,0.3668745310408783
941,Landmarks and Outdoors,3,0.4508910047985322,0.7779207007618709,0.3270296959633387
944,Landmarks and Outdoors,3,0.6582379992931787,0.9130987763947112,0.25486077710153243
947,Landmarks and Outdoors,3,0.28606489726220236,0.4992166219999876,0.21315172473778526
957,Landmarks and Outdoors,3,0.4708744307845844,5.7470993016706675,5.276224870886083
963,Landmarks and Outdoors,3,0.4111847251676259,1.0142898882813254,0.6031051631136994
978,Landmarks and Outdoors,3,0.6168457606740543,1.1686988805641358,0.5518531198900816
979,Landmarks and Outdoors,3,0.4669556319962321,0.460486479521413,-0.0064691524748191065
980,Landmarks and Outdoors,3,0.4675731916619667,1.1358415715138075,0.6682683798518407
981,Landmarks and Outdoors,3,0.5142334924816823,1.1437298667265785,0.6294963742448962
986,Landmarks and Outdoors,3,0.5692298459836107,1.1965705431269003,0.6273406971432895
989,Landmarks and Outdoors,3,0.38500927548019204,1.4083158619131786,1.0233065864329864
997,Landmarks and Outdoors,3,0.8744777935673878,1.8566648537634067,0.982187060196019
1000,Landmarks and Outdoors,3,0.4763480298550971,1.9109314218838032,1.434583392028706
1011,Landmarks and Outdoors,3,0.5749666661837433,3.32340208530172,2.748435419117977
1013,Landmarks and Outdoors,3,1.1525400287363974,1.6064813289393975,0.45394130020300016
1016,Landmarks and Outdoors,3,0.46635172263716484,2.721707807543258,2.255356084906093
1018,Landmarks and Outdoors,3,0.45475672878620815,4.261900197691318,3.8071434689051102
1024,Landmarks and Outdoors,3,0.7419393684398315,0.8943374390541584,0.15239807061432686
1027,Landmarks and Outdoors,3,0.778237300470336,5.811449274675948,5.033211974205612
1033,Landmarks and Outdoors,3,0.889766751778323,2.1386689676366615,1.2489022158583385
1037,Landmarks and Outdoors,3,0.5110298760276417,0.546459078102619,0.03542920207497724
1041,Landmarks and Outdoors,3,0.40325565506596966,0.6638083934731089,0.2605527384071393
1042,Landmarks and Outdoors,3,0.41545489665313284,2.5996661487443995,2.1842112520912664
1061,Landmarks and Outdoors,3,0.41733524288606494,0.7660167691997484,0.34868152631368343
1065,Landmarks and Outdoors,3,0.41347817209254056,2.4344167127654495,2.020938540672909
1067,Landmarks and Outdoors,3,0.7714005237449574,1.3666221646042338,0.5952216408592764
1079,Landmarks and Outdoors,3,0.4007406179302483,2.0758702589694913,1.6751296410392431
1087,Landmarks and Outdoors,3,0.6185222704091229,0.5565066951679549,-0.062015575241167964
1092,Landmarks and Outdoors,3,0.4463040914084397,1.5943460755971828,1.148041984188743
1094,Landmarks and Outdoors,3,0.7783765403850518,1.064466784231898,0.2860902438468462
1108,Landmarks and Outdoors,3,0.3667070005855422,4.599528028028882,4.2328210274433395
1114,Landmarks and Outdoors,3,0.5676444739499075,0.5985825169097392,0.030938042959831713
1117,Landmarks and Outdoors,3,0.5130516294889842,2.0870264932680254,1.5739748637790412
1118,Landmarks and Outdoors,3,0.5086831405152217,1.6514649361592673,1.1427817956440456
1120,Landmarks and Outdoors,3,0.5100135500852314,4.973237817366937,4.4632242672817055
1124,Landmarks and Outdoors,3,0.5340807040139202,0.8746683701033967,0.34058766608947655
1126,Landmarks and Outdoors,3,0.48617726888724555,2.2740742152239726,1.7878969463367271
1134,Landmarks and Outdoors,3,0.4988872259378798,0.6026065527211253,0.10371932678324547
1136,Landmarks and Outdoors,3,0.7778328189646859,4.172451744145343,3.3946189251806573
1138,Landmarks and Outdoors,3,0.6910962545080591,2.6370524362396277,1.9459561817315687
1146,Landmarks and Outdoors,3,0.4488445423904279,4.92258654887884,4.473742006488412
1150,Landmarks and Outdoors,3,0.5156376308687692,0.5160725189446813,0.00043488807591207657
1159,Landmarks and Outdoors,3,0.6017471038751707,1.4923255125342298,0.8905784086590591
1161,Landmarks and Outdoors,3,0.29419077903100826,7.6247967504455065,7.330605971414498
1164,Landmarks and Outdoors,3,0.3725860766119103,0.4864599794919078,0.11387390287999749
1169,Landmarks and Outdoors,3,0.6008491702906289,2.385407681905342,1.784558511614713
1184,Landmarks and Outdoors,3,0.5967708989218855,6.142986946002998,5.546216047081113
1185,Landmarks and Outdoors,3,0.41547670646296603,1.3975035546251764,0.9820268481622103
1186,Landmarks and Outdoors,3,0.47261995073417906,4.436308923700895,3.9636889729667155
1187,Landmarks and Outdoors,3,0.6730728344771735,4.055084647714013,3.3820118132368395
1192,Landmarks and Outdoors,3,0.44818933881618983,1.5617802375596317,1.1135908987434417
1197,Landmarks and Outdoors,3,0.516451854000405,1.713872965782763,1.1974211117823579
1208,Landmarks and Outdoors,3,0.5805384769609877,0.5352598830357628,-0.04527859392522493
1214,Landmarks and Outdoors,3,0.6263837302578465,1.316448346727074,0.6900646164692275
1218,Landmarks and Outdoors,3,0.8293432835269775,6.145417889640795,5.316074606113817
1221,Landmarks and Outdoors,3,0.7155131697051375,1.3360491732363262,0.6205360035311888
1224,Landmarks and Outdoors,3,1.1975274232188764,0.8860005829728237,-0.3115268402460527
1228,Landmarks and Outdoors,3,0.5028814308830878,0.746825643894458,0.24394421301137026
1232,Landmarks and Outdoors,3,0.5543934824587714,2.0144091028368174,1.460015620378046
2,Arts and Entertainment,1,0.4767638162316865,0.5326209046208087,0.05585708838912218
5,Arts and Entertainment,1,0.4332332014173959,0.46674422308732827,0.03351102166993236
12,Arts and Entertainment,1,0.519302399997308,0.5062508003721236,-0.013051599625184429
21,Arts and Entertainment,1,2.595639005986566,2.7321361522236014,0.13649714623703524
25,Arts and Entertainment,1,0.38885050116016134,0.38150716367173726,-0.007343337488424084
36,Arts and Entertainment,1,0.3761953947991983,0.39708747975135883,0.02089208495216055
37,Arts and Entertainment,1,0.4958668704485165,0.4648867683474854,-0.030980102101031137
49,Arts and Entertainment,1,0.5421964118071112,0.7345596223226334,0.1923632105155222
53,Arts and Entertainment,1,0.3266028490144008,0.3160109822946656,-0.010591866719735166
56,Arts and Entertainment,1,0.2940677131245064,0.297522646892031,0.003454933767524593
64,Arts and Entertainment,1,1.0933877965290209,1.1118071904781415,0.01841939394912062
67,Arts and Entertainment,1,0.8966722106954357,1.0080654421905832,0.11139323149514757
69,Arts and Entertainment,1,0.5331252816258939,6.425397741707513,5.892272460081619
72,Arts and Entertainment,1,0.3532408006349333,0.3405868922821873,-0.01265390835274599
74,Arts and Entertainment,1,0.5089446046163831,0.5416413587670355,0.03269675415065232
77,Arts and Entertainment,1,0.4000605076331013,0.3956535491417662,-0.0044069584913351
84,Arts and Entertainment,1,0.4536921758764068,0.4905961427175855,0.03690396684117869
90,Arts and Entertainment,1,0.5430741396180734,1.745958867516443,1.2028847278983696
97,Arts and Entertainment,1,0.5697050699965832,0.5783105745893174,0.008605504592734237
98,Arts and Entertainment,1,0.4708658338992647,0.4781929173359532,0.007327083436688531
99,Arts and Entertainment,1,0.3357802787781508,0.45356575778446184,0.11778547900631103
109,Arts and Entertainment,1,0.5960995299048867,0.5361330003549689,-0.05996652954991777
111,Arts and Entertainment,1,0.5586523716002444,0.5396766201739401,-0.018975751426304255
117,Arts and Entertainment,1,0.32631611456089626,0.3158679149084154,-0.010448199652480838
118,Arts and Entertainment,1,0.33259677380626296,0.33741165472880963,0.0048148809225466715
120,Arts and Entertainment,1,0.4127254767146181,0.5109728489292872,0.09824737221466906
124,Arts and Entertainment,1,0.42974198261393787,0.5269833310576089,0.097241348443671
126,Arts and Entertainment,1,0.45844246542620126,0.49393600582927116,0.0354935404030699
130,Arts and Entertainment,1,0.5233879244525205,1.5851860382509826,1.0617981137984622
144,Arts and Entertainment,1,0.4512602421254125,0.5254709973689,0.07421075524348753
149,Arts and Entertainment,1,0.5238566978598095,2.345284211310397,1.8214275134505877
150,Arts and Entertainment,1,0.504103936695667,0.48019223759830415,-0.02391169909736285
160,Arts and Entertainment,1,0.5456833508181954,0.5499302965976804,0.004246945779485034
164,Arts and Entertainment,1,0.3345894370061063,0.41927594204611834,0.08468650504001202
166,Arts and Entertainment,1,0.2996998282689129,0.3118064021508722,0.012106573881959293
173,Arts and Entertainment,1,0.5775251385776741,0.6486042852972037,0.07107914671952964
186,Arts and Entertainment,1,0.4797996276759682,0.5800012912534283,0.10020166357746008
189,Arts and Entertainment,1,0.3573433728503198,0.3370124298541794,-0.02033094299614041
199,Arts and Entertainment,1,1.0982004559589997,1.435541861219276,0.33734140526027634
206,Arts and Entertainment,1,0.38449508015201284,0.54182621443882,0.15733113428680712
208,Arts and Entertainment,1,1.2667283088067145,1.329247088294444,0.06251877948772955
209,Arts and Entertainment,1,0.511249846093341,0.5799845794622971,0.06873473336895608
212,Arts and Entertainment,1,0.5084226545669722,0.6040983771769517,0.09567572260997947
213,Arts and Entertainment,1,0.4619594275007839,0.8140135917522568,0.35205416425147296
220,Arts and Entertainment,1,1.0670825295591375,1.939697120630302,0.8726145910711645
223,Arts and Entertainment,1,1.376369308667773,1.8739762676617935,0.4976069589940204
234,Arts and Entertainment,1,0.6109962161755625,0.8912264388269382,0.28023022265137565
237,Arts and Entertainment,1,0.7716145256582242,0.9289940362462935,0.15737951058806932
244,Arts and Entertainment,1,0.4795941124402018,0.7708480081069131,0.29125389566671134
245,Arts and Entertainment,1,0.4338005240826789,1.9893781133628128,1.555577589280134
251,Arts and Entertainment,1,1.3919913307989944,3.8970404768122124,2.505049146013218
253,Arts and Entertainment,1,0.6711398021568339,0.6340719813673276,-0.03706782078950632
258,Arts and Entertainment,1,0.5676310871122393,1.593736571661959,1.0261054845497197
264,Arts and Entertainment,1,0.6508587521694869,1.4458622770154546,0.7950035248459677
268,Arts and Entertainment,1,0.524166100877322,0.5275259787690117,0.0033598778916897887
269,Arts and Entertainment,1,0.38947238311848004,0.3887184011376482,-0.0007539819808318193
270,Arts and Entertainment,1,0.5940037064727022,2.2057571031284624,1.6117533966557602
273,Arts and Entertainment,1,0.44414241045959413,1.3652957904377518,0.9211533799781577
274,Arts and Entertainment,1,0.5541561793696301,0.5514384102663936,-0.0027177691032365114
280,Arts and Entertainment,1,0.9608296196759533,1.270834345504599,0.3100047258286457
283,Arts and Entertainment,1,0.4085393596572059,0.3950857187927085,-0.013453640864497407
292,Arts and Entertainment,1,0.9926225073652812,0.995124326249825,0.002501818884543816
325,Arts and Entertainment,1,0.2979073001088789,0.3449210507913723,0.047013750682493416
329,Arts and Entertainment,1,0.8776896043896696,0.8847374995114468,0.00704789512177717
330,Arts and Entertainment,1,0.9434044911805204,0.9201535092087462,-0.02325098197177422
335,Arts and Entertainment,1,0.5269845760774727,0.6658886070517107,0.13890403097423798
337,Arts and Entertainment,1,0.5534634059139114,0.6389706950166711,0.08550728910275973
340,Arts and Entertainment,1,0.44814590440790686,0.46383776842602487,0.015691864018118007
345,Arts and Entertainment,1,0.37249690638732413,0.39186281292466674,0.019365906537342603
356,Arts and Entertainment,1,0.6551812735953949,0.6741979473274295,0.01901667373203464
360,Arts and Entertainment,1,0.47473849016499564,0.49864511806273615,0.023906627897740507
363,Arts and Entertainment,1,0.4876841691180254,0.4958481401872533,0.008163971069227893
364,Arts and Entertainment,1,0.37388400319876625,0.40918746224258884,0.035303459043822594
366,Arts and Entertainment,1,0.6859987770821558,0.7775624063954103,0.09156362931325446
369,Arts and Entertainment,1,0.6851792041155396,0.9155222476134098,0.23034304349787027
373,Arts and Entertainment,1,0.3127344378635649,0.4101746541998435,0.09744021633627858
382,Arts and Entertainment,1,0.451171357683856,0.42844805017814447,-0.022723307505711554
396,Arts and Entertainment,1,0.616698610768044,0.6463892684777951,0.0296906577097511
400,Arts and Entertainment,1,0.5055983233897835,0.6606632779913211,0.15506495460153757
420,Arts and Entertainment,1,0.5041185841000033,0.5127667986082447,0.00864821450824138
425,Arts and Entertainment,1,0.38138878008470234,0.4200082066006007,0.038619426515898336
427,Arts and Entertainment,1,0.37989391268154016,0.41200399265952037,0.03211007997798021
428,Arts and Entertainment,1,1.1772950666091373,1.1149096340951292,-0.06238543251400808
432,Arts and Entertainment,1,1.1177156269885642,1.1719129305113691,0.05419730352280494
433,Arts and Entertainment,1,0.6546724598878622,0.7562341966355659,0.10156173674770375
445,Arts and Entertainment,1,0.45467735788265645,0.42969870594283105,-0.024978651939825403
446,Arts and Entertainment,1,0.3691264084076766,0.4065110861185794,0.037384677710902814
450,Arts and Entertainment,1,0.47657222252705994,0.5179707914999113,0.04139856897285138
462,Arts and Entertainment,1,0.5056575061970512,0.49779072129432833,-0.007866784902722856
464,Arts and Entertainment,1,0.5131976930029603,0.8302200062950498,0.3170223132920895
468,Arts and Entertainment,1,0.7843383187442823,0.8246395566446151,0.0403012379003328
471,Arts and Entertainment,1,0.756575042817853,3.8872302382642996,3.1306551954464465
477,Arts and Entertainment,1,0.43350468009848364,0.41206857396085017,-0.02143610613763347
479,Arts and Entertainment,1,0.5223853230798555,0.5347380866720994,0.01235276359224391
480,Arts and Entertainment,1,0.4220479931769628,1.2668611008700923,0.8448131076931296
482,Arts and Entertainment,1,0.6054250260076859,1.46971518227688,0.864290156269194
493,Arts and Entertainment,1,0.5383287745280452,0.8132400152575361,0.2749112407294909
497,Arts and Entertainment,1,0.7764748897264313,0.748968276852124,-0.027506612874307335
505,Arts and Entertainment,1,0.35838476773686945,0.3838900035043974,0.025505235767527945
506,Arts and Entertainment,1,0.3775675147630243,0.4007060335186053,0.023138518755580983
513,Arts and Entertainment,1,0.31326017824568686,0.30840060363868677,-0.0048595746070000945
514,Arts and Entertainment,1,0.3775226119781637,4.925359486893057,4.547836874914893
519,Arts and Entertainment,1,0.4300349124577947,3.5967233806639403,3.1666884682061456
523,Arts and Entertainment,1,0.263578111484447,0.3053205222859923,0.04174241080154534
529,Arts and Entertainment,1,0.44946123473929755,0.5487425239507775,0.09928128921147994
550,Arts and Entertainment,1,0.4867518820149106,0.4663078093044554,-0.020444072710455174
555,Arts and Entertainment,1,1.1457728420426743,1.174736732348772,0.028963890306097806
558,Arts and Entertainment,1,0.47816303077432676,0.5640374753844919,0.08587444461016513
560,Arts and Entertainment,1,0.7905179015686783,1.1877531004054016,0.3972351988367233
586,Arts and Entertainment,1,1.1914388669563012,1.5081518918252925,0.31671302486899133
589,Arts and Entertainment,1,0.47393578961288285,1.8033302981707338,1.329394508557851
591,Arts and Entertainment,1,0.4141624738314043,0.41150357698233186,-0.002658896849072445
595,Arts and Entertainment,1,0.4026848504341236,0.47372948266630344,0.07104463223217983
596,Arts and Entertainment,1,0.26368994929229467,0.28178620143405303,0.018096252141758362
600,Arts and Entertainment,1,0.5087829896425231,0.6810782903136238,0.17229530067110066
601,Arts and Entertainment,1,0.5402514340631764,0.581885571095605,0.041634137032428575
605,Arts and Entertainment,1,0.8774144059485867,0.9094568754584975,0.032042469509910854
609,Arts and Entertainment,1,0.42756649651470224,0.8197735500279553,0.392207053513253
611,Arts and Entertainment,1,0.5539851371927755,0.6299539863692912,0.0759688491765157
614,Arts and Entertainment,1,0.6757398030227268,0.8725023010522679,0.19676249802954104
615,Arts and Entertainment,1,0.629544815450045,3.2961462700230526,2.6666014545730077
625,Arts and Entertainment,1,0.32360108907681434,0.36833542126966495,0.04473433219285061
629,Arts and Entertainment,1,0.5095447622437395,1.2483929411223196,0.7388481788785801
633,Arts and Entertainment,1,0.5172638500663952,0.504672061021399,-0.012591789044996138
634,Arts and Entertainment,1,0.4492693314339499,6.294768295088209,5.84549896365426
635,Arts and Entertainment,1,0.4017599983968289,0.4099113070153018,0.008151308618472908
642,Arts and Entertainment,1,0.6557753438871625,0.6636111198497953,0.00783577596263274
643,Arts and Entertainment,1,0.263578111484447,0.3053205222859923,0.04174241080154534
648,Arts and Entertainment,1,0.5648609850645366,4.603280535793162,4.038419550728625
649,Arts and Entertainment,1,0.4644423025487643,0.7483448171342566,0.2839025145854923
657,Arts and Entertainment,1,0.6752696318479203,0.6632646037640486,-0.012005028083871716
658,Arts and Entertainment,1,0.445469087768409,0.43980318773836125,-0.0056659000300477436
661,Arts and Entertainment,1,0.5663133182291341,0.5941844016986346,0.027871083469500513
674,Arts and Entertainment,1,0.6542174976218843,0.6514647229367592,-0.0027527746851251367
676,Arts and Entertainment,1,0.8239976934643893,0.9223664030206964,0.09836870955630705
683,Arts and Entertainment,1,0.9130896289158621,0.9518712978106659,0.038781668894803834
691,Arts and Entertainment,1,0.9527066970921333,1.912436941634914,0.9597302445427808
694,Arts and Entertainment,1,0.4141195664705237,0.4614079328277946,0.04728836635727085
707,Arts and Entertainment,1,1.117351451935725,1.3413708090349412,0.22401935709921617
717,Arts and Entertainment,1,0.40097275858010006,0.4765813179265659,0.07560855934646582
720,Arts and Entertainment,1,0.616499970888409,0.6192455833171155,0.002745612428706523
722,Arts and Entertainment,1,0.4103673806300513,0.4502326032611549,0.03986522263110359
726,Arts and Entertainment,1,0.2841750861325322,0.30175297439132337,0.017577888258791197
729,Arts and Entertainment,1,0.7786296412503119,0.811499091708618,0.03286945045830614
733,Arts and Entertainment,1,0.49236763793085403,0.4408516680462591,-0.05151596988459495
734,Arts and Entertainment,1,0.44048444330956216,0.5783485134510975,0.13786407014153534
737,Arts and Entertainment,1,0.7525693634633196,0.6482905192495725,-0.10427884421374711
740,Arts and Entertainment,1,0.5113707888192952,0.9493020218167498,0.4379312329974546
744,Arts and Entertainment,1,0.8253259631446959,0.8096423193905113,-0.015683643754184518
755,Arts and Entertainment,1,0.4603830118871376,0.3882883640059749,-0.07209464788116271
765,Arts and Entertainment,1,0.5068830441554948,0.5844266075785406,0.0775435634230458
769,Arts and Entertainment,1,0.5212645718855649,0.5521410371646384,0.030876465279073506
773,Arts and Entertainment,1,0.3320435187198499,0.338110087612031,0.006066568892181101
778,Arts and Entertainment,1,0.6554218808812509,2.9816393671150228,2.326217486233772
779,Arts and Entertainment,1,0.5689755601481166,0.6308840927074925,0.061908532559375895
784,Arts and Entertainment,1,0.6042934569483418,0.5273201429199919,-0.07697331402834995
791,Arts and Entertainment,1,0.7152257958685019,0.7361310543909363,0.02090525852243441
798,Arts and Entertainment,1,0.433275122191346,0.7111074199368004,0.27783229774545437
799,Arts and Entertainment,1,0.7241809906746701,4.7727200701545245,4.048539079479855
801,Arts and Entertainment,1,0.5828845954340711,0.9015511508251662,0.3186665553910951
804,Arts and Entertainment,1,0.6068029364682236,0.6983831185689702,0.09158018210074659
805,Arts and Entertainment,1,0.5974940363667397,1.421172709817704,0.8236786734509643
816,Arts and Entertainment,1,0.4895803256835798,0.5479633758662854,0.05838305018270562
819,Arts and Entertainment,1,0.47906820375192566,0.4812460700583585,0.002177866306432852
830,Arts and Entertainment,1,0.6260242525070077,0.6612401091573796,0.03521585665037197
832,Arts and Entertainment,1,0.5486203415680252,0.5831758390006676,0.03455549743264241
837,Arts and Entertainment,1,0.33203475235614366,0.5554305917765284,0.22339583942038477
843,Arts and Entertainment,1,0.8088741726881654,0.8441231480564199,0.03524897536825444
848,Arts and Entertainment,1,0.6553184793093014,0.688564415549377,0.033245936240075546
859,Arts and Entertainment,1,0.5474665467753812,0.5831223831617388,0.03565583638635761
861,Arts and Entertainment,1,0.562992379435994,0.6578786371529324,0.09488625771693837
864,Arts and Entertainment,1,0.5700008200094904,0.7436114495647657,0.1736106295552753
866,Arts and Entertainment,1,0.6454666636964601,0.6594632260434334,0.013996562346973329
875,Arts and Entertainment,1,0.46557781610908966,0.5710818708663404,0.10550405475725078
878,Arts and Entertainment,1,0.5677016916574498,0.8473085331094665,0.27960684145201675
879,Arts and Entertainment,1,0.542117175291629,0.6065491667303811,0.06443199143875211
887,Arts and Entertainment,1,0.3505586665306485,0.4332992815085832,0.08274061497793472
903,Arts and Entertainment,1,0.9293425560873143,1.7311760010652881,0.8018334449779738
907,Arts and Entertainment,1,0.3284466644536497,0.29036518325422717,-0.03808148119942251
909,Arts and Entertainment,1,0.5686744227279845,3.5773260861050535,3.0086516633770692
912,Arts and Entertainment,1,0.41534754668702034,0.4099200665675583,-0.005427480119462036
915,Arts and Entertainment,1,0.5241625310287054,0.5936676308556781,0.06950509982697273
920,Arts and Entertainment,1,0.4528124627197494,0.9422252458126946,0.4894127830929452
927,Arts and Entertainment,1,0.7426750284069283,0.7687265122686968,0.026051483861768476
929,Arts and Entertainment,1,0.6694226501376556,0.7195083584808281,0.0500857083431725
930,Arts and Entertainment,1,0.6769677985234646,0.9673667594995057,0.2903989609760411
935,Arts and Entertainment,1,0.6045581043222714,0.8185172110165202,0.21395910669424878
938,Arts and Entertainment,1,0.24796527119881454,0.25083773702606793,0.0028724658272533954
941,Arts and Entertainment,1,0.4508910047985322,0.6131489441884568,0.16225793938992455
944,Arts and Entertainment,1,0.6582379992931787,0.6761989278326156,0.01796092853943687
947,Arts and Entertainment,1,0.28606489726220236,0.27408249953734026,-0.011982397724862093
957,Arts and Entertainment,1,0.4708744307845844,0.4744583010624892,0.0035838702779047993
963,Arts and Entertainment,1,0.4111847251676259,0.49007796349645744,0.07889323832883155
978,Arts and Entertainment,1,0.6168457606740543,1.0682935724348974,0.45144781176084314
979,Arts and Entertainment,1,0.4669556319962321,0.4614762592614343,-0.0054793727347977605
980,Arts and Entertainment,1,0.4675731916619667,1.1703918619646356,0.7028186703026689
981,Arts and Entertainment,1,0.5142334924816823,0.7763486330981916,0.2621151406165093
986,Arts and Entertainment,1,0.5692298459836107,3.286399243934465,2.717169397950854
989,Arts and Entertainment,1,0.38500927548019204,0.39692224503410245,0.011912969553910413
997,Arts and Entertainment,1,0.8744777935673878,0.8591086187932488,-0.015369174774138905
1000,Arts and Entertainment,1,0.4763480298550971,0.6470431817925006,0.17069515193740353
1011,Arts and Entertainment,1,0.5749666661837433,0.5937375674193368,0.01877090123559355
1013,Arts and Entertainment,1,1.1525400287363974,1.1372567513185863,-0.015283277417811103
1016,Arts and Entertainment,1,0.46635172263716484,0.6638172417084232,0.1974655190712583
1018,Arts and Entertainment,1,0.45475672878620815,0.42433504447637316,-0.030421684309834995
1024,Arts and Entertainment,1,0.7419393684398315,0.9867753364658296,0.24483596802599805
1027,Arts and Entertainment,1,0.778237300470336,0.8977485987567866,0.11951129828645057
1033,Arts and Entertainment,1,0.889766751778323,0.9776328577173901,0.08786610593906707
1037,Arts and Entertainment,1,0.5110298760276417,0.7727418920216246,0.26171201599398286
1041,Arts and Entertainment,1,0.40325565506596966,0.48805957739172523,0.08480392232575557
1042,Arts and Entertainment,1,0.41545489665313284,0.3912042325603353,-0.024250664092797525
1061,Arts and Entertainment,1,0.41733524288606494,0.5214316853911357,0.10409644250507077
1065,Arts and Entertainment,1,0.41347817209254056,0.46275805745557813,0.04927988536303757
1067,Arts and Entertainment,1,0.7714005237449574,0.878524043604084,0.1071235198591266
1079,Arts and Entertainment,1,0.4007406179302483,0.41762621705214253,0.016885599121894246
1087,Arts and Entertainment,1,0.6185222704091229,0.6402740495364977,0.021751779127374804
1092,Arts and Entertainment,1,0.4463040914084397,0.40506894912960123,-0.041235142278838455
1094,Arts and Entertainment,1,0.7783765403850518,0.7967395666958682,0.018363026310816433
1108,Arts and Entertainment,1,0.3667070005855422,0.44677352272223814,0.08006652213669596
1114,Arts and Entertainment,1,0.5676444739499075,0.5535115020421787,-0.014132971907728775
1117,Arts and Entertainment,1,0.5130516294889842,0.541655941036658,0.028604311547673844
1118,Arts and Entertainment,1,0.5086831405152217,0.49991586567123747,-0.008767274843984207
1120,Arts and Entertainment,1,0.5100135500852314,0.624159073576656,0.1141455234914246
1124,Arts and Entertainment,1,0.5340807040139202,0.5759788672331025,0.04189816321918238
1126,Arts and Entertainment,1,0.48617726888724555,0.5783228629043371,0.09214559401709155
1134,Arts and Entertainment,1,0.4988872259378798,0.531283982763764,0.032396756825884165
1136,Arts and Entertainment,1,0.7778328189646859,0.831364157768417,0.053531338803731066
1138,Arts and Entertainment,1,0.6910962545080591,0.7080456627873294,0.016949408279270273
1146,Arts and Entertainment,1,0.4488445423904279,0.6366872586774524,0.18784271628702442
1150,Arts and Entertainment,1,0.5156376308687692,0.47188951320567507,-0.043748117663094166
1159,Arts and Entertainment,1,0.6017471038751707,0.596789043233077,-0.004958060642093698
1161,Arts and Entertainment,1,0.29419077903100826,1.9241742783083637,1.6299834992773554
1164,Arts and Entertainment,1,0.3725860766119103,0.42529189420231456,0.05270581759040427
1169,Arts and Entertainment,1,0.6008491702906289,0.5142457383784029,-0.08660343191222597
1184,Arts and Entertainment,1,0.5967708989218855,0.7509172929798571,0.1541463940579716
1185,Arts and Entertainment,1,0.41547670646296603,0.8683387816722477,0.4528620752092816
1186,Arts and Entertainment,1,0.47261995073417906,9.883324515101425,9.410704564367245
1187,Arts and Entertainment,1,0.6730728344771735,1.5288043876147162,0.8557315531375427
1192,Arts and Entertainment,1,0.44818933881618983,1.0103942214471198,0.5622048826309299
1197,Arts and Entertainment,1,0.516451854000405,0.8946584799142623,0.37820662591385723
1208,Arts and Entertainment,1,0.5805384769609877,1.9186583766170238,1.3381198996560362
1214,Arts and Entertainment,1,0.6263837302578465,0.6166002881340529,-0.009783442123793673
1218,Arts and Entertainment,1,0.8293432835269775,0.9227343244041872,0.09339104087720973
1221,Arts and Entertainment,1,0.7155131697051375,0.7288849855708326,0.013371815865695136
1224,Arts and Entertainment,1,1.1975274232188764,1.207820394232473,0.010292971013596608
1228,Arts and Entertainment,1,0.5028814308830878,0.5207431319420621,0.017861701058974333
1232,Arts and Entertainment,1,0.5543934824587714,0.7012012083906931,0.1468077259319217
2,Arts and Entertainment,2,0.4767638162316865,0.61907722551426,0.14231340928257352
5,Arts and Entertainment,2,0.4332332014173959,0.7235353541929395,0.29030215277554355
12,Arts and Entertainment,2,0.519302399997308,1.00524644437024,0.48594404437293204
21,Arts and Entertainment,2,2.595639005986566,2.8708591355418944,0.27522012955532826
25,Arts and Entertainment,2,0.38885050116016134,0.3991249325133042,0.010274431353142877
36,Arts and Entertainment,2,0.3761953947991983,1.857771190534832,1.4815757957356337
37,Arts and Entertainment,2,0.4958668704485165,0.7339951477083755,0.23812827725985897
49,Arts and Entertainment,2,0.5421964118071112,1.6681944126366905,1.1259980008295793
53,Arts and Entertainment,2,0.3266028490144008,0.310657778225761,-0.01594507078863977
56,Arts and Entertainment,2,0.2940677131245064,0.4192964133045306,0.1252287001800242
64,Arts and Entertainment,2,1.0933877965290209,1.1827193654297772,0.08933156890075633
67,Arts and Entertainment,2,0.8966722106954357,1.1566066886286144,0.2599344779331787
69,Arts and Entertainment,2,0.5331252816258939,7.2043633503339715,6.671238068708077
72,Arts and Entertainment,2,0.3532408006349333,0.44417841778525935,0.09093761715032606
74,Arts and Entertainment,2,0.5089446046163831,1.0001058878183544,0.4911612832019713
77,Arts and Entertainment,2,0.4000605076331013,0.3881935383593271,-0.01186696927377423
84,Arts and Entertainment,2,0.4536921758764068,0.5260204322495644,0.0723282563731576
90,Arts and Entertainment,2,0.5430741396180734,3.1926265533556113,2.649552413737538
97,Arts and Entertainment,2,0.5697050699965832,0.602201110606229,0.03249604060964584
98,Arts and Entertainment,2,0.4708658338992647,0.512420138856833,0.041554304957568344
99,Arts and Entertainment,2,0.3357802787781508,0.5667932432443715,0.23101296446622072
109,Arts and Entertainment,2,0.5960995299048867,0.5416840532480591,-0.054415476656827555
111,Arts and Entertainment,2,0.5586523716002444,0.5682901389169204,0.009637767316675983
117,Arts and Entertainment,2,0.32631611456089626,0.35080359346971807,0.024487478908821803
118,Arts and Entertainment,2,0.33259677380626296,0.33454819051873047,0.001951416712467513
120,Arts and Entertainment,2,0.4127254767146181,1.0350682443658976,0.6223427676512795
124,Arts and Entertainment,2,0.42974198261393787,0.5666126270574507,0.13687064444351288
126,Arts and Entertainment,2,0.45844246542620126,1.8889403970512202,1.4304979316250188
130,Arts and Entertainment,2,0.5233879244525205,2.205847258177476,1.6824593337249558
144,Arts and Entertainment,2,0.4512602421254125,0.6485454447263661,0.1972852026009536
149,Arts and Entertainment,2,0.5238566978598095,3.59040793091802,3.0665512330582105
150,Arts and Entertainment,2,0.504103936695667,0.6045040593584139,0.1004001226627469
160,Arts and Entertainment,2,0.5456833508181954,1.2799051962397696,0.7342218454215742
164,Arts and Entertainment,2,0.3345894370061063,0.5179349158194396,0.1833454788133333
166,Arts and Entertainment,2,0.2996998282689129,0.4882779589658354,0.18857813069692253
173,Arts and Entertainment,2,0.5775251385776741,1.4227963735470261,0.8452712349693521
186,Arts and Entertainment,2,0.4797996276759682,0.6090164324924934,0.1292168048165252
189,Arts and Entertainment,2,0.3573433728503198,0.35448463654022444,-0.0028587363100953667
199,Arts and Entertainment,2,1.0982004559589997,1.8796258712819407,0.781425415322941
206,Arts and Entertainment,2,0.38449508015201284,0.8432292599780347,0.4587341798260218
208,Arts and Entertainment,2,1.2667283088067145,1.3885431913374722,0.12181488253075767
209,Arts and Entertainment,2,0.511249846093341,2.231098365605402,1.7198485195120612
212,Arts and Entertainment,2,0.5084226545669722,0.7107693299665738,0.2023466753996016
213,Arts and Entertainment,2,0.4619594275007839,1.033365934621059,0.5714065071202752
220,Arts and Entertainment,2,1.0670825295591375,2.641132482832093,1.5740499532729553
223,Arts and Entertainment,2,1.376369308667773,2.3386645667395802,0.9622952580718072
234,Arts and Entertainment,2,0.6109962161755625,7.459405608159455,6.848409391983892
237,Arts and Entertainment,2,0.7716145256582242,1.0627447013678193,0.2911301757095951
244,Arts and Entertainment,2,0.4795941124402018,1.109113578083129,0.6295194656429272
245,Arts and Entertainment,2,0.4338005240826789,2.521400310654652,2.0875997865719733
251,Arts and Entertainment,2,1.3919913307989944,8.333552958078114,6.941561627279119
253,Arts and Entertainment,2,0.6711398021568339,0.6138101079195265,-0.05732969423730738
258,Arts and Entertainment,2,0.5676310871122393,3.542771818763031,2.9751407316507916
264,Arts and Entertainment,2,0.6508587521694869,2.203780098062905,1.5529213458934181
268,Arts and Entertainment,2,0.524166100877322,0.5198564201933173,-0.004309680684004613
269,Arts and Entertainment,2,0.38947238311848004,0.5246710412663146,0.13519865814783455
270,Arts and Entertainment,2,0.5940037064727022,3.294206724084164,2.7002030176114618
273,Arts and Entertainment,2,0.44414241045959413,2.0885260011445768,1.6443835906849826
274,Arts and Entertainment,2,0.5541561793696301,0.9477906613803448,0.3936344820107147
280,Arts and Entertainment,2,0.9608296196759533,1.8421159013493962,0.8812862816734429
283,Arts and Entertainment,2,0.4085393596572059,0.6716189574199066,0.26307959776270073
292,Arts and Entertainment,2,0.9926225073652812,0.9944613441319924,0.0018388367667111494
325,Arts and Entertainment,2,0.2979073001088789,0.450578815629009,0.15267151552013009
329,Arts and Entertainment,2,0.8776896043896696,0.9074628182876822,0.029773213898012574
330,Arts and Entertainment,2,0.9434044911805204,0.9046381586628693,-0.03876633251765105
335,Arts and Entertainment,2,0.5269845760774727,2.9682186809411153,2.441234104863643
337,Arts and Entertainment,2,0.5534634059139114,0.7198608937196644,0.16639748780575303
340,Arts and Entertainment,2,0.44814590440790686,0.5887525956535015,0.1406066912455946
345,Arts and Entertainment,2,0.37249690638732413,0.3667738689630899,-0.005723037424234245
356,Arts and Entertainment,2,0.6551812735953949,1.2249185227027857,0.5697372491073908
360,Arts and Entertainment,2,0.47473849016499564,0.5054285278181073,0.03069003765311168
363,Arts and Entertainment,2,0.4876841691180254,0.645937220275905,0.15825305115787963
364,Arts and Entertainment,2,0.37388400319876625,0.4825518939359433,0.10866789073717703
366,Arts and Entertainment,2,0.6859987770821558,0.9046492061397069,0.21865042905755105
369,Arts and Entertainment,2,0.6851792041155396,1.2920665316491955,0.6068873275336559
373,Arts and Entertainment,2,0.3127344378635649,0.7141483123605623,0.4014138744969974
382,Arts and Entertainment,2,0.451171357683856,0.49081348791617974,0.03964213023232371
396,Arts and Entertainment,2,0.616698610768044,0.6833933836880541,0.06669477292001014
400,Arts and Entertainment,2,0.5055983233897835,1.1572038424872744,0.6516055190974909
420,Arts and Entertainment,2,0.5041185841000033,0.7012397627855839,0.19712117868558054
425,Arts and Entertainment,2,0.38138878008470234,0.5249336413350284,0.14354486125032606
427,Arts and Entertainment,2,0.37989391268154016,0.4836700971655348,0.10377618448399462
428,Arts and Entertainment,2,1.1772950666091373,1.0694013292076063,-0.10789373740153096
432,Arts and Entertainment,2,1.1177156269885642,1.2395738582011404,0.12185823121257622
433,Arts and Entertainment,2,0.6546724598878622,0.9134701220235809,0.25879766213571875
445,Arts and Entertainment,2,0.45467735788265645,0.5050306523412054,0.050353294458548914
446,Arts and Entertainment,2,0.3691264084076766,0.5109986844064549,0.14187227599877833
450,Arts and Entertainment,2,0.47657222252705994,0.5970314610089997,0.12045923848193979
462,Arts and Entertainment,2,0.5056575061970512,0.5870256651693624,0.0813681589723112
464,Arts and Entertainment,2,0.5131976930029603,1.5641036532823014,1.0509059602793411
468,Arts and Entertainment,2,0.7843383187442823,0.8707109120966741,0.08637259335239178
471,Arts and Entertainment,2,0.756575042817853,7.018338324721402,6.261763281903549
477,Arts and Entertainment,2,0.43350468009848364,0.4403649394737501,0.006860259375266464
479,Arts and Entertainment,2,0.5223853230798555,0.6014940944685727,0.07910877138871719
480,Arts and Entertainment,2,0.4220479931769628,2.121167072663087,1.6991190794861242
482,Arts and Entertainment,2,0.6054250260076859,2.135441736960738,1.530016710953052
493,Arts and Entertainment,2,0.5383287745280452,2.4829858285030246,1.9446570539749795
497,Arts and Entertainment,2,0.7764748897264313,0.7609856818848322,-0.015489207841599129
505,Arts and Entertainment,2,0.35838476773686945,0.42632710834184007,0.06794234060497062
506,Arts and Entertainment,2,0.3775675147630243,0.4040845267698614,0.026517012006837093
513,Arts and Entertainment,2,0.31326017824568686,0.3824017004545609,0.06914152220887404
514,Arts and Entertainment,2,0.3775226119781637,5.1471205036729994,4.769597891694835
519,Arts and Entertainment,2,0.4300349124577947,3.931465872511757,3.501430960053962
523,Arts and Entertainment,2,0.263578111484447,0.48675496574014243,0.22317685425569544
529,Arts and Entertainment,2,0.44946123473929755,0.595753859122511,0.14629262438321344
550,Arts and Entertainment,2,0.4867518820149106,0.5628275866580654,0.07607570464315483
555,Arts and Entertainment,2,1.1457728420426743,1.2210087714505677,0.07523592940789348
558,Arts and Entertainment,2,0.47816303077432676,2.1034428686210145,1.6252798378466877
560,Arts and Entertainment,2,0.7905179015686783,1.7130711147569426,0.9225532131882643
586,Arts and Entertainment,2,1.1914388669563012,1.8393003199814475,0.6478614530251463
589,Arts and Entertainment,2,0.47393578961288285,2.297508492894594,1.8235727032817113
591,Arts and Entertainment,2,0.4141624738314043,0.4584654408676657,0.04430296703626141
595,Arts and Entertainment,2,0.4026848504341236,1.0674541510633713,0.6647693006292477
596,Arts and Entertainment,2,0.26368994929229467,0.478872155434923,0.21518220614262834
600,Arts and Entertainment,2,0.5087829896425231,1.2966567094138837,0.7878737197713606
601,Arts and Entertainment,2,0.5402514340631764,0.603118184153806,0.06286675009062959
605,Arts and Entertainment,2,0.8774144059485867,0.9314771952797101,0.054062789331123406
609,Arts and Entertainment,2,0.42756649651470224,3.7411944743779486,3.3136279778632463
611,Arts and Entertainment,2,0.5539851371927755,0.7426916913028853,0.18870655411010973
614,Arts and Entertainment,2,0.6757398030227268,1.1166179173281439,0.440878114305417
615,Arts and Entertainment,2,0.629544815450045,3.4143798705238457,2.784835055073801
625,Arts and Entertainment,2,0.32360108907681434,0.4880524351674089,0.16445134609059459
629,Arts and Entertainment,2,0.5095447622437395,3.184807722771856,2.6752629605281166
633,Arts and Entertainment,2,0.5172638500663952,0.47936603681134893,-0.037897813255046264
634,Arts and Entertainment,2,0.4492693314339499,5.94665011017247,5.4973807787385205
635,Arts and Entertainment,2,0.4017599983968289,4.8928571132382075,4.491097114841379
642,Arts and Entertainment,2,0.6557753438871625,0.6364822420540924,-0.019293101833070092
643,Arts and Entertainment,2,0.263578111484447,0.48675496574014243,0.22317685425569544
648,Arts and Entertainment,2,0.5648609850645366,5.257714838748626,4.692853853684089
649,Arts and Entertainment,2,0.4644423025487643,1.1716974154337052,0.7072551128849409
657,Arts and Entertainment,2,0.6752696318479203,0.7968830554370347,0.12161342358911442
658,Arts and Entertainment,2,0.445469087768409,1.4605594499115462,1.015090362143137
661,Arts and Entertainment,2,0.5663133182291341,1.0167643677689073,0.4504510495397732
674,Arts and Entertainment,2,0.6542174976218843,0.934256006603025,0.2800385089811407
676,Arts and Entertainment,2,0.8239976934643893,1.146888431644153,0.32289073817976366
683,Arts and Entertainment,2,0.9130896289158621,1.1119065081827464,0.1988168792668843
691,Arts and Entertainment,2,0.9527066970921333,2.610880490916626,1.6581737938244925
694,Arts and Entertainment,2,0.4141195664705237,0.6427687684609916,0.2286492019904679
707,Arts and Entertainment,2,1.117351451935725,1.9585827367287276,0.8412312847930026
717,Arts and Entertainment,2,0.40097275858010006,0.5641639019589647,0.16319114337886464
720,Arts and Entertainment,2,0.616499970888409,1.953612998636959,1.3371130277485501
722,Arts and Entertainment,2,0.4103673806300513,0.46314713317779505,0.05277975254774375
726,Arts and Entertainment,2,0.2841750861325322,0.5235233614766202,0.23934827534408798
729,Arts and Entertainment,2,0.7786296412503119,1.1810118666718763,0.40238222542156443
733,Arts and Entertainment,2,0.49236763793085403,0.44407169491946985,-0.04829594301138418
734,Arts and Entertainment,2,0.44048444330956216,0.6654746953985481,0.22499025208898593
737,Arts and Entertainment,2,0.7525693634633196,0.4562154432030714,-0.2963539202602482
740,Arts and Entertainment,2,0.5113707888192952,1.7946138864681984,1.2832430976489033
744,Arts and Entertainment,2,0.8253259631446959,1.3740904180750362,0.5487644549303403
755,Arts and Entertainment,2,0.4603830118871376,0.38332601719452497,-0.07705699469261262
765,Arts and Entertainment,2,0.5068830441554948,1.0452071304176132,0.5383240862621184
769,Arts and Entertainment,2,0.5212645718855649,0.6519198500481047,0.13065527816253986
773,Arts and Entertainment,2,0.3320435187198499,0.3922396660260927,0.06019614730624284
778,Arts and Entertainment,2,0.6554218808812509,3.201327910718832,2.545906029837581
779,Arts and Entertainment,2,0.5689755601481166,0.7529354317234549,0.18395987157533833
784,Arts and Entertainment,2,0.6042934569483418,4.750701635625722,4.1464081786773805
791,Arts and Entertainment,2,0.7152257958685019,0.7587979107587923,0.04357211489029045
798,Arts and Entertainment,2,0.433275122191346,2.0460106303302608,1.6127355081389148
799,Arts and Entertainment,2,0.7241809906746701,4.641286045867886,3.9171050551932165
801,Arts and Entertainment,2,0.5828845954340711,1.8701560312510832,1.287271435817012
804,Arts and Entertainment,2,0.6068029364682236,0.9188320293602417,0.3120290928920181
805,Arts and Entertainment,2,0.5974940363667397,3.945952323191494,3.3484582868247545
816,Arts and Entertainment,2,0.4895803256835798,0.6526359316836592,0.1630556060000794
819,Arts and Entertainment,2,0.47906820375192566,0.48685909250278114,0.007790888750855485
830,Arts and Entertainment,2,0.6260242525070077,1.0067205498007845,0.38069629729377685
832,Arts and Entertainment,2,0.5486203415680252,0.6042156152324862,0.05559527366446104
837,Arts and Entertainment,2,0.33203475235614366,0.7978967792303349,0.4658620268741912
843,Arts and Entertainment,2,0.8088741726881654,1.320769466279363,0.5118952935911976
848,Arts and Entertainment,2,0.6553184793093014,0.8140656368163837,0.15874715750708224
859,Arts and Entertainment,2,0.5474665467753812,0.6080386395090502,0.060572092733669036
861,Arts and Entertainment,2,0.562992379435994,0.8490494489104107,0.28605706947441667
864,Arts and Entertainment,2,0.5700008200094904,1.3801882675864803,0.8101874475769899
866,Arts and Entertainment,2,0.6454666636964601,0.6619929608497306,0.016526297153270475
875,Arts and Entertainment,2,0.46557781610908966,0.7346896612354319,0.26911184512634223
878,Arts and Entertainment,2,0.5677016916574498,1.3394572839304055,0.7717555922729558
879,Arts and Entertainment,2,0.542117175291629,0.748785330339419,0.20666815504779001
887,Arts and Entertainment,2,0.3505586665306485,0.5331812258038319,0.18262255927318338
903,Arts and Entertainment,2,0.9293425560873143,2.402444958642744,1.4731024025554296
907,Arts and Entertainment,2,0.3284466644536497,0.3080485089321906,-0.02039815552145907
909,Arts and Entertainment,2,0.5686744227279845,1.071335780534858,0.5026613578068735
912,Arts and Entertainment,2,0.41534754668702034,0.4210798009132351,0.005732254226214761
915,Arts and Entertainment,2,0.5241625310287054,0.6821596536829024,0.15799712265419708
920,Arts and Entertainment,2,0.4528124627197494,4.601191146272163,4.148378683552414
927,Arts and Entertainment,2,0.7426750284069283,0.9666254817547721,0.2239504533478438
929,Arts and Entertainment,2,0.6694226501376556,4.6559330501274445,3.986510399989789
930,Arts and Entertainment,2,0.6769677985234646,1.3853270195381238,0.7083592210146592
935,Arts and Entertainment,2,0.6045581043222714,1.7302867214848892,1.1257286171626177
938,Arts and Entertainment,2,0.24796527119881454,0.6301636249637688,0.38219835376495426
941,Arts and Entertainment,2,0.4508910047985322,0.9671897411006412,0.516298736302109
944,Arts and Entertainment,2,0.6582379992931787,0.7180689749439935,0.059830975650814744
947,Arts and Entertainment,2,0.28606489726220236,0.2751126873818044,-0.010952209880397967
957,Arts and Entertainment,2,0.4708744307845844,0.47271426282153783,0.001839832036953426
963,Arts and Entertainment,2,0.4111847251676259,0.736013826919139,0.3248291017515131
978,Arts and Entertainment,2,0.6168457606740543,4.235161390880886,3.6183156302068316
979,Arts and Entertainment,2,0.4669556319962321,0.4937244759008839,0.02676884390465184
980,Arts and Entertainment,2,0.4675731916619667,1.7755182018029005,1.3079450101409338
981,Arts and Entertainment,2,0.5142334924816823,2.7304775361286153,2.216244043646933
986,Arts and Entertainment,2,0.5692298459836107,3.5167964311863074,2.9475665852026967
989,Arts and Entertainment,2,0.38500927548019204,0.8431909147781701,0.45818163929797806
997,Arts and Entertainment,2,0.8744777935673878,0.9289691630648752,0.05449136949748745
1000,Arts and Entertainment,2,0.4763480298550971,0.7084047586143363,0.23205672875923916
1011,Arts and Entertainment,2,0.5749666661837433,0.7187435091609343,0.14377684297719107
1013,Arts and Entertainment,2,1.1525400287363974,1.1294697779505187,-0.023070250785878654
1016,Arts and Entertainment,2,0.46635172263716484,0.9433393679197413,0.4769876452825764
1018,Arts and Entertainment,2,0.45475672878620815,0.7133318868794805,0.2585751580932723
1024,Arts and Entertainment,2,0.7419393684398315,1.8457555611251504,1.103816192685319
1027,Arts and Entertainment,2,0.778237300470336,1.0486651257889057,0.2704278253185697
1033,Arts and Entertainment,2,0.889766751778323,1.1374366465774859,0.2476698947991629
1037,Arts and Entertainment,2,0.5110298760276417,1.0545185317416812,0.5434886557140395
1041,Arts and Entertainment,2,0.40325565506596966,0.7167137234690256,0.31345806840305596
1042,Arts and Entertainment,2,0.41545489665313284,0.47053005305639933,0.05507515640326649
1061,Arts and Entertainment,2,0.41733524288606494,0.613105000568352,0.1957697576822871
1065,Arts and Entertainment,2,0.41347817209254056,0.7552461641431819,0.34176799205064134
1067,Arts and Entertainment,2,0.7714005237449574,0.9971690112995025,0.22576848755454515
1079,Arts and Entertainment,2,0.4007406179302483,1.439743276922433,1.0390026589921848
1087,Arts and Entertainment,2,0.6185222704091229,0.7493605768525351,0.1308383064434122
1092,Arts and Entertainment,2,0.4463040914084397,0.42788216649530536,-0.018421924913134324
1094,Arts and Entertainment,2,0.7783765403850518,0.9309351001528454,0.15255855976779364
1108,Arts and Entertainment,2,0.3667070005855422,0.698130550302339,0.3314235497167968
1114,Arts and Entertainment,2,0.5676444739499075,0.5852566562856233,0.01761218233571582
1117,Arts and Entertainment,2,0.5130516294889842,6.821645788032095,6.3085941585431105
1118,Arts and Entertainment,2,0.5086831405152217,0.6064340406580362,0.09775090014281451
1120,Arts and Entertainment,2,0.5100135500852314,0.7979658073756173,0.28795225729038587
1124,Arts and Entertainment,2,0.5340807040139202,0.7140047856512238,0.17992408163730367
1126,Arts and Entertainment,2,0.48617726888724555,2.0477736215387603,1.5615963526515149
1134,Arts and Entertainment,2,0.4988872259378798,5.4441663451351445,4.945279119197265
1136,Arts and Entertainment,2,0.7778328189646859,0.9118887322816145,0.13405591331692857
1138,Arts and Entertainment,2,0.6910962545080591,1.0776709472109203,0.38657469270286116
1146,Arts and Entertainment,2,0.4488445423904279,0.7673746105997977,0.3185300682093698
1150,Arts and Entertainment,2,0.5156376308687692,0.47695845100316203,-0.038679179865607205
1159,Arts and Entertainment,2,0.6017471038751707,2.1758535542208555,1.5741064503456847
1161,Arts and Entertainment,2,0.29419077903100826,2.2158774049846737,1.9216866259536654
1164,Arts and Entertainment,2,0.3725860766119103,0.5490763846445498,0.1764903080326395
1169,Arts and Entertainment,2,0.6008491702906289,0.7937022841191164,0.19285311382848747
1184,Arts and Entertainment,2,0.5967708989218855,0.786920226048679,0.19014932712679344
1185,Arts and Entertainment,2,0.41547670646296603,1.0951348895309225,0.6796581830679564
1186,Arts and Entertainment,2,0.47261995073417906,9.989583595876503,9.516963645142324
1187,Arts and Entertainment,2,0.6730728344771735,2.031000067424427,1.3579272329472536
1192,Arts and Entertainment,2,0.44818933881618983,1.2832399224174131,0.8350505836012233
1197,Arts and Entertainment,2,0.516451854000405,1.2865506482499827,0.7700987942495776
1208,Arts and Entertainment,2,0.5805384769609877,2.540452074475096,1.9599135975141082
1214,Arts and Entertainment,2,0.6263837302578465,0.6346103784040139,0.008226648146167359
1218,Arts and Entertainment,2,0.8293432835269775,1.0722161668703019,0.24287288334332435
1221,Arts and Entertainment,2,0.7155131697051375,0.8017901994315313,0.08627702972639384
1224,Arts and Entertainment,2,1.1975274232188764,1.2705039184783407,0.07297649525946426
1228,Arts and Entertainment,2,0.5028814308830878,0.524543755945903,0.02166232506281518
1232,Arts and Entertainment,2,0.5543934824587714,0.9105356071789618,0.35614212472019036
2,Arts and Entertainment,3,0.4767638162316865,0.7999468516986483,0.3231830354669618
5,Arts and Entertainment,3,0.4332332014173959,5.638780019113304,5.205546817695908
12,Arts and Entertainment,3,0.519302399997308,1.828733871552506,1.309431471555198
21,Arts and Entertainment,3,2.595639005986566,3.0120715327904795,0.4164325268039133
25,Arts and Entertainment,3,0.38885050116016134,1.4538647983521393,1.065014297191978
36,Arts and Entertainment,3,0.3761953947991983,1.8739743302801788,1.4977789354809805
37,Arts and Entertainment,3,0.4958668704485165,1.2306338759768862,0.7347670055283697
49,Arts and Entertainment,3,0.5421964118071112,3.828573696881965,3.286377285074854
53,Arts and Entertainment,3,0.3266028490144008,0.32437008970358805,-0.0022327593108127375
56,Arts and Entertainment,3,0.2940677131245064,1.8404357725585385,1.546368059434032
64,Arts and Entertainment,3,1.0933877965290209,1.3372568024429827,0.24386900591396188
67,Arts and Entertainment,3,0.8966722106954357,1.3425072107900191,0.44583500009458343
69,Arts and Entertainment,3,0.5331252816258939,7.818697877846038,7.285572596220144
72,Arts and Entertainment,3,0.3532408006349333,0.954158812595813,0.6009180119608797
74,Arts and Entertainment,3,0.5089446046163831,1.4796202359299981,0.970675631313615
77,Arts and Entertainment,3,0.4000605076331013,0.5786955683613181,0.17863506072821678
84,Arts and Entertainment,3,0.4536921758764068,1.009650508324445,0.5559583324480382
90,Arts and Entertainment,3,0.5430741396180734,3.446450886549573,2.9033767469314995
97,Arts and Entertainment,3,0.5697050699965832,0.6366592236122355,0.06695415361565227
98,Arts and Entertainment,3,0.4708658338992647,0.6062177309382363,0.1353518970389716
99,Arts and Entertainment,3,0.3357802787781508,0.626022877868606,0.2902425990904552
109,Arts and Entertainment,3,0.5960995299048867,0.5788658137911562,-0.01723371611373048
111,Arts and Entertainment,3,0.5586523716002444,0.7192004560616383,0.1605480844613939
117,Arts and Entertainment,3,0.32631611456089626,0.4449078162941225,0.11859170173322625
118,Arts and Entertainment,3,0.33259677380626296,0.5156227357278891,0.18302596192162612
120,Arts and Entertainment,3,0.4127254767146181,1.52545956421759,1.112734087502972
124,Arts and Entertainment,3,0.42974198261393787,5.472410031784646,5.042668049170708
126,Arts and Entertainment,3,0.45844246542620126,2.3508931975822804,1.892450732156079
130,Arts and Entertainment,3,0.5233879244525205,2.353214428089643,1.8298265036371228
144,Arts and Entertainment,3,0.4512602421254125,0.8534391194228799,0.4021788772974674
149,Arts and Entertainment,3,0.5238566978598095,3.821304152844145,3.2974474549843356
150,Arts and Entertainment,3,0.504103936695667,1.1177820487164918,0.6136781120208248
160,Arts and Entertainment,3,0.5456833508181954,1.5516149867058813,1.005931635887686
164,Arts and Entertainment,3,0.3345894370061063,0.5737915902547684,0.23920215324866212
166,Arts and Entertainment,3,0.2996998282689129,0.9999785724048386,0.7002787441359257
173,Arts and Entertainment,3,0.5775251385776741,2.1073417720037235,1.5298166334260495
186,Arts and Entertainment,3,0.4797996276759682,0.5836046967129478,0.10380506903697961
189,Arts and Entertainment,3,0.3573433728503198,0.5171224085979748,0.15977903574765495
199,Arts and Entertainment,3,1.0982004559589997,2.259229865474078,1.1610294095150784
206,Arts and Entertainment,3,0.38449508015201284,1.2765790635763503,0.8920839834243375
208,Arts and Entertainment,3,1.2667283088067145,1.441705452714415,0.17497714390770058
209,Arts and Entertainment,3,0.511249846093341,2.784120198911904,2.272870352818563
212,Arts and Entertainment,3,0.5084226545669722,0.8055059845652003,0.29708332999822806
213,Arts and Entertainment,3,0.4619594275007839,1.1291165120834945,0.6671570845827106
220,Arts and Entertainment,3,1.0670825295591375,3.0941813099924964,2.027098780433359
223,Arts and Entertainment,3,1.376369308667773,2.6987826552382623,1.3224133465704893
234,Arts and Entertainment,3,0.6109962161755625,7.687599876867341,7.076603660691778
237,Arts and Entertainment,3,0.7716145256582242,1.203013049362661,0.43139852370443676
244,Arts and Entertainment,3,0.4795941124402018,3.0498176878001972,2.5702235753599956
245,Arts and Entertainment,3,0.4338005240826789,3.0062825994050657,2.572482075322387
251,Arts and Entertainment,3,1.3919913307989944,8.95260390573672,7.560612574937725
253,Arts and Entertainment,3,0.6711398021568339,2.4088399086095125,1.7377001064526785
258,Arts and Entertainment,3,0.5676310871122393,4.256822239779399,3.6891911526671595
264,Arts and Entertainment,3,0.6508587521694869,2.549708932056396,1.898850179886909
268,Arts and Entertainment,3,0.524166100877322,6.014039047773997,5.489872946896675
269,Arts and Entertainment,3,0.38947238311848004,1.1863542513025163,0.7968818681840362
270,Arts and Entertainment,3,0.5940037064727022,3.6330735368868936,3.039069830414191
273,Arts and Entertainment,3,0.44414241045959413,2.574443741775184,2.13030133131559
274,Arts and Entertainment,3,0.5541561793696301,2.0745814215220504,1.5204252421524203
280,Arts and Entertainment,3,0.9608296196759533,2.2911600479595364,1.3303304282835833
283,Arts and Entertainment,3,0.4085393596572059,3.0813845861728053,2.6728452265155993
292,Arts and Entertainment,3,0.9926225073652812,1.0429857923541832,0.05036328498890197
325,Arts and Entertainment,3,0.2979073001088789,0.6708605740702875,0.37295327396140865
329,Arts and Entertainment,3,0.8776896043896696,0.94994139099787,0.07225178660820042
330,Arts and Entertainment,3,0.9434044911805204,0.896817356155538,-0.04658713502498235
335,Arts and Entertainment,3,0.5269845760774727,3.0887324068907267,2.561747830813254
337,Arts and Entertainment,3,0.5534634059139114,0.8018712707915265,0.24840786487761513
340,Arts and Entertainment,3,0.44814590440790686,0.7028937332451803,0.2547478288372735
345,Arts and Entertainment,3,0.37249690638732413,0.35658619858532364,-0.01591070780200049
356,Arts and Entertainment,3,0.6551812735953949,1.4940866195019142,0.8389053459065193
360,Arts and Entertainment,3,0.47473849016499564,0.48456359226407797,0.009825102099082328
363,Arts and Entertainment,3,0.4876841691180254,1.2159124386841962,0.7282282695661708
364,Arts and Entertainment,3,0.37388400319876625,0.5072259929401847,0.13334198974141842
366,Arts and Entertainment,3,0.6859987770821558,1.1456964494922885,0.4596976724101327
369,Arts and Entertainment,3,0.6851792041155396,1.6582629309017167,0.9730837267861772
373,Arts and Entertainment,3,0.3127344378635649,1.2726121435797302,0.9598777057161653
382,Arts and Entertainment,3,0.451171357683856,0.5484319125746184,0.09726055489076241
396,Arts and Entertainment,3,0.616698610768044,0.7216888093844125,0.10499019861636849
400,Arts and Entertainment,3,0.5055983233897835,0.9534990831503674,0.44790075976058386
420,Arts and Entertainment,3,0.5041185841000033,1.2308520761574004,0.7267334920573971
425,Arts and Entertainment,3,0.38138878008470234,0.7693479392596414,0.38795915917493906
427,Arts and Entertainment,3,0.37989391268154016,0.5737179716686867,0.1938240589871465
428,Arts and Entertainment,3,1.1772950666091373,1.043453408040525,-0.1338416585686122
432,Arts and Entertainment,3,1.1177156269885642,1.3189092976819912,0.20119367069342697
433,Arts and Entertainment,3,0.6546724598878622,1.1703371227924488,0.5156646629045867
445,Arts and Entertainment,3,0.45467735788265645,0.5364571652900556,0.08177980740739915
446,Arts and Entertainment,3,0.3691264084076766,0.557658875090733,0.1885324666830564
450,Arts and Entertainment,3,0.47657222252705994,0.7243653994003307,0.2477931768732708
462,Arts and Entertainment,3,0.5056575061970512,1.123909184400452,0.6182516782034009
464,Arts and Entertainment,3,0.5131976930029603,2.1117604637199996,1.5985627707170393
468,Arts and Entertainment,3,0.7843383187442823,0.9234977738277751,0.1391594550834928
471,Arts and Entertainment,3,0.756575042817853,7.611765581100225,6.855190538282372
477,Arts and Entertainment,3,0.43350468009848364,0.4899071337023191,0.056402453603835445
479,Arts and Entertainment,3,0.5223853230798555,0.5912751234498883,0.06888980037003278
480,Arts and Entertainment,3,0.4220479931769628,2.2111673054409016,1.7891193122639388
482,Arts and Entertainment,3,0.6054250260076859,2.5371964334932766,1.9317714074855907
493,Arts and Entertainment,3,0.5383287745280452,2.799080038581648,2.260751264053603
497,Arts and Entertainment,3,0.7764748897264313,0.9296578116309653,0.15318292190453398
505,Arts and Entertainment,3,0.35838476773686945,0.5524450673944731,0.19406029965760363
506,Arts and Entertainment,3,0.3775675147630243,0.40749280312174774,0.029925288358723434
513,Arts and Entertainment,3,0.31326017824568686,2.145944459684454,1.8326842814387674
514,Arts and Entertainment,3,0.3775226119781637,5.47595006589456,5.098427453916396
519,Arts and Entertainment,3,0.4300349124577947,3.9680452390483114,3.5380103265905167
523,Arts and Entertainment,3,0.263578111484447,0.996208666439539,0.732630554955092
529,Arts and Entertainment,3,0.44946123473929755,0.6139021085301792,0.16444087379088168
550,Arts and Entertainment,3,0.4867518820149106,0.739327877338863,0.25257599532395236
555,Arts and Entertainment,3,1.1457728420426743,1.2852181210935965,0.1394452790509222
558,Arts and Entertainment,3,0.47816303077432676,2.5706946736148435,2.092531642840517
560,Arts and Entertainment,3,0.7905179015686783,2.265700532499685,1.4751826309310068
586,Arts and Entertainment,3,1.1914388669563012,2.120401485655553,0.9289626186992517
589,Arts and Entertainment,3,0.47393578961288285,2.979767612706927,2.505831823094044
591,Arts and Entertainment,3,0.4141624738314043,3.1446296270336553,2.730467153202251
595,Arts and Entertainment,3,0.4026848504341236,1.660281484344837,1.2575966339107134
596,Arts and Entertainment,3,0.26368994929229467,0.9685856258540912,0.7048956765617966
600,Arts and Entertainment,3,0.5087829896425231,1.9974798048228726,1.4886968151803495
601,Arts and Entertainment,3,0.5402514340631764,0.5943309494123237,0.054079515349147234
605,Arts and Entertainment,3,0.8774144059485867,0.9420731315584011,0.06465872560981445
609,Arts and Entertainment,3,0.42756649651470224,3.9199573183914955,3.492390821876793
611,Arts and Entertainment,3,0.5539851371927755,0.9251087277884306,0.37112359059565503
614,Arts and Entertainment,3,0.6757398030227268,1.3757491022622568,0.7000092992395299
615,Arts and Entertainment,3,0.629544815450045,3.162225251673209,2.532680436223164
625,Arts and Entertainment,3,0.32360108907681434,0.5065311055220152,0.18293001644520085
629,Arts and Entertainment,3,0.5095447622437395,3.6101196497863106,3.100574887542571
633,Arts and Entertainment,3,0.5172638500663952,0.4811779185298335,-0.0360859315365617
634,Arts and Entertainment,3,0.4492693314339499,8.555435472506288,8.106166141072338
635,Arts and Entertainment,3,0.4017599983968289,5.082172570113671,4.680412571716842
642,Arts and Entertainment,3,0.6557753438871625,0.7102153874283594,0.054440043541196914
643,Arts and Entertainment,3,0.263578111484447,0.996208666439539,0.732630554955092
648,Arts and Entertainment,3,0.5648609850645366,6.8003771198991,6.235516134834563
649,Arts and Entertainment,3,0.4644423025487643,1.161787768054793,0.6973454655060287
657,Arts and Entertainment,3,0.6752696318479203,1.009274434033558,0.33400480218563766
658,Arts and Entertainment,3,0.445469087768409,2.3858914036025,1.9404223158340907
661,Arts and Entertainment,3,0.5663133182291341,1.4118734117630671,0.845560093533933
674,Arts and Entertainment,3,0.6542174976218843,1.1106526064727313,0.45643510885084704
676,Arts and Entertainment,3,0.8239976934643893,1.7452445067676576,0.9212468133032683
683,Arts and Entertainment,3,0.9130896289158621,1.4445245674693492,0.5314349385534871
691,Arts and Entertainment,3,0.9527066970921333,3.596903260753553,2.6441965636614198
694,Arts and Entertainment,3,0.4141195664705237,0.8571110564765562,0.44299149000603244
707,Arts and Entertainment,3,1.117351451935725,2.4688400527655605,1.3514886008298355
717,Arts and Entertainment,3,0.40097275858010006,0.7998952310348055,0.39892247245470547
720,Arts and Entertainment,3,0.616499970888409,4.126049918404291,3.5095499475158825
722,Arts and Entertainment,3,0.4103673806300513,0.641237354147301,0.2308699735172497
726,Arts and Entertainment,3,0.2841750861325322,1.1538864281376917,0.8697113420051595
729,Arts and Entertainment,3,0.7786296412503119,1.7337806746446827,0.9551510333943708
733,Arts and Entertainment,3,0.49236763793085403,0.6513240531420658,0.15895641521121173
734,Arts and Entertainment,3,0.44048444330956216,0.9139077947968145,0.47342335148725234
737,Arts and Entertainment,3,0.7525693634633196,0.9607059175974232,0.2081365541341036
740,Arts and Entertainment,3,0.5113707888192952,1.9640268201689692,1.4526560313496741
744,Arts and Entertainment,3,0.8253259631446959,3.0592277569518203,2.2339017938071244
755,Arts and Entertainment,3,0.4603830118871376,1.6386381631157334,1.178255151228596
765,Arts and Entertainment,3,0.5068830441554948,1.7537166695111084,1.2468336253556136
769,Arts and Entertainment,3,0.5212645718855649,0.6499228288175453,0.1286582569319804
773,Arts and Entertainment,3,0.3320435187198499,0.4692973835540736,0.1372538648342237
778,Arts and Entertainment,3,0.6554218808812509,3.3477288323403123,2.692306951459061
779,Arts and Entertainment,3,0.5689755601481166,0.8698461402019718,0.30087058005385525
784,Arts and Entertainment,3,0.6042934569483418,4.8495051834386596,4.245211726490318
791,Arts and Entertainment,3,0.7152257958685019,0.7980767835689825,0.0828509877004806
798,Arts and Entertainment,3,0.433275122191346,2.5885522032462527,2.1552770810549067
799,Arts and Entertainment,3,0.7241809906746701,4.602602422139177,3.878421431464507
801,Arts and Entertainment,3,0.5828845954340711,2.8957481391653124,2.3128635437312415
804,Arts and Entertainment,3,0.6068029364682236,1.168360671469615,0.5615577350013915
805,Arts and Entertainment,3,0.5974940363667397,5.726401861987631,5.128907825620891
816,Arts and Entertainment,3,0.4895803256835798,0.8890902452601567,0.3995099195765769
819,Arts and Entertainment,3,0.47906820375192566,0.5293338354668595,0.05026563171493387
830,Arts and Entertainment,3,0.6260242525070077,1.7344868409445264,1.1084625884375188
832,Arts and Entertainment,3,0.5486203415680252,0.6534422109831515,0.10482186941512628
837,Arts and Entertainment,3,0.33203475235614366,2.363133571057316,2.0310988187011723
843,Arts and Entertainment,3,0.8088741726881654,2.0198298813020963,1.2109557086139309
848,Arts and Entertainment,3,0.6553184793093014,1.0192349426255234,0.36391646331622196
859,Arts and Entertainment,3,0.5474665467753812,0.6222237956154755,0.07475724884009427
861,Arts and Entertainment,3,0.562992379435994,0.8469050835281218,0.28391270409212777
864,Arts and Entertainment,3,0.5700008200094904,1.796273808980624,1.2262729889711337
866,Arts and Entertainment,3,0.6454666636964601,1.0112432365477093,0.3657765728512492
875,Arts and Entertainment,3,0.46557781610908966,0.8124432743219874,0.3468654582128977
878,Arts and Entertainment,3,0.5677016916574498,1.6555057658399592,1.0878040741825095
879,Arts and Entertainment,3,0.542117175291629,5.238639116525706,4.696521941234076
887,Arts and Entertainment,3,0.3505586665306485,0.5975879333288898,0.24702926679824133
903,Arts and Entertainment,3,0.9293425560873143,2.831201128866044,1.9018585727787298
907,Arts and Entertainment,3,0.3284466644536497,0.4115552881840681,0.08310862373041844
909,Arts and Entertainment,3,0.5686744227279845,2.6767936432106634,2.1081192204826786
912,Arts and Entertainment,3,0.41534754668702034,0.618120903409825,0.2027733567228046
915,Arts and Entertainment,3,0.5241625310287054,0.7207898244467987,0.19662729341809337
920,Arts and Entertainment,3,0.4528124627197494,4.997562863253426,4.544750400533677
927,Arts and Entertainment,3,0.7426750284069283,1.7211660612756825,0.9784910328687542
929,Arts and Entertainment,3,0.6694226501376556,6.803307693857288,6.133885043719633
930,Arts and Entertainment,3,0.6769677985234646,1.9791098246154313,1.3021420260919667
935,Arts and Entertainment,3,0.6045581043222714,1.5049169503909452,0.9003588460686738
938,Arts and Entertainment,3,0.24796527119881454,1.3748476841957666,1.1268824129969521
941,Arts and Entertainment,3,0.4508910047985322,1.370565386395762,0.9196743815972299
944,Arts and Entertainment,3,0.6582379992931787,1.9796009212595975,1.321362921966419
947,Arts and Entertainment,3,0.28606489726220236,0.2956349299666261,0.009570032704423748
957,Arts and Entertainment,3,0.4708744307845844,1.867823301460319,1.3969488706757345
963,Arts and Entertainment,3,0.4111847251676259,1.2455563091467599,0.8343715839791339
978,Arts and Entertainment,3,0.6168457606740543,5.214794716436153,4.597948955762099
979,Arts and Entertainment,3,0.4669556319962321,0.5584126596580955,0.09145702766186342
980,Arts and Entertainment,3,0.4675731916619667,1.8162990126415486,1.3487258209795818
981,Arts and Entertainment,3,0.5142334924816823,3.031977502833972,2.51774401035229
986,Arts and Entertainment,3,0.5692298459836107,3.805468610202917,3.2362387642193062
989,Arts and Entertainment,3,0.38500927548019204,1.6665030275637374,1.2814937520835454
997,Arts and Entertainment,3,0.8744777935673878,1.3510299590736667,0.476552165506279
1000,Arts and Entertainment,3,0.4763480298550971,0.4349850461610329,-0.041362983694064215
1011,Arts and Entertainment,3,0.5749666661837433,1.546953213056422,0.9719865468726788
1013,Arts and Entertainment,3,1.1525400287363974,1.1470466592220752,-0.005493369514322222
1016,Arts and Entertainment,3,0.46635172263716484,1.1851083735398653,0.7187566509027005
1018,Arts and Entertainment,3,0.45475672878620815,0.9253100589951109,0.4705533302089027
1024,Arts and Entertainment,3,0.7419393684398315,1.9712233272915367,1.2292839588517053
1027,Arts and Entertainment,3,0.778237300470336,1.1684640087276694,0.3902267082573334
1033,Arts and Entertainment,3,0.889766751778323,1.4620539111683808,0.5722871593900578
1037,Arts and Entertainment,3,0.5110298760276417,1.2998726709000716,0.7888427948724299
1041,Arts and Entertainment,3,0.40325565506596966,1.171882038995225,0.7686263839292553
1042,Arts and Entertainment,3,0.41545489665313284,1.5443889418002752,1.1289340451471424
1061,Arts and Entertainment,3,0.41733524288606494,0.6237543937938484,0.2064191509077835
1065,Arts and Entertainment,3,0.41347817209254056,1.7864306466595488,1.372952474567008
1067,Arts and Entertainment,3,0.7714005237449574,1.0924246922030503,0.3210241684580929
1079,Arts and Entertainment,3,0.4007406179302483,1.6269557096948062,1.226215091764558
1087,Arts and Entertainment,3,0.6185222704091229,1.0035576152595445,0.38503534485042157
1092,Arts and Entertainment,3,0.4463040914084397,0.48046576739524527,0.034161675986805584
1094,Arts and Entertainment,3,0.7783765403850518,1.1814748442328171,0.40309830384776535
1108,Arts and Entertainment,3,0.3667070005855422,0.7226079632221916,0.3559009626366494
1114,Arts and Entertainment,3,0.5676444739499075,0.718704735211701,0.1510602612617935
1117,Arts and Entertainment,3,0.5130516294889842,6.652522997336946,6.139471367847961
1118,Arts and Entertainment,3,0.5086831405152217,1.032198301977778,0.5235151614625564
1120,Arts and Entertainment,3,0.5100135500852314,0.8024969956112278,0.29248344552599637
1124,Arts and Entertainment,3,0.5340807040139202,0.805060999355228,0.27098029534130785
1126,Arts and Entertainment,3,0.48617726888724555,8.03395657184355,7.547779302956305
1134,Arts and Entertainment,3,0.4988872259378798,5.621877669239261,5.122990443301381
1136,Arts and Entertainment,3,0.7778328189646859,1.1439977164687904,0.3661648975041045
1138,Arts and Entertainment,3,0.6910962545080591,6.792900598658596,6.101804344150537
1146,Arts and Entertainment,3,0.4488445423904279,0.8597535307285111,0.4109089883380832
1150,Arts and Entertainment,3,0.5156376308687692,0.4772186944083674,-0.03841893646040184
1159,Arts and Entertainment,3,0.6017471038751707,2.5022158759750868,1.900468772099916
1161,Arts and Entertainment,3,0.29419077903100826,2.151622799903867,1.8574320208728585
1164,Arts and Entertainment,3,0.3725860766119103,0.8525102865078481,0.4799242098959378
1169,Arts and Entertainment,3,0.6008491702906289,1.2903979632667149,0.689548792976086
1184,Arts and Entertainment,3,0.5967708989218855,3.922093977942686,3.3253230790208006
1185,Arts and Entertainment,3,0.41547670646296603,1.172650233984856,0.7571735275218898
1186,Arts and Entertainment,3,0.47261995073417906,10.359430143810535,9.886810193076355
1187,Arts and Entertainment,3,0.6730728344771735,2.4752911396904405,1.802218305213267
1192,Arts and Entertainment,3,0.44818933881618983,1.396141480736801,0.9479521419206113
1197,Arts and Entertainment,3,0.516451854000405,1.2495279022937509,0.7330760482933458
1208,Arts and Entertainment,3,0.5805384769609877,2.656096097177314,2.075557620216326
1214,Arts and Entertainment,3,0.6263837302578465,0.697865109422581,0.0714813791647344
1218,Arts and Entertainment,3,0.8293432835269775,1.28678978245409,0.4574464989271124
1221,Arts and Entertainment,3,0.7155131697051375,0.989375813093047,0.27386264338790955
1224,Arts and Entertainment,3,1.1975274232188764,3.9452387424477315,2.747711319228855
1228,Arts and Entertainment,3,0.5028814308830878,0.5279168458584951,0.02503541497540729
1232,Arts and Entertainment,3,0.5543934824587714,0.8842722578287618,0.32987877536999044
2,Health and Medicine,1,0.4767638162316865,0.8707883411510096,0.39402452491932305
5,Health and Medicine,1,0.4332332014173959,0.5243361723455233,0.09110297092812741
12,Health and Medicine,1,0.519302399997308,0.4973435801644436,-0.021958819832864407
21,Health and Medicine,1,2.595639005986566,2.5214357452174747,-0.07420326076909145
25,Health and Medicine,1,0.38885050116016134,0.4597633936710426,0.07091289251088123
36,Health and Medicine,1,0.3761953947991983,0.5651068347233122,0.18891143992411397
37,Health and Medicine,1,0.4958668704485165,0.5561658554393426,0.06029898499082609
49,Health and Medicine,1,0.5421964118071112,0.5896626448240996,0.04746623301698838
53,Health and Medicine,1,0.3266028490144008,0.48768082707639476,0.16107797806199398
56,Health and Medicine,1,0.2940677131245064,0.324572411677605,0.030504698553098564
64,Health and Medicine,1,1.0933877965290209,3.0829255001069855,1.9895377035779647
67,Health and Medicine,1,0.8966722106954357,0.903736176410854,0.007063965715418341
69,Health and Medicine,1,0.5331252816258939,2.626866668386694,2.0937413867608003
72,Health and Medicine,1,0.3532408006349333,0.45907304915785846,0.10583224852292517
74,Health and Medicine,1,0.5089446046163831,0.9069074839575487,0.3979628793411656
77,Health and Medicine,1,0.4000605076331013,0.33093133707164146,-0.06912917056145984
84,Health and Medicine,1,0.4536921758764068,0.3712335049602325,-0.08245867091617431
90,Health and Medicine,1,0.5430741396180734,3.0724813702024854,2.529407230584412
97,Health and Medicine,1,0.5697050699965832,0.6107842077242855,0.04107913772770233
98,Health and Medicine,1,0.4708658338992647,0.48112733936399404,0.01026150546472937
99,Health and Medicine,1,0.3357802787781508,0.4911143347644836,0.15533405598633276
109,Health and Medicine,1,0.5960995299048867,0.5959290282580141,-0.0001705016468726006
111,Health and Medicine,1,0.5586523716002444,0.546179013969252,-0.012473357630992443
117,Health and Medicine,1,0.32631611456089626,0.3668841526823502,0.04056803812145393
118,Health and Medicine,1,0.33259677380626296,0.2978175710650178,-0.03477920274124513
120,Health and Medicine,1,0.4127254767146181,0.4412488738832313,0.028523397168613185
124,Health and Medicine,1,0.42974198261393787,1.7167677059622277,1.2870257233482898
126,Health and Medicine,1,0.45844246542620126,0.8208108424347931,0.3623683770085918
130,Health and Medicine,1,0.5233879244525205,0.43916464190846116,-0.08422328254405931
144,Health and Medicine,1,0.4512602421254125,0.4716512974157362,0.0203910552903237
149,Health and Medicine,1,0.5238566978598095,0.5319937442885257,0.008137046428716266
150,Health and Medicine,1,0.504103936695667,0.5127161738794795,0.008612237183812543
160,Health and Medicine,1,0.5456833508181954,0.6014529976680416,0.0557696468498462
164,Health and Medicine,1,0.3345894370061063,0.39896535177220027,0.06437591476609394
166,Health and Medicine,1,0.2996998282689129,0.4480329492527575,0.1483331209838446
173,Health and Medicine,1,0.5775251385776741,0.8046473288844909,0.2271221903068168
186,Health and Medicine,1,0.4797996276759682,0.5165145273035707,0.03671489962760255
189,Health and Medicine,1,0.3573433728503198,0.3434143019203487,-0.013929070929971088
199,Health and Medicine,1,1.0982004559589997,1.2417718827446484,0.14357142678564871
206,Health and Medicine,1,0.38449508015201284,1.2624756447037473,0.8779805645517345
208,Health and Medicine,1,1.2667283088067145,1.2162446539285856,-0.05048365487812889
209,Health and Medicine,1,0.511249846093341,1.7133194050695035,1.2020695589761625
212,Health and Medicine,1,0.5084226545669722,0.3581769066066211,-0.15024574796035112
213,Health and Medicine,1,0.4619594275007839,0.7358503217080966,0.2738908942073127
220,Health and Medicine,1,1.0670825295591375,2.595134004295493,1.5280514747363556
223,Health and Medicine,1,1.376369308667773,1.7966488920298618,0.4202795833620887
234,Health and Medicine,1,0.6109962161755625,2.868920457857641,2.2579242416820784
237,Health and Medicine,1,0.7716145256582242,0.7239479093611292,-0.04766661629709501
244,Health and Medicine,1,0.4795941124402018,2.2182600485947477,1.738665936154546
245,Health and Medicine,1,0.4338005240826789,1.4172913284777868,0.9834908043951079
251,Health and Medicine,1,1.3919913307989944,1.8167998059199426,0.4248084751209482
253,Health and Medicine,1,0.6711398021568339,0.5802954958663392,-0.09084430629049467
258,Health and Medicine,1,0.5676310871122393,1.9168536906729017,1.3492226035606625
264,Health and Medicine,1,0.6508587521694869,0.6774281743237599,0.026569422154273048
268,Health and Medicine,1,0.524166100877322,0.5470994870220063,0.02293338614468432
269,Health and Medicine,1,0.38947238311848004,0.4721736741736597,0.08270129105517965
270,Health and Medicine,1,0.5940037064727022,0.837248523130492,0.24324481665778985
273,Health and Medicine,1,0.44414241045959413,1.1655673801408803,0.7214249696812862
274,Health and Medicine,1,0.5541561793696301,0.5443070703569985,-0.009849109012631585
280,Health and Medicine,1,0.9608296196759533,2.901988010509954,1.9411583908340009
283,Health and Medicine,1,0.4085393596572059,0.4435250780507861,0.03498571839358022
292,Health and Medicine,1,0.9926225073652812,0.9013909905271404,-0.09123151683814079
325,Health and Medicine,1,0.2979073001088789,0.5109920084308228,0.21308470832194393
329,Health and Medicine,1,0.8776896043896696,0.8655357506960347,-0.012153853693634864
330,Health and Medicine,1,0.9434044911805204,0.9441194342966679,0.0007149431161475039
335,Health and Medicine,1,0.5269845760774727,0.7155441829620584,0.18855960688458562
337,Health and Medicine,1,0.5534634059139114,0.5927265731759096,0.03926316726199819
340,Health and Medicine,1,0.44814590440790686,0.4627399037755384,0.01459399936763156
345,Health and Medicine,1,0.37249690638732413,0.42849645119704416,0.055999544809720025
356,Health and Medicine,1,0.6551812735953949,0.5895242527761083,-0.0656570208192866
360,Health and Medicine,1,0.47473849016499564,0.5089090731113765,0.03417058294638081
363,Health and Medicine,1,0.4876841691180254,0.47743173004968714,-0.010252439068338282
364,Health and Medicine,1,0.37388400319876625,0.35497918676954526,-0.018904816429220983
366,Health and Medicine,1,0.6859987770821558,0.8774403305726646,0.19144155349050873
369,Health and Medicine,1,0.6851792041155396,0.7704375460003681,0.0852583418848285
373,Health and Medicine,1,0.3127344378635649,0.44363043646107897,0.13089599859751405
382,Health and Medicine,1,0.451171357683856,0.570794386504365,0.11962302882050896
396,Health and Medicine,1,0.616698610768044,0.5952854723536629,-0.021413138414381083
400,Health and Medicine,1,0.5055983233897835,0.5085707541453408,0.0029724307555573093
420,Health and Medicine,1,0.5041185841000033,0.5581931605971706,0.05407457649716729
425,Health and Medicine,1,0.38138878008470234,0.4185258556332364,0.03713707554853407
427,Health and Medicine,1,0.37989391268154016,0.5686560071470634,0.18876209446552328
428,Health and Medicine,1,1.1772950666091373,1.0608781794356537,-0.11641688717348364
432,Health and Medicine,1,1.1177156269885642,0.9383469439177279,-0.1793686830708363
433,Health and Medicine,1,0.6546724598878622,0.9063274954909754,0.2516550356031132
445,Health and Medicine,1,0.45467735788265645,0.5356874037479344,0.08101004586527799
446,Health and Medicine,1,0.3691264084076766,0.3164188956379606,-0.05270751276971597
450,Health and Medicine,1,0.47657222252705994,0.4598767223223714,-0.016695500204688518
462,Health and Medicine,1,0.5056575061970512,0.5267251153486303,0.021067609151579125
464,Health and Medicine,1,0.5131976930029603,0.49224096988581206,-0.02095672311714819
468,Health and Medicine,1,0.7843383187442823,0.7585819586526485,-0.025756360091633734
471,Health and Medicine,1,0.756575042817853,0.5200449831798122,-0.23653005963804086
477,Health and Medicine,1,0.43350468009848364,0.6975498394455393,0.26404515934705564
479,Health and Medicine,1,0.5223853230798555,0.7530945786525542,0.23070925557269872
480,Health and Medicine,1,0.4220479931769628,0.6377443923214887,0.21569639914452593
482,Health and Medicine,1,0.6054250260076859,0.5744536543234834,-0.030971371684202498
493,Health and Medicine,1,0.5383287745280452,0.7127284187703731,0.1743996442423279
497,Health and Medicine,1,0.7764748897264313,1.3270774901281288,0.5506026004016975
505,Health and Medicine,1,0.35838476773686945,0.27531798891713477,-0.08306677881973468
506,Health and Medicine,1,0.3775675147630243,0.4086790636427482,0.031111548879723894
513,Health and Medicine,1,0.31326017824568686,0.3881900057566108,0.07492982751092392
514,Health and Medicine,1,0.3775226119781637,0.41186967643448535,0.03434706445632163
519,Health and Medicine,1,0.4300349124577947,0.6231814652297745,0.19314655277197978
523,Health and Medicine,1,0.263578111484447,1.4870660645391602,1.2234879530547134
529,Health and Medicine,1,0.44946123473929755,0.7650304550909832,0.31556922035168566
550,Health and Medicine,1,0.4867518820149106,0.521590991557824,0.03483910954291336
555,Health and Medicine,1,1.1457728420426743,1.1122336169584544,-0.033539225084219915
558,Health and Medicine,1,0.47816303077432676,0.7514651593711155,0.2733021285967887
560,Health and Medicine,1,0.7905179015686783,0.6310251690144969,-0.1594927325541814
586,Health and Medicine,1,1.1914388669563012,1.3701385986737156,0.17869973171741438
589,Health and Medicine,1,0.47393578961288285,1.5777970110798885,1.1038612214670056
591,Health and Medicine,1,0.4141624738314043,0.508976443616221,0.09481396978481665
595,Health and Medicine,1,0.4026848504341236,0.42010737960487454,0.017422529170750933
596,Health and Medicine,1,0.26368994929229467,0.26303369056221815,-0.0006562587300765199
600,Health and Medicine,1,0.5087829896425231,0.7781525951275894,0.2693696054850663
601,Health and Medicine,1,0.5402514340631764,0.5410071798581809,0.000755745795004481
605,Health and Medicine,1,0.8774144059485867,0.7912477157711462,-0.0861666901774405
609,Health and Medicine,1,0.42756649651470224,0.7138170179339811,0.28625052141927887
611,Health and Medicine,1,0.5539851371927755,1.176697666268486,0.6227125290757105
614,Health and Medicine,1,0.6757398030227268,0.4719501564326939,-0.20378964659003296
615,Health and Medicine,1,0.629544815450045,1.1932670929071245,0.5637222774570795
625,Health and Medicine,1,0.32360108907681434,0.4128723004038535,0.08927121132703913
629,Health and Medicine,1,0.5095447622437395,3.2197758280462705,2.710231065802531
633,Health and Medicine,1,0.5172638500663952,0.4784637936054426,-0.03880005646095258
634,Health and Medicine,1,0.4492693314339499,4.8294249838326,4.38015565239865
635,Health and Medicine,1,0.4017599983968289,0.3917110355865685,-0.010048962810260409
642,Health and Medicine,1,0.6557753438871625,0.6466072990528284,-0.009168044834334088
643,Health and Medicine,1,0.263578111484447,1.4870660645391602,1.2234879530547134
648,Health and Medicine,1,0.5648609850645366,1.179737330496305,0.6148763454317684
649,Health and Medicine,1,0.4644423025487643,0.5098776117654094,0.04543530921664507
657,Health and Medicine,1,0.6752696318479203,0.6723796067600906,-0.0028900250878297618
658,Health and Medicine,1,0.445469087768409,0.9399007218526345,0.4944316340842255
661,Health and Medicine,1,0.5663133182291341,0.48791557660702656,-0.07839774162210755
674,Health and Medicine,1,0.6542174976218843,0.6080968257777064,-0.046120671844177896
676,Health and Medicine,1,0.8239976934643893,0.9815168272489968,0.15751913378460747
683,Health and Medicine,1,0.9130896289158621,1.0520356522436771,0.13894602332781503
691,Health and Medicine,1,0.9527066970921333,0.5879315312671721,-0.36477516582496117
694,Health and Medicine,1,0.4141195664705237,0.4475162454179784,0.03339667894745468
707,Health and Medicine,1,1.117351451935725,1.652032594774694,0.5346811428389691
717,Health and Medicine,1,0.40097275858010006,0.5439767394206783,0.1430039808405782
720,Health and Medicine,1,0.616499970888409,0.46973011845778123,-0.1467698524306278
722,Health and Medicine,1,0.4103673806300513,0.39599904304162314,-0.014368337588428148
726,Health and Medicine,1,0.2841750861325322,1.7101627758869973,1.4259876897544652
729,Health and Medicine,1,0.7786296412503119,1.9104001388127891,1.1317704975624774
733,Health and Medicine,1,0.49236763793085403,0.5012454624122832,0.008877824481429153
734,Health and Medicine,1,0.44048444330956216,0.4817020189458491,0.04121757563628692
737,Health and Medicine,1,0.7525693634633196,1.1558396818467929,0.40327031838347327
740,Health and Medicine,1,0.5113707888192952,0.5305576244326761,0.01918683561338086
744,Health and Medicine,1,0.8253259631446959,0.7809453287981449,-0.04438063434655093
755,Health and Medicine,1,0.4603830118871376,0.6007150980558753,0.1403320861687377
765,Health and Medicine,1,0.5068830441554948,0.8054016774158633,0.29851863326036854
769,Health and Medicine,1,0.5212645718855649,0.540657905123803,0.01939333323823811
773,Health and Medicine,1,0.3320435187198499,0.35448588466064024,0.022442365940790354
778,Health and Medicine,1,0.6554218808812509,0.6627072109173666,0.007285330036115756
779,Health and Medicine,1,0.5689755601481166,0.6598526715261785,0.09087711137806198
784,Health and Medicine,1,0.6042934569483418,0.5701529778616576,-0.03414047908668416
791,Health and Medicine,1,0.7152257958685019,0.7048869190629969,-0.010338876805504937
798,Health and Medicine,1,0.433275122191346,1.7740681892767274,1.3407930670853814
799,Health and Medicine,1,0.7241809906746701,0.6904429185517902,-0.033738072122879936
801,Health and Medicine,1,0.5828845954340711,0.5291566937371239,-0.05372790169694719
804,Health and Medicine,1,0.6068029364682236,0.8044047944200721,0.19760185795184848
805,Health and Medicine,1,0.5974940363667397,0.5345211834362162,-0.06297285293052346
816,Health and Medicine,1,0.4895803256835798,0.5484678191891955,0.05888749350561573
819,Health and Medicine,1,0.47906820375192566,0.59957849740962,0.12051029365769433
830,Health and Medicine,1,0.6260242525070077,1.0764204554916603,0.45039620298465266
832,Health and Medicine,1,0.5486203415680252,0.5000813463740403,-0.04853899519398486
837,Health and Medicine,1,0.33203475235614366,0.7523860904138099,0.4203513380576662
843,Health and Medicine,1,0.8088741726881654,1.6775174486989588,0.8686432760107934
848,Health and Medicine,1,0.6553184793093014,0.653533502543901,-0.001784976765400459
859,Health and Medicine,1,0.5474665467753812,0.4453488943783193,-0.10211765239706189
861,Health and Medicine,1,0.562992379435994,1.0866637807807464,0.5236714013447524
864,Health and Medicine,1,0.5700008200094904,1.5332549637204886,0.9632541437109983
866,Health and Medicine,1,0.6454666636964601,0.6908790358241985,0.04541237212773841
875,Health and Medicine,1,0.46557781610908966,0.45301506853998574,-0.012562747569103916
878,Health and Medicine,1,0.5677016916574498,0.7429570337435132,0.17525534208606341
879,Health and Medicine,1,0.542117175291629,0.816228899397302,0.2741117241056731
887,Health and Medicine,1,0.3505586665306485,0.3485853927233158,-0.0019732738073326983
903,Health and Medicine,1,0.9293425560873143,2.280029601635925,1.3506870455486106
907,Health and Medicine,1,0.3284466644536497,0.3273206854615369,-0.0011259789921127528
909,Health and Medicine,1,0.5686744227279845,0.5590100910222956,-0.009664331705688922
912,Health and Medicine,1,0.41534754668702034,0.44625909113875856,0.030911544451738215
915,Health and Medicine,1,0.5241625310287054,0.6355285199217142,0.11136598889300886
920,Health and Medicine,1,0.4528124627197494,0.4661258744041191,0.013313411684369725
927,Health and Medicine,1,0.7426750284069283,0.7156402238099925,-0.027034804596935857
929,Health and Medicine,1,0.6694226501376556,0.7479251802128224,0.07850253007516683
930,Health and Medicine,1,0.6769677985234646,0.8388657681585019,0.16189796963503733
935,Health and Medicine,1,0.6045581043222714,1.0562339854462048,0.4516758811239334
938,Health and Medicine,1,0.24796527119881454,0.31507688020495794,0.06711160900614341
941,Health and Medicine,1,0.4508910047985322,0.5044089039990853,0.05351789920055311
944,Health and Medicine,1,0.6582379992931787,0.721361017666307,0.06312301837312828
947,Health and Medicine,1,0.28606489726220236,0.333841139957738,0.04777624269553565
957,Health and Medicine,1,0.4708744307845844,0.6074599004205372,0.1365854696359528
963,Health and Medicine,1,0.4111847251676259,0.41671616865261935,0.005531443484993459
978,Health and Medicine,1,0.6168457606740543,0.6471676024198496,0.03032184174579533
979,Health and Medicine,1,0.4669556319962321,0.49300058201142427,0.026044950015192192
980,Health and Medicine,1,0.4675731916619667,0.46117075445894745,-0.006402437203019251
981,Health and Medicine,1,0.5142334924816823,0.5063432740633237,-0.007890218418358574
986,Health and Medicine,1,0.5692298459836107,0.5603802277218912,-0.008849618261719483
989,Health and Medicine,1,0.38500927548019204,0.4703189833299692,0.08530970784977715
997,Health and Medicine,1,0.8744777935673878,1.3731343342488906,0.4986565406815029
1000,Health and Medicine,1,0.4763480298550971,0.508643500152721,0.03229547029762386
1011,Health and Medicine,1,0.5749666661837433,0.7074285221269215,0.13246185594317827
1013,Health and Medicine,1,1.1525400287363974,1.1036849658654062,-0.04885506287099117
1016,Health and Medicine,1,0.46635172263716484,0.4096810516936114,-0.056670670943553436
1018,Health and Medicine,1,0.45475672878620815,0.45112915575029844,-0.0036275730359097147
1024,Health and Medicine,1,0.7419393684398315,0.7207252349814732,-0.02121413345835832
1027,Health and Medicine,1,0.778237300470336,1.3512890550481433,0.5730517545778073
1033,Health and Medicine,1,0.889766751778323,1.2415645820139947,0.3517978302356717
1037,Health and Medicine,1,0.5110298760276417,0.524777968657905,0.013748092630263331
1041,Health and Medicine,1,0.40325565506596966,0.8764190441948062,0.47316338912883654
1042,Health and Medicine,1,0.41545489665313284,0.5146073664181531,0.09915246976502023
1061,Health and Medicine,1,0.41733524288606494,0.4214435056207425,0.00410826273467757
1065,Health and Medicine,1,0.41347817209254056,0.7118984096778105,0.2984202375852699
1067,Health and Medicine,1,0.7714005237449574,0.772554652485335,0.001154128740377569
1079,Health and Medicine,1,0.4007406179302483,0.5367804945333335,0.13603987660308525
1087,Health and Medicine,1,0.6185222704091229,0.6155092035438172,-0.003013066865305669
1092,Health and Medicine,1,0.4463040914084397,0.43682329787916974,-0.009480793529269949
1094,Health and Medicine,1,0.7783765403850518,0.7423296626047402,-0.03604687778031157
1108,Health and Medicine,1,0.3667070005855422,0.6771434999230083,0.3104364993374661
1114,Health and Medicine,1,0.5676444739499075,0.5381264308181434,-0.029518043131764093
1117,Health and Medicine,1,0.5130516294889842,2.172149536062947,1.6590979065739628
1118,Health and Medicine,1,0.5086831405152217,0.6549140926045358,0.14623095208931414
1120,Health and Medicine,1,0.5100135500852314,0.5106799432895759,0.0006663932043444731
1124,Health and Medicine,1,0.5340807040139202,0.520502892531003,-0.013577811482917146
1126,Health and Medicine,1,0.48617726888724555,0.7703067758684277,0.2841295069811821
1134,Health and Medicine,1,0.4988872259378798,0.779126812977165,0.2802395870392852
1136,Health and Medicine,1,0.7778328189646859,1.2522713395139828,0.4744385205492969
1138,Health and Medicine,1,0.6910962545080591,1.250528782406773,0.5594325278987139
1146,Health and Medicine,1,0.4488445423904279,0.47960666231209514,0.03076211992166722
1150,Health and Medicine,1,0.5156376308687692,0.4329360591033102,-0.08270157176545906
1159,Health and Medicine,1,0.6017471038751707,0.7833107522570614,0.18156364838189065
1161,Health and Medicine,1,0.29419077903100826,0.8587280724051496,0.5645372933741413
1164,Health and Medicine,1,0.3725860766119103,0.48952720409695255,0.11694112748504226
1169,Health and Medicine,1,0.6008491702906289,1.110691587790432,0.5098424174998031
1184,Health and Medicine,1,0.5967708989218855,0.6904408039732786,0.09366990505139305
1185,Health and Medicine,1,0.41547670646296603,0.6958527688997475,0.2803760624367814
1186,Health and Medicine,1,0.47261995073417906,6.301546130432794,5.828926179698615
1187,Health and Medicine,1,0.6730728344771735,1.9832215664069883,1.3101487319298148
1192,Health and Medicine,1,0.44818933881618983,0.5716027897424596,0.12341345092626976
1197,Health and Medicine,1,0.516451854000405,1.2174099075370464,0.7009580535366413
1208,Health and Medicine,1,0.5805384769609877,0.5164448667687649,-0.06409361019222282
1214,Health and Medicine,1,0.6263837302578465,0.6786417856987129,0.05225805544086637
1218,Health and Medicine,1,0.8293432835269775,0.9887159510315843,0.15937266750460677
1221,Health and Medicine,1,0.7155131697051375,0.7170370332643221,0.0015238635591846572
1224,Health and Medicine,1,1.1975274232188764,0.9613361968022539,-0.2361912264166225
1228,Health and Medicine,1,0.5028814308830878,0.5068382896536544,0.003956858770566618
1232,Health and Medicine,1,0.5543934824587714,0.8998763683455597,0.3454828858867883
2,Health and Medicine,2,0.4767638162316865,1.4908052570664045,1.014041440834718
5,Health and Medicine,2,0.4332332014173959,0.8609588048215663,0.4277256034041704
12,Health and Medicine,2,0.519302399997308,0.5811490377727695,0.06184663777546151
21,Health and Medicine,2,2.595639005986566,2.4591440240293325,-0.13649498195723364
25,Health and Medicine,2,0.38885050116016134,0.5714818163776118,0.1826313152174504
36,Health and Medicine,2,0.3761953947991983,0.8449997321233671,0.4688043373241688
37,Health and Medicine,2,0.4958668704485165,0.7217992634854256,0.22593239303690904
49,Health and Medicine,2,0.5421964118071112,0.9004715422843845,0.35827513047727333
53,Health and Medicine,2,0.3266028490144008,0.6454871129862327,0.31888426397183195
56,Health and Medicine,2,0.2940677131245064,0.4248998100278034,0.130832096903297
64,Health and Medicine,2,1.0933877965290209,3.5162762756881873,2.4228884791591665
67,Health and Medicine,2,0.8966722106954357,0.931673254816227,0.0350010441207913
69,Health and Medicine,2,0.5331252816258939,4.35246266782708,3.819337386201186
72,Health and Medicine,2,0.3532408006349333,0.6717298451943203,0.31848904455938704
74,Health and Medicine,2,0.5089446046163831,1.1731177698730333,0.6641731652566502
77,Health and Medicine,2,0.4000605076331013,0.36663275038013143,-0.03342775725296987
84,Health and Medicine,2,0.4536921758764068,0.49557622493399767,0.041884049057590855
90,Health and Medicine,2,0.5430741396180734,4.147068327917708,3.6039941882996347
97,Health and Medicine,2,0.5697050699965832,0.831719793040985,0.26201472304440176
98,Health and Medicine,2,0.4708658338992647,0.4619825350720667,-0.00888329882719796
99,Health and Medicine,2,0.3357802787781508,0.6678969704208441,0.33211669164269325
109,Health and Medicine,2,0.5960995299048867,0.5835584978569652,-0.012541032047921452
111,Health and Medicine,2,0.5586523716002444,0.5681654530525238,0.00951308145227936
117,Health and Medicine,2,0.32631611456089626,0.5438304406346812,0.21751432607378496
118,Health and Medicine,2,0.33259677380626296,0.3259612464406444,-0.006635527365618565
120,Health and Medicine,2,0.4127254767146181,0.5120240640819639,0.09929858736734576
124,Health and Medicine,2,0.42974198261393787,2.9178637846027033,2.4881218019887656
126,Health and Medicine,2,0.45844246542620126,1.837104259942217,1.3786617945160158
130,Health and Medicine,2,0.5233879244525205,0.5553406731735193,0.03195274872099885
144,Health and Medicine,2,0.4512602421254125,0.5794153561790555,0.128155114053643
149,Health and Medicine,2,0.5238566978598095,0.989248260324437,0.46539156246462754
150,Health and Medicine,2,0.504103936695667,0.6707507339100977,0.16664679721443065
160,Health and Medicine,2,0.5456833508181954,0.8093121457887947,0.2636287949705993
164,Health and Medicine,2,0.3345894370061063,0.5263300904721494,0.19174065346604308
166,Health and Medicine,2,0.2996998282689129,0.7842333079854752,0.4845334797165623
173,Health and Medicine,2,0.5775251385776741,1.2642684693866908,0.6867433308090167
186,Health and Medicine,2,0.4797996276759682,0.6729524991243268,0.19315287144835858
189,Health and Medicine,2,0.3573433728503198,0.34794628809880046,-0.009397084751519347
199,Health and Medicine,2,1.0982004559589997,1.9796356992480186,0.8814352432890189
206,Health and Medicine,2,0.38449508015201284,2.145466210100209,1.7609711299481963
208,Health and Medicine,2,1.2667283088067145,1.1692955242004204,-0.09743278460629412
209,Health and Medicine,2,0.511249846093341,2.019257036617059,1.5080071905237178
212,Health and Medicine,2,0.5084226545669722,0.37955532617527615,-0.12886732839169607
213,Health and Medicine,2,0.4619594275007839,1.1617545182296158,0.699795090728832
220,Health and Medicine,2,1.0670825295591375,2.4723605162632016,1.4052779867040641
223,Health and Medicine,2,1.376369308667773,1.680216489773912,0.30384718110613895
234,Health and Medicine,2,0.6109962161755625,3.942744184158342,3.3317479679827797
237,Health and Medicine,2,0.7716145256582242,0.9502819495331175,0.17866742387489332
244,Health and Medicine,2,0.4795941124402018,4.434010385999249,3.9544162735590476
245,Health and Medicine,2,0.4338005240826789,1.8705040288964407,1.436703504813762
251,Health and Medicine,2,1.3919913307989944,2.5153480110016444,1.12335668020265
253,Health and Medicine,2,0.6711398021568339,0.7442799195106793,0.0731401173538454
258,Health and Medicine,2,0.5676310871122393,2.5512284062361226,1.9835973191238834
264,Health and Medicine,2,0.6508587521694869,0.7259327168369902,0.07507396466750338
268,Health and Medicine,2,0.524166100877322,0.5859836631376001,0.061817562260278125
269,Health and Medicine,2,0.38947238311848004,0.6763101042199331,0.28683772110145306
270,Health and Medicine,2,0.5940037064727022,1.130422917349398,0.5364192108766959
273,Health and Medicine,2,0.44414241045959413,1.7350177239338973,1.2908753134743032
274,Health and Medicine,2,0.5541561793696301,0.6770236280603222,0.1228674486906921
280,Health and Medicine,2,0.9608296196759533,4.518873689502877,3.558044069826924
283,Health and Medicine,2,0.4085393596572059,0.7937572343062035,0.3852178746489976
292,Health and Medicine,2,0.9926225073652812,0.8247852797287913,-0.1678372276364899
325,Health and Medicine,2,0.2979073001088789,1.2570130992614887,0.9591057991526099
329,Health and Medicine,2,0.8776896043896696,0.8502472108138452,-0.027442393575824342
330,Health and Medicine,2,0.9434044911805204,0.9481252692708526,0.004720778090332223
335,Health and Medicine,2,0.5269845760774727,0.89600387776838,0.36901930169090724
337,Health and Medicine,2,0.5534634059139114,0.7017187747086611,0.14825536879474965
340,Health and Medicine,2,0.44814590440790686,0.5204994072501328,0.07235350284222591
345,Health and Medicine,2,0.37249690638732413,0.47055882287546325,0.09806191648813911
356,Health and Medicine,2,0.6551812735953949,0.7952776077975703,0.14009633420217538
360,Health and Medicine,2,0.47473849016499564,0.5432233531291213,0.06848486296412565
363,Health and Medicine,2,0.4876841691180254,0.48417466262901776,-0.0035095064890076633
364,Health and Medicine,2,0.37388400319876625,0.34757530646181567,-0.026308696736950576
366,Health and Medicine,2,0.6859987770821558,2.0680070805452218,1.382008303463066
369,Health and Medicine,2,0.6851792041155396,0.956285330144049,0.2711061260285095
373,Health and Medicine,2,0.3127344378635649,0.682133146489687,0.3693987086261221
382,Health and Medicine,2,0.451171357683856,0.8080267747318473,0.35685541704799123
396,Health and Medicine,2,0.616698610768044,0.6006337804439317,-0.016064830324112322
400,Health and Medicine,2,0.5055983233897835,0.5145924603485523,0.008994136958768828
420,Health and Medicine,2,0.5041185841000033,0.6200595712152839,0.11594098711528056
425,Health and Medicine,2,0.38138878008470234,0.5768224699999256,0.19543368991522325
427,Health and Medicine,2,0.37989391268154016,0.7663893925029838,0.3864954798214436
428,Health and Medicine,2,1.1772950666091373,0.9813468685248306,-0.19594819808430675
432,Health and Medicine,2,1.1177156269885642,0.8711335631500303,-0.24658206383853387
433,Health and Medicine,2,0.6546724598878622,2.2954544095988614,1.6407819497109992
445,Health and Medicine,2,0.45467735788265645,0.6874447156481511,0.23276735776549468
446,Health and Medicine,2,0.3691264084076766,0.649022360763594,0.2798959523559174
450,Health and Medicine,2,0.47657222252705994,0.44785218755140377,-0.028720034975656172
462,Health and Medicine,2,0.5056575061970512,0.6044804677437312,0.09882296154668002
464,Health and Medicine,2,0.5131976930029603,0.5140632910991675,0.0008655980962072318
468,Health and Medicine,2,0.7843383187442823,0.7330628457895669,-0.05127547295471535
471,Health and Medicine,2,0.756575042817853,1.125087635604419,0.368512592786566
477,Health and Medicine,2,0.43350468009848364,0.47270131783913255,0.03919663774064891
479,Health and Medicine,2,0.5223853230798555,1.1479224657541538,0.6255371426742983
480,Health and Medicine,2,0.4220479931769628,0.844891753016091,0.4228437598391282
482,Health and Medicine,2,0.6054250260076859,0.5791436356549655,-0.02628139035272037
493,Health and Medicine,2,0.5383287745280452,0.854618301540627,0.31628952701258184
497,Health and Medicine,2,0.7764748897264313,2.4826170765795856,1.7061421868531543
505,Health and Medicine,2,0.35838476773686945,0.4326252572734431,0.07424048953657364
506,Health and Medicine,2,0.3775675147630243,0.6298598128129288,0.2522922980499045
513,Health and Medicine,2,0.31326017824568686,0.6610995324615998,0.34783935421591294
514,Health and Medicine,2,0.3775226119781637,0.6031146804677308,0.22559206848956703
519,Health and Medicine,2,0.4300349124577947,1.3132079117966722,0.8831729993388775
523,Health and Medicine,2,0.263578111484447,2.8111516129731147,2.547573501488668
529,Health and Medicine,2,0.44946123473929755,1.0287342290349828,0.5792729942956852
550,Health and Medicine,2,0.4867518820149106,0.5452585831238651,0.058506701108954506
555,Health and Medicine,2,1.1457728420426743,1.0744947130500417,-0.07127812899263253
558,Health and Medicine,2,0.47816303077432676,1.4953651820171787,1.017202151242852
560,Health and Medicine,2,0.7905179015686783,0.6527218311251191,-0.13779607044355924
586,Health and Medicine,2,1.1914388669563012,2.6007626698106145,1.4093238028543134
589,Health and Medicine,2,0.47393578961288285,2.209340523387832,1.735404733774949
591,Health and Medicine,2,0.4141624738314043,0.6504360911388336,0.2362736173074293
595,Health and Medicine,2,0.4026848504341236,0.6695545814379967,0.2668697310038731
596,Health and Medicine,2,0.26368994929229467,0.3135553439119664,0.04986539461967171
600,Health and Medicine,2,0.5087829896425231,1.1583161188799918,0.6495331292374686
601,Health and Medicine,2,0.5402514340631764,0.5433624634201782,0.0031110293570018044
605,Health and Medicine,2,0.8774144059485867,0.7044616409524169,-0.17295276499616974
609,Health and Medicine,2,0.42756649651470224,1.1347413569552107,0.7071748604405085
611,Health and Medicine,2,0.5539851371927755,1.9293803747518914,1.3753952375591159
614,Health and Medicine,2,0.6757398030227268,2.0558906740034573,1.3801508709807304
615,Health and Medicine,2,0.629544815450045,1.327524470825656,0.6979796553756109
625,Health and Medicine,2,0.32360108907681434,0.6434950060096172,0.31989391693280284
629,Health and Medicine,2,0.5095447622437395,3.771976344812309,3.2624315825685697
633,Health and Medicine,2,0.5172638500663952,0.4996637784453158,-0.017600071621079405
634,Health and Medicine,2,0.4492693314339499,3.357969461476782,2.908700130042832
635,Health and Medicine,2,0.4017599983968289,0.46686207301383487,0.06510207461700596
642,Health and Medicine,2,0.6557753438871625,0.5640466630157566,-0.09172868087140595
643,Health and Medicine,2,0.263578111484447,2.8111516129731147,2.547573501488668
648,Health and Medicine,2,0.5648609850645366,1.8592281129894417,1.2943671279249052
649,Health and Medicine,2,0.4644423025487643,0.7051332055343964,0.24069090298563212
657,Health and Medicine,2,0.6752696318479203,0.6634315735698374,-0.01183805827808293
658,Health and Medicine,2,0.445469087768409,1.3476087907723047,0.9021397030038957
661,Health and Medicine,2,0.5663133182291341,0.8640640795773268,0.29775076134819267
674,Health and Medicine,2,0.6542174976218843,0.5685178251340253,-0.08569967248785904
676,Health and Medicine,2,0.8239976934643893,1.6924164777526403,0.8684187842882509
683,Health and Medicine,2,0.9130896289158621,3.42131918141918,2.508229552503318
691,Health and Medicine,2,0.9527066970921333,0.5102741457535668,-0.4424325513385665
694,Health and Medicine,2,0.4141195664705237,0.516536175487704,0.1024166090171803
707,Health and Medicine,2,1.117351451935725,2.0747592295022192,0.9574077775664942
717,Health and Medicine,2,0.40097275858010006,0.5757198047661966,0.1747470461860965
720,Health and Medicine,2,0.616499970888409,0.6610590011170883,0.04455903022867924
722,Health and Medicine,2,0.4103673806300513,0.45240205751061074,0.04203467688055945
726,Health and Medicine,2,0.2841750861325322,2.9180692601122287,2.6338941739796966
729,Health and Medicine,2,0.7786296412503119,2.3737981529781944,1.5951685117278824
733,Health and Medicine,2,0.49236763793085403,0.49932566889556745,0.006958030964713424
734,Health and Medicine,2,0.44048444330956216,0.4675516430197774,0.02706719971021526
737,Health and Medicine,2,0.7525693634633196,1.637055971531911,0.8844866080685915
740,Health and Medicine,2,0.5113707888192952,2.6027061886904885,2.0913353998711934
744,Health and Medicine,2,0.8253259631446959,0.766391954323804,-0.05893400882089184
755,Health and Medicine,2,0.4603830118871376,0.7310628714020093,0.2706798595148717
765,Health and Medicine,2,0.5068830441554948,1.5556407728903816,1.0487577287348868
769,Health and Medicine,2,0.5212645718855649,0.658610591282799,0.13734601939723412
773,Health and Medicine,2,0.3320435187198499,0.4329299858587391,0.10088646713888921
778,Health and Medicine,2,0.6554218808812509,0.6855794562507247,0.030157575369473832
779,Health and Medicine,2,0.5689755601481166,0.7649349016396257,0.19595934149150918
784,Health and Medicine,2,0.6042934569483418,0.5569178391829206,-0.04737561776542121
791,Health and Medicine,2,0.7152257958685019,0.6925868809516031,-0.022638914916898734
798,Health and Medicine,2,0.433275122191346,2.007867727478495,1.5745926052871488
799,Health and Medicine,2,0.7241809906746701,0.7523572742406133,0.02817628356594315
801,Health and Medicine,2,0.5828845954340711,0.511240594222311,-0.07164400121176007
804,Health and Medicine,2,0.6068029364682236,0.946185288704845,0.3393823522366214
805,Health and Medicine,2,0.5974940363667397,0.5207442811444601,-0.07674975522227956
816,Health and Medicine,2,0.4895803256835798,0.5565591895284248,0.06697886384484497
819,Health and Medicine,2,0.47906820375192566,1.4900226341666711,1.0109544304147455
830,Health and Medicine,2,0.6260242525070077,1.2914266101614775,0.6654023576544699
832,Health and Medicine,2,0.5486203415680252,0.7765219181554879,0.22790157658746268
837,Health and Medicine,2,0.33203475235614366,0.9389377322063343,0.6069029798501906
843,Health and Medicine,2,0.8088741726881654,2.2904385090356625,1.481564336347497
848,Health and Medicine,2,0.6553184793093014,0.8993752179966226,0.24405673868732114
859,Health and Medicine,2,0.5474665467753812,0.4140237008736075,-0.1334428459017737
861,Health and Medicine,2,0.562992379435994,1.647595305003963,1.0846029255679688
864,Health and Medicine,2,0.5700008200094904,2.448471072627085,1.8784702526175945
866,Health and Medicine,2,0.6454666636964601,0.8244989664739673,0.17903230277750715
875,Health and Medicine,2,0.46557781610908966,0.4437774023403053,-0.021800413768784332
878,Health and Medicine,2,0.5677016916574498,1.6914919810121674,1.1237902893547176
879,Health and Medicine,2,0.542117175291629,1.5122851692088897,0.9701679939172607
887,Health and Medicine,2,0.3505586665306485,0.3540311390592395,0.0034724725285910085
903,Health and Medicine,2,0.9293425560873143,4.157368178572783,3.228025622485469
907,Health and Medicine,2,0.3284466644536497,0.8938875776887762,0.5654409132351266
909,Health and Medicine,2,0.5686744227279845,0.5360147529564934,-0.03265966977149115
912,Health and Medicine,2,0.41534754668702034,0.5099829469717746,0.09463540028475426
915,Health and Medicine,2,0.5241625310287054,0.8177118279760478,0.29354929694734244
920,Health and Medicine,2,0.4528124627197494,0.5996032392971147,0.14679077657736528
927,Health and Medicine,2,0.7426750284069283,0.6914538292765962,-0.051221199130332185
929,Health and Medicine,2,0.6694226501376556,1.2617247062908379,0.5923020561531823
930,Health and Medicine,2,0.6769677985234646,0.7776650377994585,0.10069723927599394
935,Health and Medicine,2,0.6045581043222714,1.8863436886040923,1.2817855842818209
938,Health and Medicine,2,0.24796527119881454,0.5262045222072135,0.27823925100839897
941,Health and Medicine,2,0.4508910047985322,0.7978562413837177,0.34696523658518547
944,Health and Medicine,2,0.6582379992931787,0.9492308155501947,0.290992816257016
947,Health and Medicine,2,0.28606489726220236,0.3828246425490361,0.09675974528683373
957,Health and Medicine,2,0.4708744307845844,3.8623143787625818,3.3914399479779975
963,Health and Medicine,2,0.4111847251676259,0.5557633765609886,0.14457865139336273
978,Health and Medicine,2,0.6168457606740543,1.0065864240078661,0.38974066333381185
979,Health and Medicine,2,0.4669556319962321,0.7356060002997514,0.26865036830351935
980,Health and Medicine,2,0.4675731916619667,0.6437571489880569,0.1761839573260902
981,Health and Medicine,2,0.5142334924816823,0.5818693248419126,0.0676358323602303
986,Health and Medicine,2,0.5692298459836107,0.5538909873060904,-0.015338858677520273
989,Health and Medicine,2,0.38500927548019204,1.8650853826318288,1.4800761071516368
997,Health and Medicine,2,0.8744777935673878,3.758332063592232,2.8838542700248446
1000,Health and Medicine,2,0.4763480298550971,1.2998133876343934,0.8234653577792963
1011,Health and Medicine,2,0.5749666661837433,0.8753472759941999,0.30038060981045667
1013,Health and Medicine,2,1.1525400287363974,1.0441834227638085,-0.10835660597258889
1016,Health and Medicine,2,0.46635172263716484,0.6663212952823723,0.19996957264520743
1018,Health and Medicine,2,0.45475672878620815,0.49424313456903357,0.03948640578282542
1024,Health and Medicine,2,0.7419393684398315,0.7216141307365964,-0.020325237703235133
1027,Health and Medicine,2,0.778237300470336,2.4992392815758313,1.7210019811054953
1033,Health and Medicine,2,0.889766751778323,3.121700367425979,2.231933615647656
1037,Health and Medicine,2,0.5110298760276417,0.5288888643898979,0.01785898836225619
1041,Health and Medicine,2,0.40325565506596966,2.3943782954900676,1.991122640424098
1042,Health and Medicine,2,0.41545489665313284,0.6484817476939575,0.23302685104082466
1061,Health and Medicine,2,0.41733524288606494,0.4313077126153763,0.013972469729311376
1065,Health and Medicine,2,0.41347817209254056,1.9475992249656788,1.5341210528731382
1067,Health and Medicine,2,0.7714005237449574,0.8296692125253047,0.0582686887803473
1079,Health and Medicine,2,0.4007406179302483,0.7402657056403914,0.3395250877101431
1087,Health and Medicine,2,0.6185222704091229,0.6106044775257817,-0.007917792883341157
1092,Health and Medicine,2,0.4463040914084397,0.546447553038141,0.10014346162970128
1094,Health and Medicine,2,0.7783765403850518,0.8748113598810957,0.09643481949604393
1108,Health and Medicine,2,0.3667070005855422,0.9279175436351195,0.5612105430495773
1114,Health and Medicine,2,0.5676444739499075,0.5465229505181606,-0.02112152343174689
1117,Health and Medicine,2,0.5130516294889842,6.866604266048421,6.353552636559437
1118,Health and Medicine,2,0.5086831405152217,0.9673243013364738,0.45864116082125217
1120,Health and Medicine,2,0.5100135500852314,0.5124165747548911,0.0024030246696596924
1124,Health and Medicine,2,0.5340807040139202,0.5231110003425633,-0.010969703671356856
1126,Health and Medicine,2,0.48617726888724555,1.5460318293437643,1.0598545604565186
1134,Health and Medicine,2,0.4988872259378798,1.5189981597268294,1.0201109337889496
1136,Health and Medicine,2,0.7778328189646859,1.6858488869012735,0.9080160679365876
1138,Health and Medicine,2,0.6910962545080591,1.951202554814219,1.2601063003061599
1146,Health and Medicine,2,0.4488445423904279,0.40368529644212525,-0.04515924594830267
1150,Health and Medicine,2,0.5156376308687692,0.799057543838559,0.28341991296978974
1159,Health and Medicine,2,0.6017471038751707,0.801626801705998,0.19987969783082726
1161,Health and Medicine,2,0.29419077903100826,1.246288304087364,0.9520975250563557
1164,Health and Medicine,2,0.3725860766119103,0.9333678760494935,0.5607817994375832
1169,Health and Medicine,2,0.6008491702906289,1.9288009570512905,1.3279517867606616
1184,Health and Medicine,2,0.5967708989218855,0.8571617763239374,0.2603908774020519
1185,Health and Medicine,2,0.41547670646296603,1.0495489166727687,0.6340722102098026
1186,Health and Medicine,2,0.47261995073417906,6.3223005921302144,5.849680641396035
1187,Health and Medicine,2,0.6730728344771735,1.8732728527321774,1.2002000182550039
1192,Health and Medicine,2,0.44818933881618983,0.7162706859368482,0.26808134712065834
1197,Health and Medicine,2,0.516451854000405,2.5105082793663236,1.9940564253659185
1208,Health and Medicine,2,0.5805384769609877,0.5321821156467603,-0.04835636131422738
1214,Health and Medicine,2,0.6263837302578465,0.9440569308028677,0.31767320054502113
1218,Health and Medicine,2,0.8293432835269775,2.993968642412467,2.1646253588854893
1221,Health and Medicine,2,0.7155131697051375,0.8969441049563294,0.18143093525119192
1224,Health and Medicine,2,1.1975274232188764,0.8617841333560707,-0.33574328986280566
1228,Health and Medicine,2,0.5028814308830878,0.8495393423543147,0.34665791147122693
1232,Health and Medicine,2,0.5543934824587714,2.504331613005087,1.949938130546316
2,Health and Medicine,3,0.4767638162316865,1.6923606258852162,1.2155968096535297
5,Health and Medicine,3,0.4332332014173959,1.1764750572155107,0.7432418557981149
12,Health and Medicine,3,0.519302399997308,0.8041652065159544,0.28486280651864637
21,Health and Medicine,3,2.595639005986566,2.3991246355740605,-0.19651437041250563
25,Health and Medicine,3,0.38885050116016134,0.8504491621254926,0.46159866096533125
36,Health and Medicine,3,0.3761953947991983,0.9754766437154541,0.5992812489162558
37,Health and Medicine,3,0.4958668704485165,0.9119570853216346,0.41609021487311804
49,Health and Medicine,3,0.5421964118071112,1.0347559018596404,0.4925594900525292
53,Health and Medicine,3,0.3266028490144008,0.7171864132679824,0.3905835642535816
56,Health and Medicine,3,0.2940677131245064,0.5351187784168271,0.24105106529232068
64,Health and Medicine,3,1.0933877965290209,3.5730759153903717,2.479688118861351
67,Health and Medicine,3,0.8966722106954357,0.9857755646924518,0.08910335399701608
69,Health and Medicine,3,0.5331252816258939,4.358776367798576,3.8256510861726825
72,Health and Medicine,3,0.3532408006349333,0.9159959524185052,0.5627551517835718
74,Health and Medicine,3,0.5089446046163831,1.7574631043372424,1.2485184997208592
77,Health and Medicine,3,0.4000605076331013,0.5104024035559527,0.11034189592285137
84,Health and Medicine,3,0.4536921758764068,0.6614664275741953,0.20777425169778846
90,Health and Medicine,3,0.5430741396180734,4.3504379403127915,3.807363800694718
97,Health and Medicine,3,0.5697050699965832,1.1297159235053986,0.5600108535088154
98,Health and Medicine,3,0.4708658338992647,0.9355962231920885,0.4647303892928238
99,Health and Medicine,3,0.3357802787781508,0.7629365557742702,0.4271562769961194
109,Health and Medicine,3,0.5960995299048867,0.5821640533808768,-0.013935476524009838
111,Health and Medicine,3,0.5586523716002444,0.5766952034447349,0.018042831844490514
117,Health and Medicine,3,0.32631611456089626,0.6517926679314302,0.32547655337053394
118,Health and Medicine,3,0.33259677380626296,0.4297617209259049,0.09716494711964196
120,Health and Medicine,3,0.4127254767146181,0.6122795041101301,0.19955402739551198
124,Health and Medicine,3,0.42974198261393787,2.883071030230645,2.453329047616707
126,Health and Medicine,3,0.45844246542620126,2.3490423796451863,1.8905999142189849
130,Health and Medicine,3,0.5233879244525205,0.6297822655700831,0.10639434111756263
144,Health and Medicine,3,0.4512602421254125,0.812205543581616,0.3609453014562035
149,Health and Medicine,3,0.5238566978598095,1.468255068324809,0.9443983704649995
150,Health and Medicine,3,0.504103936695667,1.1143829301936343,0.6102789934979673
160,Health and Medicine,3,0.5456833508181954,1.0933359304249097,0.5476525796067143
164,Health and Medicine,3,0.3345894370061063,0.6260041231272027,0.29141468612109633
166,Health and Medicine,3,0.2996998282689129,1.2351532647594878,0.9354534364905749
173,Health and Medicine,3,0.5775251385776741,1.5657318715132036,0.9882067329355295
186,Health and Medicine,3,0.4797996276759682,0.7355481989304722,0.255748571254504
189,Health and Medicine,3,0.3573433728503198,0.3558445188751136,-0.0014988539752062158
199,Health and Medicine,3,1.0982004559589997,2.2597168404205012,1.1615163844615015
206,Health and Medicine,3,0.38449508015201284,2.450851353878587,2.066356273726574
208,Health and Medicine,3,1.2667283088067145,1.1267707023445963,-0.1399576064621182
209,Health and Medicine,3,0.511249846093341,2.015548021665279,1.5042981755719378
212,Health and Medicine,3,0.5084226545669722,0.5192094384477177,0.010786783880745499
213,Health and Medicine,3,0.4619594275007839,1.4418342094546752,0.9798747819538913
220,Health and Medicine,3,1.0670825295591375,1.6179356559798592,0.5508531264207217
223,Health and Medicine,3,1.376369308667773,3.5766380398362805,2.2002687311685074
234,Health and Medicine,3,0.6109962161755625,4.11038928432559,3.499393068150028
237,Health and Medicine,3,0.7716145256582242,2.303095080538692,1.531480554880468
244,Health and Medicine,3,0.4795941124402018,4.270307835980433,3.7907137235402315
245,Health and Medicine,3,0.4338005240826789,2.227003018240702,1.7932024941580234
251,Health and Medicine,3,1.3919913307989944,3.058796710002233,1.6668053792032387
253,Health and Medicine,3,0.6711398021568339,1.4188426572682546,0.7477028551114208
258,Health and Medicine,3,0.5676310871122393,2.7904886311382686,2.2228575440260294
264,Health and Medicine,3,0.6508587521694869,0.7825211193010884,0.1316623671316015
268,Health and Medicine,3,0.524166100877322,0.7208175445928549,0.1966514437155329
269,Health and Medicine,3,0.38947238311848004,0.8568203489897115,0.46734796587123145
270,Health and Medicine,3,0.5940037064727022,1.3496655295478888,0.7556618230751866
273,Health and Medicine,3,0.44414241045959413,1.9544319519175894,1.5102895414579953
274,Health and Medicine,3,0.5541561793696301,0.9508371292237545,0.3966809498541244
280,Health and Medicine,3,0.9608296196759533,4.447390493231211,3.486560873555258
283,Health and Medicine,3,0.4085393596572059,1.194611476261013,0.786072116603807
292,Health and Medicine,3,0.9926225073652812,0.7590539525810103,-0.23356855478427097
325,Health and Medicine,3,0.2979073001088789,1.9807951145120195,1.6828878144031405
329,Health and Medicine,3,0.8776896043896696,0.82898885028203,-0.04870075410763963
330,Health and Medicine,3,0.9434044911805204,0.9566356031166663,0.0132311119361459
335,Health and Medicine,3,0.5269845760774727,1.0227063592762216,0.4957217831987488
337,Health and Medicine,3,0.5534634059139114,0.899459245960904,0.3459958400469926
340,Health and Medicine,3,0.44814590440790686,0.5880327801175648,0.1398868757096579
345,Health and Medicine,3,0.37249690638732413,0.5018344584421743,0.1293375520548502
356,Health and Medicine,3,0.6551812735953949,1.1027818424751599,0.44760056887976496
360,Health and Medicine,3,0.47473849016499564,0.5676548055995975,0.09291631543460183
363,Health and Medicine,3,0.4876841691180254,0.4872144043091604,-0.00046976480886501415
364,Health and Medicine,3,0.37388400319876625,0.37389768661319894,1.3683414432696939e-05
366,Health and Medicine,3,0.6859987770821558,2.7847234004883,2.0987246234061443
369,Health and Medicine,3,0.6851792041155396,1.3454851973600481,0.6603059932445086
373,Health and Medicine,3,0.3127344378635649,1.0464831306901274,0.7337486928265625
382,Health and Medicine,3,0.451171357683856,1.141600531416438,0.6904291737325818
396,Health and Medicine,3,0.616698610768044,0.6342442214494757,0.017545610681431678
400,Health and Medicine,3,0.5055983233897835,0.5208407506801163,0.01524242729033276
420,Health and Medicine,3,0.5041185841000033,0.6311668153724871,0.12704823127248377
425,Health and Medicine,3,0.38138878008470234,1.0592495511417273,0.6778607710570249
427,Health and Medicine,3,0.37989391268154016,0.8951355436805855,0.5152416309990453
428,Health and Medicine,3,1.1772950666091373,0.9313169070987872,-0.24597815951035007
432,Health and Medicine,3,1.1177156269885642,0.9332702049240138,-0.1844454220645504
433,Health and Medicine,3,0.6546724598878622,2.763792032689542,2.10911957280168
445,Health and Medicine,3,0.45467735788265645,1.1271921512612972,0.6725147933786408
446,Health and Medicine,3,0.3691264084076766,0.8803829054300158,0.5112564970223392
450,Health and Medicine,3,0.47657222252705994,0.44152396757908124,-0.035048254947978696
462,Health and Medicine,3,0.5056575061970512,0.7639987053677075,0.25834119917065634
464,Health and Medicine,3,0.5131976930029603,0.5526410519941147,0.039443358991154476
468,Health and Medicine,3,0.7843383187442823,0.70991341087103,-0.07442490787325229
471,Health and Medicine,3,0.756575042817853,1.8897202279307264,1.1331451851128733
477,Health and Medicine,3,0.43350468009848364,0.3711291875393846,-0.06237549255909902
479,Health and Medicine,3,0.5223853230798555,1.3526248558075509,0.8302395327276954
480,Health and Medicine,3,0.4220479931769628,0.9479917708697673,0.5259437776928044
482,Health and Medicine,3,0.6054250260076859,0.5614803655566171,-0.04394466045106882
493,Health and Medicine,3,0.5383287745280452,1.0274832176877253,0.48915444315968015
497,Health and Medicine,3,0.7764748897264313,2.687451545865228,1.9109766561387966
505,Health and Medicine,3,0.35838476773686945,0.6439115315742876,0.28552676383741815
506,Health and Medicine,3,0.3775675147630243,0.7873235878277329,0.4097560730647086
513,Health and Medicine,3,0.31326017824568686,0.8036317472400318,0.490371568994345
514,Health and Medicine,3,0.3775226119781637,0.7251558367642208,0.34763322478605707
519,Health and Medicine,3,0.4300349124577947,1.8431203023483609,1.4130853898905662
523,Health and Medicine,3,0.263578111484447,2.9319963876408464,2.6684182761563995
529,Health and Medicine,3,0.44946123473929755,1.1895859923352918,0.7401247575959943
550,Health and Medicine,3,0.4867518820149106,0.5662886611062514,0.07953677909134083
555,Health and Medicine,3,1.1457728420426743,1.0387741906572403,-0.10699865138543396
558,Health and Medicine,3,0.47816303077432676,1.8614086469644668,1.38324561619014
560,Health and Medicine,3,0.7905179015686783,0.6682978160428408,-0.12222008552583752
586,Health and Medicine,3,1.1914388669563012,3.6119301585218597,2.4204912915655585
589,Health and Medicine,3,0.47393578961288285,2.270942013261231,1.7970062236483482
591,Health and Medicine,3,0.4141624738314043,0.9455722739497227,0.5314098001183183
595,Health and Medicine,3,0.4026848504341236,0.8940279108082831,0.49134306037415953
596,Health and Medicine,3,0.26368994929229467,0.3878125916429682,0.12412264235067355
600,Health and Medicine,3,0.5087829896425231,1.4910775901484161,0.982294600505893
601,Health and Medicine,3,0.5402514340631764,0.53397494597764,-0.006276488085536491
605,Health and Medicine,3,0.8774144059485867,0.6268781976650851,-0.25053620828350154
609,Health and Medicine,3,0.42756649651470224,1.4716764599292573,1.044109963414555
611,Health and Medicine,3,0.5539851371927755,2.2575310033941802,1.7035458662014047
614,Health and Medicine,3,0.6757398030227268,2.8799884221185192,2.204248619095792
615,Health and Medicine,3,0.629544815450045,1.2213154092580267,0.5917705938079817
625,Health and Medicine,3,0.32360108907681434,0.7141503877324966,0.3905492986556823
629,Health and Medicine,3,0.5095447622437395,3.9468654924383086,3.4373207301945694
633,Health and Medicine,3,0.5172638500663952,0.9955539417739958,0.4782900917076006
634,Health and Medicine,3,0.4492693314339499,3.689423569972978,3.240154238539028
635,Health and Medicine,3,0.4017599983968289,0.5826857784925601,0.18092578009573118
642,Health and Medicine,3,0.6557753438871625,0.508044136898425,-0.14773120698873754
643,Health and Medicine,3,0.263578111484447,2.9319963876408464,2.6684182761563995
648,Health and Medicine,3,0.5648609850645366,2.1454951198002554,1.580634134735719
649,Health and Medicine,3,0.4644423025487643,0.9023134727898037,0.4378711702410394
657,Health and Medicine,3,0.6752696318479203,0.6490846204387699,-0.026185011409150416
658,Health and Medicine,3,0.445469087768409,1.5925293245859002,1.1470602368174911
661,Health and Medicine,3,0.5663133182291341,1.6164707549486128,1.0501574367194788
674,Health and Medicine,3,0.6542174976218843,1.1081139901025097,0.45389649248062536
676,Health and Medicine,3,0.8239976934643893,2.317431743153683,1.4934340496892937
683,Health and Medicine,3,0.9130896289158621,3.573873289447942,2.66078366053208
691,Health and Medicine,3,0.9527066970921333,0.5028182606353918,-0.4498884364567415
694,Health and Medicine,3,0.4141195664705237,0.6624669970207816,0.24834743055025787
707,Health and Medicine,3,1.117351451935725,2.1959955254916745,1.0786440735559495
717,Health and Medicine,3,0.40097275858010006,0.5926829650307364,0.1917102064506363
720,Health and Medicine,3,0.616499970888409,1.040633580552417,0.4241336096640079
722,Health and Medicine,3,0.4103673806300513,0.5212068693856576,0.11083948875560634
726,Health and Medicine,3,0.2841750861325322,2.949403092255027,2.665228006122495
729,Health and Medicine,3,0.7786296412503119,2.375642242937549,1.5970126016872372
733,Health and Medicine,3,0.49236763793085403,0.48960477186264434,-0.0027628660682096906
734,Health and Medicine,3,0.44048444330956216,2.50587439453236,2.065389951222798
737,Health and Medicine,3,0.7525693634633196,2.077112762344772,1.3245433988814521
740,Health and Medicine,3,0.5113707888192952,2.8826337312858485,2.3712629424665534
744,Health and Medicine,3,0.8253259631446959,0.8049770691254472,-0.020348894019248664
755,Health and Medicine,3,0.4603830118871376,0.8198721324297665,0.35948912054262894
765,Health and Medicine,3,0.5068830441554948,1.7749288322245285,1.2680457880690337
769,Health and Medicine,3,0.5212645718855649,0.9564939686188668,0.43522939673330197
773,Health and Medicine,3,0.3320435187198499,0.5146730110712593,0.1826294923514094
778,Health and Medicine,3,0.6554218808812509,0.7093490256005726,0.053927144719321696
779,Health and Medicine,3,0.5689755601481166,0.8488042964379487,0.2798287362898322
784,Health and Medicine,3,0.6042934569483418,0.5564898337615666,-0.047803623186775224
791,Health and Medicine,3,0.7152257958685019,0.6704928550084188,-0.04473294086008306
798,Health and Medicine,3,0.433275122191346,2.019523466110967,1.586248343919621
799,Health and Medicine,3,0.7241809906746701,0.8521247297817418,0.12794373910707169
801,Health and Medicine,3,0.5828845954340711,0.5113320462598447,-0.07155254917422638
804,Health and Medicine,3,0.6068029364682236,1.1137638304312834,0.5069608939630598
805,Health and Medicine,3,0.5974940363667397,0.5360206890601409,-0.06147334730659881
816,Health and Medicine,3,0.4895803256835798,0.5580936411885882,0.06851331550500839
819,Health and Medicine,3,0.47906820375192566,2.2510765317831574,1.7720083280312318
830,Health and Medicine,3,0.6260242525070077,1.3130882843599998,0.6870640318529921
832,Health and Medicine,3,0.5486203415680252,1.5271431698067086,0.9785228282386834
837,Health and Medicine,3,0.33203475235614366,1.1920554758267934,0.8600207234706497
843,Health and Medicine,3,0.8088741726881654,2.4518502259614827,1.6429760532733173
848,Health and Medicine,3,0.6553184793093014,2.126117966417146,1.4707994871078447
859,Health and Medicine,3,0.5474665467753812,0.589290218788145,0.041823672012763824
861,Health and Medicine,3,0.562992379435994,1.7752267489698803,1.2122343695338862
864,Health and Medicine,3,0.5700008200094904,2.5195856051265224,1.949584785117032
866,Health and Medicine,3,0.6454666636964601,0.8445227910561558,0.1990561273596957
875,Health and Medicine,3,0.46557781610908966,0.5818971818126737,0.11631936570358403
878,Health and Medicine,3,0.5677016916574498,2.057980228146655,1.4902785364892053
879,Health and Medicine,3,0.542117175291629,1.9904245947661972,1.4483074194745682
887,Health and Medicine,3,0.3505586665306485,0.43051972628069235,0.07996105975004386
903,Health and Medicine,3,0.9293425560873143,3.947864618755268,3.0185220626679534
907,Health and Medicine,3,0.3284466644536497,1.6400758058597549,1.3116291414061052
909,Health and Medicine,3,0.5686744227279845,0.5082913662098888,-0.060383056518095723
912,Health and Medicine,3,0.41534754668702034,0.591708806594035,0.17636125990701468
915,Health and Medicine,3,0.5241625310287054,1.0854092413209262,0.5612467102922208
920,Health and Medicine,3,0.4528124627197494,0.741142114664787,0.28832965194503757
927,Health and Medicine,3,0.7426750284069283,0.67626852506224,-0.06640650334468834
929,Health and Medicine,3,0.6694226501376556,1.7258873242010928,1.0564646740634371
930,Health and Medicine,3,0.6769677985234646,0.7567733395320053,0.07980554100854076
935,Health and Medicine,3,0.6045581043222714,2.529525184849997,1.9249670805277257
938,Health and Medicine,3,0.24796527119881454,0.8863306088740949,0.6383653376752804
941,Health and Medicine,3,0.4508910047985322,1.5596346803877152,1.108743675589183
944,Health and Medicine,3,0.6582379992931787,1.4068156030901102,0.7485776037969315
947,Health and Medicine,3,0.28606489726220236,0.43895035650029185,0.1528854592380895
957,Health and Medicine,3,0.4708744307845844,4.786416794247849,4.315542363463265
963,Health and Medicine,3,0.4111847251676259,1.338921869492466,0.9277371443248401
978,Health and Medicine,3,0.6168457606740543,1.7056473393030231,1.0888015786289689
979,Health and Medicine,3,0.4669556319962321,1.1177625244540825,0.6508068924578505
980,Health and Medicine,3,0.4675731916619667,1.1290824891925944,0.6615092975306276
981,Health and Medicine,3,0.5142334924816823,0.6700428458880854,0.15580935340640312
986,Health and Medicine,3,0.5692298459836107,0.5516702707646126,-0.01755957521899809
989,Health and Medicine,3,0.38500927548019204,2.9563633694392504,2.5713540939590582
997,Health and Medicine,3,0.8744777935673878,3.8715628220783307,2.997085028510943
1000,Health and Medicine,3,0.4763480298550971,6.930692089441749,6.454344059586652
1011,Health and Medicine,3,0.5749666661837433,1.1039259195073057,0.5289592533235624
1013,Health and Medicine,3,1.1525400287363974,0.976874304443371,-0.1756657242930264
1016,Health and Medicine,3,0.46635172263716484,0.8968851077910062,0.4305333851538413
1018,Health and Medicine,3,0.45475672878620815,0.49514392733032764,0.040387198544119485
1024,Health and Medicine,3,0.7419393684398315,0.7177894870114723,-0.024149881428359277
1027,Health and Medicine,3,0.778237300470336,2.935044145982586,2.15680684551225
1033,Health and Medicine,3,0.889766751778323,3.2030705116424354,2.3133037598641124
1037,Health and Medicine,3,0.5110298760276417,0.5258672175760423,0.014837341548400551
1041,Health and Medicine,3,0.40325565506596966,3.0159105789850065,2.612654923919037
1042,Health and Medicine,3,0.41545489665313284,0.7585826201490545,0.3431277234959217
1061,Health and Medicine,3,0.41733524288606494,0.4603448493107141,0.04300960642464918
1065,Health and Medicine,3,0.41347817209254056,2.2871553816815546,1.873677209589014
1067,Health and Medicine,3,0.7714005237449574,0.9743520538092577,0.20295153006430033
1079,Health and Medicine,3,0.4007406179302483,0.8809880751445327,0.4802474572142844
1087,Health and Medicine,3,0.6185222704091229,0.6025784661024933,-0.01594380430662956
1092,Health and Medicine,3,0.4463040914084397,0.9341203615620488,0.4878162701536091
1094,Health and Medicine,3,0.7783765403850518,2.376150949221562,1.59777440883651
1108,Health and Medicine,3,0.3667070005855422,1.0597884683413001,0.693081467755758
1114,Health and Medicine,3,0.5676444739499075,0.5702262074406215,0.002581733490714
1117,Health and Medicine,3,0.5130516294889842,6.789132264731323,6.276080635242338
1118,Health and Medicine,3,0.5086831405152217,1.3587949188271047,0.850111778311883
1120,Health and Medicine,3,0.5100135500852314,0.5126994248218193,0.002685874736587879
1124,Health and Medicine,3,0.5340807040139202,0.7375727483498845,0.20349204433596435
1126,Health and Medicine,3,0.48617726888724555,2.5251847435152173,2.039007474627972
1134,Health and Medicine,3,0.4988872259378798,1.950818171409654,1.4519309454717741
1136,Health and Medicine,3,0.7778328189646859,1.8154725904683227,1.0376397715036367
1138,Health and Medicine,3,0.6910962545080591,2.5586922979085402,1.8675960434004812
1146,Health and Medicine,3,0.4488445423904279,0.36783668637746336,-0.08100785601296456
1150,Health and Medicine,3,0.5156376308687692,2.256713726457331,1.741076095588562
1159,Health and Medicine,3,0.6017471038751707,0.7963966752867204,0.1946495714115497
1161,Health and Medicine,3,0.29419077903100826,1.6775550262875067,1.3833642472564984
1164,Health and Medicine,3,0.3725860766119103,1.5779742894476119,1.2053882128357016
1169,Health and Medicine,3,0.6008491702906289,2.5070356794817945,1.9061865091911656
1184,Health and Medicine,3,0.5967708989218855,0.9631650356733703,0.3663941367514848
1185,Health and Medicine,3,0.41547670646296603,1.1565092255545206,0.7410325190915545
1186,Health and Medicine,3,0.47261995073417906,6.38662200395131,5.914002053217131
1187,Health and Medicine,3,0.6730728344771735,1.8332303523509608,1.1601575178737873
1192,Health and Medicine,3,0.44818933881618983,0.9877753187939804,0.5395859799777906
1197,Health and Medicine,3,0.516451854000405,2.509799042985251,1.993347188984846
1208,Health and Medicine,3,0.5805384769609877,0.54332250139621,-0.03721597556477774
1214,Health and Medicine,3,0.6263837302578465,1.3893458233529394,0.7629620930950929
1218,Health and Medicine,3,0.8293432835269775,3.094292829880061,2.2649495463530833
1221,Health and Medicine,3,0.7155131697051375,1.2423073271847391,0.5267941574796017
1224,Health and Medicine,3,1.1975274232188764,0.8731817004639189,-0.32434572275495754
1228,Health and Medicine,3,0.5028814308830878,2.2752390367443733,1.7723576058612855
1232,Health and Medicine,3,0.5543934824587714,3.121277723653744,2.566884241194973
2,Sports and Recreation,1,0.4767638162316865,0.5764408635511477,0.09967704731946114
5,Sports and Recreation,1,0.4332332014173959,0.48140388001217016,0.04817067859477425
12,Sports and Recreation,1,0.519302399997308,0.529124948813304,0.00982254881599598
21,Sports and Recreation,1,2.595639005986566,2.6853839809967246,0.08974497501015843
25,Sports and Recreation,1,0.38885050116016134,0.4627241641028992,0.07387366294273784
36,Sports and Recreation,1,0.3761953947991983,0.9624713575355464,0.5862759627363481
37,Sports and Recreation,1,0.4958668704485165,0.5082078676694765,0.012340997220959937
49,Sports and Recreation,1,0.5421964118071112,0.5626025146201974,0.02040610281308619
53,Sports and Recreation,1,0.3266028490144008,0.3079958204823202,-0.01860702853208057
56,Sports and Recreation,1,0.2940677131245064,0.33585012750611754,0.04178241438161112
64,Sports and Recreation,1,1.0933877965290209,1.00191057643849,-0.09147722009053094
67,Sports and Recreation,1,0.8966722106954357,0.9794632517337264,0.08279104103829071
69,Sports and Recreation,1,0.5331252816258939,0.7279433396726631,0.19481805804676922
72,Sports and Recreation,1,0.3532408006349333,0.36247985158786034,0.009239050952927041
74,Sports and Recreation,1,0.5089446046163831,0.5186512991265507,0.00970669451016759
77,Sports and Recreation,1,0.4000605076331013,0.3560277767839505,-0.044032730849150825
84,Sports and Recreation,1,0.4536921758764068,0.6528199628904305,0.19912778701402373
90,Sports and Recreation,1,0.5430741396180734,0.7875956339827054,0.244521494364632
97,Sports and Recreation,1,0.5697050699965832,0.5730188585461498,0.003313788549566543
98,Sports and Recreation,1,0.4708658338992647,0.48968086821214274,0.018815034312878065
99,Sports and Recreation,1,0.3357802787781508,0.3484171192590228,0.012636840480871991
109,Sports and Recreation,1,0.5960995299048867,0.5744067976845515,-0.021692732220335187
111,Sports and Recreation,1,0.5586523716002444,0.5497528605760484,-0.00889951102419595
117,Sports and Recreation,1,0.32631611456089626,0.4550651732217762,0.12874905866087993
118,Sports and Recreation,1,0.33259677380626296,0.3217669183533777,-0.010829855452885284
120,Sports and Recreation,1,0.4127254767146181,0.40604965528050335,-0.00667582143411477
124,Sports and Recreation,1,0.42974198261393787,0.5010052095457531,0.07126322693181525
126,Sports and Recreation,1,0.45844246542620126,1.5130379723953702,1.0545955069691688
130,Sports and Recreation,1,0.5233879244525205,2.0037922044661367,1.4804042800136163
144,Sports and Recreation,1,0.4512602421254125,0.47103744891923816,0.019777206793825663
149,Sports and Recreation,1,0.5238566978598095,3.136261728063508,2.6124050302036985
150,Sports and Recreation,1,0.504103936695667,0.5334973013615696,0.029393364665902588
160,Sports and Recreation,1,0.5456833508181954,0.5472712272690103,0.001587876450814929
164,Sports and Recreation,1,0.3345894370061063,0.36495342789045926,0.03036399088435293
166,Sports and Recreation,1,0.2996998282689129,0.3230794389044431,0.02337961063553018
173,Sports and Recreation,1,0.5775251385776741,0.6926805330464487,0.11515539446877465
186,Sports and Recreation,1,0.4797996276759682,0.5452398035253587,0.06544017584939055
189,Sports and Recreation,1,0.3573433728503198,0.3516335896291574,-0.00570978322116239
199,Sports and Recreation,1,1.0982004559589997,1.405494355381182,0.3072938994221823
206,Sports and Recreation,1,0.38449508015201284,0.6195950802349943,0.2351000000829815
208,Sports and Recreation,1,1.2667283088067145,1.2688432327748933,0.0021149239681788057
209,Sports and Recreation,1,0.511249846093341,1.4215962576108947,0.9103464115175537
212,Sports and Recreation,1,0.5084226545669722,0.5738451617950101,0.06542250722803788
213,Sports and Recreation,1,0.4619594275007839,0.772559864303475,0.3106004368026911
220,Sports and Recreation,1,1.0670825295591375,5.625952474870191,4.558869945311054
223,Sports and Recreation,1,1.376369308667773,1.4870150566216385,0.11064574795386539
234,Sports and Recreation,1,0.6109962161755625,7.78446349784878,7.173467281673217
237,Sports and Recreation,1,0.7716145256582242,0.8746035233175101,0.10298899765928593
244,Sports and Recreation,1,0.4795941124402018,0.5003722679160381,0.02077815547583628
245,Sports and Recreation,1,0.4338005240826789,1.7636123482510198,1.329811824168341
251,Sports and Recreation,1,1.3919913307989944,1.1918256192653613,-0.20016571153363305
253,Sports and Recreation,1,0.6711398021568339,1.2606890128224004,0.5895492106655665
258,Sports and Recreation,1,0.5676310871122393,4.299964837534776,3.7323337504225367
264,Sports and Recreation,1,0.6508587521694869,2.235983677568,1.5851249253985131
268,Sports and Recreation,1,0.524166100877322,0.542289387438249,0.018123286560926988
269,Sports and Recreation,1,0.38947238311848004,0.42378712632653,0.03431474320804995
270,Sports and Recreation,1,0.5940037064727022,3.2735715341901335,2.679567827717431
273,Sports and Recreation,1,0.44414241045959413,1.7132615341369417,1.2691191236773476
274,Sports and Recreation,1,0.5541561793696301,1.675280873120408,1.121124693750778
280,Sports and Recreation,1,0.9608296196759533,1.2637415347394234,0.30291191506347015
283,Sports and Recreation,1,0.4085393596572059,0.41938092654938064,0.010841566892174748
292,Sports and Recreation,1,0.9926225073652812,0.8796739688277972,-0.11294853853748399
325,Sports and Recreation,1,0.2979073001088789,0.3152418669189097,0.017334566810030816
329,Sports and Recreation,1,0.8776896043896696,0.8094482468293113,-0.06824135756035832
330,Sports and Recreation,1,0.9434044911805204,0.853336174879978,-0.09006831630054235
335,Sports and Recreation,1,0.5269845760774727,0.7808648839819831,0.2538803079045103
337,Sports and Recreation,1,0.5534634059139114,0.5924044097317845,0.03894100381787313
340,Sports and Recreation,1,0.44814590440790686,0.45373911886534135,0.005593214457434492
345,Sports and Recreation,1,0.37249690638732413,0.5232744709362651,0.15077756454894098
356,Sports and Recreation,1,0.6551812735953949,0.689350516085282,0.034169242489887064
360,Sports and Recreation,1,0.47473849016499564,0.47428758222345113,-0.0004509079415445094
363,Sports and Recreation,1,0.4876841691180254,0.4782253083968202,-0.00945886072120522
364,Sports and Recreation,1,0.37388400319876625,0.34744121453015964,-0.02644278866860661
366,Sports and Recreation,1,0.6859987770821558,0.9738090385526225,0.2878102614704666
369,Sports and Recreation,1,0.6851792041155396,0.8764795651993927,0.19130036108385318
373,Sports and Recreation,1,0.3127344378635649,0.3797589763470925,0.06702453848352757
382,Sports and Recreation,1,0.451171357683856,0.42967307860613535,-0.021498279077720672
396,Sports and Recreation,1,0.616698610768044,0.6035329085891414,-0.01316570217890256
400,Sports and Recreation,1,0.5055983233897835,0.5294015133832092,0.023803189993425677
420,Sports and Recreation,1,0.5041185841000033,0.4922310273558217,-0.011887556744181627
425,Sports and Recreation,1,0.38138878008470234,0.4288409311486391,0.04745215106393674
427,Sports and Recreation,1,0.37989391268154016,0.3786848775471974,-0.001209035134342784
428,Sports and Recreation,1,1.1772950666091373,1.072287030571165,-0.10500803603797237
432,Sports and Recreation,1,1.1177156269885642,1.1046080208759708,-0.013107606112593428
433,Sports and Recreation,1,0.6546724598878622,0.771336850656114,0.11666439076825186
445,Sports and Recreation,1,0.45467735788265645,0.4854248332932057,0.03074747541054923
446,Sports and Recreation,1,0.3691264084076766,0.541191512966806,0.17206510455912943
450,Sports and Recreation,1,0.47657222252705994,0.5090515048329025,0.03247928230584257
462,Sports and Recreation,1,0.5056575061970512,0.5288237890446955,0.023166282847644326
464,Sports and Recreation,1,0.5131976930029603,1.7932585606435305,1.2800608676405703
468,Sports and Recreation,1,0.7843383187442823,0.7952136149374556,0.01087529619317329
471,Sports and Recreation,1,0.756575042817853,5.708723268842424,4.952148226024571
477,Sports and Recreation,1,0.43350468009848364,0.5716774310067179,0.13817275090823422
479,Sports and Recreation,1,0.5223853230798555,0.7962675720008097,0.27388224892095414
480,Sports and Recreation,1,0.4220479931769628,0.46443496429755105,0.04238697112058826
482,Sports and Recreation,1,0.6054250260076859,2.9735966362412567,2.3681716102335706
493,Sports and Recreation,1,0.5383287745280452,1.2593939430026804,0.7210651684746352
497,Sports and Recreation,1,0.7764748897264313,0.9272786633895687,0.15080377366313735
505,Sports and Recreation,1,0.35838476773686945,0.5146076651447341,0.15622289740786466
506,Sports and Recreation,1,0.3775675147630243,0.44405021507667064,0.06648270031364634
513,Sports and Recreation,1,0.31326017824568686,0.4850711765673098,0.17181099832162294
514,Sports and Recreation,1,0.3775226119781637,4.469368377005751,4.091845765027587
519,Sports and Recreation,1,0.4300349124577947,4.426322070728656,3.996287158270861
523,Sports and Recreation,1,0.263578111484447,0.4124133969629724,0.14883528547852543
529,Sports and Recreation,1,0.44946123473929755,0.4806887025464561,0.03122746780715857
550,Sports and Recreation,1,0.4867518820149106,0.5533151942487424,0.06656331223383183
555,Sports and Recreation,1,1.1457728420426743,1.1452879779769691,-0.0004848640657051373
558,Sports and Recreation,1,0.47816303077432676,0.8359604219206717,0.3577973911463449
560,Sports and Recreation,1,0.7905179015686783,2.2250689974015656,1.4345510958328873
586,Sports and Recreation,1,1.1914388669563012,1.2071134940730888,0.015674627116787576
589,Sports and Recreation,1,0.47393578961288285,1.7290446249900533,1.2551088353771704
591,Sports and Recreation,1,0.4141624738314043,1.7261882588671966,1.3120257850357924
595,Sports and Recreation,1,0.4026848504341236,0.5171632161974516,0.11447836576332804
596,Sports and Recreation,1,0.26368994929229467,0.2759455382455883,0.01225558895329365
600,Sports and Recreation,1,0.5087829896425231,0.5562272334894858,0.047444243846962664
601,Sports and Recreation,1,0.5402514340631764,0.5524025758556671,0.01215114179249066
605,Sports and Recreation,1,0.8774144059485867,0.8771648159523204,-0.0002495899962662307
609,Sports and Recreation,1,0.42756649651470224,3.4657561103435865,3.038189613828884
611,Sports and Recreation,1,0.5539851371927755,0.7132931376398017,0.1593080004470262
614,Sports and Recreation,1,0.6757398030227268,0.8457029825378037,0.1699631795150769
615,Sports and Recreation,1,0.629544815450045,4.050506851573298,3.4209620361232527
625,Sports and Recreation,1,0.32360108907681434,0.3582710200098429,0.03466993093302856
629,Sports and Recreation,1,0.5095447622437395,3.533376391856959,3.0238316296132197
633,Sports and Recreation,1,0.5172638500663952,0.47120284261112816,-0.04606100745526703
634,Sports and Recreation,1,0.4492693314339499,6.202197547539736,5.752928216105786
635,Sports and Recreation,1,0.4017599983968289,0.3967777132170663,-0.004982285179762624
642,Sports and Recreation,1,0.6557753438871625,0.5798459644057645,-0.075929379481398
643,Sports and Recreation,1,0.263578111484447,0.4124133969629724,0.14883528547852543
648,Sports and Recreation,1,0.5648609850645366,6.698964563164969,6.134103578100432
649,Sports and Recreation,1,0.4644423025487643,0.5706110419413334,0.1061687393925691
657,Sports and Recreation,1,0.6752696318479203,0.6176692577859383,-0.05760037406198204
658,Sports and Recreation,1,0.445469087768409,1.5857863235203524,1.1403172357519433
661,Sports and Recreation,1,0.5663133182291341,0.5884835929166317,0.02217027468749755
674,Sports and Recreation,1,0.6542174976218843,0.5628169940426695,-0.09140050357921481
676,Sports and Recreation,1,0.8239976934643893,1.112510260357551,0.2885125668931616
683,Sports and Recreation,1,0.9130896289158621,0.9622043853575796,0.04911475644171748
691,Sports and Recreation,1,0.9527066970921333,1.753334636431711,0.8006279393395778
694,Sports and Recreation,1,0.4141195664705237,0.4474653453095472,0.033345778839023454
707,Sports and Recreation,1,1.117351451935725,1.3973828297009192,0.28003137776519416
717,Sports and Recreation,1,0.40097275858010006,0.5941463590779554,0.19317360049785537
720,Sports and Recreation,1,0.616499970888409,0.49461605596033803,-0.12188391492807099
722,Sports and Recreation,1,0.4103673806300513,0.39611322148502337,-0.014254159145027923
726,Sports and Recreation,1,0.2841750861325322,0.45548528898231166,0.1713102028497795
729,Sports and Recreation,1,0.7786296412503119,1.2533318352133118,0.47470219396299995
733,Sports and Recreation,1,0.49236763793085403,0.47975646490716956,-0.012611173023684474
734,Sports and Recreation,1,0.44048444330956216,0.5089265652393271,0.06844212192976495
737,Sports and Recreation,1,0.7525693634633196,0.6401888252248611,-0.1123805382384585
740,Sports and Recreation,1,0.5113707888192952,0.5660209655843234,0.05465017676502815
744,Sports and Recreation,1,0.8253259631446959,0.8182371314425699,-0.007088831702125931
755,Sports and Recreation,1,0.4603830118871376,0.4808187285527321,0.020435716665594517
765,Sports and Recreation,1,0.5068830441554948,1.1249642365506154,0.6180811923951206
769,Sports and Recreation,1,0.5212645718855649,0.6032495335076993,0.08198496162213442
773,Sports and Recreation,1,0.3320435187198499,0.3461084662578777,0.014064947538027839
778,Sports and Recreation,1,0.6554218808812509,2.966129035908345,2.310707155027094
779,Sports and Recreation,1,0.5689755601481166,0.6425937134733473,0.0736181533252307
784,Sports and Recreation,1,0.6042934569483418,0.6070031036384018,0.002709646690060019
791,Sports and Recreation,1,0.7152257958685019,0.7180988687954659,0.0028730729269640376
798,Sports and Recreation,1,0.433275122191346,1.7323381260899917,1.2990630038986457
799,Sports and Recreation,1,0.7241809906746701,4.6278471688562455,3.9036661781815756
801,Sports and Recreation,1,0.5828845954340711,3.492280647939129,2.909396052505058
804,Sports and Recreation,1,0.6068029364682236,0.9610360971576222,0.3542331606893986
805,Sports and Recreation,1,0.5974940363667397,0.6638620222883435,0.06636798592160376
816,Sports and Recreation,1,0.4895803256835798,0.5280924890965805,0.03851216341300068
819,Sports and Recreation,1,0.47906820375192566,0.4885709980940707,0.009502794342145016
830,Sports and Recreation,1,0.6260242525070077,0.6397464777706363,0.013722225263628651
832,Sports and Recreation,1,0.5486203415680252,0.5261491696858336,-0.02247117188219161
837,Sports and Recreation,1,0.33203475235614366,0.48386189442749405,0.1518271420713504
843,Sports and Recreation,1,0.8088741726881654,1.027052210460813,0.21817803777264766
848,Sports and Recreation,1,0.6553184793093014,0.724807455542724,0.06948897623342254
859,Sports and Recreation,1,0.5474665467753812,0.4722272239302088,-0.07523932284517243
861,Sports and Recreation,1,0.562992379435994,0.623587043892193,0.06059466445619899
864,Sports and Recreation,1,0.5700008200094904,0.826190472659206,0.2561896526497156
866,Sports and Recreation,1,0.6454666636964601,0.5913903784620447,-0.05407628523441543
875,Sports and Recreation,1,0.46557781610908966,0.47600335895527346,0.0104255428461838
878,Sports and Recreation,1,0.5677016916574498,1.0380856715155429,0.4703839798580931
879,Sports and Recreation,1,0.542117175291629,4.76719315227533,4.225075976983701
887,Sports and Recreation,1,0.3505586665306485,0.37714733992557137,0.02658867339492288
903,Sports and Recreation,1,0.9293425560873143,1.0708744295890664,0.14153187350175211
907,Sports and Recreation,1,0.3284466644536497,0.2509594994984039,-0.07748716495524577
909,Sports and Recreation,1,0.5686744227279845,3.492804951211684,2.9241305284836994
912,Sports and Recreation,1,0.41534754668702034,0.4097551345065763,-0.00559241218044404
915,Sports and Recreation,1,0.5241625310287054,0.5558959480205914,0.03173341699188603
920,Sports and Recreation,1,0.4528124627197494,4.12482223488977,3.6720097721700204
927,Sports and Recreation,1,0.7426750284069283,0.8730890189032061,0.13041399049627778
929,Sports and Recreation,1,0.6694226501376556,1.0288990537419953,0.35947640360433974
930,Sports and Recreation,1,0.6769677985234646,2.266938346183213,1.5899705476597483
935,Sports and Recreation,1,0.6045581043222714,1.686380327445872,1.0818222231236005
938,Sports and Recreation,1,0.24796527119881454,0.2641623689721968,0.01619709777338227
941,Sports and Recreation,1,0.4508910047985322,0.5648257265044584,0.11393472170592617
944,Sports and Recreation,1,0.6582379992931787,0.6012441458580668,-0.056993853435111874
947,Sports and Recreation,1,0.28606489726220236,0.2995303929633357,0.013465495701133368
957,Sports and Recreation,1,0.4708744307845844,0.5644011314297556,0.09352670064517116
963,Sports and Recreation,1,0.4111847251676259,0.4464190941182593,0.03523436895063342
978,Sports and Recreation,1,0.6168457606740543,0.8518420455105431,0.23499628483648882
979,Sports and Recreation,1,0.4669556319962321,0.6325108730424407,0.1655552410462086
980,Sports and Recreation,1,0.4675731916619667,0.5505863074644726,0.08301311580250587
981,Sports and Recreation,1,0.5142334924816823,1.2549211762263002,0.7406876837446179
986,Sports and Recreation,1,0.5692298459836107,3.3761430793964196,2.806913233412809
989,Sports and Recreation,1,0.38500927548019204,0.5353973138214032,0.15038803834121117
997,Sports and Recreation,1,0.8744777935673878,1.4502544245608138,0.575776630993426
1000,Sports and Recreation,1,0.4763480298550971,0.43860233985016256,-0.03774569000493455
1011,Sports and Recreation,1,0.5749666661837433,1.284812003138787,0.7098453369550438
1013,Sports and Recreation,1,1.1525400287363974,1.114122363378681,-0.0384176653577164
1016,Sports and Recreation,1,0.46635172263716484,0.567460826136854,0.10110910349968916
1018,Sports and Recreation,1,0.45475672878620815,0.4485293876762885,-0.006227341109919626
1024,Sports and Recreation,1,0.7419393684398315,1.1395655829158549,0.3976262144760233
1027,Sports and Recreation,1,0.778237300470336,1.1297607166761092,0.3515234162057732
1033,Sports and Recreation,1,0.889766751778323,1.0142920415588497,0.12452528978052668
1037,Sports and Recreation,1,0.5110298760276417,0.6088396880052862,0.09780981197764449
1041,Sports and Recreation,1,0.40325565506596966,0.5252789046987687,0.12202324963279904
1042,Sports and Recreation,1,0.41545489665313284,0.4415516302480261,0.02609673359489323
1061,Sports and Recreation,1,0.41733524288606494,0.44856026816518946,0.03122502527912452
1065,Sports and Recreation,1,0.41347817209254056,1.1531416271031132,0.7396634550105726
1067,Sports and Recreation,1,0.7714005237449574,0.83112454050342,0.05972401675846262
1079,Sports and Recreation,1,0.4007406179302483,0.405962097482097,0.005221479551848707
1087,Sports and Recreation,1,0.6185222704091229,0.6087616325266547,-0.00976063788246817
1092,Sports and Recreation,1,0.4463040914084397,0.4085253224162595,-0.03777876899218019
1094,Sports and Recreation,1,0.7783765403850518,0.7603527413620886,-0.01802379902296314
1108,Sports and Recreation,1,0.3667070005855422,0.5827364776560754,0.21602947707053322
1114,Sports and Recreation,1,0.5676444739499075,0.5549691128014315,-0.012675361148476005
1117,Sports and Recreation,1,0.5130516294889842,6.928637155746692,6.415585526257708
1118,Sports and Recreation,1,0.5086831405152217,0.5809178061811089,0.07223466566588721
1120,Sports and Recreation,1,0.5100135500852314,4.169749129871852,3.659735579786621
1124,Sports and Recreation,1,0.5340807040139202,0.5012628203702134,-0.03281788364370675
1126,Sports and Recreation,1,0.48617726888724555,0.5277214768156898,0.041544207928444266
1134,Sports and Recreation,1,0.4988872259378798,5.503312929370843,5.004425703432963
1136,Sports and Recreation,1,0.7778328189646859,1.013033283016399,0.23520046405171313
1138,Sports and Recreation,1,0.6910962545080591,0.5524157990981743,-0.13868045540988483
1146,Sports and Recreation,1,0.4488445423904279,0.5239981206187047,0.07515357822827673
1150,Sports and Recreation,1,0.5156376308687692,0.5088996438687905,-0.00673798699997874
1159,Sports and Recreation,1,0.6017471038751707,0.6713280287012605,0.0695809248260898
1161,Sports and Recreation,1,0.29419077903100826,1.2730473245848752,0.9788565455538669
1164,Sports and Recreation,1,0.3725860766119103,0.40693810452088014,0.03435202790896985
1169,Sports and Recreation,1,0.6008491702906289,0.5503742918491478,-0.05047487844148113
1184,Sports and Recreation,1,0.5967708989218855,0.6876509546780161,0.09088005575613056
1185,Sports and Recreation,1,0.41547670646296603,0.5313250660436981,0.11584835958073209
1186,Sports and Recreation,1,0.47261995073417906,9.19164675189803,8.719026801163851
1187,Sports and Recreation,1,0.6730728344771735,1.5540667028953221,0.8809938684181486
1192,Sports and Recreation,1,0.44818933881618983,0.45987472745173946,0.011685388635549632
1197,Sports and Recreation,1,0.516451854000405,0.6313166445350293,0.11486479053462428
1208,Sports and Recreation,1,0.5805384769609877,2.825507841555645,2.2449693645946573
1214,Sports and Recreation,1,0.6263837302578465,0.6619238133614166,0.03554008310357004
1218,Sports and Recreation,1,0.8293432835269775,1.04710949616755,0.2177662126405725
1221,Sports and Recreation,1,0.7155131697051375,0.7466247748006618,0.031111605095524353
1224,Sports and Recreation,1,1.1975274232188764,1.3887852010158346,0.19125777779695818
1228,Sports and Recreation,1,0.5028814308830878,0.5013554096714149,-0.00152602121167289
1232,Sports and Recreation,1,0.5543934824587714,0.6545275046916538,0.10013402223288237
2,Sports and Recreation,2,0.4767638162316865,2.1725281702559536,1.695764354024267
5,Sports and Recreation,2,0.4332332014173959,4.946147139721722,4.512913938304326
12,Sports and Recreation,2,0.519302399997308,0.5470041092506891,0.027701709253381113
21,Sports and Recreation,2,2.595639005986566,2.741797273030511,0.14615826704394497
25,Sports and Recreation,2,0.38885050116016134,0.9075259735249364,0.5186754723647751
36,Sports and Recreation,2,0.3761953947991983,1.7783019333213335,1.4021065385221352
37,Sports and Recreation,2,0.4958668704485165,0.5024431738438845,0.006576303395367966
49,Sports and Recreation,2,0.5421964118071112,3.101885386287564,2.5596889744804527
53,Sports and Recreation,2,0.3266028490144008,0.3162741509046125,-0.010328698109788259
56,Sports and Recreation,2,0.2940677131245064,0.30660498446391293,0.01253727133940652
64,Sports and Recreation,2,1.0933877965290209,0.9712458315023251,-0.12214196502669572
67,Sports and Recreation,2,0.8966722106954357,1.1215949725336412,0.22492276183820548
69,Sports and Recreation,2,0.5331252816258939,4.689194652940553,4.156069371314659
72,Sports and Recreation,2,0.3532408006349333,0.4128950369363044,0.05965423630137112
74,Sports and Recreation,2,0.5089446046163831,2.698637886011391,2.189693281395008
77,Sports and Recreation,2,0.4000605076331013,0.31875683149296463,-0.08130367614013667
84,Sports and Recreation,2,0.4536921758764068,0.9171927744313406,0.4635005985549338
90,Sports and Recreation,2,0.5430741396180734,1.94215952155538,1.3990853819373066
97,Sports and Recreation,2,0.5697050699965832,0.8870434800747196,0.31733841007813635
98,Sports and Recreation,2,0.4708658338992647,0.48703941851355137,0.016173584614286696
99,Sports and Recreation,2,0.3357802787781508,0.35752225569298884,0.021741976914838035
109,Sports and Recreation,2,0.5960995299048867,0.5714762987373232,-0.024623231167563486
111,Sports and Recreation,2,0.5586523716002444,0.6165837410373254,0.05793136943708099
117,Sports and Recreation,2,0.32631611456089626,0.6537142706419804,0.32739815608108414
118,Sports and Recreation,2,0.33259677380626296,0.32589982866038403,-0.00669694514587893
120,Sports and Recreation,2,0.4127254767146181,0.46022278682834555,0.04749731011372743
124,Sports and Recreation,2,0.42974198261393787,0.5243189364571835,0.09457695384324566
126,Sports and Recreation,2,0.45844246542620126,1.7229903790128922,1.264547913586691
130,Sports and Recreation,2,0.5233879244525205,3.033464706443504,2.5100767819909837
144,Sports and Recreation,2,0.4512602421254125,0.5153790414786926,0.06411879935328013
149,Sports and Recreation,2,0.5238566978598095,4.271965800772234,3.7481091029124247
150,Sports and Recreation,2,0.504103936695667,0.5256015275279533,0.021497590832286306
160,Sports and Recreation,2,0.5456833508181954,0.5943386353295449,0.048655284511349484
164,Sports and Recreation,2,0.3345894370061063,0.3755372600791258,0.040947823073019474
166,Sports and Recreation,2,0.2996998282689129,0.5486383048455568,0.24893847657664386
173,Sports and Recreation,2,0.5775251385776741,2.750390255478827,2.1728651169011526
186,Sports and Recreation,2,0.4797996276759682,0.5337882502170037,0.053988622541035536
189,Sports and Recreation,2,0.3573433728503198,0.33413222943363785,-0.023211143416681956
199,Sports and Recreation,2,1.0982004559589997,1.7133950349077323,0.6151945789487325
206,Sports and Recreation,2,0.38449508015201284,1.0181937084019255,0.6336986282499126
208,Sports and Recreation,2,1.2667283088067145,1.2727923251210849,0.0060640163143703685
209,Sports and Recreation,2,0.511249846093341,1.865011461648605,1.353761615555264
212,Sports and Recreation,2,0.5084226545669722,0.5913738157552861,0.08295116118831392
213,Sports and Recreation,2,0.4619594275007839,1.0431389174751031,0.5811794899743192
220,Sports and Recreation,2,1.0670825295591375,5.3522521232463465,4.285169593687209
223,Sports and Recreation,2,1.376369308667773,1.5052056037497261,0.12883629508195305
234,Sports and Recreation,2,0.6109962161755625,8.118009599123777,7.507013382948214
237,Sports and Recreation,2,0.7716145256582242,0.9571021230026769,0.18548759734445275
244,Sports and Recreation,2,0.4795941124402018,2.600413396480134,2.1208192840399325
245,Sports and Recreation,2,0.4338005240826789,1.9280705995894127,1.494270075506734
251,Sports and Recreation,2,1.3919913307989944,8.625397666650283,7.233406335851289
253,Sports and Recreation,2,0.6711398021568339,6.9640011605375856,6.292861358380752
258,Sports and Recreation,2,0.5676310871122393,4.599811652958378,4.032180565846138
264,Sports and Recreation,2,0.6508587521694869,2.6470368262408464,1.9961780740713595
268,Sports and Recreation,2,0.524166100877322,0.5985740184991499,0.07440791762182797
269,Sports and Recreation,2,0.38947238311848004,2.1443148039146025,1.7548424207961224
270,Sports and Recreation,2,0.5940037064727022,3.834222712752689,3.240219006279987
273,Sports and Recreation,2,0.44414241045959413,1.812966121778237,1.3688237113186428
274,Sports and Recreation,2,0.5541561793696301,1.9996771928631891,1.445521013493559
280,Sports and Recreation,2,0.9608296196759533,1.3981577842476554,0.4373281645717021
283,Sports and Recreation,2,0.4085393596572059,2.2049346971691053,1.7963953375118993
292,Sports and Recreation,2,0.9926225073652812,5.577816624970485,4.585194117605203
325,Sports and Recreation,2,0.2979073001088789,0.43964444948253045,0.14173714937365156
329,Sports and Recreation,2,0.8776896043896696,0.7696542592089515,-0.10803534518071811
330,Sports and Recreation,2,0.9434044911805204,0.7862414241638644,-0.15716306701665594
335,Sports and Recreation,2,0.5269845760774727,1.0656671831410436,0.5386826070635709
337,Sports and Recreation,2,0.5534634059139114,0.628305699437248,0.0748422935233366
340,Sports and Recreation,2,0.44814590440790686,0.5317944578378649,0.08364855342995808
345,Sports and Recreation,2,0.37249690638732413,0.33242002547014293,-0.0400768809171812
356,Sports and Recreation,2,0.6551812735953949,3.7601928967828946,3.1050116231874996
360,Sports and Recreation,2,0.47473849016499564,0.4922492305274204,0.01751074036242478
363,Sports and Recreation,2,0.4876841691180254,0.4812551334425775,-0.006429035675447947
364,Sports and Recreation,2,0.37388400319876625,0.3487058925240286,-0.02517811067473763
366,Sports and Recreation,2,0.6859987770821558,1.1576936452582816,0.4716948681761257
369,Sports and Recreation,2,0.6851792041155396,1.2335327259608424,0.5483535218453028
373,Sports and Recreation,2,0.3127344378635649,0.5626457635170024,0.24991132565343743
382,Sports and Recreation,2,0.451171357683856,0.46214615397072933,0.010974796286873312
396,Sports and Recreation,2,0.616698610768044,0.6084817389299862,-0.008216871838057749
400,Sports and Recreation,2,0.5055983233897835,0.5586927814417804,0.05309445805199686
420,Sports and Recreation,2,0.5041185841000033,0.55912468247547,0.05500609837546666
425,Sports and Recreation,2,0.38138878008470234,0.5991372282341821,0.2177484481494798
427,Sports and Recreation,2,0.37989391268154016,0.4051840570050753,0.025290144323535158
428,Sports and Recreation,2,1.1772950666091373,0.9934378913671058,-0.1838571752420315
432,Sports and Recreation,2,1.1177156269885642,1.118643860234444,0.0009282332458797615
433,Sports and Recreation,2,0.6546724598878622,1.0158563443824438,0.3611838844945816
445,Sports and Recreation,2,0.45467735788265645,0.561979770202357,0.10730241231970056
446,Sports and Recreation,2,0.3691264084076766,0.7876670778185952,0.41854066941091866
450,Sports and Recreation,2,0.47657222252705994,0.5590351319814527,0.08246290945439277
462,Sports and Recreation,2,0.5056575061970512,2.482648456008058,1.976990949811007
464,Sports and Recreation,2,0.5131976930029603,2.814909089113433,2.301711396110473
468,Sports and Recreation,2,0.7843383187442823,0.8041597430564906,0.019821424312208347
471,Sports and Recreation,2,0.756575042817853,7.3960274780617565,6.6394524352439035
477,Sports and Recreation,2,0.43350468009848364,0.46465055572814623,0.03114587562966259
479,Sports and Recreation,2,0.5223853230798555,1.3491824527267344,0.8267971296468789
480,Sports and Recreation,2,0.4220479931769628,1.7513935860007417,1.329345592823779
482,Sports and Recreation,2,0.6054250260076859,3.6844757756235658,3.07905074961588
493,Sports and Recreation,2,0.5383287745280452,1.9750987166386254,1.4367699421105802
497,Sports and Recreation,2,0.7764748897264313,1.0681797172481662,0.2917048275217349
505,Sports and Recreation,2,0.35838476773686945,0.6953388675733138,0.3369540998364443
506,Sports and Recreation,2,0.3775675147630243,0.5321178942457456,0.15455037948272132
513,Sports and Recreation,2,0.31326017824568686,0.6422111926339956,0.32895101438830876
514,Sports and Recreation,2,0.3775226119781637,4.583573890930448,4.206051278952284
519,Sports and Recreation,2,0.4300349124577947,4.692949574601744,4.262914662143949
523,Sports and Recreation,2,0.263578111484447,0.9542778324199823,0.6906997209355353
529,Sports and Recreation,2,0.44946123473929755,0.4314182962300126,-0.018042938509284956
550,Sports and Recreation,2,0.4867518820149106,0.5433936688762117,0.05664178686130106
555,Sports and Recreation,2,1.1457728420426743,1.1171040633254783,-0.028668778717195975
558,Sports and Recreation,2,0.47816303077432676,2.2719861737329943,1.7938231429586675
560,Sports and Recreation,2,0.7905179015686783,2.7183959168094587,1.9278780152407804
586,Sports and Recreation,2,1.1914388669563012,1.1646145887081163,-0.026824278248184896
589,Sports and Recreation,2,0.47393578961288285,1.9119247296397825,1.4379889400268997
591,Sports and Recreation,2,0.4141624738314043,3.4848217469617992,3.0706592731303948
595,Sports and Recreation,2,0.4026848504341236,4.406599392637328,4.003914542203204
596,Sports and Recreation,2,0.26368994929229467,0.30198998151015277,0.038300032217858104
600,Sports and Recreation,2,0.5087829896425231,2.509772407084409,2.000989417441886
601,Sports and Recreation,2,0.5402514340631764,0.5617019290810321,0.021450495017855675
605,Sports and Recreation,2,0.8774144059485867,0.8710940075343154,-0.006320398414271233
609,Sports and Recreation,2,0.42756649651470224,4.002158172433277,3.5745916759185747
611,Sports and Recreation,2,0.5539851371927755,0.9310853299026665,0.3771001927098909
614,Sports and Recreation,2,0.6757398030227268,1.0768367273867452,0.40109692436401834
615,Sports and Recreation,2,0.629544815450045,4.237937740859742,3.608392925409697
625,Sports and Recreation,2,0.32360108907681434,0.3860941420806149,0.062493053003800536
629,Sports and Recreation,2,0.5095447622437395,3.8265242622710165,3.3169795000272773
633,Sports and Recreation,2,0.5172638500663952,0.45925364751232933,-0.05801020255406586
634,Sports and Recreation,2,0.4492693314339499,8.91076211853677,8.46149278710282
635,Sports and Recreation,2,0.4017599983968289,4.195715906199583,3.793955907802754
642,Sports and Recreation,2,0.6557753438871625,0.517526638619289,-0.13824870526787347
643,Sports and Recreation,2,0.263578111484447,0.9542778324199823,0.6906997209355353
648,Sports and Recreation,2,0.5648609850645366,6.739827819864647,6.17496683480011
649,Sports and Recreation,2,0.4644423025487643,0.9783630864691161,0.5139207839203518
657,Sports and Recreation,2,0.6752696318479203,0.5728629220655642,-0.10240670978235611
658,Sports and Recreation,2,0.445469087768409,1.8160512684947159,1.370582180726307
661,Sports and Recreation,2,0.5663133182291341,0.5672500561683287,0.0009367379391945763
674,Sports and Recreation,2,0.6542174976218843,0.7307575027195774,0.0765400050976931
676,Sports and Recreation,2,0.8239976934643893,1.2375381010616129,0.41354040759722355
683,Sports and Recreation,2,0.9130896289158621,1.0027569094271023,0.08966728051124018
691,Sports and Recreation,2,0.9527066970921333,3.334243807255099,2.3815371101629657
694,Sports and Recreation,2,0.4141195664705237,0.5102717421999756,0.0961521757294519
707,Sports and Recreation,2,1.117351451935725,1.7485611594387938,0.6312097075030687
717,Sports and Recreation,2,0.40097275858010006,0.7923712739294277,0.3913985153493277
720,Sports and Recreation,2,0.616499970888409,3.7158057720055395,3.0993058011171306
722,Sports and Recreation,2,0.4103673806300513,0.6516331226225012,0.24126574199244988
726,Sports and Recreation,2,0.2841750861325322,1.1209197449833184,0.8367446588507862
729,Sports and Recreation,2,0.7786296412503119,1.6239477441304666,0.8453181028801547
733,Sports and Recreation,2,0.49236763793085403,2.5905803464600314,2.0982127085291773
734,Sports and Recreation,2,0.44048444330956216,0.684522884665304,0.24403844135574182
737,Sports and Recreation,2,0.7525693634633196,1.0374262184109364,0.2848568549476168
740,Sports and Recreation,2,0.5113707888192952,1.01217953219211,0.5008087433728149
744,Sports and Recreation,2,0.8253259631446959,4.545386693397921,3.720060730253225
755,Sports and Recreation,2,0.4603830118871376,0.45097927268414584,-0.009403739202991757
765,Sports and Recreation,2,0.5068830441554948,1.4868268547440233,0.9799438105885285
769,Sports and Recreation,2,0.5212645718855649,0.6061766332924807,0.08491206140691587
773,Sports and Recreation,2,0.3320435187198499,0.40926436050033055,0.07722084178048066
778,Sports and Recreation,2,0.6554218808812509,3.147568375365819,2.492146494484568
779,Sports and Recreation,2,0.5689755601481166,0.7336040905865384,0.16462853043842185
784,Sports and Recreation,2,0.6042934569483418,0.639292479368497,0.03499902242015518
791,Sports and Recreation,2,0.7152257958685019,1.2039957102443544,0.4887699143758525
798,Sports and Recreation,2,0.433275122191346,1.8680270322739765,1.4347519100826305
799,Sports and Recreation,2,0.7241809906746701,4.5633341842189985,3.8391531935443286
801,Sports and Recreation,2,0.5828845954340711,4.214003346971788,3.6311187515377172
804,Sports and Recreation,2,0.6068029364682236,1.2194348238559876,0.612631887387764
805,Sports and Recreation,2,0.5974940363667397,5.727921283095053,5.130427246728313
816,Sports and Recreation,2,0.4895803256835798,0.544399264849212,0.054818939165632186
819,Sports and Recreation,2,0.47906820375192566,0.4897753708319941,0.010707167080068414
830,Sports and Recreation,2,0.6260242525070077,0.6102112230391337,-0.015813029467873996
832,Sports and Recreation,2,0.5486203415680252,0.5399457837875214,-0.008674557780503744
837,Sports and Recreation,2,0.33203475235614366,5.887884505359196,5.555849753003052
843,Sports and Recreation,2,0.8088741726881654,1.289788772634049,0.4809145999458835
848,Sports and Recreation,2,0.6553184793093014,0.8715843945990105,0.21626591528970907
859,Sports and Recreation,2,0.5474665467753812,0.39947268245218004,-0.14799386432320116
861,Sports and Recreation,2,0.562992379435994,1.7979072755232117,1.2349148960872176
864,Sports and Recreation,2,0.5700008200094904,1.5353000385568478,0.9652992185473575
866,Sports and Recreation,2,0.6454666636964601,0.6755659267042703,0.030099263007810184
875,Sports and Recreation,2,0.46557781610908966,0.5513582143822908,0.08578039827320116
878,Sports and Recreation,2,0.5677016916574498,1.3982125196625224,0.8305108280050726
879,Sports and Recreation,2,0.542117175291629,5.345959929234638,4.803842753943009
887,Sports and Recreation,2,0.3505586665306485,0.5296841447371881,0.17912547820653957
903,Sports and Recreation,2,0.9293425560873143,1.094208448014989,0.16486589192767465
907,Sports and Recreation,2,0.3284466644536497,0.2997272193829472,-0.028719445070702454
909,Sports and Recreation,2,0.5686744227279845,3.4919071330531564,2.9232327103251716
912,Sports and Recreation,2,0.41534754668702034,0.41793051521088187,0.0025829685238615285
915,Sports and Recreation,2,0.5241625310287054,0.5873018165062542,0.06313928547754888
920,Sports and Recreation,2,0.4528124627197494,3.9553190870819654,3.502506624362216
927,Sports and Recreation,2,0.7426750284069283,1.131549030786727,0.38887400237979874
929,Sports and Recreation,2,0.6694226501376556,5.788575096356471,5.119152446218815
930,Sports and Recreation,2,0.6769677985234646,3.108223337076086,2.4312555385526213
935,Sports and Recreation,2,0.6045581043222714,4.709981871259752,4.105423766937481
938,Sports and Recreation,2,0.24796527119881454,0.341409089984815,0.09344381878600047
941,Sports and Recreation,2,0.4508910047985322,1.0065952703360321,0.5557042655375
944,Sports and Recreation,2,0.6582379992931787,1.8470765717764581,1.1888385724832795
947,Sports and Recreation,2,0.28606489726220236,0.3453905438914096,0.05932564662920725
957,Sports and Recreation,2,0.4708744307845844,2.4695586266706164,1.998684195886032
963,Sports and Recreation,2,0.4111847251676259,0.6910912176340811,0.2799064924664552
978,Sports and Recreation,2,0.6168457606740543,6.652883701933297,6.036037941259243
979,Sports and Recreation,2,0.4669556319962321,0.6449642105074241,0.17800857851119206
980,Sports and Recreation,2,0.4675731916619667,0.849596428479365,0.3820232368173983
981,Sports and Recreation,2,0.5142334924816823,5.765392258973811,5.251158766492129
986,Sports and Recreation,2,0.5692298459836107,3.486104910571216,2.916875064587605
989,Sports and Recreation,2,0.38500927548019204,1.8315426741661605,1.4465333986859683
997,Sports and Recreation,2,0.8744777935673878,1.7058620773810476,0.8313842838136598
1000,Sports and Recreation,2,0.4763480298550971,7.161821751526789,6.685473721671692
1011,Sports and Recreation,2,0.5749666661837433,1.8442298334786835,1.2692631672949402
1013,Sports and Recreation,2,1.1525400287363974,1.0791566256064729,-0.07338340312992453
1016,Sports and Recreation,2,0.46635172263716484,0.8088437789663137,0.3424920563291488
1018,Sports and Recreation,2,0.45475672878620815,3.5923183398482355,3.1375616110620275
1024,Sports and Recreation,2,0.7419393684398315,0.9026945157398065,0.16075514729997498
1027,Sports and Recreation,2,0.778237300470336,1.2897546144473662,0.5115173139770302
1033,Sports and Recreation,2,0.889766751778323,1.2078898403898242,0.3181230886115012
1037,Sports and Recreation,2,0.5110298760276417,0.7110214517276642,0.19999157570002246
1041,Sports and Recreation,2,0.40325565506596966,2.204264282439234,1.8010086273732644
1042,Sports and Recreation,2,0.41545489665313284,0.5230135802815199,0.10755868362838705
1061,Sports and Recreation,2,0.41733524288606494,0.47483104413131005,0.057495801245245115
1065,Sports and Recreation,2,0.41347817209254056,1.5841881402946083,1.1707099682020679
1067,Sports and Recreation,2,0.7714005237449574,0.9261238909426608,0.1547233671977034
1079,Sports and Recreation,2,0.4007406179302483,0.7056557542165086,0.3049151362862603
1087,Sports and Recreation,2,0.6185222704091229,0.701607428139077,0.08308515772995406
1092,Sports and Recreation,2,0.4463040914084397,0.4692282457573775,0.022924154348937797
1094,Sports and Recreation,2,0.7783765403850518,0.9679286277727488,0.18955208738769702
1108,Sports and Recreation,2,0.3667070005855422,0.6321342751359645,0.26542727455042237
1114,Sports and Recreation,2,0.5676444739499075,0.6145318289543361,0.046887355004428644
1117,Sports and Recreation,2,0.5130516294889842,6.873548312896174,6.36049668340719
1118,Sports and Recreation,2,0.5086831405152217,0.6003973501594362,0.0917142096442145
1120,Sports and Recreation,2,0.5100135500852314,4.845584277385624,4.335570727300393
1124,Sports and Recreation,2,0.5340807040139202,0.5607842554281512,0.026703551414231086
1126,Sports and Recreation,2,0.48617726888724555,8.433195457015309,7.947018188128063
1134,Sports and Recreation,2,0.4988872259378798,5.512866161101132,5.013978935163252
1136,Sports and Recreation,2,0.7778328189646859,1.1694297111597765,0.39159689219509053
1138,Sports and Recreation,2,0.6910962545080591,0.6003968590364448,-0.09069939547161432
1146,Sports and Recreation,2,0.4488445423904279,4.381813791169183,3.932969248778755
1150,Sports and Recreation,2,0.5156376308687692,0.5886127448637134,0.07297511399494416
1159,Sports and Recreation,2,0.6017471038751707,0.7932543622662906,0.19150725839111993
1161,Sports and Recreation,2,0.29419077903100826,2.330364619219838,2.03617384018883
1164,Sports and Recreation,2,0.3725860766119103,0.5775722207970315,0.20498614418512123
1169,Sports and Recreation,2,0.6008491702906289,0.5977369598167921,-0.0031122104738368073
1184,Sports and Recreation,2,0.5967708989218855,0.7681944581331746,0.17142355921128904
1185,Sports and Recreation,2,0.41547670646296603,0.727761023579446,0.31228431711648
1186,Sports and Recreation,2,0.47261995073417906,9.531144602117141,9.058524651382962
1187,Sports and Recreation,2,0.6730728344771735,1.878978920775692,1.2059060862985185
1192,Sports and Recreation,2,0.44818933881618983,0.6331827295842156,0.1849933907680258
1197,Sports and Recreation,2,0.516451854000405,1.2180044058900779,0.7015525518896728
1208,Sports and Recreation,2,0.5805384769609877,3.4643457191388918,2.883807242177904
1214,Sports and Recreation,2,0.6263837302578465,0.6589274448757141,0.032543714617867536
1218,Sports and Recreation,2,0.8293432835269775,1.194213854619473,0.36487057109249543
1221,Sports and Recreation,2,0.7155131697051375,0.728665241592108,0.01315207188697054
1224,Sports and Recreation,2,1.1975274232188764,0.7661626842751839,-0.43136473894369254
1228,Sports and Recreation,2,0.5028814308830878,0.5442548234589942,0.04137339257590644
1232,Sports and Recreation,2,0.5543934824587714,1.651893035265207,1.0974995528064357
2,Sports and Recreation,3,0.4767638162316865,2.218942699480301,1.7421788832486145
5,Sports and Recreation,3,0.4332332014173959,4.954728488033687,4.5214952866162905
12,Sports and Recreation,3,0.519302399997308,0.5739299863273801,0.05462758633007214
21,Sports and Recreation,3,2.595639005986566,2.7635809595320726,0.16794195354550645
25,Sports and Recreation,3,0.38885050116016134,4.049968962291253,3.661118461131091
36,Sports and Recreation,3,0.3761953947991983,1.8284423236625735,1.4522469288633753
37,Sports and Recreation,3,0.4958668704485165,0.5468500884436904,0.05098321799517391
49,Sports and Recreation,3,0.5421964118071112,3.12685900909105,2.584662597283939
53,Sports and Recreation,3,0.3266028490144008,0.33162135036006246,0.0050185013456616745
56,Sports and Recreation,3,0.2940677131245064,0.36680121856997827,0.07273350544547186
64,Sports and Recreation,3,1.0933877965290209,0.9623355621083032,-0.13105223442071767
67,Sports and Recreation,3,0.8966722106954357,1.323416907069162,0.42674469637372625
69,Sports and Recreation,3,0.5331252816258939,8.11100071409044,7.5778754324645465
72,Sports and Recreation,3,0.3532408006349333,0.4290817529470121,0.07584095231207882
74,Sports and Recreation,3,0.5089446046163831,2.677557435982388,2.168612831366005
77,Sports and Recreation,3,0.4000605076331013,0.3139375740688424,-0.08612293356425893
84,Sports and Recreation,3,0.4536921758764068,1.5242306607970288,1.070538484920622
90,Sports and Recreation,3,0.5430741396180734,3.078931236793833,2.5358570971757595
97,Sports and Recreation,3,0.5697050699965832,1.5596690439456813,0.9899639739490981
98,Sports and Recreation,3,0.4708658338992647,0.46174551438582745,-0.009120319513437225
99,Sports and Recreation,3,0.3357802787781508,1.0903323725071432,0.7545520937289925
109,Sports and Recreation,3,0.5960995299048867,0.5824841442577059,-0.013615385647180789
111,Sports and Recreation,3,0.5586523716002444,4.435337973513164,3.8766856019129197
117,Sports and Recreation,3,0.32631611456089626,0.386356129663597,0.06004001510270074
118,Sports and Recreation,3,0.33259677380626296,0.3757813923319743,0.043184618525711316
120,Sports and Recreation,3,0.4127254767146181,0.5991357699759519,0.18641029326133374
124,Sports and Recreation,3,0.42974198261393787,0.7260039229957882,0.29626194038185033
126,Sports and Recreation,3,0.45844246542620126,1.884854980268717,1.4264125148425157
130,Sports and Recreation,3,0.5233879244525205,3.353266130568103,2.8298782061155827
144,Sports and Recreation,3,0.4512602421254125,0.7757403923962656,0.3244801502708531
149,Sports and Recreation,3,0.5238566978598095,4.384821137780696,3.8609644399208864
150,Sports and Recreation,3,0.504103936695667,0.4851560366888683,-0.01894790000679869
160,Sports and Recreation,3,0.5456833508181954,0.7213008649049664,0.17561751408677095
164,Sports and Recreation,3,0.3345894370061063,0.3652002541027603,0.030610817096653975
166,Sports and Recreation,3,0.2996998282689129,0.8362889355874972,0.5365891073185842
173,Sports and Recreation,3,0.5775251385776741,2.974134049636015,2.3966089110583413
186,Sports and Recreation,3,0.4797996276759682,0.5244792551101521,0.044679627434183966
189,Sports and Recreation,3,0.3573433728503198,4.386433205245578,4.029089832395258
199,Sports and Recreation,3,1.0982004559589997,1.8345267423415939,0.7363262863825941
206,Sports and Recreation,3,0.38449508015201284,1.5271043895796605,1.1426093094276477
208,Sports and Recreation,3,1.2667283088067145,1.279385364138654,0.012657055331939393
209,Sports and Recreation,3,0.511249846093341,2.1856083589251973,1.6743585128318563
212,Sports and Recreation,3,0.5084226545669722,0.5606238430354286,0.05220118846845634
213,Sports and Recreation,3,0.4619594275007839,1.1925909645580974,0.7306315370573135
220,Sports and Recreation,3,1.0670825295591375,5.178958115032994,4.111875585473857
223,Sports and Recreation,3,1.376369308667773,1.4795616116414019,0.1031923029736288
234,Sports and Recreation,3,0.6109962161755625,8.052947854559322,7.44195163838376
237,Sports and Recreation,3,0.7716145256582242,1.0178175349518914,0.24620300929366723
244,Sports and Recreation,3,0.4795941124402018,2.4446454669942796,1.965051354554078
245,Sports and Recreation,3,0.4338005240826789,2.046700791368096,1.6129002672854171
251,Sports and Recreation,3,1.3919913307989944,9.011554112097663,7.619562781298669
253,Sports and Recreation,3,0.6711398021568339,7.097328214377335,6.426188412220501
258,Sports and Recreation,3,0.5676310871122393,7.185961481258785,6.618330394146545
264,Sports and Recreation,3,0.6508587521694869,2.8820203214445366,2.2311615692750495
268,Sports and Recreation,3,0.524166100877322,0.57650852592928,0.052342425051958075
269,Sports and Recreation,3,0.38947238311848004,4.113656030240867,3.7241836471223873
270,Sports and Recreation,3,0.5940037064727022,4.008778944366925,3.414775237894222
273,Sports and Recreation,3,0.44414241045959413,1.9052821329945742,1.46113972253498
274,Sports and Recreation,3,0.5541561793696301,2.258462073702277,1.7043058943326468
280,Sports and Recreation,3,0.9608296196759533,1.4414288806826108,0.4805992610066575
283,Sports and Recreation,3,0.4085393596572059,4.587361955639868,4.178822595982663
292,Sports and Recreation,3,0.9926225073652812,5.775839754009441,4.78321724664416
325,Sports and Recreation,3,0.2979073001088789,0.6137113595038199,0.31580405939494105
329,Sports and Recreation,3,0.8776896043896696,0.7731559569138229,-0.1045336474758467
330,Sports and Recreation,3,0.9434044911805204,0.7430086950414141,-0.2003957961391063
335,Sports and Recreation,3,0.5269845760774727,0.8945572666239554,0.36757269054648267
337,Sports and Recreation,3,0.5534634059139114,0.6783580502490317,0.12489464433512032
340,Sports and Recreation,3,0.44814590440790686,0.5592651629353079,0.11111925852740107
345,Sports and Recreation,3,0.37249690638732413,4.758217367054006,4.385720460666682
356,Sports and Recreation,3,0.6551812735953949,3.9479902200526342,3.292808946457239
360,Sports and Recreation,3,0.47473849016499564,0.5041294633064801,0.029390973141484478
363,Sports and Recreation,3,0.4876841691180254,0.4983490696175037,0.01066490049947827
364,Sports and Recreation,3,0.37388400319876625,0.34440692726948796,-0.029477075929278285
366,Sports and Recreation,3,0.6859987770821558,1.2494380214059797,0.5634392443238239
369,Sports and Recreation,3,0.6851792041155396,1.5807224199117318,0.8955432157961922
373,Sports and Recreation,3,0.3127344378635649,0.6905212326635723,0.37778679480000743
382,Sports and Recreation,3,0.451171357683856,0.4832594470736734,0.03208808938981739
396,Sports and Recreation,3,0.616698610768044,0.6154854296903375,-0.0012131810777065155
400,Sports and Recreation,3,0.5055983233897835,0.6071724353369257,0.10157411194714216
420,Sports and Recreation,3,0.5041185841000033,0.6092259921688701,0.10510740806886676
425,Sports and Recreation,3,0.38138878008470234,1.0054479461325756,0.6240591660478733
427,Sports and Recreation,3,0.37989391268154016,0.4176040292576201,0.03771011657607992
428,Sports and Recreation,3,1.1772950666091373,0.9429959623686857,-0.23429910424045164
432,Sports and Recreation,3,1.1177156269885642,1.1648240679679351,0.04710844097937095
433,Sports and Recreation,3,0.6546724598878622,1.2510512315326991,0.596378771644837
445,Sports and Recreation,3,0.45467735788265645,0.7752787665786098,0.3206014086959534
446,Sports and Recreation,3,0.3691264084076766,0.9348699437613849,0.5657435353537084
450,Sports and Recreation,3,0.47657222252705994,0.6260921466506709,0.14951992412361098
462,Sports and Recreation,3,0.5056575061970512,2.9267718546370953,2.421114348440044
464,Sports and Recreation,3,0.5131976930029603,3.221004539312608,2.707806846309648
468,Sports and Recreation,3,0.7843383187442823,0.813051815154335,0.02871349641005272
471,Sports and Recreation,3,0.756575042817853,7.2837928111377845,6.5272177683199315
477,Sports and Recreation,3,0.43350468009848364,0.40132936384778195,-0.03217531625070169
479,Sports and Recreation,3,0.5223853230798555,1.6194536915138942,1.0970683684340385
480,Sports and Recreation,3,0.4220479931769628,2.030302378269825,1.6082543850928623
482,Sports and Recreation,3,0.6054250260076859,3.9542969334981057,3.3488719074904196
493,Sports and Recreation,3,0.5383287745280452,2.6131424746552514,2.0748137001272062
497,Sports and Recreation,3,0.7764748897264313,1.1606565325459224,0.3841816428194911
505,Sports and Recreation,3,0.35838476773686945,0.8239285683546388,0.46554380061776934
506,Sports and Recreation,3,0.3775675147630243,0.4624187667525175,0.08485125198949317
513,Sports and Recreation,3,0.31326017824568686,0.2764109227326974,-0.036849255512989454
514,Sports and Recreation,3,0.3775226119781637,4.483455162503663,4.105932550525499
519,Sports and Recreation,3,0.4300349124577947,4.704159528977209,4.274124616519415
523,Sports and Recreation,3,0.263578111484447,1.4950434861864488,1.231465374702002
529,Sports and Recreation,3,0.44946123473929755,0.3747448951780782,-0.07471633956121937
550,Sports and Recreation,3,0.4867518820149106,1.5571463282283786,1.070394446213468
555,Sports and Recreation,3,1.1457728420426743,1.059406322329154,-0.08636651971352016
558,Sports and Recreation,3,0.47816303077432676,2.52936534846895,2.0512023176946235
560,Sports and Recreation,3,0.7905179015686783,2.9562007522535754,2.165682850684897
586,Sports and Recreation,3,1.1914388669563012,1.1130111708887793,-0.07842769606752187
589,Sports and Recreation,3,0.47393578961288285,2.0398466441922602,1.5659108545793774
591,Sports and Recreation,3,0.4141624738314043,3.903811601433329,3.4896491276019246
595,Sports and Recreation,3,0.4026848504341236,4.549476416938775,4.1467915665046515
596,Sports and Recreation,3,0.26368994929229467,0.2830750939605102,0.01938514466821556
600,Sports and Recreation,3,0.5087829896425231,2.9882522048689903,2.4794692152264672
601,Sports and Recreation,3,0.5402514340631764,0.5572190024460714,0.016967568382894926
605,Sports and Recreation,3,0.8774144059485867,0.8546266510107516,-0.022787754937835025
609,Sports and Recreation,3,0.42756649651470224,4.141191355462679,3.7136248589479766
611,Sports and Recreation,3,0.5539851371927755,1.167598062184907,0.6136129249921314
614,Sports and Recreation,3,0.6757398030227268,1.363360980126557,0.6876211771038301
615,Sports and Recreation,3,0.629544815450045,4.360919522341343,3.7313747068912977
625,Sports and Recreation,3,0.32360108907681434,0.3865110590942938,0.06290997001747944
629,Sports and Recreation,3,0.5095447622437395,3.6193507786722616,3.1098060164285224
633,Sports and Recreation,3,0.5172638500663952,0.6694096531532028,0.15214580308680759
634,Sports and Recreation,3,0.4492693314339499,8.902187724830311,8.452918393396361
635,Sports and Recreation,3,0.4017599983968289,4.284733344138043,3.8829733457412137
642,Sports and Recreation,3,0.6557753438871625,6.359421932708101,5.703646588820939
643,Sports and Recreation,3,0.263578111484447,1.4950434861864488,1.231465374702002
648,Sports and Recreation,3,0.5648609850645366,6.694614895757985,6.129753910693448
649,Sports and Recreation,3,0.4644423025487643,0.990240906962438,0.5257986044136738
657,Sports and Recreation,3,0.6752696318479203,0.6665539494700938,-0.008715682377826495
658,Sports and Recreation,3,0.445469087768409,2.007497695481214,1.5620286077128047
661,Sports and Recreation,3,0.5663133182291341,0.557115907792038,-0.009197410437096099
674,Sports and Recreation,3,0.6542174976218843,0.8972291765320289,0.24301167891014464
676,Sports and Recreation,3,0.8239976934643893,1.327474683652626,0.5034769901882368
683,Sports and Recreation,3,0.9130896289158621,1.0131542783826335,0.1000646494667714
691,Sports and Recreation,3,0.9527066970921333,4.412530190377556,3.4598234932854224
694,Sports and Recreation,3,0.4141195664705237,0.4770367597410873,0.06291719327056355
707,Sports and Recreation,3,1.117351451935725,1.850791287859698,0.7334398359239729
717,Sports and Recreation,3,0.40097275858010006,0.8651113540073014,0.4641385954272014
720,Sports and Recreation,3,0.616499970888409,4.437286453031742,3.8207864821433333
722,Sports and Recreation,3,0.4103673806300513,5.404066584752774,4.993699204122723
726,Sports and Recreation,3,0.2841750861325322,1.6873690748008463,1.4031939886683142
729,Sports and Recreation,3,0.7786296412503119,1.8022305641789693,1.0236009229286576
733,Sports and Recreation,3,0.49236763793085403,3.5180913480818927,3.0257237101510386
734,Sports and Recreation,3,0.44048444330956216,6.5302896422966175,6.089805198987055
737,Sports and Recreation,3,0.7525693634633196,9.269519233944731,8.516949870481412
740,Sports and Recreation,3,0.5113707888192952,1.3068889966611579,0.7955182078418627
744,Sports and Recreation,3,0.8253259631446959,4.701147491664997,3.8758215285203015
755,Sports and Recreation,3,0.4603830118871376,3.417993591946117,2.9576105800589794
765,Sports and Recreation,3,0.5068830441554948,1.6077312621257485,1.1008482179702537
769,Sports and Recreation,3,0.5212645718855649,0.6756900844481291,0.1544255125625642
773,Sports and Recreation,3,0.3320435187198499,0.5298074562121637,0.19776393749231386
778,Sports and Recreation,3,0.6554218808812509,3.3885171450226075,2.7330952641413564
779,Sports and Recreation,3,0.5689755601481166,0.7697374204054162,0.20076186025729958
784,Sports and Recreation,3,0.6042934569483418,4.181772666609939,3.5774792096615977
791,Sports and Recreation,3,0.7152257958685019,4.186636752431699,3.471410956563197
798,Sports and Recreation,3,0.433275122191346,1.963602736349165,1.530327614157819
799,Sports and Recreation,3,0.7241809906746701,4.46282988662789,3.7386488959532205
801,Sports and Recreation,3,0.5828845954340711,4.274896240930096,3.6920116454960255
804,Sports and Recreation,3,0.6068029364682236,1.4715258198895922,0.8647228834213686
805,Sports and Recreation,3,0.5974940363667397,7.851635844991755,7.254141808625015
816,Sports and Recreation,3,0.4895803256835798,0.5502546502552438,0.060674324571663996
819,Sports and Recreation,3,0.47906820375192566,0.494751276748799,0.015683072996873326
830,Sports and Recreation,3,0.6260242525070077,2.6557499120261716,2.0297256595191637
832,Sports and Recreation,3,0.5486203415680252,0.5471110129613144,-0.0015093286067108247
837,Sports and Recreation,3,0.33203475235614366,6.2794634030376955,5.947428650681552
843,Sports and Recreation,3,0.8088741726881654,1.4666783254919937,0.6578041528038283
848,Sports and Recreation,3,0.6553184793093014,1.0336233958854675,0.37830491657616605
859,Sports and Recreation,3,0.5474665467753812,0.35350838694115094,-0.19395815983423026
861,Sports and Recreation,3,0.562992379435994,2.12919964653784,1.5662072671018459
864,Sports and Recreation,3,0.5700008200094904,1.7762281959858781,1.2062273759763877
866,Sports and Recreation,3,0.6454666636964601,0.8594129473136658,0.2139462836172057
875,Sports and Recreation,3,0.46557781610908966,0.46513757597336375,-0.00044024013572591114
878,Sports and Recreation,3,0.5677016916574498,1.5363522198698503,0.9686505282124005
879,Sports and Recreation,3,0.542117175291629,7.143964241341525,6.601847066049896
887,Sports and Recreation,3,0.3505586665306485,5.081562798157964,4.731004131627315
903,Sports and Recreation,3,0.9293425560873143,1.1027994559310899,0.17345689984377555
907,Sports and Recreation,3,0.3284466644536497,0.3287695887841808,0.0003229243305311047
909,Sports and Recreation,3,0.5686744227279845,4.832785845816973,4.2641114230889885
912,Sports and Recreation,3,0.41534754668702034,0.8840478103563396,0.4687002636693193
915,Sports and Recreation,3,0.5241625310287054,0.5911791498039549,0.06701661877524956
920,Sports and Recreation,3,0.4528124627197494,3.88299272820975,3.4301802654900007
927,Sports and Recreation,3,0.7426750284069283,6.414449748163134,5.671774719756206
929,Sports and Recreation,3,0.6694226501376556,6.010802747311727,5.3413800971740715
930,Sports and Recreation,3,0.6769677985234646,3.315900913686871,2.6389331151634066
935,Sports and Recreation,3,0.6045581043222714,6.73828932733441,6.133731223012139
938,Sports and Recreation,3,0.24796527119881454,0.49281831065887,0.24485303946005546
941,Sports and Recreation,3,0.4508910047985322,1.5574905128501828,1.1065995080516506
944,Sports and Recreation,3,0.6582379992931787,5.822878263881819,5.16464026458864
947,Sports and Recreation,3,0.28606489726220236,0.4110043627846233,0.12493946552242097
957,Sports and Recreation,3,0.4708744307845844,4.219780871899747,3.748906441115163
963,Sports and Recreation,3,0.4111847251676259,1.4205141100161705,1.0093293848485445
978,Sports and Recreation,3,0.6168457606740543,6.695214568732888,6.078368808058834
979,Sports and Recreation,3,0.4669556319962321,0.6169780003757315,0.1500223683794994
980,Sports and Recreation,3,0.4675731916619667,0.4993121719219641,0.031738980259997385
981,Sports and Recreation,3,0.5142334924816823,5.850084445101917,5.335850952620235
986,Sports and Recreation,3,0.5692298459836107,3.4052756402344286,2.836045794250818
989,Sports and Recreation,3,0.38500927548019204,2.468438775175459,2.0834294996952667
997,Sports and Recreation,3,0.8744777935673878,1.7795262940707515,0.9050485005033637
1000,Sports and Recreation,3,0.4763480298550971,8.57843522069976,8.102087190844662
1011,Sports and Recreation,3,0.5749666661837433,2.2648156312248986,1.6898489650411554
1013,Sports and Recreation,3,1.1525400287363974,1.0246435070932471,-0.12789652164315024
1016,Sports and Recreation,3,0.46635172263716484,2.0076830477873475,1.5413313251501828
1018,Sports and Recreation,3,0.45475672878620815,3.721753563866532,3.2669968350803242
1024,Sports and Recreation,3,0.7419393684398315,5.915587064440873,5.173647696001041
1027,Sports and Recreation,3,0.778237300470336,1.3589253564355137,0.5806880559651777
1033,Sports and Recreation,3,0.889766751778323,1.3894582968811269,0.4996915451028039
1037,Sports and Recreation,3,0.5110298760276417,0.812237456913108,0.3012075808854663
1041,Sports and Recreation,3,0.40325565506596966,2.912963550065596,2.5097078949996265
1042,Sports and Recreation,3,0.41545489665313284,3.559464085059741,3.144009188406608
1061,Sports and Recreation,3,0.41733524288606494,0.5731058233898676,0.15577058050380266
1065,Sports and Recreation,3,0.41347817209254056,1.8086196718253311,1.3951414997327904
1067,Sports and Recreation,3,0.7714005237449574,1.0011013492267522,0.22970082548179482
1079,Sports and Recreation,3,0.4007406179302483,1.2959340045954477,0.8951933866651994
1087,Sports and Recreation,3,0.6185222704091229,0.8408736607186235,0.22235139030950057
1092,Sports and Recreation,3,0.4463040914084397,0.7445145985646512,0.2982105071562115
1094,Sports and Recreation,3,0.7783765403850518,2.888131643229229,2.1097551028441774
1108,Sports and Recreation,3,0.3667070005855422,0.6641562142432511,0.29744921365770893
1114,Sports and Recreation,3,0.5676444739499075,0.6367017737969916,0.06905729984708409
1117,Sports and Recreation,3,0.5130516294889842,6.815156942003876,6.302105312514891
1118,Sports and Recreation,3,0.5086831405152217,0.6133975292580001,0.10471438874277839
1120,Sports and Recreation,3,0.5100135500852314,4.74177294337486,4.231759393289629
1124,Sports and Recreation,3,0.5340807040139202,1.2245248818351409,0.6904441778212207
1126,Sports and Recreation,3,0.48617726888724555,8.957805360868981,8.471628091981735
1134,Sports and Recreation,3,0.4988872259378798,7.349899004978161,6.851011779040281
1136,Sports and Recreation,3,0.7778328189646859,1.3469227076327304,0.5690898886680444
1138,Sports and Recreation,3,0.6910962545080591,0.55599709632109,-0.13509915818696916
1146,Sports and Recreation,3,0.4488445423904279,4.62380992960607,4.174965387215642
1150,Sports and Recreation,3,0.5156376308687692,0.8253827511089384,0.3097451202401692
1159,Sports and Recreation,3,0.6017471038751707,3.2511397780401037,2.649392674164933
1161,Sports and Recreation,3,0.29419077903100826,2.4362361222949964,2.1420453432639883
1164,Sports and Recreation,3,0.3725860766119103,1.0361634613260988,0.6635773847141886
1169,Sports and Recreation,3,0.6008491702906289,1.0009351350147733,0.40008596472414437
1184,Sports and Recreation,3,0.5967708989218855,3.269749101878854,2.672978202956968
1185,Sports and Recreation,3,0.41547670646296603,0.832253262226865,0.416776555763899
1186,Sports and Recreation,3,0.47261995073417906,9.395007716892689,8.92238776615851
1187,Sports and Recreation,3,0.6730728344771735,2.0660251752842687,1.3929523408070952
1192,Sports and Recreation,3,0.44818933881618983,0.8459782654029615,0.3977889265867717
1197,Sports and Recreation,3,0.516451854000405,1.7385080207318109,1.2220561667314058
1208,Sports and Recreation,3,0.5805384769609877,3.708589609313081,3.128051132352093
1214,Sports and Recreation,3,0.6263837302578465,0.6278297445765184,0.0014460143186718621
1218,Sports and Recreation,3,0.8293432835269775,1.2652166946847245,0.435873411157747
1221,Sports and Recreation,3,0.7155131697051375,0.6742395270615001,-0.04127364264363731
1224,Sports and Recreation,3,1.1975274232188764,7.921597780546062,6.724070357327186
1228,Sports and Recreation,3,0.5028814308830878,0.5260682008067743,0.023186769923686512
1232,Sports and Recreation,3,0.5543934824587714,1.0093974498367637,0.4550039673779923
2,UNIFORM,1,0.4767638162316865,0.5358307854798796,0.0590669692481931
5,UNIFORM,1,0.4332332014173959,0.45685662231622454,0.02362342089882863
12,UNIFORM,1,0.519302399997308,0.4990101272482074,-0.02029227274910056
21,UNIFORM,1,2.595639005986566,2.5996513951423674,0.004012389155801266
25,UNIFORM,1,0.38885050116016134,0.3893390365432885,0.0004885353831271533
36,UNIFORM,1,0.3761953947991983,0.42482472017707174,0.048629325377873456
37,UNIFORM,1,0.4958668704485165,0.5132540977537292,0.017387227305212694
49,UNIFORM,1,0.5421964118071112,0.5194657331389728,-0.022730678668138382
53,UNIFORM,1,0.3266028490144008,0.312366346943902,-0.014236502070498813
56,UNIFORM,1,0.2940677131245064,0.3108586870275079,0.016790973903001494
64,UNIFORM,1,1.0933877965290209,1.1056215545735717,0.012233758044550846
67,UNIFORM,1,0.8966722106954357,0.9053216955444712,0.008649484849035494
69,UNIFORM,1,0.5331252816258939,0.5498568801330618,0.016731598507167877
72,UNIFORM,1,0.3532408006349333,0.3462710699723138,-0.006969730662619467
74,UNIFORM,1,0.5089446046163831,0.5769277657280324,0.06798316111164926
77,UNIFORM,1,0.4000605076331013,0.4694581321203396,0.0693976244872383
84,UNIFORM,1,0.4536921758764068,0.45532632946761004,0.0016341535912032246
90,UNIFORM,1,0.5430741396180734,0.6007101468163776,0.057636007198304195
97,UNIFORM,1,0.5697050699965832,0.5747460145714716,0.005040944574888351
98,UNIFORM,1,0.4708658338992647,0.5097846613841749,0.03891882748491021
99,UNIFORM,1,0.3357802787781508,0.34328054799377633,0.007500269215625521
109,UNIFORM,1,0.5960995299048867,0.5991841450698248,0.003084615164938076
111,UNIFORM,1,0.5586523716002444,0.5590015175801915,0.0003491459799470631
117,UNIFORM,1,0.32631611456089626,0.3452301655770443,0.018914051016148015
118,UNIFORM,1,0.33259677380626296,0.37587139001959186,0.0432746162133289
120,UNIFORM,1,0.4127254767146181,0.4091336783084917,-0.003591798406126445
124,UNIFORM,1,0.42974198261393787,0.4192688718984327,-0.010473110715505163
126,UNIFORM,1,0.45844246542620126,0.5123846824307945,0.05394221700459323
130,UNIFORM,1,0.5233879244525205,0.44512594814761075,-0.07826197630490972
144,UNIFORM,1,0.4512602421254125,0.49787664645325463,0.04661640432784214
149,UNIFORM,1,0.5238566978598095,0.6332762555001435,0.10941955764033406
150,UNIFORM,1,0.504103936695667,0.5070746208450108,0.002970684149343761
160,UNIFORM,1,0.5456833508181954,0.5526047914899176,0.006921440671722179
164,UNIFORM,1,0.3345894370061063,0.3291419830397616,-0.0054474539663447175
166,UNIFORM,1,0.2996998282689129,0.31568831549844933,0.01598848722953644
173,UNIFORM,1,0.5775251385776741,0.5770803008609,-0.00044483771677406025
186,UNIFORM,1,0.4797996276759682,0.5607653107239642,0.080965683047996
189,UNIFORM,1,0.3573433728503198,0.38649251579751653,0.029149142947196727
199,UNIFORM,1,1.0982004559589997,1.0930948916773326,-0.005105564281667085
206,UNIFORM,1,0.38449508015201284,0.6589382410372941,0.2744431608852813
208,UNIFORM,1,1.2667283088067145,1.262385466963142,-0.004342841843572476
209,UNIFORM,1,0.511249846093341,1.18909418648368,0.6778443403903389
212,UNIFORM,1,0.5084226545669722,0.4359557681357062,-0.07246688643126603
213,UNIFORM,1,0.4619594275007839,0.5496809995303882,0.08772157202960429
220,UNIFORM,1,1.0670825295591375,0.9134130299377926,-0.1536694996213449
223,UNIFORM,1,1.376369308667773,1.6069685745277746,0.23059926586000157
234,UNIFORM,1,0.6109962161755625,0.7758720094248805,0.164875793249318
237,UNIFORM,1,0.7716145256582242,0.8103262514745193,0.03871172581629512
244,UNIFORM,1,0.4795941124402018,0.5601950718446276,0.0806009594044258
245,UNIFORM,1,0.4338005240826789,0.6425657751469683,0.20876525106428945
251,UNIFORM,1,1.3919913307989944,1.4980536629022323,0.1060623321032379
253,UNIFORM,1,0.6711398021568339,0.6138205811947274,-0.05731922096210651
258,UNIFORM,1,0.5676310871122393,0.5774034302957418,0.009772343183502508
264,UNIFORM,1,0.6508587521694869,0.8515676770869156,0.20070892491742875
268,UNIFORM,1,0.524166100877322,0.5379286985844389,0.013762597707116964
269,UNIFORM,1,0.38947238311848004,0.37032843467382737,-0.01914394844465267
270,UNIFORM,1,0.5940037064727022,0.8770377600281603,0.2830340535554581
273,UNIFORM,1,0.44414241045959413,0.5704818250814769,0.1263394146218828
274,UNIFORM,1,0.5541561793696301,0.5467263757567236,-0.007429803612906571
280,UNIFORM,1,0.9608296196759533,0.9717809219255378,0.010951302249584516
283,UNIFORM,1,0.4085393596572059,0.43976074716266,0.031221387505454112
292,UNIFORM,1,0.9926225073652812,0.9940255988683464,0.001403091503065168
325,UNIFORM,1,0.2979073001088789,0.34070517931543953,0.04279787920656064
329,UNIFORM,1,0.8776896043896696,0.8740571779487825,-0.0036324264408871265
330,UNIFORM,1,0.9434044911805204,0.9434518943352852,4.740315476481349e-05
335,UNIFORM,1,0.5269845760774727,0.6332320801756774,0.10624750409820471
337,UNIFORM,1,0.5534634059139114,0.5775744408165779,0.02411103490266653
340,UNIFORM,1,0.44814590440790686,0.44359086933272585,-0.004555035075181013
345,UNIFORM,1,0.37249690638732413,0.4238779208773897,0.051381014490065546
356,UNIFORM,1,0.6551812735953949,0.6327060742017745,-0.022475199393620415
360,UNIFORM,1,0.47473849016499564,0.48738906372722635,0.012650573562230705
363,UNIFORM,1,0.4876841691180254,0.4792340287896011,-0.008450140328424338
364,UNIFORM,1,0.37388400319876625,0.35281724307616646,-0.02106676012259978
366,UNIFORM,1,0.6859987770821558,0.6753518050074119,-0.010646972074743966
369,UNIFORM,1,0.6851792041155396,0.6966570441564592,0.011477840040919673
373,UNIFORM,1,0.3127344378635649,0.36866113710578763,0.05592669924222271
382,UNIFORM,1,0.451171357683856,0.44753222237828816,-0.0036391353055678644
396,UNIFORM,1,0.616698610768044,0.6100592083066777,-0.006639402461366295
400,UNIFORM,1,0.5055983233897835,0.5168570278653098,0.011258704475526349
420,UNIFORM,1,0.5041185841000033,0.48939357369608877,-0.014725010403914551
425,UNIFORM,1,0.38138878008470234,0.38671147535916284,0.005322695274460498
427,UNIFORM,1,0.37989391268154016,0.4262459310961031,0.046352018414562934
428,UNIFORM,1,1.1772950666091373,1.1342958707930497,-0.042999195816087576
432,UNIFORM,1,1.1177156269885642,1.0922539798536808,-0.025461647134883414
433,UNIFORM,1,0.6546724598878622,0.5648666673889364,-0.08980579249892573
445,UNIFORM,1,0.45467735788265645,0.4656967216974554,0.011019363814798955
446,UNIFORM,1,0.3691264084076766,0.4363257502167422,0.06719934180906562
450,UNIFORM,1,0.47657222252705994,0.5039623691565481,0.027390146629488188
462,UNIFORM,1,0.5056575061970512,0.5067027183290762,0.0010452121320250196
464,UNIFORM,1,0.5131976930029603,0.48815739750298814,-0.02504029549997211
468,UNIFORM,1,0.7843383187442823,0.7931810038406428,0.008842685096360547
471,UNIFORM,1,0.756575042817853,0.6628090273222309,-0.09376601549562213
477,UNIFORM,1,0.43350468009848364,0.48657678432610274,0.0530721042276191
479,UNIFORM,1,0.5223853230798555,0.5617578330560391,0.03937250997618358
480,UNIFORM,1,0.4220479931769628,0.39919493182330434,-0.022853061353658444
482,UNIFORM,1,0.6054250260076859,0.6044137193989562,-0.0010113066087297229
493,UNIFORM,1,0.5383287745280452,0.7825791966735285,0.24425042214548331
497,UNIFORM,1,0.7764748897264313,0.7806692581627874,0.004194368436356122
505,UNIFORM,1,0.35838476773686945,0.4025471360485252,0.044162368311655764
506,UNIFORM,1,0.3775675147630243,0.44133809862251994,0.06377058385949563
513,UNIFORM,1,0.31326017824568686,0.3355961139343452,0.022335935688658326
514,UNIFORM,1,0.3775226119781637,0.4805654372945299,0.10304282531636616
519,UNIFORM,1,0.4300349124577947,0.39687255227100904,-0.033162360186785644
523,UNIFORM,1,0.263578111484447,0.4646823213693014,0.2011042098848544
529,UNIFORM,1,0.44946123473929755,0.5419100642379834,0.09244882949868583
550,UNIFORM,1,0.4867518820149106,0.5035065873714555,0.016754705356544886
555,UNIFORM,1,1.1457728420426743,1.1568159831169162,0.01104314107424198
558,UNIFORM,1,0.47816303077432676,0.4842120383345777,0.006049007560250952
560,UNIFORM,1,0.7905179015686783,0.6297021688631934,-0.16081573270548488
586,UNIFORM,1,1.1914388669563012,1.255900590069555,0.06446172311325382
589,UNIFORM,1,0.47393578961288285,0.5951167024544723,0.1211809128415895
591,UNIFORM,1,0.4141624738314043,0.42503596804027305,0.01087349420886874
595,UNIFORM,1,0.4026848504341236,0.42424646720172937,0.021561616767605762
596,UNIFORM,1,0.26368994929229467,0.29838349117843155,0.03469354188613688
600,UNIFORM,1,0.5087829896425231,1.0149656884189318,0.5061826987764086
601,UNIFORM,1,0.5402514340631764,0.5457561319903121,0.005504697927135704
605,UNIFORM,1,0.8774144059485867,0.8611690538927803,-0.01624535205580635
609,UNIFORM,1,0.42756649651470224,0.415760715596503,-0.011805780918199227
611,UNIFORM,1,0.5539851371927755,0.7466474438727458,0.1926623066799703
614,UNIFORM,1,0.6757398030227268,0.6984914393327888,0.02275163631006194
615,UNIFORM,1,0.629544815450045,1.8650161925731001,1.235471377123055
625,UNIFORM,1,0.32360108907681434,0.3153659263373244,-0.008235162739489932
629,UNIFORM,1,0.5095447622437395,0.504163281227719,-0.0053814810160204285
633,UNIFORM,1,0.5172638500663952,0.4802558272757972,-0.037008022790598005
634,UNIFORM,1,0.4492693314339499,0.6013047760747405,0.1520354446407906
635,UNIFORM,1,0.4017599983968289,0.3876758789583632,-0.014084119438465714
642,UNIFORM,1,0.6557753438871625,0.7004945134298766,0.04471916954271404
643,UNIFORM,1,0.263578111484447,0.4646823213693014,0.2011042098848544
648,UNIFORM,1,0.5648609850645366,0.9472576319824512,0.38239664691791453
649,UNIFORM,1,0.4644423025487643,0.5605351978412857,0.09609289529252141
657,UNIFORM,1,0.6752696318479203,0.6822049523740219,0.006935320526101574
658,UNIFORM,1,0.445469087768409,0.49567761609260225,0.05020852832419326
661,UNIFORM,1,0.5663133182291341,0.5885915076615489,0.022278189432414774
674,UNIFORM,1,0.6542174976218843,0.6415215865946666,-0.012695911027217677
676,UNIFORM,1,0.8239976934643893,0.810446973059995,-0.013550720404394312
683,UNIFORM,1,0.9130896289158621,0.9545576624460232,0.04146803353016115
691,UNIFORM,1,0.9527066970921333,1.5287614476419629,0.5760547505498296
694,UNIFORM,1,0.4141195664705237,0.4743900769018691,0.06027051043134535
707,UNIFORM,1,1.117351451935725,1.158214345278549,0.04086289334282389
717,UNIFORM,1,0.40097275858010006,0.5133485144501424,0.11237575587004234
720,UNIFORM,1,0.616499970888409,0.6785078209574862,0.062007850069077164
722,UNIFORM,1,0.4103673806300513,0.3919867643082499,-0.01838061632180138
726,UNIFORM,1,0.2841750861325322,0.5090383768708427,0.22486329073831057
729,UNIFORM,1,0.7786296412503119,0.9127446713668323,0.13411503011652048
733,UNIFORM,1,0.49236763793085403,0.47790419286979147,-0.014463445061062563
734,UNIFORM,1,0.44048444330956216,0.5628337981365348,0.12234935482697262
737,UNIFORM,1,0.7525693634633196,0.8855464975434048,0.13297713408008516
740,UNIFORM,1,0.5113707888192952,0.6976022836993723,0.18623149488007706
744,UNIFORM,1,0.8253259631446959,0.8309693303242556,0.005643367179559711
755,UNIFORM,1,0.4603830118871376,0.512622236106062,0.05223922421892435
765,UNIFORM,1,0.5068830441554948,0.5231873534511478,0.016304309295652963
769,UNIFORM,1,0.5212645718855649,0.5315846426737377,0.010320070788172875
773,UNIFORM,1,0.3320435187198499,0.3422890351068612,0.010245516387011322
778,UNIFORM,1,0.6554218808812509,2.705458517750148,2.0500366368688967
779,UNIFORM,1,0.5689755601481166,0.5981275317134395,0.0291519715653229
784,UNIFORM,1,0.6042934569483418,0.5847828655975463,-0.01951059135079547
791,UNIFORM,1,0.7152257958685019,0.7236510866110049,0.008425290742502978
798,UNIFORM,1,0.433275122191346,0.8186368413473993,0.38536171915605333
799,UNIFORM,1,0.7241809906746701,0.7017001844637542,-0.02248080621091597
801,UNIFORM,1,0.5828845954340711,1.0641473531985126,0.4812627577644415
804,UNIFORM,1,0.6068029364682236,0.6942670596507645,0.08746412318254093
805,UNIFORM,1,0.5974940363667397,0.6474505272457398,0.049956490879000115
816,UNIFORM,1,0.4895803256835798,0.5179161596857753,0.028335834002195526
819,UNIFORM,1,0.47906820375192566,0.46367718797638385,-0.015391015775541805
830,UNIFORM,1,0.6260242525070077,0.6296288407321675,0.003604588225159855
832,UNIFORM,1,0.5486203415680252,0.502827457466041,-0.04579288410198423
837,UNIFORM,1,0.33203475235614366,0.4101229338311576,0.07808818147501395
843,UNIFORM,1,0.8088741726881654,0.858951830894764,0.050077658206598596
848,UNIFORM,1,0.6553184793093014,0.6584742265991574,0.0031557472898560146
859,UNIFORM,1,0.5474665467753812,0.5289432379199956,-0.018523308855385556
861,UNIFORM,1,0.562992379435994,0.6125693699531203,0.049576990517126274
864,UNIFORM,1,0.5700008200094904,0.641473785430642,0.07147296542115167
866,UNIFORM,1,0.6454666636964601,0.5884143015116794,-0.057052362184780714
875,UNIFORM,1,0.46557781610908966,0.5166837581766802,0.05110594206759056
878,UNIFORM,1,0.5677016916574498,0.5239040379193179,-0.043797653738131825
879,UNIFORM,1,0.542117175291629,0.6048803756464581,0.06276320035482919
887,UNIFORM,1,0.3505586665306485,0.34679802500689894,-0.0037606415237495527
903,UNIFORM,1,0.9293425560873143,1.2853939547073772,0.35605139862006285
907,UNIFORM,1,0.3284466644536497,0.26425438534768236,-0.06419227910596731
909,UNIFORM,1,0.5686744227279845,0.8921517189211079,0.3234772961931234
912,UNIFORM,1,0.41534754668702034,0.4401728493909447,0.024825302703924357
915,UNIFORM,1,0.5241625310287054,0.5303226935694398,0.006160162540734482
920,UNIFORM,1,0.4528124627197494,0.44333173180873264,-0.009480730911016755
927,UNIFORM,1,0.7426750284069283,0.7366206294246416,-0.006054398982286768
929,UNIFORM,1,0.6694226501376556,0.7058397976372358,0.03641714749958025
930,UNIFORM,1,0.6769677985234646,0.6463306187962734,-0.030637179727191155
935,UNIFORM,1,0.6045581043222714,0.6175212062178512,0.01296310189557981
938,UNIFORM,1,0.24796527119881454,0.25211241755457936,0.004147146355764825
941,UNIFORM,1,0.4508910047985322,0.4441363585901539,-0.006754646208378345
944,UNIFORM,1,0.6582379992931787,0.6648096598078523,0.006571660514673616
947,UNIFORM,1,0.28606489726220236,0.2653770192189899,-0.020687878043212482
957,UNIFORM,1,0.4708744307845844,0.49377301155394104,0.022898580769356636
963,UNIFORM,1,0.4111847251676259,0.4238322133317358,0.012647488164109932
978,UNIFORM,1,0.6168457606740543,0.630963554212765,0.014117793538710677
979,UNIFORM,1,0.4669556319962321,0.5368464688932315,0.06989083689699943
980,UNIFORM,1,0.4675731916619667,0.4773949292129985,0.009821737551031773
981,UNIFORM,1,0.5142334924816823,0.6173779345793151,0.10314444209763285
986,UNIFORM,1,0.5692298459836107,0.5961582466439632,0.026928400660352514
989,UNIFORM,1,0.38500927548019204,0.41213508665691473,0.02712581117672269
997,UNIFORM,1,0.8744777935673878,0.860817910546336,-0.0136598830210517
1000,UNIFORM,1,0.4763480298550971,0.4800305887254619,0.0036825588703647827
1011,UNIFORM,1,0.5749666661837433,0.7156821458104057,0.14071547962666242
1013,UNIFORM,1,1.1525400287363974,1.1387548747397314,-0.013785153996666022
1016,UNIFORM,1,0.46635172263716484,0.6894014373926037,0.2230497147554389
1018,UNIFORM,1,0.45475672878620815,0.4795140206225361,0.024757291836327966
1024,UNIFORM,1,0.7419393684398315,0.6981824972417534,-0.04375687119807814
1027,UNIFORM,1,0.778237300470336,0.7483469607087985,-0.029890339761537543
1033,UNIFORM,1,0.889766751778323,0.9336233166189079,0.043856564840584866
1037,UNIFORM,1,0.5110298760276417,0.5707046912138292,0.059674815186187447
1041,UNIFORM,1,0.40325565506596966,0.4111086339458747,0.007852978879905048
1042,UNIFORM,1,0.41545489665313284,0.43255036022490784,0.017095463571774994
1061,UNIFORM,1,0.41733524288606494,0.4577349810100436,0.04039973812397868
1065,UNIFORM,1,0.41347817209254056,0.4299782276235813,0.016500055531040725
1067,UNIFORM,1,0.7714005237449574,0.7813486777992866,0.00994815405432925
1079,UNIFORM,1,0.4007406179302483,0.46410145626823873,0.06336083833799044
1087,UNIFORM,1,0.6185222704091229,0.6187015490901899,0.00017927868106704103
1092,UNIFORM,1,0.4463040914084397,0.4012601416740941,-0.04504394973434561
1094,UNIFORM,1,0.7783765403850518,0.7895344148316576,0.011157874446605875
1108,UNIFORM,1,0.3667070005855422,0.32258821017762784,-0.04411879040791433
1114,UNIFORM,1,0.5676444739499075,0.5540359551729245,-0.013608518776982992
1117,UNIFORM,1,0.5130516294889842,0.4823114603668752,-0.030740169122108973
1118,UNIFORM,1,0.5086831405152217,0.5107929016794961,0.002109761164274415
1120,UNIFORM,1,0.5100135500852314,0.5184403516349047,0.008426801549673235
1124,UNIFORM,1,0.5340807040139202,0.5560697733294637,0.021989069315543563
1126,UNIFORM,1,0.48617726888724555,0.5020409674566755,0.01586369856942993
1134,UNIFORM,1,0.4988872259378798,0.5166287670367447,0.017741541098864833
1136,UNIFORM,1,0.7778328189646859,0.7207054485066955,-0.057127370457990434
1138,UNIFORM,1,0.6910962545080591,0.7084290811027035,0.017332826594644413
1146,UNIFORM,1,0.4488445423904279,0.3829808776923157,-0.06586366469811222
1150,UNIFORM,1,0.5156376308687692,0.4590805613278854,-0.05655706954088385
1159,UNIFORM,1,0.6017471038751707,0.7211092071734677,0.119362103298297
1161,UNIFORM,1,0.29419077903100826,0.37184659670434017,0.0776558176733319
1164,UNIFORM,1,0.3725860766119103,0.36914154659367615,-0.0034445300182341376
1169,UNIFORM,1,0.6008491702906289,0.526243932475147,-0.0746052378154819
1184,UNIFORM,1,0.5967708989218855,0.6342224441564852,0.037451545234599704
1185,UNIFORM,1,0.41547670646296603,0.4122747950495348,-0.0032019114134312354
1186,UNIFORM,1,0.47261995073417906,0.47145292499964536,-0.0011670257345336998
1187,UNIFORM,1,0.6730728344771735,0.7518871757648096,0.07881434128763609
1192,UNIFORM,1,0.44818933881618983,0.4418053455987688,-0.006383993217421058
1197,UNIFORM,1,0.516451854000405,0.5904434214404366,0.07399156744003155
1208,UNIFORM,1,0.5805384769609877,3.8568917243321312,3.2763532473711434
1214,UNIFORM,1,0.6263837302578465,0.6166508392839442,-0.009732890973902397
1218,UNIFORM,1,0.8293432835269775,0.8779015838217179,0.0485583002947404
1221,UNIFORM,1,0.7155131697051375,0.6984513060118634,-0.017061863693274004
1224,UNIFORM,1,1.1975274232188764,1.1566925276755669,-0.040834895543309546
1228,UNIFORM,1,0.5028814308830878,0.5001520193321816,-0.0027294115509062244
1232,UNIFORM,1,0.5543934824587714,0.7077707207624115,0.15337723830364014
2,UNIFORM,2,0.4767638162316865,0.7251393140705874,0.2483754978389009
5,UNIFORM,2,0.4332332014173959,0.5047638814478466,0.07153068003045066
12,UNIFORM,2,0.519302399997308,0.49648807488573077,-0.022814325111577216
21,UNIFORM,2,2.595639005986566,2.60519661593536,0.009557609948793733
25,UNIFORM,2,0.38885050116016134,0.4543087109811097,0.06545820982094835
36,UNIFORM,2,0.3761953947991983,0.49254751063641294,0.11635211583721466
37,UNIFORM,2,0.4958668704485165,0.5729468073870837,0.07707993693856718
49,UNIFORM,2,0.5421964118071112,0.5706372229249845,0.028440811117873332
53,UNIFORM,2,0.3266028490144008,0.3103613880953512,-0.0162414609190496
56,UNIFORM,2,0.2940677131245064,0.33822775062318866,0.04416003749868225
64,UNIFORM,2,1.0933877965290209,1.0959314466903805,0.0025436501613596008
67,UNIFORM,2,0.8966722106954357,0.9140206058515279,0.01734839515609221
69,UNIFORM,2,0.5331252816258939,1.9411537602558129,1.408028478629919
72,UNIFORM,2,0.3532408006349333,0.39144533299093,0.03820453235599669
74,UNIFORM,2,0.5089446046163831,0.747133846100841,0.23818924148445786
77,UNIFORM,2,0.4000605076331013,0.544725003184968,0.14466449555186667
84,UNIFORM,2,0.4536921758764068,0.46705627840168246,0.013364102525275645
90,UNIFORM,2,0.5430741396180734,0.610643783575645,0.06756964395757159
97,UNIFORM,2,0.5697050699965832,0.5908058255623904,0.02110075556580715
98,UNIFORM,2,0.4708658338992647,0.5584904956116847,0.08762466171242006
99,UNIFORM,2,0.3357802787781508,0.35163213062840387,0.015851851850253063
109,UNIFORM,2,0.5960995299048867,0.6098303351233605,0.013730805218473807
111,UNIFORM,2,0.5586523716002444,0.5625440249812306,0.003891653380986182
117,UNIFORM,2,0.32631611456089626,0.3985664878162017,0.07225037325530542
118,UNIFORM,2,0.33259677380626296,0.4499902631135522,0.11739348930728927
120,UNIFORM,2,0.4127254767146181,0.44401341117241816,0.03128793445780004
124,UNIFORM,2,0.42974198261393787,0.527990321707006,0.09824833909306813
126,UNIFORM,2,0.45844246542620126,0.6488435388860856,0.19040107345988433
130,UNIFORM,2,0.5233879244525205,0.492729728372131,-0.030658196080389444
144,UNIFORM,2,0.4512602421254125,0.6882389044343139,0.2369786623089014
149,UNIFORM,2,0.5238566978598095,0.837183150009492,0.31332645214968247
150,UNIFORM,2,0.504103936695667,0.5076621398945877,0.0035582031989207508
160,UNIFORM,2,0.5456833508181954,0.6116948281094875,0.06601147729129209
164,UNIFORM,2,0.3345894370061063,0.33299837869365106,-0.0015910583124552624
166,UNIFORM,2,0.2996998282689129,0.3552908744489208,0.05559104618000793
173,UNIFORM,2,0.5775251385776741,0.5771307971962925,-0.00039434138138161323
186,UNIFORM,2,0.4797996276759682,0.6296228869893745,0.14982325931340634
189,UNIFORM,2,0.3573433728503198,0.4843906403477922,0.12704726749747242
199,UNIFORM,2,1.0982004559589997,1.100265244234285,0.002064788275285334
206,UNIFORM,2,0.38449508015201284,1.0216918660731353,0.6371967859211225
208,UNIFORM,2,1.2667283088067145,1.2585966742017871,-0.008131634604927385
209,UNIFORM,2,0.511249846093341,2.0006518843744985,1.4894020382811575
212,UNIFORM,2,0.5084226545669722,0.3940406681042221,-0.11438198646275011
213,UNIFORM,2,0.4619594275007839,0.7450722370992202,0.2831128095984363
220,UNIFORM,2,1.0670825295591375,0.765623853404409,-0.30145867615472854
223,UNIFORM,2,1.376369308667773,1.8204403971503906,0.44407108848261756
234,UNIFORM,2,0.6109962161755625,1.0598927367617723,0.44889652058620977
237,UNIFORM,2,0.7716145256582242,0.8603580328180269,0.08874350715980273
244,UNIFORM,2,0.4795941124402018,0.7286854209125555,0.24909130847235372
245,UNIFORM,2,0.4338005240826789,1.5923740186100628,1.158573494527384
251,UNIFORM,2,1.3919913307989944,1.5607211112339958,0.16872978043500142
253,UNIFORM,2,0.6711398021568339,0.5776792248531238,-0.09346057730371005
258,UNIFORM,2,0.5676310871122393,1.2253290992801542,0.6576980121679149
264,UNIFORM,2,0.6508587521694869,1.28363965764169,0.6327809054722031
268,UNIFORM,2,0.524166100877322,0.5724103597674342,0.04824425889011219
269,UNIFORM,2,0.38947238311848004,0.407387028411889,0.01791464529340897
270,UNIFORM,2,0.5940037064727022,1.1771065325569217,0.5831028260842195
273,UNIFORM,2,0.44414241045959413,0.8711733530641284,0.4270309426045342
274,UNIFORM,2,0.5541561793696301,0.5663628963912146,0.01220671702158449
280,UNIFORM,2,0.9608296196759533,1.004167159600595,0.04333753992464173
283,UNIFORM,2,0.4085393596572059,0.5060568500373951,0.0975174903801892
292,UNIFORM,2,0.9926225073652812,0.9922070195625223,-0.00041548780275890707
325,UNIFORM,2,0.2979073001088789,0.46542469415216536,0.16751739404328647
329,UNIFORM,2,0.8776896043896696,0.8705087464586667,-0.007180857931002871
330,UNIFORM,2,0.9434044911805204,0.9434117634706427,7.272290122317671e-06
335,UNIFORM,2,0.5269845760774727,2.8849073701705312,2.3579227940930583
337,UNIFORM,2,0.5534634059139114,0.6092496187414305,0.055786212827519055
340,UNIFORM,2,0.44814590440790686,0.444276087349397,-0.0038698170585098612
345,UNIFORM,2,0.37249690638732413,0.4770189336839901,0.10452202729666599
356,UNIFORM,2,0.6551812735953949,0.9141193359585311,0.2589380623631362
360,UNIFORM,2,0.47473849016499564,0.5095772966637651,0.034838806498769415
363,UNIFORM,2,0.4876841691180254,0.479259859500479,-0.008424309617546422
364,UNIFORM,2,0.37388400319876625,0.3417969108460963,-0.03208709235266993
366,UNIFORM,2,0.6859987770821558,0.687704779189448,0.0017060021072921039
369,UNIFORM,2,0.6851792041155396,0.7154594432919764,0.03028023917643685
373,UNIFORM,2,0.3127344378635649,0.4323043263978001,0.11956988853423517
382,UNIFORM,2,0.451171357683856,0.46292668222464894,0.011755324540792922
396,UNIFORM,2,0.616698610768044,0.6045546720686646,-0.012143938699379353
400,UNIFORM,2,0.5055983233897835,0.5281187014101597,0.02252037802037621
420,UNIFORM,2,0.5041185841000033,0.5165447491003581,0.01242616500035476
425,UNIFORM,2,0.38138878008470234,0.4046373537519604,0.023248573667258077
427,UNIFORM,2,0.37989391268154016,0.5000456484535404,0.12015173577200022
428,UNIFORM,2,1.1772950666091373,1.1015051427600837,-0.07578992384905359
432,UNIFORM,2,1.1177156269885642,1.0736148154687788,-0.0441008115197854
433,UNIFORM,2,0.6546724598878622,0.4255950340105948,-0.22907742587726737
445,UNIFORM,2,0.45467735788265645,0.6909380356557056,0.2362606777730491
446,UNIFORM,2,0.3691264084076766,0.5076991600244909,0.13857275161681432
450,UNIFORM,2,0.47657222252705994,0.5389347793528163,0.062362556825756366
462,UNIFORM,2,0.5056575061970512,0.5509466173287385,0.04528911113168732
464,UNIFORM,2,0.5131976930029603,0.5237639160775085,0.010566223074548242
468,UNIFORM,2,0.7843383187442823,0.8030163368670418,0.018678018122759488
471,UNIFORM,2,0.756575042817853,0.5873910747177554,-0.16918396810009761
477,UNIFORM,2,0.43350468009848364,0.40118079365409204,-0.0323238864443916
479,UNIFORM,2,0.5223853230798555,0.678329524564822,0.15594420148496646
480,UNIFORM,2,0.4220479931769628,1.657374240108839,1.2353262469318762
482,UNIFORM,2,0.6054250260076859,0.6264218394175285,0.020996813409842607
493,UNIFORM,2,0.5383287745280452,2.0924138537160086,1.5540850791879635
497,UNIFORM,2,0.7764748897264313,0.7914198090190242,0.014944919292592895
505,UNIFORM,2,0.35838476773686945,0.460259394081397,0.10187462634452754
506,UNIFORM,2,0.3775675147630243,0.5012505639412672,0.12368304917824291
513,UNIFORM,2,0.31326017824568686,0.3896963851869554,0.07643620694126851
514,UNIFORM,2,0.3775226119781637,0.4088954679861606,0.031372856007996885
519,UNIFORM,2,0.4300349124577947,1.0357433614027511,0.6057084489449565
523,UNIFORM,2,0.263578111484447,0.9818542355233335,0.7182761240388865
529,UNIFORM,2,0.44946123473929755,0.6497212486887057,0.20026001394940818
550,UNIFORM,2,0.4867518820149106,0.5178747009210132,0.03112281890610258
555,UNIFORM,2,1.1457728420426743,1.1691370947445012,0.02336425270182696
558,UNIFORM,2,0.47816303077432676,1.4389456826517755,0.9607826518774487
560,UNIFORM,2,0.7905179015686783,1.0166931073943806,0.22617520582570227
586,UNIFORM,2,1.1914388669563012,1.319843357279081,0.1284044903227799
589,UNIFORM,2,0.47393578961288285,1.4763425008194668,1.002406711206584
591,UNIFORM,2,0.4141624738314043,0.5666395257548625,0.15247705192345823
595,UNIFORM,2,0.4026848504341236,0.6388147444828012,0.23612989404867757
596,UNIFORM,2,0.26368994929229467,0.36192826124662725,0.09823831195433258
600,UNIFORM,2,0.5087829896425231,2.3990393434319595,1.8902563537894363
601,UNIFORM,2,0.5402514340631764,0.5598128108737723,0.019561376810595887
605,UNIFORM,2,0.8774144059485867,0.8447165687668017,-0.03269783718178498
609,UNIFORM,2,0.42756649651470224,0.6871599592208323,0.25959346270613004
611,UNIFORM,2,0.5539851371927755,0.9545012328595588,0.40051609566678326
614,UNIFORM,2,0.6757398030227268,0.6579815212978649,-0.017758281724861935
615,UNIFORM,2,0.629544815450045,3.0945031910231515,2.4649583755731066
625,UNIFORM,2,0.32360108907681434,0.46670580941350803,0.1431047203366937
629,UNIFORM,2,0.5095447622437395,0.5304915302450933,0.020946768001353866
633,UNIFORM,2,0.5172638500663952,0.46309556032797206,-0.05416828973842314
634,UNIFORM,2,0.4492693314339499,0.7203294393145212,0.2710601078805713
635,UNIFORM,2,0.4017599983968289,0.4164455081880004,0.014685509791171503
642,UNIFORM,2,0.6557753438871625,0.7161440376181949,0.060368693731032375
643,UNIFORM,2,0.263578111484447,0.9818542355233335,0.7182761240388865
648,UNIFORM,2,0.5648609850645366,4.832644330987481,4.267783345922944
649,UNIFORM,2,0.4644423025487643,1.1471550652858509,0.6827127627370866
657,UNIFORM,2,0.6752696318479203,0.7015826604816846,0.02631302863376428
658,UNIFORM,2,0.445469087768409,0.5896460205661949,0.14417693279778587
661,UNIFORM,2,0.5663133182291341,0.6194054941489339,0.053092175919799756
674,UNIFORM,2,0.6542174976218843,0.6444198970987043,-0.009797600523180017
676,UNIFORM,2,0.8239976934643893,0.8152520560422452,-0.008745637422144181
683,UNIFORM,2,0.9130896289158621,1.0105616751200168,0.09747204620415473
691,UNIFORM,2,0.9527066970921333,1.6800857666867268,0.7273790695945935
694,UNIFORM,2,0.4141195664705237,0.6311579347223921,0.2170383682518684
707,UNIFORM,2,1.117351451935725,1.2038132674302235,0.0864618154944985
717,UNIFORM,2,0.40097275858010006,0.6342453932341618,0.23327263465406178
720,UNIFORM,2,0.616499970888409,0.74779724355114,0.13129727266273095
722,UNIFORM,2,0.4103673806300513,0.3995047691396828,-0.01086261149036849
726,UNIFORM,2,0.2841750861325322,1.1195197552346055,0.8353446691020733
729,UNIFORM,2,0.7786296412503119,1.2315094912773428,0.4528798500270309
733,UNIFORM,2,0.49236763793085403,0.5951127101672191,0.10274507223636509
734,UNIFORM,2,0.44048444330956216,0.6788757931113767,0.23839134980181453
737,UNIFORM,2,0.7525693634633196,1.0096382013657021,0.25706883790238255
740,UNIFORM,2,0.5113707888192952,1.2506419303993699,0.7392711415800747
744,UNIFORM,2,0.8253259631446959,0.8159232621683903,-0.009402700976305578
755,UNIFORM,2,0.4603830118871376,0.726830201577094,0.2664471896899564
765,UNIFORM,2,0.5068830441554948,0.6608819953936438,0.153998951238149
769,UNIFORM,2,0.5212645718855649,0.5451524383937426,0.023887866508177757
773,UNIFORM,2,0.3320435187198499,0.3784700230035112,0.046426504283661296
778,UNIFORM,2,0.6554218808812509,3.1448419234126286,2.4894200425313775
779,UNIFORM,2,0.5689755601481166,0.6268023945231056,0.05782683437498903
784,UNIFORM,2,0.6042934569483418,0.5671380731923903,-0.03715538375595151
791,UNIFORM,2,0.7152257958685019,0.7315641675226427,0.01633837165414087
798,UNIFORM,2,0.433275122191346,1.4426422180827796,1.0093670958914336
799,UNIFORM,2,0.7241809906746701,2.258360422627863,1.534179431953193
801,UNIFORM,2,0.5828845954340711,1.66573281885381,1.082848223419739
804,UNIFORM,2,0.6068029364682236,1.0016288228809458,0.3948258864127222
805,UNIFORM,2,0.5974940363667397,0.7102236937820573,0.1127296574153176
816,UNIFORM,2,0.4895803256835798,0.5433692743800809,0.05378894869650108
819,UNIFORM,2,0.47906820375192566,0.4786456283818967,-0.00042257537002893253
830,UNIFORM,2,0.6260242525070077,0.7810767958813877,0.15505254337438001
832,UNIFORM,2,0.5486203415680252,0.4746299237145173,-0.0739904178535079
837,UNIFORM,2,0.33203475235614366,0.47912407168994786,0.1470893193338042
843,UNIFORM,2,0.8088741726881654,0.9416302528866914,0.13275608019852603
848,UNIFORM,2,0.6553184793093014,0.6779109426606059,0.022592463351304493
859,UNIFORM,2,0.5474665467753812,0.5200031230890976,-0.027463423686283628
861,UNIFORM,2,0.562992379435994,0.755378314682513,0.19238593524651904
864,UNIFORM,2,0.5700008200094904,0.9595800946679075,0.38957927465841713
866,UNIFORM,2,0.6454666636964601,0.6453792649925179,-8.739870394225413e-05
875,UNIFORM,2,0.46557781610908966,0.5719155838552328,0.10633776774614312
878,UNIFORM,2,0.5677016916574498,0.5253564724686736,-0.042345219188776206
879,UNIFORM,2,0.542117175291629,0.6850440756755065,0.14292690038387756
887,UNIFORM,2,0.3505586665306485,0.3936631544634541,0.043104487932805635
903,UNIFORM,2,0.9293425560873143,1.5546797352339174,0.6253371791466031
907,UNIFORM,2,0.3284466644536497,0.3186970932746085,-0.009749571179041183
909,UNIFORM,2,0.5686744227279845,0.7088640648026066,0.14018964207462203
912,UNIFORM,2,0.41534754668702034,0.4788918981959137,0.06354435150889337
915,UNIFORM,2,0.5241625310287054,0.554018365863562,0.029855834834856654
920,UNIFORM,2,0.4528124627197494,0.5368121201183569,0.08399965739860749
927,UNIFORM,2,0.7426750284069283,0.7448767600983421,0.0022017316914137997
929,UNIFORM,2,0.6694226501376556,0.732230944647804,0.06280829451014847
930,UNIFORM,2,0.6769677985234646,1.0581421616966473,0.38117436317318276
935,UNIFORM,2,0.6045581043222714,0.5547690537000773,-0.049789050622194075
938,UNIFORM,2,0.24796527119881454,0.3064652478478327,0.058499976649018154
941,UNIFORM,2,0.4508910047985322,0.4402754422618691,-0.010615562536663126
944,UNIFORM,2,0.6582379992931787,0.6774336559174594,0.019195656624280688
947,UNIFORM,2,0.28606489726220236,0.26970065062667525,-0.016364246635527102
957,UNIFORM,2,0.4708744307845844,0.5128652633704402,0.04199083258585584
963,UNIFORM,2,0.4111847251676259,0.4444979071481247,0.03331318198049882
978,UNIFORM,2,0.6168457606740543,0.6590959144908233,0.042250153816769
979,UNIFORM,2,0.4669556319962321,0.6399033799322484,0.17294774793601636
980,UNIFORM,2,0.4675731916619667,0.5019936218457601,0.03442043018379343
981,UNIFORM,2,0.5142334924816823,0.8718882878388577,0.3576547953571755
986,UNIFORM,2,0.5692298459836107,3.431884054403687,2.8626542084200763
989,UNIFORM,2,0.38500927548019204,0.46025079767475935,0.07524152219456731
997,UNIFORM,2,0.8744777935673878,0.9979964448407685,0.1235186512733808
1000,UNIFORM,2,0.4763480298550971,0.5284686124070272,0.05212058255193014
1011,UNIFORM,2,0.5749666661837433,1.2859014197020238,0.7109347535182805
1013,UNIFORM,2,1.1525400287363974,1.1260359530567237,-0.026504075679673722
1016,UNIFORM,2,0.46635172263716484,1.005982293945842,0.5396305713086772
1018,UNIFORM,2,0.45475672878620815,0.5581677965995853,0.10341106781337711
1024,UNIFORM,2,0.7419393684398315,0.6877381242625187,-0.05420124417731287
1027,UNIFORM,2,0.778237300470336,0.6892012485029044,-0.08903605196743158
1033,UNIFORM,2,0.889766751778323,0.9980025964249664,0.10823584464664338
1037,UNIFORM,2,0.5110298760276417,0.6258790968612312,0.1148492208335895
1041,UNIFORM,2,0.40325565506596966,0.43553362509719884,0.032277970031229175
1042,UNIFORM,2,0.41545489665313284,0.5629297769730042,0.14747488031987133
1061,UNIFORM,2,0.41733524288606494,0.5493188697038386,0.13198362681777365
1065,UNIFORM,2,0.41347817209254056,0.5726092134464353,0.15913104135389478
1067,UNIFORM,2,0.7714005237449574,0.7915899252540357,0.02018940150907833
1079,UNIFORM,2,0.4007406179302483,1.3606299077381028,0.9598892898078545
1087,UNIFORM,2,0.6185222704091229,0.6200538627025582,0.0015315922934353576
1092,UNIFORM,2,0.4463040914084397,0.4216748816190591,-0.0246292097893806
1094,UNIFORM,2,0.7783765403850518,0.7998277690197864,0.021451228634734587
1108,UNIFORM,2,0.3667070005855422,0.36638581110905666,-0.0003211894764855172
1114,UNIFORM,2,0.5676444739499075,0.5511712022293003,-0.016473271720607197
1117,UNIFORM,2,0.5130516294889842,0.5183047589865224,0.0052531294975382
1118,UNIFORM,2,0.5086831405152217,0.512726323078867,0.004043182563645331
1120,UNIFORM,2,0.5100135500852314,0.5261678492840391,0.01615429919880773
1124,UNIFORM,2,0.5340807040139202,0.5897979448031598,0.055717240789239675
1126,UNIFORM,2,0.48617726888724555,0.5087331690102245,0.022555900122978922
1134,UNIFORM,2,0.4988872259378798,0.5740594627748858,0.07517223683700602
1136,UNIFORM,2,0.7778328189646859,0.9132694903324393,0.1354366713677534
1138,UNIFORM,2,0.6910962545080591,0.7208537362691001,0.029757481761040983
1146,UNIFORM,2,0.4488445423904279,0.36429438388949403,-0.08455015850093389
1150,UNIFORM,2,0.5156376308687692,0.4143484064354256,-0.10128922443334365
1159,UNIFORM,2,0.6017471038751707,0.8906752045231834,0.28892810064801266
1161,UNIFORM,2,0.29419077903100826,1.0232036499294046,0.7290128708983963
1164,UNIFORM,2,0.3725860766119103,0.37279755041653007,0.00021147380461977727
1169,UNIFORM,2,0.6008491702906289,0.5083337975616143,-0.09251537272901456
1184,UNIFORM,2,0.5967708989218855,0.6724078474839303,0.07563694856204484
1185,UNIFORM,2,0.41547670646296603,0.4459866383311023,0.030509931868136275
1186,UNIFORM,2,0.47261995073417906,0.8078624994275702,0.3352425486933911
1187,UNIFORM,2,0.6730728344771735,1.5946480077220848,0.9215751732449113
1192,UNIFORM,2,0.44818933881618983,0.4589523012039729,0.01076296238778307
1197,UNIFORM,2,0.516451854000405,0.8294586350985269,0.31300678109812186
1208,UNIFORM,2,0.5805384769609877,4.21360838355354,3.633069906592552
1214,UNIFORM,2,0.6263837302578465,0.6088879106549256,-0.017495819602920903
1218,UNIFORM,2,0.8293432835269775,0.967307409560644,0.13796412603366648
1221,UNIFORM,2,0.7155131697051375,0.6800750620729251,-0.035438107632212335
1224,UNIFORM,2,1.1975274232188764,1.131561115887572,-0.06596630733130437
1228,UNIFORM,2,0.5028814308830878,0.5129696947992619,0.010088263916174123
1232,UNIFORM,2,0.5543934824587714,1.2042939619114177,0.6499004794526463
2,UNIFORM,3,0.4767638162316865,1.0937127078320248,0.6169488916003383
5,UNIFORM,3,0.4332332014173959,0.7282419120557075,0.29500871063831163
12,UNIFORM,3,0.519302399997308,0.5140376223820191,-0.005264777615288874
21,UNIFORM,3,2.595639005986566,2.611987353416113,0.016348347429546717
25,UNIFORM,3,0.38885050116016134,0.6559874314172747,0.2671369302571133
36,UNIFORM,3,0.3761953947991983,0.631864730629985,0.25566933583078677
37,UNIFORM,3,0.4958668704485165,0.6484202175863909,0.15255334713787438
49,UNIFORM,3,0.5421964118071112,0.6920961383031499,0.14989972649603867
53,UNIFORM,3,0.3266028490144008,0.3271492993376729,0.0005464503232721074
56,UNIFORM,3,0.2940677131245064,0.37844768707107546,0.08437997394656904
64,UNIFORM,3,1.0933877965290209,1.1102179602680513,0.016830163739030457
67,UNIFORM,3,0.8966722106954357,0.9226745993955245,0.026002388700088863
69,UNIFORM,3,0.5331252816258939,3.162935757200178,2.6298104755742844
72,UNIFORM,3,0.3532408006349333,0.4715278207214236,0.11828702008649028
74,UNIFORM,3,0.5089446046163831,0.8878949393247348,0.3789503347083517
77,UNIFORM,3,0.4000605076331013,0.6184681466093354,0.21840763897623405
84,UNIFORM,3,0.4536921758764068,0.5062615295373881,0.05256935366098131
90,UNIFORM,3,0.5430741396180734,0.612726757810282,0.06965261819220858
97,UNIFORM,3,0.5697050699965832,0.6304633876530157,0.06075831765643247
98,UNIFORM,3,0.4708658338992647,0.6158886491758658,0.14502281527660116
99,UNIFORM,3,0.3357802787781508,0.3590934069739642,0.023313128195813382
109,UNIFORM,3,0.5960995299048867,0.6279819998262406,0.031882469921353906
111,UNIFORM,3,0.5586523716002444,0.5676695565273586,0.00901718492711423
117,UNIFORM,3,0.32631611456089626,0.504205118637109,0.17788900407621278
118,UNIFORM,3,0.33259677380626296,0.5288929579482915,0.19629618414202854
120,UNIFORM,3,0.4127254767146181,0.4996574852892103,0.08693200857459216
124,UNIFORM,3,0.42974198261393787,0.5465047577123221,0.11676277509838423
126,UNIFORM,3,0.45844246542620126,1.321918908405384,0.8634764429791827
130,UNIFORM,3,0.5233879244525205,0.6405324948727057,0.11714457042018522
144,UNIFORM,3,0.4512602421254125,0.9616098920052569,0.5103496498798444
149,UNIFORM,3,0.5238566978598095,1.1796585091462464,0.6558018112864369
150,UNIFORM,3,0.504103936695667,0.5088836483584611,0.004779711662794117
160,UNIFORM,3,0.5456833508181954,0.7112786094398795,0.16559525862168412
164,UNIFORM,3,0.3345894370061063,0.3410551227747528,0.006465685768646479
166,UNIFORM,3,0.2996998282689129,0.4009015372604172,0.10120170899150432
173,UNIFORM,3,0.5775251385776741,0.8045323308594612,0.22700719228178712
186,UNIFORM,3,0.4797996276759682,0.72532400875113,0.24552438107516183
189,UNIFORM,3,0.3573433728503198,0.5664809382899203,0.2091375654396005
199,UNIFORM,3,1.0982004559589997,1.1106014563409043,0.012401000381904614
206,UNIFORM,3,0.38449508015201284,1.3709347934160991,0.9864397132640863
208,UNIFORM,3,1.2667283088067145,1.2554161915936701,-0.01131211721304437
209,UNIFORM,3,0.511249846093341,2.04928730655414,1.538037460460799
212,UNIFORM,3,0.5084226545669722,0.3737925227239904,-0.13463013184298184
213,UNIFORM,3,0.4619594275007839,0.9540690014104427,0.4921095739096588
220,UNIFORM,3,1.0670825295591375,0.7223288996614019,-0.3447536298977356
223,UNIFORM,3,1.376369308667773,1.9854468049763634,0.6090774963085903
234,UNIFORM,3,0.6109962161755625,1.213816540937458,0.6028203247618954
237,UNIFORM,3,0.7716145256582242,0.9237377743153345,0.15212324865711035
244,UNIFORM,3,0.4795941124402018,0.85586954783891,0.3762754353987082
245,UNIFORM,3,0.4338005240826789,1.5487222090853414,1.1149216850026624
251,UNIFORM,3,1.3919913307989944,1.589030875688565,0.19703954488957054
253,UNIFORM,3,0.6711398021568339,0.5709108674918848,-0.10022893466494909
258,UNIFORM,3,0.5676310871122393,1.922876081952445,1.3552449948402057
264,UNIFORM,3,0.6508587521694869,1.7434341259786,1.092575373809113
268,UNIFORM,3,0.524166100877322,0.6700816437805767,0.1459155429032547
269,UNIFORM,3,0.38947238311848004,0.4337718985193951,0.04429951540091509
270,UNIFORM,3,0.5940037064727022,1.4428734133559282,0.848869706883226
273,UNIFORM,3,0.44414241045959413,1.326459288607623,0.8823168781480288
274,UNIFORM,3,0.5541561793696301,0.7914455331092267,0.2372893537395966
280,UNIFORM,3,0.9608296196759533,1.0333992512367853,0.07256963156083207
283,UNIFORM,3,0.4085393596572059,0.6497089353556582,0.24116957569845232
292,UNIFORM,3,0.9926225073652812,0.9867061836832725,-0.005916323682008784
325,UNIFORM,3,0.2979073001088789,0.6691962212448721,0.3712889211359932
329,UNIFORM,3,0.8776896043896696,0.8669931899588937,-0.010696414430775847
330,UNIFORM,3,0.9434044911805204,0.9433701499602021,-3.434122031831244e-05
335,UNIFORM,3,0.5269845760774727,2.9042169227586103,2.3772323466811374
337,UNIFORM,3,0.5534634059139114,0.6451245111115611,0.0916611051976497
340,UNIFORM,3,0.44814590440790686,0.4473433394982852,-0.0008025649096216614
345,UNIFORM,3,0.37249690638732413,0.5217629412852662,0.1492660348979421
356,UNIFORM,3,0.6551812735953949,1.00920693447377,0.35402566087837506
360,UNIFORM,3,0.47473849016499564,0.5409449992276143,0.06620650906261866
363,UNIFORM,3,0.4876841691180254,0.48543944293448105,-0.0022447261835443766
364,UNIFORM,3,0.37388400319876625,0.34324984159452576,-0.030634161604240484
366,UNIFORM,3,0.6859987770821558,0.694481892277331,0.008483115195175195
369,UNIFORM,3,0.6851792041155396,0.7410423494474306,0.05586314533189107
373,UNIFORM,3,0.3127344378635649,0.4867370767583837,0.17400263889481876
382,UNIFORM,3,0.451171357683856,0.5682700362836983,0.1170986785998423
396,UNIFORM,3,0.616698610768044,0.6004266030783235,-0.01627200768972048
400,UNIFORM,3,0.5055983233897835,0.5396419136911768,0.034043590301393256
420,UNIFORM,3,0.5041185841000033,0.5660518789008946,0.06193329480089127
425,UNIFORM,3,0.38138878008470234,0.4313844042481787,0.04999562416347636
427,UNIFORM,3,0.37989391268154016,0.5711984836282233,0.19130457094668318
428,UNIFORM,3,1.1772950666091373,1.0769437880021109,-0.10035127860702642
432,UNIFORM,3,1.1177156269885642,1.0661819801327315,-0.051533646855832727
433,UNIFORM,3,0.6546724598878622,0.6096579368894671,-0.045014522998395035
445,UNIFORM,3,0.45467735788265645,0.894219188694783,0.43954183081212655
446,UNIFORM,3,0.3691264084076766,0.5846512607789673,0.21552485237129076
450,UNIFORM,3,0.47657222252705994,0.5815002369197946,0.10492801439273464
462,UNIFORM,3,0.5056575061970512,0.779812682893066,0.27415517669601486
464,UNIFORM,3,0.5131976930029603,0.5816091821455924,0.06841148914263218
468,UNIFORM,3,0.7843383187442823,0.8137843029890517,0.029445984244769408
471,UNIFORM,3,0.756575042817853,0.8341427406341977,0.07756769781634465
477,UNIFORM,3,0.43350468009848364,0.389247925128866,-0.04425675496961762
479,UNIFORM,3,0.5223853230798555,1.8400254896844956,1.3176401666046402
480,UNIFORM,3,0.4220479931769628,2.3179654762872284,1.8959174831102656
482,UNIFORM,3,0.6054250260076859,0.670233463387006,0.06480843737932007
493,UNIFORM,3,0.5383287745280452,2.3454949972578603,1.807166222729815
497,UNIFORM,3,0.7764748897264313,0.8181325067617243,0.041657617035293026
505,UNIFORM,3,0.35838476773686945,0.5313049556685617,0.17292018793169228
506,UNIFORM,3,0.3775675147630243,0.5602855877989501,0.1827180730359258
513,UNIFORM,3,0.31326017824568686,0.46731710085007616,0.1540569226043893
514,UNIFORM,3,0.3775226119781637,0.4619549246516416,0.0844323126734779
519,UNIFORM,3,0.4300349124577947,1.8996584041290259,1.4696234916712312
523,UNIFORM,3,0.263578111484447,1.5095667448888284,1.2459886334043815
529,UNIFORM,3,0.44946123473929755,0.7489919519604078,0.29953071722111024
550,UNIFORM,3,0.4867518820149106,0.5285958985590153,0.041844016544104745
555,UNIFORM,3,1.1457728420426743,1.1826990219135756,0.0369261798709013
558,UNIFORM,3,0.47816303077432676,1.66436974633149,1.1862067155571632
560,UNIFORM,3,0.7905179015686783,1.272269972344064,0.48175207077538573
586,UNIFORM,3,1.1914388669563012,1.385932101918821,0.1944932349625199
589,UNIFORM,3,0.47393578961288285,1.622052310181623,1.1481165205687403
591,UNIFORM,3,0.4141624738314043,0.8467179356731471,0.4325554618417428
595,UNIFORM,3,0.4026848504341236,1.0791969149102494,0.6765120644761258
596,UNIFORM,3,0.26368994929229467,0.4572662280515377,0.19357627875924305
600,UNIFORM,3,0.5087829896425231,3.113819505729805,2.605036516087282
601,UNIFORM,3,0.5402514340631764,0.574033838352115,0.03378240428893853
605,UNIFORM,3,0.8774144059485867,0.8280804233805179,-0.04933398256806876
609,UNIFORM,3,0.42756649651470224,2.3287361789835783,1.901169682468876
611,UNIFORM,3,0.5539851371927755,1.1707933861710271,0.6168082489782516
614,UNIFORM,3,0.6757398030227268,0.526326705550302,-0.14941309747242482
615,UNIFORM,3,0.629544815450045,3.568858962014632,2.939314146564587
625,UNIFORM,3,0.32360108907681434,0.629488323806009,0.3058872347291947
629,UNIFORM,3,0.5095447622437395,0.5585433966434737,0.04899863439973429
633,UNIFORM,3,0.5172638500663952,0.4650723526654157,-0.0521914974009795
634,UNIFORM,3,0.4492693314339499,0.6115395498740835,0.16227021844013362
635,UNIFORM,3,0.4017599983968289,0.4939668048678938,0.09220680647106488
642,UNIFORM,3,0.6557753438871625,0.7165700905035335,0.060794746616370965
643,UNIFORM,3,0.263578111484447,1.5095667448888284,1.2459886334043815
648,UNIFORM,3,0.5648609850645366,5.2064273853939955,4.6415664003294586
649,UNIFORM,3,0.4644423025487643,1.210619521019602,0.7461772184708377
657,UNIFORM,3,0.6752696318479203,0.7319509662947425,0.05668133444682222
658,UNIFORM,3,0.445469087768409,0.7867157444966126,0.34124665672820365
661,UNIFORM,3,0.5663133182291341,0.6584548763673157,0.09214155813818159
674,UNIFORM,3,0.6542174976218843,0.6708181817176022,0.01660068409571791
676,UNIFORM,3,0.8239976934643893,0.8324837313271765,0.008486037862787121
683,UNIFORM,3,0.9130896289158621,1.0588312011180752,0.14574157220221307
691,UNIFORM,3,0.9527066970921333,1.6720867279745446,0.7193800308824113
694,UNIFORM,3,0.4141195664705237,0.918840748559789,0.5047211820892653
707,UNIFORM,3,1.117351451935725,1.255740145948733,0.1383886940130079
717,UNIFORM,3,0.40097275858010006,0.7316135903582279,0.33064083177812786
720,UNIFORM,3,0.616499970888409,0.8215318208631464,0.20503184997473733
722,UNIFORM,3,0.4103673806300513,0.43043746830568147,0.020070087675630177
726,UNIFORM,3,0.2841750861325322,1.7009611589656892,1.416786072833157
729,UNIFORM,3,0.7786296412503119,2.2819878050453486,1.5033581637950366
733,UNIFORM,3,0.49236763793085403,0.7353642100690818,0.24299657213822778
734,UNIFORM,3,0.44048444330956216,0.761238679599725,0.32075423629016286
737,UNIFORM,3,0.7525693634633196,1.1426578004682053,0.3900884370048857
740,UNIFORM,3,0.5113707888192952,1.3855283121050928,0.8741575232857975
744,UNIFORM,3,0.8253259631446959,0.7674514156345238,-0.05787454751017207
755,UNIFORM,3,0.4603830118871376,1.4983663206078723,1.0379833087207349
765,UNIFORM,3,0.5068830441554948,0.9283680887403722,0.42148504458487746
769,UNIFORM,3,0.5212645718855649,0.5617426534571706,0.040478081571605706
773,UNIFORM,3,0.3320435187198499,0.4321960745668058,0.10015255584695593
778,UNIFORM,3,0.6554218808812509,3.1967447251416723,2.5413228442604217
779,UNIFORM,3,0.5689755601481166,0.6546213703610562,0.0856458102129396
784,UNIFORM,3,0.6042934569483418,0.5539344230279676,-0.05035903392037422
791,UNIFORM,3,0.7152257958685019,0.7387630094501916,0.023537213581689698
798,UNIFORM,3,0.433275122191346,1.6650761151828135,1.2318009929914675
799,UNIFORM,3,0.7241809906746701,5.002811912705223,4.278630922030553
801,UNIFORM,3,0.5828845954340711,1.3431085374002056,0.7602239419661345
804,UNIFORM,3,0.6068029364682236,1.768484923228966,1.1616819867607426
805,UNIFORM,3,0.5974940363667397,0.7920930408606852,0.19459900449394552
816,UNIFORM,3,0.4895803256835798,0.561384844160787,0.07180451847720726
819,UNIFORM,3,0.47906820375192566,0.5585669263053266,0.0794987225534009
830,UNIFORM,3,0.6260242525070077,0.9857619113607154,0.3597376588537078
832,UNIFORM,3,0.5486203415680252,0.5302624618316572,-0.018357879736368043
837,UNIFORM,3,0.33203475235614366,0.548369970903021,0.21633521854687732
843,UNIFORM,3,0.8088741726881654,1.046451497782047,0.23757732509388152
848,UNIFORM,3,0.6553184793093014,0.7068179102095269,0.05149943090022546
859,UNIFORM,3,0.5474665467753812,0.5257672354060026,-0.021699311369378638
861,UNIFORM,3,0.562992379435994,1.0305937116348007,0.46760133219880673
864,UNIFORM,3,0.5700008200094904,1.495267772143523,0.9252669521340326
866,UNIFORM,3,0.6454666636964601,0.735035217373389,0.08956855367692884
875,UNIFORM,3,0.46557781610908966,0.6206352435107457,0.15505742740165607
878,UNIFORM,3,0.5677016916574498,0.5994214083732154,0.03171971671576568
879,UNIFORM,3,0.542117175291629,0.7524217736963595,0.2103045984047306
887,UNIFORM,3,0.3505586665306485,0.47896962060367765,0.12841095407302916
903,UNIFORM,3,0.9293425560873143,1.6764907905309874,0.7471482344436731
907,UNIFORM,3,0.3284466644536497,0.46233306146645314,0.13388639701280347
909,UNIFORM,3,0.5686744227279845,3.1270067105285526,2.5583322878005683
912,UNIFORM,3,0.41534754668702034,0.5210923861464961,0.10574483945947577
915,UNIFORM,3,0.5241625310287054,0.6013861994979187,0.07722366846921336
920,UNIFORM,3,0.4528124627197494,0.7163112651222698,0.26349880240252044
927,UNIFORM,3,0.7426750284069283,0.767296986831405,0.024621958424476675
929,UNIFORM,3,0.6694226501376556,0.7507520780658701,0.08132942792821451
930,UNIFORM,3,0.6769677985234646,1.3649301761196233,0.6879623775961587
935,UNIFORM,3,0.6045581043222714,1.1018533798491053,0.49729527552683384
938,UNIFORM,3,0.24796527119881454,0.40588883351246613,0.1579235623136516
941,UNIFORM,3,0.4508910047985322,0.4424497087554264,-0.00844129604310584
944,UNIFORM,3,0.6582379992931787,0.6966304367623478,0.038392437469169094
947,UNIFORM,3,0.28606489726220236,0.30913137189486783,0.02306647463266548
957,UNIFORM,3,0.4708744307845844,0.5267799447200427,0.05590551393545834
963,UNIFORM,3,0.4111847251676259,0.4705632952352462,0.05937857006762032
978,UNIFORM,3,0.6168457606740543,0.7119241836837547,0.09507842300970037
979,UNIFORM,3,0.4669556319962321,0.7791405471559063,0.3121849151596742
980,UNIFORM,3,0.4675731916619667,0.5490002724968406,0.08142708083487388
981,UNIFORM,3,0.5142334924816823,1.3457007085692554,0.8314672160875731
986,UNIFORM,3,0.5692298459836107,3.5151716552227406,2.94594180923913
989,UNIFORM,3,0.38500927548019204,0.5352641204194863,0.1502548449392943
997,UNIFORM,3,0.8744777935673878,1.2089836904892173,0.3345058969218295
1000,UNIFORM,3,0.4763480298550971,0.6540017600631616,0.17765373020806446
1011,UNIFORM,3,0.5749666661837433,2.043069974077704,1.4681033078939607
1013,UNIFORM,3,1.1525400287363974,1.1148970150451207,-0.03764301369127665
1016,UNIFORM,3,0.46635172263716484,1.1623344161457263,0.6959826935085615
1018,UNIFORM,3,0.45475672878620815,0.6382175656342297,0.18346083684802156
1024,UNIFORM,3,0.7419393684398315,0.726101197411485,-0.015838171028346504
1027,UNIFORM,3,0.778237300470336,0.6054388170727918,-0.17279848339754422
1033,UNIFORM,3,0.889766751778323,1.094637243275668,0.20487049149734493
1037,UNIFORM,3,0.5110298760276417,0.6745307692582718,0.1635008932306301
1041,UNIFORM,3,0.40325565506596966,0.5014704025369403,0.09821474747097064
1042,UNIFORM,3,0.41545489665313284,0.9060557969651852,0.4906009003120524
1061,UNIFORM,3,0.41733524288606494,0.6540626972064736,0.23672745432040865
1065,UNIFORM,3,0.41347817209254056,1.60283042239407,1.1893522503015292
1067,UNIFORM,3,0.7714005237449574,0.8023126607970029,0.03091213705204554
1079,UNIFORM,3,0.4007406179302483,1.5951790669844863,1.1944384490542381
1087,UNIFORM,3,0.6185222704091229,0.6219055484498832,0.003383278040760329
1092,UNIFORM,3,0.4463040914084397,0.5328608402522738,0.08655674884383407
1094,UNIFORM,3,0.7783765403850518,0.8098185478334798,0.031442007448428066
1108,UNIFORM,3,0.3667070005855422,0.46730832055084215,0.10060131996529997
1114,UNIFORM,3,0.5676444739499075,0.5523156561021778,-0.015328817847729659
1117,UNIFORM,3,0.5130516294889842,0.7614183157141416,0.24836668622515745
1118,UNIFORM,3,0.5086831405152217,0.5153825454072894,0.006699404892067773
1120,UNIFORM,3,0.5100135500852314,0.5323018202059595,0.022288270120728093
1124,UNIFORM,3,0.5340807040139202,0.6339568426088324,0.09987613859491229
1126,UNIFORM,3,0.48617726888724555,0.493660852302664,0.007483583415418438
1134,UNIFORM,3,0.4988872259378798,0.612838278252211,0.11395105231433122
1136,UNIFORM,3,0.7778328189646859,1.6071097625394257,0.8292769435747398
1138,UNIFORM,3,0.6910962545080591,0.7222413583924894,0.03114510388443026
1146,UNIFORM,3,0.4488445423904279,0.36442467038808146,-0.08441987200234646
1150,UNIFORM,3,0.5156376308687692,0.39335512215855467,-0.12228250871021457
1159,UNIFORM,3,0.6017471038751707,0.9986466787658739,0.39689957489070316
1161,UNIFORM,3,0.29419077903100826,1.548809343464073,1.2546185644330647
1164,UNIFORM,3,0.3725860766119103,0.393777487141169,0.021191410529258714
1169,UNIFORM,3,0.6008491702906289,0.564200662757508,-0.03664850753312088
1184,UNIFORM,3,0.5967708989218855,0.7158800868353783,0.11910918791349279
1185,UNIFORM,3,0.41547670646296603,0.4930445498658382,0.07756784340287215
1186,UNIFORM,3,0.47261995073417906,0.6349151934344558,0.16229524270027673
1187,UNIFORM,3,0.6730728344771735,2.5977422744846166,1.924669440007443
1192,UNIFORM,3,0.44818933881618983,0.4955464166258342,0.04735707780964438
1197,UNIFORM,3,0.516451854000405,1.5405053808426004,1.0240535268421953
1208,UNIFORM,3,0.5805384769609877,4.301920905168634,3.7213824282076464
1214,UNIFORM,3,0.6263837302578465,0.6054840911665782,-0.02089963909126835
1218,UNIFORM,3,0.8293432835269775,1.1534936959856057,0.3241504124586282
1221,UNIFORM,3,0.7155131697051375,0.6620221355472473,-0.05349103415789014
1224,UNIFORM,3,1.1975274232188764,1.1167122086277177,-0.0808152145911587
1228,UNIFORM,3,0.5028814308830878,0.5345983644791503,0.031716933596062535
1232,UNIFORM,3,0.5543934824587714,1.368393439375156,0.8139999569163846
