percent,sample_id,z1_before,z2_before,z1_after,z2_after
10,0,2.3498525619506836,-3.3505663871765137,3.38797926902771,-5.36138391494751
10,1,-0.6985218524932861,3.5508594512939453,-0.738806426525116,4.71155309677124
10,2,1.0586962699890137,-4.239620685577393,1.7479857206344604,-5.165571689605713
10,3,-0.1819571852684021,1.62651789188385,-0.5425714254379272,2.8406314849853516
10,4,-1.8836548328399658,3.4286766052246094,-2.4748709201812744,5.815324306488037
10,5,-1.2213125228881836,-0.7072593569755554,-3.027081251144409,4.4438910484313965
10,6,-1.9997859001159668,3.075275421142578,-2.2491633892059326,5.047333717346191
10,7,0.1063631996512413,-3.0441579818725586,-2.8988049030303955,3.4363045692443848
10,8,-1.904824137687683,-0.4081784784793854,-2.129222869873047,3.60714054107666
10,9,-1.0726593732833862,0.3575320541858673,-2.950227975845337,4.508995532989502
10,10,-2.544436454772949,3.5884313583374023,-3.000934600830078,5.9964165687561035
10,11,-1.282853603363037,0.7393862009048462,-1.9466679096221924,3.136099338531494
10,12,-0.11068465560674667,1.535317301750183,-0.467664510011673,2.947828769683838
10,13,-1.6142358779907227,-1.2086220979690552,-2.406005382537842,3.6589202880859375
10,14,-2.1229727268218994,1.806782603263855,-2.716529130935669,4.127966403961182
10,15,-0.5352639555931091,-1.4448966979980469,-2.7327992916107178,3.6322083473205566
10,16,-1.2686047554016113,-2.6263983249664307,-3.493361234664917,3.828866720199585
10,17,0.06452258676290512,-2.1535401344299316,-2.5627565383911133,3.597074508666992
10,18,-3.8691771030426025,1.8958847522735596,-3.9174859523773193,5.605607032775879
10,19,-2.945598840713501,2.8805301189422607,-3.621713876724243,5.900231838226318
10,20,0.39216047525405884,0.597184419631958,-0.8262099623680115,3.2137527465820312
10,21,-7.756128311157227,1.2771506309509277,-7.605228424072266,2.689056158065796
10,22,-7.670156478881836,1.0857185125350952,-7.513449668884277,2.843992233276367
10,23,0.7057650685310364,-1.8917502164840698,2.9193527698516846,-6.748690605163574
10,24,2.9266059398651123,-6.3213958740234375,3.528655767440796,-6.5043721199035645
10,25,-2.2018678188323975,-0.7427328824996948,-2.9610652923583984,3.9506912231445312
10,26,-1.4139434099197388,0.5312047600746155,-1.6810040473937988,3.27923321723938
10,27,-2.020024061203003,2.419448137283325,-2.7932753562927246,5.265295028686523
10,28,1.8228743076324463,-6.40093469619751,-2.512800931930542,4.476378917694092
10,29,-2.295013427734375,1.8145594596862793,-2.4048588275909424,3.9243242740631104
10,30,-1.8158915042877197,1.8540233373641968,-2.488781452178955,4.59473991394043
10,31,-1.1599969863891602,0.05336115136742592,-2.4525604248046875,3.904996871948242
10,32,-2.7441697120666504,0.6510037183761597,-3.399658679962158,4.390594959259033
10,33,-2.6111881732940674,4.645982265472412,-2.8914706707000732,6.443005084991455
10,34,-2.267808198928833,1.3951811790466309,-2.7416837215423584,4.295691967010498
10,35,-2.3855996131896973,-1.298208236694336,-3.2925140857696533,3.907043695449829
10,36,-1.752544641494751,0.3088960349559784,-2.3425240516662598,3.9227170944213867
10,37,-0.12427457422018051,0.01125786080956459,-1.713212251663208,3.400167942047119
10,38,-0.0627264454960823,-1.2037935256958008,-1.4390488862991333,3.563117265701294
10,39,-0.5169883966445923,2.593921422958374,-0.9573081135749817,3.8267602920532227
10,40,-2.295664072036743,1.35787832736969,-2.5975749492645264,4.21662712097168
10,41,0.12537020444869995,0.08188512921333313,-2.199580669403076,4.184098243713379
10,42,-1.452863335609436,0.07929131388664246,-2.004284143447876,3.8022665977478027
10,43,-1.2665412425994873,1.7944190502166748,-1.459181547164917,3.972426414489746
10,44,-3.265428066253662,3.4948387145996094,-3.4992659091949463,6.133844375610352
10,45,-1.4415879249572754,0.8308089971542358,-2.352030038833618,3.4856181144714355
10,46,-1.3625433444976807,-0.2654760181903839,-2.6930043697357178,3.6991524696350098
10,47,-3.5562899112701416,5.26088285446167,-3.509148359298706,6.864371299743652
10,48,-1.43462073802948,1.9834734201431274,-2.5036380290985107,5.079532623291016
10,49,-0.17732885479927063,-2.337360382080078,-2.6900577545166016,3.5424609184265137
10,50,-1.5654067993164062,0.31237033009529114,-2.5644824504852295,3.8118553161621094
10,51,-0.13720756769180298,0.9576632976531982,-0.9053652882575989,2.9363412857055664
10,52,-1.1879180669784546,-1.387317180633545,-1.8544697761535645,3.8347220420837402
10,53,-0.9649907350540161,0.8503729104995728,-1.4390455484390259,2.6588315963745117
10,54,-1.8112828731536865,2.4103455543518066,-2.2992141246795654,3.911949396133423
10,55,-0.02672051638364792,-1.5128854513168335,-1.5795278549194336,3.7327189445495605
10,56,-0.38855263590812683,0.5728965997695923,-1.4588277339935303,3.3306760787963867
10,57,-3.4720396995544434,-0.23924526572227478,-4.303450107574463,5.318908214569092
10,58,0.919820249080658,-3.4966163635253906,2.300534725189209,-6.1946282386779785
10,59,-0.916078507900238,-1.9229947328567505,-2.9378128051757812,3.860776901245117
10,60,1.727036714553833,-1.0363314151763916,-0.17287492752075195,3.060962677001953
10,61,1.9774205684661865,-1.9133903980255127,1.699487328529358,-0.48963525891304016
10,62,1.985938310623169,-0.136155366897583,1.110869288444519,1.7044118642807007
10,63,-5.231354236602783,-1.4752117395401,-3.2405638694763184,4.384148597717285
10,64,-2.0982308387756348,-4.425500392913818,-3.7448558807373047,4.917822360992432
10,65,0.5406795144081116,2.512479782104492,-0.09938427060842514,3.7900984287261963
10,66,1.893112301826477,-0.3343546688556671,0.24372705817222595,3.166097640991211
10,67,1.8183702230453491,0.778810977935791,0.7129156589508057,2.810544967651367
10,68,-2.429938554763794,2.9568724632263184,-3.2418086528778076,6.152194976806641
10,69,-2.0641157627105713,2.144977569580078,-3.504531145095825,5.639161109924316
10,70,-2.3599164485931396,2.650514602661133,-2.809455394744873,4.608814716339111
10,71,0.3318161070346832,0.8420689105987549,-0.7616660594940186,3.0194602012634277
10,72,-0.7332177758216858,-0.42492058873176575,-1.8869636058807373,3.9893808364868164
10,73,-0.11888682097196579,0.010932240635156631,-2.9241909980773926,5.0945515632629395
10,74,0.8450979590415955,-4.921952724456787,-3.77016282081604,5.442145824432373
10,75,1.4762829542160034,-3.7443313598632812,2.56471848487854,-5.768224239349365
10,76,-0.674432098865509,-0.5290746688842773,-3.2087461948394775,4.429666042327881
10,77,-0.4392566978931427,1.5026291608810425,-0.9578263759613037,3.393301010131836
10,78,-2.345810651779175,2.2983899116516113,-2.6856982707977295,5.098318576812744
10,79,-2.0947535037994385,-1.7243317365646362,-2.9793832302093506,3.634652614593506
10,80,-0.3643479347229004,-3.907029151916504,-3.70184588432312,5.895080089569092
10,81,-2.286205530166626,-0.5047471523284912,-2.6558873653411865,4.388632297515869
10,82,-2.3354601860046387,2.27526593208313,-3.6815335750579834,5.491950511932373
10,83,-2.510162115097046,2.923177480697632,-3.1472699642181396,5.705380916595459
10,84,-1.7839125394821167,0.6751773953437805,-2.495054006576538,3.5694820880889893
10,85,0.9144428372383118,-2.381617546081543,-1.5030102729797363,2.511990547180176
10,86,-2.4417178630828857,1.3738962411880493,-2.8656139373779297,4.12906551361084
10,87,-0.872347891330719,-2.081430435180664,-2.7765696048736572,3.718161106109619
10,88,1.9472072124481201,-4.510908126831055,3.033226728439331,-6.2168803215026855
10,89,-1.926872968673706,-0.7150602340698242,-2.204745054244995,3.744736433029175
10,90,-1.6225908994674683,2.1726105213165283,-2.44364333152771,5.517220497131348
10,91,-1.2127821445465088,-0.3582489788532257,-2.910313367843628,4.148961067199707
10,92,-2.631822347640991,1.8339065313339233,-3.1353776454925537,4.633840084075928
10,93,-3.015883445739746,2.691396713256836,-3.5000674724578857,5.706787109375
10,94,-1.8566526174545288,-1.2504750490188599,-2.0410525798797607,4.065243244171143
10,95,-2.3153250217437744,2.3101515769958496,-3.141371726989746,5.050114154815674
10,96,0.7394663691520691,-5.4012603759765625,1.5128257274627686,-4.918056011199951
10,97,-2.2596333026885986,2.0602262020111084,-2.53948974609375,4.414771556854248
10,98,0.1242898479104042,1.985805869102478,-0.5702484250068665,3.497222423553467
10,99,0.6773244738578796,0.09589800238609314,-1.0278750658035278,3.1056747436523438
10,100,-4.352234363555908,-0.9440985918045044,-3.3691108226776123,4.802124500274658
10,101,0.03606382757425308,-0.2641608417034149,-1.5387855768203735,3.102548837661743
10,102,-0.05972129851579666,-3.971859931945801,2.040475368499756,-6.627964496612549
10,103,-0.4682854413986206,-0.06494751572608948,-1.7751028537750244,3.3933043479919434
10,104,0.15610426664352417,-2.3936591148376465,-3.2263906002044678,3.867919921875
10,105,-1.9742563962936401,1.7279607057571411,-3.0633718967437744,4.444993495941162
10,106,-1.6584570407867432,-3.6536478996276855,-4.277698993682861,4.557311534881592
10,107,-1.5103994607925415,-5.317520618438721,2.827850103378296,-6.498375415802002
10,108,0.9052401185035706,-0.9678855538368225,-1.4161654710769653,3.4813055992126465
10,109,-1.287715196609497,3.254038095474243,-1.6556113958358765,5.022767543792725
10,110,0.24054214358329773,1.0469659566879272,-0.6146536469459534,2.5689949989318848
10,111,-0.8869909644126892,2.818282127380371,-1.192525029182434,4.030610084533691
10,112,-0.5158076882362366,0.44293373823165894,-1.338101863861084,3.2243618965148926
10,113,-0.28136423230171204,-3.461459159851074,-2.2629787921905518,2.2185792922973633
10,114,-3.9790871143341064,-2.4134676456451416,-3.545199155807495,3.4470019340515137
10,115,-1.6005759239196777,-1.5370250940322876,-2.968550443649292,4.079669952392578
10,116,0.582233726978302,1.594592571258545,0.07439471036195755,2.808623790740967
10,117,-1.312532901763916,0.672117292881012,-2.3661813735961914,3.533188581466675
10,118,-0.7700117230415344,1.1748119592666626,-1.1421916484832764,3.3788208961486816
10,119,-1.49708092212677,1.97561776638031,-1.8838701248168945,3.4036521911621094
10,120,0.23695293068885803,1.7060483694076538,-0.19365769624710083,2.986933946609497
10,121,-0.6991661787033081,1.0604052543640137,-1.1273788213729858,3.0336532592773438
10,122,-3.231034517288208,2.466269016265869,-3.5212419033050537,5.676314830780029
10,123,-1.5553064346313477,0.7159565091133118,-2.347684621810913,3.57096529006958
10,124,-1.408846378326416,0.5569953322410583,-3.170616865158081,4.851742267608643
10,125,-1.2715506553649902,0.13019904494285583,-1.9221546649932861,3.210348129272461
10,126,0.30307039618492126,-3.214305877685547,-2.203043222427368,2.2675323486328125
10,127,0.0043319836258888245,-1.2014878988265991,-3.708341121673584,4.554514408111572
10,128,-1.666381597518921,1.3553155660629272,-2.6175084114074707,4.051868438720703
10,129,-3.581281900405884,3.665438652038574,-3.5690410137176514,6.246641635894775
10,130,-4.135355472564697,-1.3677536249160767,-3.399055004119873,3.4938058853149414
10,131,-0.48292604088783264,-1.000131607055664,-2.2324845790863037,3.5727474689483643
10,132,-0.9268734455108643,-2.7143056392669678,-3.5226571559906006,4.6599555015563965
10,133,-0.6685339212417603,-3.4600002765655518,-3.086186647415161,2.7726354598999023
10,134,0.40529826283454895,-3.757390260696411,1.6513853073120117,-6.111998081207275
10,135,-1.2305994033813477,1.6809817552566528,-1.7834184169769287,3.817068338394165
10,136,-5.576846599578857,1.5312687158584595,-4.507017135620117,5.9032511711120605
10,137,-2.5962893962860107,2.8945398330688477,-3.184821844100952,5.5872883796691895
10,138,0.24270781874656677,-3.055431365966797,-2.283750295639038,3.762032985687256
10,139,-1.536325216293335,-1.7970181703567505,-2.846788167953491,4.303085803985596
10,140,-2.1810731887817383,-0.055350031703710556,-3.230682134628296,4.348322868347168
10,141,-1.2022486925125122,-1.3874928951263428,-2.139336109161377,3.4482388496398926
10,142,-2.0669376850128174,1.8411152362823486,-2.16286039352417,3.796365737915039
10,143,-1.118530035018921,0.15249541401863098,-3.0683562755584717,4.415132999420166
10,144,0.9341505169868469,-1.8080588579177856,-1.5846076011657715,3.651153087615967
10,145,-3.0920209884643555,2.4974236488342285,-3.7956702709198,5.784850597381592
10,146,-0.9021239280700684,-0.17268332839012146,-1.7332773208618164,4.390556812286377
10,147,-2.4118435382843018,2.1987361907958984,-3.160499334335327,5.095765590667725
10,148,0.47016748785972595,-2.388319969177246,-1.6610517501831055,2.3046934604644775
10,149,-2.637974977493286,0.4994671046733856,-2.646820545196533,3.0820720195770264
10,150,-0.6330785751342773,1.342841625213623,-1.1392745971679688,3.5309009552001953
10,151,1.263819932937622,-2.7228193283081055,2.335446834564209,-5.0825042724609375
10,152,-1.1233181953430176,-1.0743587017059326,-1.6406259536743164,3.742319345474243
10,153,-1.2417864799499512,0.7549213767051697,-1.7486851215362549,3.102674961090088
10,154,-1.3250908851623535,3.5203959941864014,-1.513250708580017,5.248746871948242
10,155,2.0998342037200928,-2.3451621532440186,2.8094937801361084,-3.778374195098877
10,156,-6.874373435974121,0.2909315526485443,-6.537193298339844,3.312194347381592
10,157,-2.420011281967163,0.6283077001571655,-2.9540884494781494,4.562694072723389
10,158,-1.6011306047439575,1.5734572410583496,-2.468740224838257,3.783595561981201
10,159,-1.279433012008667,1.006941318511963,-2.123347282409668,3.1255548000335693
10,160,-0.5960473418235779,0.43427637219429016,-1.4230437278747559,2.8005528450012207
10,161,1.6375732421875,-2.129127025604248,2.4990766048431396,-4.222414493560791
10,162,-0.11480755358934402,-1.617021083831787,-3.192436456680298,4.158498287200928
10,163,-1.0733646154403687,-2.396192789077759,-2.6202142238616943,3.7191531658172607
10,164,0.8484917879104614,0.016754064708948135,-0.8368442058563232,3.1538140773773193
10,165,2.058670997619629,-1.2410262823104858,0.3641127645969391,2.7592263221740723
10,166,-0.2874692976474762,0.8339524269104004,-1.1501822471618652,3.2862658500671387
10,167,-1.68598473072052,-1.2792942523956299,-2.5386962890625,3.8676042556762695
10,168,-1.561631202697754,-1.39955735206604,-3.276578664779663,4.074409484863281
10,169,-2.353656053543091,3.5386106967926025,-1.9082778692245483,5.221921443939209
10,170,0.4294971525669098,-3.2641854286193848,1.0814292430877686,-4.669121742248535
10,171,-0.19001030921936035,-1.6903009414672852,-2.237945795059204,3.5918939113616943
10,172,-2.8329708576202393,1.6651806831359863,-3.299730062484741,4.97154426574707
10,173,-0.872347891330719,-2.081430435180664,-2.7765696048736572,3.718161106109619
10,174,-1.6005759239196777,-1.5370250940322876,-2.968550443649292,4.079669952392578
10,175,-1.08466637134552,0.002713773399591446,-2.6070950031280518,4.074423313140869
10,176,-2.413684844970703,1.1836137771606445,-2.7924468517303467,4.217927932739258
10,177,0.5479020476341248,-2.8212623596191406,-0.7647550702095032,-0.2868519127368927
10,178,-3.734921455383301,5.2363972663879395,-3.6818881034851074,6.871692180633545
10,179,-1.3997430801391602,0.5225098133087158,-2.5273635387420654,3.7769203186035156
10,180,-1.6005759239196777,-1.5370250940322876,-2.968550443649292,4.079669952392578
10,181,-1.1398913860321045,0.4723176956176758,-2.1210551261901855,3.592460870742798
10,182,0.7091663479804993,-4.457181453704834,-1.4069314002990723,0.41620132327079773
10,183,-2.8174798488616943,1.89486825466156,-3.1703062057495117,4.8368377685546875
10,184,-2.396785020828247,2.9000015258789062,-3.2649636268615723,5.2201642990112305
10,185,-1.0163521766662598,-0.5479044914245605,-3.0297691822052,4.030045032501221
10,186,-1.3179728984832764,0.0498981811106205,-2.375580310821533,3.4814913272857666
10,187,-3.106973886489868,2.9201550483703613,-3.565589666366577,5.7757744789123535
10,188,-1.1033377647399902,-1.6297341585159302,-2.4855148792266846,3.5933914184570312
10,189,-0.7168682217597961,-2.7538979053497314,-2.4122366905212402,3.4756147861480713
10,190,-0.03405677527189255,-1.374121904373169,-2.5855093002319336,3.70198392868042
10,191,-1.1305480003356934,0.4924143850803375,-3.947274923324585,5.575103282928467
10,192,-1.9986300468444824,2.7941269874572754,-2.756680727005005,5.50337028503418
10,193,-2.9042115211486816,3.2001776695251465,-3.803481101989746,6.09431266784668
10,194,-4.2450761795043945,5.787456512451172,-3.8604671955108643,7.062455654144287
10,195,-0.29485756158828735,1.1122721433639526,-0.6370771527290344,2.6376373767852783
10,196,-1.4280025959014893,1.6988376379013062,-2.048748016357422,4.1317009925842285
10,197,-0.9095707535743713,-1.4180185794830322,-2.9849026203155518,3.8950881958007812
10,198,-2.256288766860962,1.0665559768676758,-2.1051881313323975,3.8414855003356934
10,199,-0.8163070678710938,0.6330729722976685,-4.072768688201904,6.000918865203857
10,200,-0.738917350769043,-1.168199062347412,-2.5845248699188232,3.5119619369506836
10,201,-0.8285059332847595,-3.682713031768799,-3.832421064376831,3.1190247535705566
10,202,-0.26520124077796936,-1.4382692575454712,-2.671882390975952,4.116820812225342
10,203,-0.42582938075065613,1.54043447971344,-1.7292888164520264,3.530205249786377
10,204,-4.55948543548584,6.320367813110352,-3.9716784954071045,7.133156776428223
10,205,1.900227427482605,-2.625098705291748,-1.0399342775344849,4.1480889320373535
10,206,2.1143388748168945,-2.795053243637085,2.7224767208099365,-4.175792217254639
10,207,3.2963500022888184,-2.4318912029266357,3.6413583755493164,-3.003544569015503
10,208,1.5064465999603271,1.741793155670166,1.3045648336410522,2.2500927448272705
10,209,0.6068819761276245,-3.333165168762207,-1.2510387897491455,0.9308529496192932
10,210,-0.1919262409210205,-0.326336532831192,-3.217083692550659,4.798898696899414
10,211,1.7538412809371948,-2.042590618133545,0.931688129901886,1.301308512687683
10,212,1.5932776927947998,-0.7557052969932556,-0.1903003752231598,2.73152494430542
10,213,0.5002040266990662,0.582861065864563,-0.8917471766471863,3.042072296142578
10,214,-3.107398271560669,-0.24161258339881897,-2.9080851078033447,3.8620219230651855
10,215,-0.8315481543540955,2.620020866394043,-1.6106767654418945,4.514578819274902
10,216,1.4462732076644897,-3.6052968502044678,2.7345664501190186,-6.119325160980225
10,217,1.298838496208191,-3.720705270767212,2.5827934741973877,-6.0371527671813965
10,218,0.4491020143032074,-2.905890941619873,1.6317825317382812,-5.312702655792236
10,219,-4.311783313751221,-1.4242756366729736,-3.790339708328247,4.392002105712891
10,220,-1.6063884496688843,3.5373265743255615,-2.107741117477417,5.4142374992370605
10,221,1.2291381359100342,-1.009894847869873,-0.9373281598091125,3.2448275089263916
10,222,1.0810030698776245,-4.1843695640563965,2.5174877643585205,-6.285501003265381
10,223,0.8180321455001831,-2.5473668575286865,2.815918207168579,-6.857059478759766
10,224,1.1534563302993774,-0.9732893705368042,-0.6618769764900208,2.7952167987823486
10,225,1.4092375040054321,-0.4431018531322479,1.4381502866744995,-0.45114028453826904
10,226,-1.984575629234314,1.1291241645812988,-2.834182024002075,4.4846510887146
10,227,0.7267577052116394,-1.2096362113952637,-1.6649587154388428,3.5910325050354004
10,228,-3.208660125732422,-1.2535367012023926,-3.071115732192993,3.614471673965454
10,229,-1.3600127696990967,0.4273396134376526,-2.8349967002868652,4.305094242095947
10,230,-0.3212915360927582,-0.4526020586490631,-2.81502366065979,4.547822952270508
10,231,2.090437412261963,-2.103731632232666,2.724036931991577,-2.8394811153411865
10,232,1.2609357833862305,-1.5979233980178833,-1.146414041519165,3.3013758659362793
10,233,0.21809640526771545,1.1840671300888062,-1.5530930757522583,4.2127485275268555
10,234,-1.9825841188430786,-0.7916970252990723,-3.517024278640747,5.106635570526123
10,235,0.2905082404613495,-4.295812129974365,2.439361333847046,-6.648453235626221
10,236,-0.10193970054388046,-0.5149160623550415,-2.7438390254974365,4.334270000457764
10,237,2.061082363128662,-5.128323554992676,3.095625162124634,-6.387589931488037
10,238,0.40411508083343506,-1.9612648487091064,-2.519078016281128,3.424233913421631
10,239,-3.5225794315338135,1.3009434938430786,-3.9118564128875732,4.94906759262085
10,240,-1.9174220561981201,1.250463604927063,-2.4722232818603516,3.3268613815307617
10,241,0.4996853172779083,-3.7595419883728027,2.0832693576812744,-6.800852298736572
10,242,2.5713770389556885,-2.4820382595062256,3.1367499828338623,-3.7437243461608887
10,243,0.26955708861351013,-1.2188034057617188,-1.8314054012298584,4.232021808624268
10,244,-0.9268734455108643,-2.7143056392669678,-3.5226571559906006,4.6599555015563965
10,245,-0.24598711729049683,-2.128377676010132,-3.3935563564300537,4.2531304359436035
10,246,-1.774945855140686,-2.25663161277771,-2.8020451068878174,4.314542293548584
10,247,0.05363955348730087,-1.8019322156906128,-3.6414999961853027,4.507826328277588
10,248,-1.9385210275650024,-2.0318987369537354,-2.980065107345581,3.5797858238220215
10,249,-1.1320843696594238,-1.2138432264328003,-2.782464027404785,3.825093984603882
10,250,1.8794317245483398,-2.2762861251831055,2.5290675163269043,-3.4730257987976074
10,251,-2.6372814178466797,2.5218663215637207,-3.8463947772979736,5.658178806304932
10,252,-2.2525272369384766,-2.0706937313079834,-3.6415016651153564,3.9657955169677734
10,253,-2.954207181930542,-0.32516178488731384,-3.6044015884399414,4.894836902618408
10,254,1.311902403831482,-3.2180824279785156,2.383422613143921,-6.026246547698975
10,255,-2.903867244720459,-2.2768192291259766,-3.56819748878479,3.1264772415161133
10,256,-1.8021571636199951,-1.4453120231628418,-2.3645060062408447,3.7640979290008545
10,257,-2.2074546813964844,1.348837971687317,-2.133030652999878,3.7082667350769043
10,258,-2.0893492698669434,1.6469659805297852,-2.946640729904175,5.001138210296631
10,259,-0.6432283520698547,1.7372480630874634,-1.3586983680725098,3.7599334716796875
10,260,-2.3313658237457275,1.3181753158569336,-2.4607596397399902,4.163168430328369
10,261,1.4079653024673462,-3.7824769020080566,2.5404202938079834,-5.904577255249023
10,262,-0.5311858654022217,-3.4319918155670166,-0.940259575843811,0.039873573929071426
10,263,-4.16399621963501,4.262739658355713,-4.212677478790283,6.504012584686279
10,264,-1.4069187641143799,-2.4326133728027344,-3.0567080974578857,3.47979736328125
10,265,0.8711089491844177,-3.9747085571289062,2.3515312671661377,-6.257259845733643
10,266,-2.4050371646881104,2.3686420917510986,-2.7009756565093994,4.474598407745361
10,267,1.2060449123382568,-0.414228618144989,-0.5196593403816223,3.3758559226989746
10,268,-1.0966262817382812,0.340360552072525,-2.2341420650482178,3.190793752670288
10,269,-1.709834337234497,-1.0964229106903076,-2.6688954830169678,3.941592216491699
10,270,-2.616410732269287,-0.8745309114456177,-2.8192059993743896,3.2875702381134033
10,271,-4.4090471267700195,3.7053298950195312,-4.357306957244873,6.384256839752197
10,272,-0.9354386925697327,-1.2826745510101318,-3.5377767086029053,4.915241718292236
10,273,0.5664531588554382,-3.4373416900634766,2.140282154083252,-6.728188991546631
10,274,-1.3956013917922974,-2.1273741722106934,-3.167985200881958,4.001612186431885
10,275,-3.661386728286743,1.7804733514785767,-4.170894622802734,5.406987190246582
10,276,-3.3725359439849854,0.706375241279602,-3.189981698989868,5.259416103363037
10,277,-2.710275411605835,-1.6955194473266602,-3.6522507667541504,3.9753336906433105
10,278,-0.020921774208545685,-0.2557816803455353,-2.891890287399292,4.228129863739014
10,279,-1.308454155921936,0.7359567284584045,-1.9817110300064087,3.3133130073547363
10,280,-0.02446121722459793,-1.031180739402771,-4.108375072479248,5.230454444885254
10,281,-0.49861064553260803,0.13711169362068176,-4.364725112915039,5.7180681228637695
10,282,-2.1679275035858154,-0.22393491864204407,-3.343757152557373,4.394482612609863
10,283,-3.5080440044403076,-0.73423832654953,-2.635746717453003,3.3175554275512695
10,284,-0.7514181137084961,2.2384486198425293,-1.1180909872055054,3.873429298400879
10,285,1.8727514743804932,0.4065871238708496,0.6655435562133789,2.8773231506347656
10,286,-0.4918522238731384,1.5941380262374878,-1.2875030040740967,3.718510627746582
10,287,1.203423023223877,-1.1953178644180298,-1.2261571884155273,3.1507303714752197
10,288,0.4811829626560211,-0.5418680310249329,-2.700364351272583,4.287229061126709
10,289,0.07155097275972366,-0.024907555431127548,-4.796416282653809,6.21751594543457
10,290,2.0006844997406006,-2.7606115341186523,3.0342862606048584,-4.894798755645752
10,291,0.401571661233902,0.08746150135993958,-1.6596128940582275,3.5984199047088623
10,292,-4.6344194412231445,-1.4694867134094238,-4.409140110015869,4.644815444946289
10,293,-3.643284559249878,2.6248104572296143,-3.5754916667938232,5.965943813323975
10,294,-0.1800192892551422,-0.5722079277038574,-2.6680829524993896,4.522644519805908
10,295,-3.7937700748443604,-1.7580668926239014,-3.549537181854248,3.081371784210205
10,296,-0.11480755358934402,-1.617021083831787,-3.192436456680298,4.158498287200928
10,297,0.0932076945900917,1.8010894060134888,-0.5674713850021362,3.5429368019104004
10,298,1.1371225118637085,-1.3981966972351074,-1.4608194828033447,3.6687803268432617
10,299,-3.395846128463745,6.320926189422607,-3.1680185794830322,7.201490879058838
10,300,-1.4298489093780518,1.1129471063613892,-2.5647153854370117,4.153079509735107
10,301,-1.129218339920044,-1.4367603063583374,-2.624027967453003,3.690113067626953
10,302,1.7982144355773926,-2.5689022541046143,2.635746717453003,-4.4168009757995605
10,303,1.0490748882293701,-1.6310042142868042,2.4394447803497314,-5.46613883972168
10,304,1.97975754737854,-2.2128682136535645,2.6872119903564453,-3.962681770324707
10,305,1.7446471452713013,-0.878085732460022,-0.027615748345851898,2.9746015071868896
10,306,1.7695221900939941,-0.8133128881454468,1.8321316242218018,-0.8996021747589111
10,307,2.0023033618927,-2.3828327655792236,2.7330334186553955,-4.205646991729736
10,308,-0.049036405980587006,-1.1652120351791382,-3.087362766265869,4.1249470710754395
10,309,-1.5701022148132324,-1.468947172164917,-2.409205675125122,4.063029766082764
10,310,2.4427523612976074,-2.7339394092559814,3.130547523498535,-4.28297233581543
10,311,2.7921674251556396,-1.0152239799499512,2.7606985569000244,-0.9615770578384399
10,312,-0.17429155111312866,1.3081923723220825,-1.8858152627944946,4.5810041427612305
10,313,0.4039733409881592,-3.969151020050049,-3.2931220531463623,4.267512798309326
10,314,0.11414249986410141,-2.185408353805542,-2.8628432750701904,3.7418742179870605
10,315,0.3714163601398468,0.25071582198143005,-1.282393455505371,3.524935245513916
10,316,-0.7310734987258911,0.925410270690918,-1.2899749279022217,2.7627172470092773
10,317,-1.9066834449768066,-1.5259451866149902,-2.2426512241363525,4.439357280731201
10,318,0.07890406996011734,2.1218678951263428,-0.7106017470359802,3.633281707763672
10,319,0.9290024638175964,-0.6428483128547668,-1.0328171253204346,3.144397258758545
10,320,-0.5838959813117981,-0.4234464466571808,-2.328911066055298,3.3008923530578613
10,321,0.35698240995407104,-1.960549235343933,-2.048142433166504,3.2950172424316406
10,322,-2.3930552005767822,-3.3480215072631836,-3.674103021621704,2.021068811416626
10,323,-2.0748908519744873,1.477944016456604,-1.9735803604125977,3.558051109313965
10,324,3.3445913791656494,-1.859962821006775,3.6359715461730957,-2.2231802940368652
10,325,2.3805880546569824,-2.809462785720825,3.0459721088409424,-4.136337757110596
10,326,3.001246690750122,-1.5049442052841187,3.275797128677368,-1.958197832107544
10,327,2.440363883972168,-0.0034496746957302094,2.2157018184661865,0.1699543297290802
10,328,0.9432273507118225,0.240982323884964,0.5441200733184814,1.5693296194076538
10,329,2.3984673023223877,-1.3502259254455566,1.7054988145828247,1.2368106842041016
10,330,2.3639402389526367,-0.3501523435115814,1.6854114532470703,0.772955060005188
10,331,0.9214751124382019,1.9416569471359253,0.20817464590072632,3.2989439964294434
10,332,-0.6895757913589478,4.275441646575928,-1.1731157302856445,5.6769700050354
10,333,-1.2709014415740967,1.9625428915023804,-2.615980863571167,4.715003490447998
10,334,1.3807225227355957,-3.204684019088745,2.522329092025757,-5.821723461151123
10,335,0.6304376125335693,-2.5222578048706055,-1.7212028503417969,4.001562595367432
10,336,-0.1027185246348381,-0.10630747675895691,-1.947504997253418,3.660170078277588
10,337,0.7412530779838562,0.15485027432441711,-0.8168929815292358,3.205911159515381
10,338,-1.2657361030578613,-0.8126477599143982,-2.2181148529052734,3.8331971168518066
10,339,0.3974485695362091,-2.1009395122528076,-2.891035795211792,4.454061031341553
10,340,2.0011086463928223,-1.7679256200790405,2.3440728187561035,-2.7060654163360596
10,341,1.179943561553955,-0.18559220433235168,-0.5980715155601501,3.38869571685791
10,342,-2.245347261428833,1.3585177659988403,-2.2264373302459717,3.8815195560455322
10,343,1.2664698362350464,-4.977910041809082,2.772890090942383,-6.674594879150391
10,344,0.2887002229690552,-3.958813190460205,2.124932050704956,-6.795551776885986
10,345,-3.338191270828247,-1.0883537530899048,-2.4946842193603516,3.714509963989258
10,346,-2.5518250465393066,3.8234970569610596,-3.0341637134552,6.220489978790283
10,347,-3.094874620437622,0.838379979133606,-3.178654670715332,3.3064866065979004
10,348,3.725308656692505,-2.9457154273986816,4.028876304626465,-3.507263422012329
10,349,3.068223237991333,-1.59853196144104,3.3392539024353027,-1.5632635354995728
10,350,2.341688871383667,-0.10223659873008728,2.05855393409729,0.043534282594919205
10,351,3.0614750385284424,-1.7080451250076294,3.281083822250366,-2.007782459259033
10,352,1.052149772644043,0.44963538646698,-0.16790124773979187,2.674023151397705
10,353,1.2386133670806885,1.0017069578170776,0.658683717250824,2.0105929374694824
10,354,0.8393744826316833,-1.2390387058258057,-1.8763189315795898,3.890939950942993
10,355,-1.1181578636169434,-1.014629602432251,-3.0624325275421143,4.613779544830322
10,356,-1.129218339920044,-1.4367603063583374,-2.624027967453003,3.690113067626953
10,357,-0.4458232820034027,3.6586813926696777,-0.8471491932868958,5.171635150909424
10,358,-0.23491713404655457,2.938939094543457,-0.5961443781852722,4.142343044281006
10,359,-0.7716816067695618,2.644214391708374,-1.2319107055664062,4.20869255065918
10,360,-0.9938920736312866,2.5130510330200195,-1.6632707118988037,4.637307643890381
10,361,1.9590718746185303,-0.9458808302879333,0.13875386118888855,2.762404680252075
10,362,3.6058270931243896,-2.4973020553588867,3.8565030097961426,-3.0082921981811523
10,363,0.4800656735897064,-0.0032640956342220306,-1.8523669242858887,4.111347675323486
10,364,0.6055348515510559,-1.7552014589309692,-2.118741273880005,3.6848864555358887
10,365,-1.5654067993164062,0.31237033009529114,-2.5644824504852295,3.8118553161621094
10,366,0.8711089491844177,-3.9747085571289062,2.3515312671661377,-6.257259845733643
10,367,0.7882071733474731,-4.634898662567139,2.744619846343994,-6.803690433502197
10,368,0.3694393038749695,0.13927629590034485,-1.5032262802124023,3.4033203125
10,369,1.2757716178894043,0.5452940464019775,-0.20705220103263855,3.2458510398864746
10,370,-1.1079461574554443,-0.6402879357337952,-3.0545506477355957,4.352128028869629
10,371,-1.0376451015472412,-3.7013161182403564,-2.5512397289276123,3.120429039001465
10,372,-4.100175380706787,-0.6901330351829529,-4.0179972648620605,3.5471744537353516
10,373,-0.10177134722471237,0.18852755427360535,-1.429352879524231,3.511131763458252
10,374,-0.38917621970176697,2.297661304473877,-1.0952372550964355,3.645421028137207
10,375,1.4961276054382324,-0.28101179003715515,-0.23277097940444946,2.787879467010498
10,376,0.42758241295814514,2.2298130989074707,-0.3393818438053131,3.609372615814209
10,377,0.4456970989704132,1.4013344049453735,-0.13134872913360596,2.8768622875213623
10,378,0.5055182576179504,1.5211471319198608,-0.3914642035961151,3.0465409755706787
10,379,0.18933621048927307,0.409663587808609,-1.1770339012145996,3.4461307525634766
10,380,-0.01554887741804123,-0.04458942636847496,-1.736983299255371,3.2350001335144043
10,381,-0.8061908483505249,0.08508464694023132,-2.8017098903656006,4.069424152374268
10,382,-1.5654067993164062,0.31237033009529114,-2.5644824504852295,3.8118553161621094
10,383,-0.42733559012413025,3.399996042251587,-0.6071838736534119,4.587169170379639
10,384,-2.3719065189361572,7.132706165313721,-2.414900064468384,7.0407938957214355
10,385,-3.1281230449676514,6.74794864654541,-2.953371047973633,7.250725746154785
10,386,-3.866161346435547,2.7252516746520996,-4.152360439300537,5.849738121032715
10,387,0.7333865761756897,-3.3180959224700928,2.646955966949463,-6.7942962646484375
10,388,-0.060118697583675385,0.6788476705551147,-1.180930495262146,3.2940943241119385
10,389,2.056776762008667,-3.2022933959960938,2.9252262115478516,-5.066796779632568
10,390,2.0768916606903076,-5.245705604553223,3.1587817668914795,-6.736141681671143
10,391,0.5217351913452148,-1.1559861898422241,2.46393084526062,-6.192495822906494
10,392,0.7427310943603516,-3.489060640335083,2.2788403034210205,-6.601024150848389
10,393,-0.2628398835659027,-2.359846591949463,-3.105985403060913,4.509521007537842
10,394,-1.1454927921295166,0.7192556858062744,-2.08870267868042,3.659374952316284
10,395,1.6818382740020752,-2.238762378692627,2.455519437789917,-4.179815769195557
10,396,2.2455174922943115,-0.4386976659297943,1.8875664472579956,0.0518052913248539
10,397,-2.712043285369873,4.64180850982666,-3.001277208328247,6.802575588226318
10,398,-1.6445972919464111,4.614638805389404,-1.959418773651123,6.3381266593933105
10,399,2.0560731887817383,-2.3026342391967773,2.8298637866973877,-4.364821910858154
10,400,1.4272816181182861,-2.334188222885132,2.6127617359161377,-5.401364326477051
10,401,-0.4357932507991791,0.37761297821998596,-2.814296007156372,4.553882122039795
10,402,0.8392524123191833,-1.8897091150283813,-1.968968152999878,3.994748592376709
10,403,-0.7678818106651306,-0.6097283363342285,-1.9898513555526733,3.9752535820007324
10,404,-0.1262456476688385,1.395245909690857,-0.5227786302566528,2.669370651245117
10,405,-1.1172586679458618,2.9974122047424316,-1.707270860671997,4.922709941864014
10,406,0.8015193939208984,2.7149500846862793,0.26779916882514954,3.6667182445526123
10,407,-0.8958591222763062,2.834670066833496,-1.9416953325271606,5.069547176361084
10,408,1.7762207984924316,0.7154586315155029,0.6714353561401367,2.443963050842285
10,409,3.549056053161621,-2.4837417602539062,3.8877594470977783,-3.124523639678955
10,410,3.039170980453491,-3.6328139305114746,3.822039842605591,-4.944077968597412
10,411,0.2634071111679077,-0.07866737246513367,-4.343244552612305,5.839320659637451
10,412,-1.2430236339569092,1.609728217124939,-1.432311773300171,3.5914011001586914
10,413,-3.2097654342651367,-1.5684829950332642,-3.7407169342041016,4.439631938934326
10,414,-0.8876552581787109,0.8290627598762512,-2.0719103813171387,3.9010448455810547
10,415,-1.1320843696594238,-1.2138432264328003,-2.782464027404785,3.825093984603882
10,416,-3.240483522415161,2.118915319442749,-3.5314035415649414,5.4260993003845215
10,417,-2.529352903366089,2.6200027465820312,-3.1794986724853516,5.311920642852783
10,418,0.5674871802330017,2.5484445095062256,0.1300922930240631,3.5462284088134766
10,419,0.9288721680641174,0.2859255373477936,-0.1415722668170929,2.673177719116211
10,420,1.7067855596542358,-3.3451008796691895,2.7274935245513916,-5.778248310089111
10,421,-0.594610869884491,-0.38774004578590393,-2.157686471939087,4.4491868019104
10,422,-1.1413002014160156,1.086029291152954,-2.932781457901001,5.01553201675415
10,423,1.2652727365493774,-3.526130437850952,2.670768976211548,-6.775816440582275
10,424,-4.526676177978516,6.10747766494751,-3.991898775100708,7.097259998321533
10,425,1.1198129653930664,0.17420873045921326,-0.6041662096977234,3.572786808013916
10,426,-1.853224754333496,1.645741581916809,-1.9626797437667847,4.098621368408203
10,427,1.1627159118652344,-0.10743704438209534,-0.7396411895751953,3.3771071434020996
10,428,3.0562050342559814,-1.6193739175796509,3.3495867252349854,-2.043180227279663
10,429,2.1479451656341553,-0.901656985282898,2.149951696395874,-1.1047320365905762
10,430,1.9600837230682373,-0.2709290087223053,0.3514420688152313,2.7747039794921875
10,431,3.0867393016815186,-1.6725692749023438,3.320012092590332,-2.0594027042388916
10,432,3.47062087059021,-3.0163345336914062,4.024779319763184,-3.9721298217773438
10,433,2.1629526615142822,-3.5225818157196045,3.3750627040863037,-5.920530796051025
10,434,0.33657363057136536,-2.6534292697906494,-2.148078441619873,2.4554667472839355
10,435,1.0768828392028809,-1.9768465757369995,-1.2833622694015503,4.119575023651123
10,436,-1.398594617843628,-5.1953277587890625,-1.429097294807434,-1.4721043109893799
10,437,0.4652937352657318,-2.567169189453125,2.219658374786377,-6.511875629425049
10,438,-4.207705497741699,-1.7482212781906128,-3.9013421535491943,4.350168704986572
10,439,-0.1346227526664734,-4.949617862701416,2.4862029552459717,-6.712449073791504
10,440,0.6795539855957031,-4.51330041885376,-3.163484811782837,4.066548824310303
10,441,2.5164735317230225,-0.205836683511734,1.666740894317627,1.7882171869277954
10,442,0.9464303851127625,-1.2422529458999634,-1.5794072151184082,3.642875909805298
10,443,1.8220986127853394,-5.283196449279785,3.011845111846924,-6.632838726043701
10,444,-0.6484120488166809,0.8370727300643921,-1.832998275756836,3.429999828338623
10,445,-1.8428938388824463,2.235208034515381,-2.089710235595703,4.335953712463379
10,446,-0.7274202108383179,0.6678044199943542,-2.0320866107940674,3.757736921310425
10,447,0.10756587237119675,-2.959944725036621,-3.588759183883667,3.9111685752868652
10,448,2.0502066612243652,-1.8810909986495972,2.3236138820648193,-2.606201171875
10,449,1.813183069229126,-0.9610179662704468,0.001805432140827179,2.776376724243164
10,450,0.34163153171539307,2.0405611991882324,-0.22775641083717346,3.5229177474975586
10,451,1.6385427713394165,-0.9864721298217773,1.6848230361938477,-0.8690804243087769
10,452,1.2394713163375854,-3.864847183227539,2.8123531341552734,-6.472784519195557
10,453,1.8394131660461426,-4.1715006828308105,2.9739458560943604,-6.042993545532227
10,454,-0.9383836388587952,-0.15553191304206848,-3.0661606788635254,4.491330623626709
10,455,-2.718473196029663,2.7688350677490234,-3.5706913471221924,5.784107685089111
10,456,1.7889572381973267,-0.9768477082252502,1.734177827835083,-0.7278778553009033
10,457,0.6760173439979553,-1.841713786125183,2.615950345993042,-6.566613674163818
10,458,-0.969504714012146,0.18254169821739197,-1.5380862951278687,3.233503580093384
10,459,0.6415038704872131,-3.076935291290283,2.28428053855896,-6.739811420440674
10,460,-0.4557565748691559,-1.6719794273376465,-2.9784862995147705,4.067777156829834
10,461,0.3667696416378021,-1.104726791381836,-2.542811632156372,3.9553442001342773
10,462,-1.505513310432434,-1.7979226112365723,-2.700124502182007,3.9141740798950195
10,463,1.1593681573867798,-3.0048887729644775,2.426950693130493,-5.785279273986816
10,464,-3.544997453689575,-1.7311242818832397,-3.241295576095581,2.9646646976470947
10,465,-0.2151196300983429,-1.8098093271255493,-3.0028531551361084,4.254745006561279
10,466,-1.3731293678283691,1.1954383850097656,-2.032182455062866,3.8284149169921875
10,467,0.034013666212558746,1.5792092084884644,-0.9810947775840759,3.4192512035369873
10,468,0.2919567823410034,3.046623468399048,-0.16703277826309204,4.183913707733154
10,469,-0.3654658794403076,1.2408643960952759,-0.7627593874931335,2.7313761711120605
10,470,3.9472529888153076,-4.659508228302002,4.114739418029785,-5.159190654754639
10,471,-2.1212124824523926,0.8060145378112793,-3.8178133964538574,5.404494762420654
10,472,-2.44972825050354,1.8066784143447876,-3.3565127849578857,4.950924396514893
10,473,1.1612035036087036,-1.503102421760559,-1.0779780149459839,3.0706348419189453
10,474,0.4875945746898651,1.7675460577011108,-0.5474278330802917,3.494123935699463
10,475,1.9113895893096924,-3.0546889305114746,0.5061257481575012,-0.4407881200313568
10,476,1.0119990110397339,-3.748539447784424,-1.913499116897583,2.915513038635254
10,477,1.4755483865737915,-2.2669339179992676,1.8094158172607422,-2.138315439224243
10,478,-1.5047531127929688,-0.7961822748184204,-3.0749330520629883,4.402337074279785
10,479,0.3863932490348816,-3.214095115661621,-2.7111737728118896,3.6334140300750732
10,480,-1.966325283050537,-0.7280412316322327,-1.7251176834106445,3.5703110694885254
10,481,0.11773250252008438,1.7308484315872192,-0.38033273816108704,3.1559808254241943
10,482,-3.9280617237091064,-1.0808786153793335,-3.2229037284851074,4.064122676849365
10,483,0.5602288842201233,1.2061322927474976,-0.500097930431366,3.1115078926086426
10,484,3.773505926132202,-3.264392614364624,4.066512107849121,-3.853370189666748
10,485,1.6735267639160156,-1.8930119276046753,2.3753879070281982,-3.6625640392303467
10,486,1.3937803506851196,-2.929983139038086,2.6623706817626953,-5.82034969329834
10,487,0.5156988501548767,-3.3060197830200195,2.133955717086792,-6.617290019989014
10,488,0.7949212193489075,-2.5254154205322266,0.6557188630104065,-3.039917230606079
10,489,0.0558919683098793,-4.410134792327881,1.695847511291504,-5.395846843719482
10,490,-1.8876752853393555,-0.5344479084014893,-2.8691177368164062,4.1663126945495605
10,491,-0.5352639555931091,-1.4448966979980469,-2.7327992916107178,3.6322083473205566
10,492,-0.39295560121536255,-1.4816101789474487,-4.0721611976623535,4.787276744842529
10,493,-0.314680278301239,-2.7690606117248535,-2.975999593734741,3.7888522148132324
10,494,-1.0262916088104248,0.6989009380340576,-1.506466269493103,3.027240753173828
10,495,-1.063990592956543,0.07706066966056824,-2.797276258468628,4.243133544921875
10,496,0.09444469958543777,-0.31137993931770325,-3.525904417037964,4.935235023498535
10,497,-2.518550395965576,-3.8174173831939697,-3.2319273948669434,3.550025463104248
10,498,1.184798002243042,-1.3563966751098633,-1.4900790452957153,3.529935836791992
10,499,3.9354193210601807,-4.746423721313477,4.083506107330322,-5.20161771774292
10,500,0.20233598351478577,-3.139700412750244,-2.56988787651062,2.962996482849121
10,501,-1.129218339920044,-1.4367603063583374,-2.624027967453003,3.690113067626953
10,502,0.4608707129955292,-1.7305766344070435,-2.1793930530548096,3.517827033996582
10,503,0.7929089069366455,-0.5099149942398071,-1.4364454746246338,3.740581512451172
10,504,1.748687505722046,-2.7209632396698,2.1221320629119873,-2.756103754043579
10,505,-1.1535508632659912,0.7835776805877686,-2.0043678283691406,3.1268579959869385
10,506,-1.0249404907226562,0.9486714005470276,-1.419363021850586,2.890087127685547
10,507,1.2468647956848145,-2.3374381065368652,-0.9728255867958069,2.1021523475646973
10,508,1.616409182548523,-2.341958522796631,-0.18685400485992432,3.6995949745178223
10,509,1.601032018661499,-3.9823157787323,2.866196393966675,-6.234292507171631
10,510,1.560202717781067,-3.1141793727874756,2.7921338081359863,-5.782105922698975
10,511,-1.4643021821975708,-0.6181588172912598,-3.084319829940796,4.229188442230225
10,512,-1.9194995164871216,0.7941749095916748,-2.576430559158325,3.5253987312316895
10,513,-1.0116838216781616,0.5376859903335571,-2.4135429859161377,3.8050448894500732
10,514,0.8949736952781677,-2.3587899208068848,2.4836204051971436,-6.263514518737793
10,515,1.835137128829956,-3.572450637817383,3.056300640106201,-5.951100826263428
10,516,-0.20534023642539978,0.052962932735681534,-2.51224422454834,4.053122043609619
10,517,-3.402360439300537,2.1670048236846924,-4.014708518981934,5.938697338104248
10,518,0.10756587237119675,-2.959944725036621,-3.588759183883667,3.9111685752868652
10,519,-0.8306736350059509,0.20200803875923157,-2.4716830253601074,3.620948314666748
10,520,-0.39270541071891785,2.1747565269470215,-1.0086381435394287,3.7156147956848145
10,521,1.682568907737732,-2.9164133071899414,2.728814125061035,-5.3617262840271
10,522,-2.9262492656707764,3.183157444000244,-2.9569971561431885,5.845122814178467
10,523,1.8133299350738525,-2.93552565574646,2.558865785598755,-4.6087446212768555
10,524,-1.258981466293335,-0.6600069403648376,-3.5651352405548096,5.174028396606445
10,525,-3.3368780612945557,-0.26564821600914,-3.0776031017303467,4.193587779998779
10,526,-0.0017409250140190125,1.085536241531372,-0.6943041682243347,2.8788013458251953
10,527,0.6999750137329102,-2.8778533935546875,2.685779333114624,-6.908902168273926
10,528,0.4942615330219269,-1.6383476257324219,2.236173629760742,-5.777055263519287
10,529,1.538765549659729,-0.11670616269111633,-0.2344266176223755,3.1085188388824463
10,530,1.3134818077087402,-1.7648462057113647,2.6173183917999268,-4.684837818145752
10,531,-0.4697475731372833,2.152517080307007,-0.8688857555389404,3.5002126693725586
10,532,1.0762344598770142,-0.9025945663452148,-1.0560764074325562,3.1918716430664062
10,533,0.6794781684875488,-0.40796443819999695,-1.20102858543396,3.090806007385254
10,534,-2.2070281505584717,2.8421802520751953,-2.6569955348968506,5.075644016265869
10,535,1.0231356620788574,-0.12721505761146545,-1.0696237087249756,4.18475866317749
10,536,0.3034931719303131,-3.5712063312530518,-2.367276906967163,4.233845233917236
10,537,-0.47409766912460327,-0.17614302039146423,-1.5426311492919922,3.1477766036987305
10,538,-3.115259885787964,0.21720680594444275,-3.9191436767578125,5.577527046203613
10,539,-1.152367115020752,2.701263904571533,-1.7770471572875977,4.87417459487915
10,540,-0.32682448625564575,2.5076324939727783,-0.7697316408157349,3.8690435886383057
10,541,-0.8277461528778076,3.3532938957214355,-0.8891072869300842,4.724054336547852
10,542,3.231407403945923,-3.6024677753448486,3.8767240047454834,-4.70454216003418
10,543,2.361185073852539,-3.7735323905944824,3.169102907180786,-5.219120025634766
10,544,-2.3223936557769775,1.696362853050232,-3.229945421218872,4.446705341339111
10,545,-1.1565266847610474,-1.299887776374817,-3.176835298538208,4.477616786956787
10,546,-3.174330949783325,-0.26024314761161804,-2.340644598007202,3.264991044998169
10,547,-0.7429863810539246,-3.3061790466308594,0.5071715712547302,-4.826091766357422
10,548,-0.8629867434501648,-2.6194238662719727,-2.9560446739196777,3.962144613265991
10,549,-1.166609287261963,-3.428471803665161,-2.926208734512329,2.3773887157440186
10,550,0.9187416434288025,-0.8663982152938843,-1.266757607460022,3.1688942909240723
10,551,-1.505513310432434,-1.7979226112365723,-2.700124502182007,3.9141740798950195
10,552,-1.7662001848220825,-1.0975898504257202,-3.5870625972747803,4.83141565322876
10,553,-0.5876750349998474,-0.14940288662910461,-2.171010732650757,3.500842571258545
10,554,-1.387455701828003,2.831282377243042,-2.043473482131958,5.094572067260742
10,555,-1.6635240316390991,5.906769752502441,-1.886949062347412,6.971991539001465
10,556,-2.1055140495300293,2.921032428741455,-2.7944328784942627,5.609030246734619
10,557,-1.0552952289581299,1.887778878211975,-1.7257270812988281,3.435506582260132
10,558,0.16950532793998718,-2.76127290725708,-2.4641566276550293,3.476435661315918
10,559,1.1537549495697021,-3.3779029846191406,2.441380739212036,-5.883774280548096
10,560,-1.622636318206787,-2.3780651092529297,-3.4071383476257324,3.486485719680786
10,561,-2.5200276374816895,-1.7898942232131958,-3.0832250118255615,3.1355788707733154
10,562,-2.018110990524292,4.165794849395752,-2.414304494857788,6.258133888244629
10,563,-0.42012402415275574,-0.581345796585083,-3.844592332839966,5.109493732452393
10,564,0.41458192467689514,-2.796482563018799,1.1849056482315063,-4.447414398193359
10,565,1.3698822259902954,-1.6146984100341797,-1.151803970336914,3.209897041320801
10,566,1.4969714879989624,-2.1175341606140137,2.318305492401123,-4.092588424682617
10,567,1.6495710611343384,-0.7276671528816223,0.13995209336280823,2.541642189025879
10,568,-0.9442533254623413,2.8067874908447266,-1.2070658206939697,4.185986042022705
10,569,0.29012468457221985,2.336793899536133,-0.37995362281799316,4.070275783538818
10,570,-1.3181002140045166,1.461323618888855,-2.4536778926849365,4.532641887664795
10,571,-0.3593713939189911,-1.1588448286056519,-2.404102087020874,3.339272975921631
10,572,-1.2080752849578857,-0.9704358577728271,-2.088733196258545,3.7766942977905273
10,573,1.2776989936828613,-2.1364219188690186,2.4066879749298096,-4.844255447387695
10,574,0.3888793885707855,0.06192049756646156,-1.4646196365356445,3.4767565727233887
10,575,1.3418307304382324,-3.8165626525878906,2.4687235355377197,-5.777694225311279
10,576,-3.419603109359741,-2.8861560821533203,-3.860111951828003,3.8300580978393555
10,577,-2.73466420173645,-0.9930344820022583,-3.378019094467163,4.257683277130127
10,578,1.8648220300674438,-1.695399284362793,0.44987621903419495,2.0748212337493896
10,579,-0.15790584683418274,1.498191237449646,-1.5099374055862427,3.8918495178222656
10,580,2.425215244293213,-0.5781731009483337,1.6846920251846313,1.097870945930481
10,581,-0.13546600937843323,2.0559489727020264,-0.6175405383110046,3.295046806335449
10,582,0.752652108669281,0.0769859254360199,-1.1102819442749023,3.434809684753418
10,583,0.042606987059116364,0.16619619727134705,-4.461856365203857,6.294666767120361
10,584,-1.8152005672454834,2.485827922821045,-2.3116393089294434,4.543359279632568
10,585,1.7182546854019165,-1.0182583332061768,-0.45711520314216614,3.359701633453369
10,586,0.1768421232700348,-1.1376181840896606,-4.513105869293213,5.048366069793701
10,587,-0.9947553277015686,-1.773749828338623,-3.3072879314422607,4.446983337402344
10,588,0.16709336638450623,-3.1421585083007812,-2.798752784729004,3.260805606842041
10,589,0.4394170939922333,-2.7490272521972656,-1.5334854125976562,1.341295599937439
10,590,0.40529826283454895,-3.757390260696411,1.6513853073120117,-6.111998081207275
10,591,-2.074627161026001,-1.148055911064148,-2.905259370803833,3.79087233543396
10,592,0.8338863253593445,1.0189579725265503,-0.3789067268371582,3.2829551696777344
10,593,0.255151629447937,-1.259634017944336,-1.9688136577606201,3.669318675994873
10,594,-2.3427841663360596,2.6574466228485107,-2.913846254348755,4.67285680770874
10,595,-1.2850227355957031,-1.0571867227554321,-2.6613149642944336,4.126905918121338
10,596,-0.652021586894989,0.7823570966720581,-1.183708906173706,3.257295608520508
10,597,-0.6986469626426697,3.5139193534851074,-1.0481494665145874,4.884963512420654
10,598,2.150554895401001,-4.154111862182617,3.1038978099823,-5.928255558013916
10,599,-3.616589307785034,-0.5100866556167603,-4.139318943023682,5.080260276794434
10,600,-1.8002662658691406,-1.416445016860962,-3.283233642578125,4.5326714515686035
10,601,-1.9026100635528564,3.183570384979248,-2.5041377544403076,5.608389377593994
10,602,1.0526463985443115,-0.6282270550727844,-1.0381038188934326,3.784168243408203
10,603,-0.9759206175804138,0.6617240905761719,-2.3116700649261475,3.65840482711792
10,604,1.405224084854126,-0.5594968199729919,-0.5634754300117493,3.2460224628448486
10,605,1.7575057744979858,0.18589916825294495,0.8422436714172363,1.9179000854492188
10,606,1.6354016065597534,-1.6878670454025269,2.0777595043182373,-2.6863112449645996
10,607,-4.930243015289307,0.1986868679523468,-4.302928924560547,5.372501850128174
10,608,-1.7373653650283813,-1.0813359022140503,-2.972644567489624,4.415494441986084
10,609,-1.4743077754974365,-1.4034770727157593,-2.8527944087982178,3.6753010749816895
10,610,-0.20991414785385132,2.2459235191345215,-1.3365137577056885,4.438354015350342
10,611,2.3875184059143066,-3.241422176361084,3.1905527114868164,-4.74430513381958
10,612,-0.36841341853141785,-1.7132097482681274,-1.6953346729278564,4.060329914093018
10,613,0.8682833313941956,0.07378503680229187,-0.8009874820709229,3.161414384841919
10,614,1.5634757280349731,-3.2193198204040527,2.81113600730896,-5.824454307556152
10,615,-1.3332881927490234,2.7829556465148926,-2.570969820022583,5.446349620819092
10,616,-0.6422330737113953,0.7879379987716675,-1.454372763633728,3.345560073852539
10,617,0.07500333338975906,-5.096281051635742,-3.810091257095337,4.912885665893555
10,618,-0.15064087510108948,-1.3978822231292725,-2.569887399673462,3.6980319023132324
10,619,-0.9160018563270569,-3.182281494140625,-3.243363857269287,4.38029146194458
10,620,-2.708263635635376,-4.991318225860596,-3.525728940963745,3.4128057956695557
10,621,-1.4290289878845215,-1.9224730730056763,-2.5798492431640625,3.857138156890869
10,622,1.1620211601257324,1.879152774810791,0.53684002161026,3.0774478912353516
10,623,-6.020357131958008,0.37423238158226013,-5.087122440338135,5.334262371063232
10,624,-1.627016305923462,1.3634626865386963,-3.2097299098968506,5.061059474945068
10,625,-1.2917109727859497,0.8446870446205139,-1.780592679977417,3.1600582599639893
10,626,-2.6295411586761475,1.5933033227920532,-2.4289965629577637,4.845546722412109
10,627,-1.7907568216323853,0.010472450405359268,-3.017760992050171,3.795391798019409
10,628,-3.288062810897827,0.32439354062080383,-3.7569162845611572,4.741872310638428
10,629,-1.5715900659561157,-0.048061516135931015,-2.0191540718078613,4.498408794403076
10,630,-1.5308637619018555,0.004823777824640274,-2.2142698764801025,3.8602492809295654
10,631,-1.3476048707962036,-2.567965030670166,-3.6003329753875732,4.07283353805542
10,632,-0.22189980745315552,0.11720660328865051,-2.334523916244507,3.7879281044006348
10,633,-1.4264171123504639,1.1938682794570923,-2.5144143104553223,4.412621974945068
10,634,-2.2531979084014893,1.0251773595809937,-3.323894739151001,4.671469211578369
10,635,0.6803966760635376,-2.724365472793579,2.373572587966919,-6.648880481719971
10,636,-0.9603568911552429,-0.1762414276599884,-2.33697247505188,3.312655210494995
10,637,-3.8445141315460205,3.021265983581543,-4.2605366706848145,6.057735443115234
10,638,-1.7437753677368164,0.5809187889099121,-2.608567714691162,3.7723217010498047
10,639,-1.129218339920044,-1.4367603063583374,-2.624027967453003,3.690113067626953
10,640,-2.180784225463867,-1.5855480432510376,-3.475663423538208,4.30102014541626
10,641,-1.3207812309265137,4.56320333480835,-1.1941392421722412,6.460400581359863
10,642,-2.002314805984497,2.7033700942993164,-1.9597026109695435,4.441932201385498
10,643,1.8133299350738525,-2.93552565574646,2.558865785598755,-4.6087446212768555
10,644,-0.7966246008872986,-2.231350898742676,-2.636456251144409,3.61148738861084
10,645,2.201800584793091,-3.181697368621826,3.1639301776885986,-4.866440296173096
10,646,1.493438482284546,-4.367198467254639,2.73311448097229,-6.211117744445801
10,647,-1.8941307067871094,-4.839671611785889,-2.8920533657073975,2.3265581130981445
10,648,-1.5974563360214233,-2.645451784133911,-3.0585484504699707,4.013855457305908
10,649,-1.8721731901168823,-0.3585815131664276,-2.4496867656707764,3.8455591201782227
10,650,1.009989857673645,-4.233737468719482,2.534929037094116,-6.379571437835693
10,651,1.2338640689849854,-4.501577854156494,2.841437339782715,-6.6923322677612305
10,652,0.9434626698493958,-3.8583521842956543,-1.8274624347686768,1.771647572517395
10,653,-1.1205368041992188,0.5136720538139343,-2.2534947395324707,3.2367262840270996
10,654,-2.327505111694336,0.29598209261894226,-2.7168631553649902,3.5102829933166504
10,655,0.13903918862342834,-2.5532004833221436,-2.3382441997528076,4.354533672332764
10,656,1.9477171897888184,-4.0182013511657715,2.915816307067871,-5.850796222686768
10,657,-1.9077227115631104,3.3240811824798584,-2.0677900314331055,5.472562313079834
10,658,-0.46621671319007874,-2.7714362144470215,-2.966400384902954,3.686307430267334
10,659,-0.9349983334541321,-0.5903720855712891,-1.9032708406448364,3.301330089569092
10,660,1.4254809617996216,-1.4312373399734497,-0.9424815773963928,3.2383930683135986
10,661,-2.5529072284698486,3.5185797214508057,-3.1583850383758545,6.049785137176514
10,662,-1.9286384582519531,-2.227895736694336,-3.11218523979187,3.475602626800537
10,663,0.589024007320404,-3.5406432151794434,1.3926358222961426,-5.794479846954346
10,664,-2.618488311767578,-1.4280545711517334,-2.164581298828125,3.5252833366394043
10,665,-2.8917911052703857,-1.9931776523590088,-3.3540685176849365,3.0325255393981934
10,666,-1.1373714208602905,-1.7143889665603638,-2.9796438217163086,3.9307713508605957
10,667,-2.074627161026001,-1.148055911064148,-2.905259370803833,3.79087233543396
10,668,-1.672316074371338,-2.5632457733154297,-3.9784557819366455,4.962450981140137
10,669,-0.7927260994911194,1.021322250366211,-1.085480809211731,3.5834403038024902
10,670,-1.0804945230484009,0.2897081673145294,-1.5215513706207275,3.697366237640381
10,671,-0.3955964148044586,2.371063709259033,-1.0016486644744873,3.849708080291748
10,672,-1.3159689903259277,2.337597370147705,-2.4581596851348877,4.528932094573975
10,673,-3.345391035079956,-0.6643733978271484,-3.2706801891326904,3.8780908584594727
10,674,-3.0559871196746826,4.586715221405029,-3.1516501903533936,7.081702709197998
10,675,-2.691606283187866,2.47579026222229,-3.507859945297241,5.521806716918945
10,676,0.09119588881731033,-1.8364272117614746,-3.5935652256011963,4.089850902557373
10,677,-1.380964756011963,-3.3812198638916016,-3.5329134464263916,1.2488411664962769
10,678,-1.7373653650283813,-1.0813359022140503,-2.972644567489624,4.415494441986084
10,679,0.7949212193489075,-2.5254154205322266,0.6557188630104065,-3.039917230606079
10,680,-3.7806499004364014,2.204216957092285,-4.177883625030518,5.930635452270508
10,681,1.5200917720794678,-5.640513896942139,2.8352394104003906,-6.810669422149658
10,682,-1.0854878425598145,2.834035634994507,-1.235977292060852,4.037827014923096
10,683,0.2677551805973053,-4.930896282196045,-3.160759687423706,3.3969955444335938
10,684,-1.2080752849578857,-0.9704358577728271,-2.088733196258545,3.7766942977905273
10,685,0.7095097899436951,1.082844614982605,-0.7536754608154297,3.8096718788146973
10,686,0.1015130802989006,-1.248421549797058,-2.154254674911499,3.3876569271087646
10,687,-3.655062198638916,-2.5067458152770996,-3.3928096294403076,3.319300651550293
10,688,2.4504592418670654,-2.997842311859131,3.294010639190674,-4.124488353729248
10,689,-2.965261220932007,2.3073642253875732,-3.4597837924957275,5.411323547363281
10,690,-4.267182350158691,-1.6583964824676514,-2.8551321029663086,2.6631031036376953
10,691,-0.4080425500869751,0.7552922964096069,-2.6548964977264404,4.053959846496582
10,692,1.1632245779037476,-0.311985582113266,-1.0653337240219116,3.9640161991119385
10,693,1.3540771007537842,-1.1453012228012085,-0.8891040086746216,3.4321465492248535
10,694,0.5888701677322388,-2.6117606163024902,-2.3482041358947754,3.65350341796875
10,695,-0.0024619027972221375,-2.1217193603515625,-3.2322890758514404,4.020073413848877
10,696,0.49951544404029846,-2.184147596359253,-0.9547882676124573,0.6233319640159607
10,697,-1.1898605823516846,2.1209030151367188,-1.337572455406189,3.7501115798950195
10,698,-0.20524972677230835,-1.5582644939422607,-4.18915319442749,5.311075210571289
10,699,-3.2119314670562744,3.463081121444702,-3.6257545948028564,6.153823375701904
10,700,-2.9899356365203857,-1.2811105251312256,-3.1379969120025635,3.3644778728485107
10,701,0.7938327193260193,-2.152326822280884,-1.5557317733764648,3.822812080383301
10,702,-1.1000075340270996,-0.11386826634407043,-4.381196975708008,6.022449016571045
10,703,-2.5944831371307373,-2.7137269973754883,-3.622413396835327,3.5387532711029053
10,704,1.8767192363739014,-1.8982205390930176,2.4493844509124756,-2.8192718029022217
10,705,1.1133981943130493,-0.7027895450592041,-1.0016248226165771,3.413107395172119
10,706,-0.5209267139434814,1.787989616394043,-1.1014280319213867,3.5345983505249023
10,707,-0.19858896732330322,-0.2233363687992096,-3.760582208633423,5.4446635246276855
10,708,-1.6190721988677979,-3.4047255516052246,-2.946645736694336,3.4313058853149414
10,709,1.4096108675003052,-1.7081196308135986,-0.023326925933361053,1.9702223539352417
10,710,1.8111848831176758,-0.36173635721206665,0.052406199276447296,3.004693031311035
10,711,1.9417672157287598,-2.8564038276672363,3.3440067768096924,-5.4516282081604
10,712,0.40529826283454895,-3.757390260696411,1.6513853073120117,-6.111998081207275
10,713,-1.8778104782104492,-1.2954251766204834,-2.5915427207946777,4.123843669891357
10,714,-2.940424680709839,0.5941205024719238,-2.945403575897217,3.8251636028289795
10,715,2.181522846221924,-3.067723512649536,3.2138116359710693,-5.288936138153076
10,716,1.3582781553268433,-4.071303367614746,2.8323142528533936,-6.398752689361572
10,717,-2.298276662826538,0.938812255859375,-2.5326924324035645,4.196099758148193
10,718,-0.9264563322067261,2.6907925605773926,-1.3518576622009277,4.3975934982299805
10,719,-1.5239845514297485,2.553156852722168,-2.123859167098999,4.682413578033447
10,720,-2.6649391651153564,0.13415327668190002,-2.7189016342163086,3.14154314994812
10,721,-1.5917208194732666,0.991767168045044,-2.2504594326019287,3.318467140197754
10,722,0.39459797739982605,-1.2522987127304077,-2.09024977684021,3.6813724040985107
10,723,1.0054094791412354,-1.2496072053909302,2.099780321121216,-3.4551784992218018
10,724,0.4678737223148346,-1.9808228015899658,-1.6463885307312012,1.3977291584014893
10,725,-3.7813327312469482,-0.895804226398468,-2.602630376815796,3.695230484008789
10,726,1.7435892820358276,-2.960052013397217,2.528878688812256,-4.75211238861084
10,727,-0.23526057600975037,-2.576627731323242,-2.5096356868743896,3.7435882091522217
10,728,-2.30908465385437,-0.01295175775885582,-1.8771288394927979,4.1024169921875
10,729,0.19198456406593323,-2.6270711421966553,-3.1846730709075928,3.716770887374878
10,730,-3.1208646297454834,-0.6961383819580078,-2.8577146530151367,3.0402567386627197
10,731,0.8865078091621399,-1.3840727806091309,-1.4898656606674194,3.4470396041870117
10,732,-2.060910224914551,1.8834134340286255,-3.1875839233398438,4.960376262664795
10,733,-2.388991117477417,-1.762141466140747,-3.3523383140563965,3.649195909500122
10,734,-2.293226480484009,2.4448161125183105,-2.2451961040496826,4.832788467407227
10,735,-2.452010154724121,0.949232816696167,-2.6945929527282715,4.020137310028076
10,736,-2.1842141151428223,2.6629109382629395,-2.694737195968628,4.38248348236084
10,737,-2.945589542388916,2.315352439880371,-3.6922590732574463,5.589762210845947
10,738,-1.5892826318740845,2.86729097366333,-2.1081125736236572,4.323665142059326
10,739,1.658186674118042,-1.888694405555725,1.9443542957305908,-2.3336005210876465
10,740,1.268822431564331,-3.4337637424468994,2.4022510051727295,-5.671240329742432
10,741,1.8630105257034302,-2.946312665939331,3.1227176189422607,-5.470774173736572
10,742,2.034113645553589,-4.110835552215576,3.134000539779663,-6.000872611999512
10,743,2.461946725845337,-4.9847259521484375,3.7337987422943115,-6.087610721588135
10,744,-1.542380928993225,0.1033836305141449,-2.4397270679473877,3.9958271980285645
10,745,1.111271619796753,-5.095481872558594,-3.093878984451294,3.9906044006347656
10,746,-0.24598711729049683,-2.128377676010132,-3.3935563564300537,4.2531304359436035
10,747,-0.7267912030220032,-3.0089762210845947,-3.201347827911377,3.6261045932769775
10,748,-1.6414296627044678,2.5086944103240967,-2.3831613063812256,5.07582950592041
10,749,2.1975948810577393,-6.483377933502197,-4.0738372802734375,5.7657952308654785
10,750,1.0867805480957031,-3.576770782470703,2.7344720363616943,-6.574513912200928
10,751,2.3905985355377197,-2.93826961517334,3.2264902591705322,-4.3420538902282715
10,752,0.4487784206867218,-2.8678340911865234,-2.472135305404663,3.8888092041015625
10,753,-1.9142988920211792,-1.3115719556808472,-2.751556634902954,4.064044952392578
10,754,-3.281247615814209,-0.6280983686447144,-2.307171106338501,2.9138474464416504
10,755,-1.5970332622528076,-1.5675995349884033,-2.310631513595581,3.779543399810791
10,756,-1.146378755569458,3.9574460983276367,-1.361577033996582,5.515958309173584
10,757,-1.6475194692611694,3.808415412902832,-1.8134392499923706,5.916425704956055
10,758,-0.06277703493833542,-3.0598366260528564,-2.673279047012329,3.5126712322235107
10,759,-1.5025370121002197,-2.150526762008667,-3.447038173675537,4.107398509979248
10,760,-1.9075063467025757,-0.9079282283782959,-3.1110782623291016,4.5442070960998535
10,761,-0.01934727281332016,-5.676726818084717,2.4935977458953857,-6.764791965484619
10,762,-0.4105331301689148,-2.482816696166992,-2.625566244125366,3.798891067504883
10,763,0.5322675704956055,-3.2379097938537598,-2.7424888610839844,3.6194863319396973
10,764,-2.0616800785064697,1.481285572052002,-1.813711404800415,3.747364044189453
10,765,0.7912477850914001,-4.4170122146606445,-0.12211724370718002,-1.6656285524368286
10,766,-2.885637044906616,2.3334946632385254,-3.7544515132904053,5.393762588500977
10,767,-3.699139356613159,6.135482311248779,-3.218857526779175,7.231129169464111
10,768,-3.1991684436798096,-0.1953781545162201,-2.8237833976745605,4.755342960357666
10,769,-3.4946377277374268,4.39027738571167,-3.651987314224243,6.6746697425842285
10,770,0.38202211260795593,-1.1780295372009277,-1.6657569408416748,4.222816467285156
10,771,-0.934892475605011,-2.516993522644043,-2.8195345401763916,4.194794178009033
10,772,-2.177509069442749,2.8548927307128906,-2.9865243434906006,5.602640151977539
10,773,1.447629451751709,-0.8791517019271851,-0.7330967783927917,3.0493595600128174
10,774,-2.758854627609253,2.083624839782715,-2.367929220199585,4.360133647918701
10,775,-2.571119546890259,0.9180071949958801,-2.9365222454071045,3.9628829956054688
10,776,-1.4661717414855957,3.1830835342407227,-1.747314214706421,4.810179710388184
10,777,-3.9962551593780518,0.8034740686416626,-4.1831536293029785,4.910219192504883
10,778,-1.4461818933486938,-2.2836530208587646,-2.319789171218872,3.539367914199829
10,779,1.2410080432891846,-5.072708606719971,-0.972308874130249,0.9118025302886963
10,780,-4.254648685455322,1.120181918144226,-4.47511100769043,5.255099296569824
10,781,-2.264288902282715,-1.3998048305511475,-3.171335220336914,3.9161460399627686
10,782,1.5544919967651367,-3.5147838592529297,2.6614322662353516,-5.457051753997803
10,783,-2.654240608215332,-3.5258922576904297,-3.676076650619507,1.4873782396316528
10,784,0.7118229269981384,-3.710702896118164,-3.913118839263916,4.770400524139404
10,785,3.391700506210327,-3.796107053756714,3.9056472778320312,-4.686047554016113
10,786,-3.067946434020996,-1.3716009855270386,-3.0708365440368652,2.6926324367523193
10,787,1.0488780736923218,-1.5373036861419678,-1.4784138202667236,3.456676959991455
10,788,1.405688762664795,-3.1123900413513184,2.6179986000061035,-5.636856555938721
10,789,-0.6117422580718994,-3.4778659343719482,-4.058670997619629,2.792342185974121
10,790,-0.7969561815261841,-2.0063564777374268,-2.4965169429779053,3.4700076580047607
10,791,-4.834625244140625,-0.2505858838558197,-4.676450252532959,4.631954193115234
10,792,-2.1844303607940674,1.515133023262024,-2.9834516048431396,4.432400226593018
10,793,-3.106468915939331,2.520597457885742,-3.5206925868988037,5.590636730194092
10,794,-2.0105273723602295,2.962916374206543,-2.586352586746216,4.848354816436768
10,795,-1.9286384582519531,-2.227895736694336,-3.11218523979187,3.475602626800537
10,796,-2.304689407348633,0.43364039063453674,-2.07818341255188,2.9394664764404297
10,797,-0.16057708859443665,-2.1066346168518066,-3.1956543922424316,4.061386585235596
10,798,0.8552889227867126,-3.5165443420410156,2.39450740814209,-6.672379970550537
10,799,-2.3736279010772705,-1.622593879699707,-3.2350099086761475,4.6494011878967285
10,800,1.3822946548461914,-5.388339519500732,-3.400822639465332,4.431528091430664
10,801,-1.153438925743103,0.9012515544891357,-2.550781011581421,3.605196475982666
10,802,-0.1302611529827118,-2.9946835041046143,-4.377394676208496,4.163200855255127
10,803,1.3418307304382324,-3.8165626525878906,2.4687235355377197,-5.777694225311279
10,804,-0.8558535575866699,-3.3375635147094727,-3.7803070545196533,2.5472331047058105
10,805,-3.9352660179138184,2.596283197402954,-4.231573104858398,5.697043418884277
10,806,-2.5452346801757812,2.1851038932800293,-3.0607080459594727,5.173091411590576
10,807,1.1116962432861328,-3.9001357555389404,2.379138708114624,-6.007359027862549
10,808,1.6372418403625488,-4.084627628326416,2.683121919631958,-5.834535598754883
10,809,-3.97440505027771,4.229917049407959,-3.7279202938079834,6.936535835266113
10,810,-1.153438925743103,0.9012515544891357,-2.550781011581421,3.605196475982666
10,811,1.1718695163726807,-1.7485814094543457,-1.5165175199508667,3.759788990020752
10,812,3.1839635372161865,-3.6645989418029785,3.8069565296173096,-4.737783432006836
10,813,0.27419957518577576,-2.1131324768066406,-1.8658580780029297,3.500260353088379
10,814,-7.274564743041992,0.6894351840019226,-7.0113844871521,2.8002188205718994
10,815,-4.212116241455078,4.756725788116455,-4.144933700561523,6.72674036026001
10,816,1.659592866897583,-2.1892430782318115,1.9131758213043213,-3.0752809047698975
10,817,-1.768563985824585,-1.4712457656860352,-3.160170316696167,3.820202350616455
10,818,-5.199012756347656,-0.9158822298049927,-4.5062947273254395,4.12577486038208
10,819,-1.4222962856292725,-0.1653527319431305,-1.2066398859024048,3.58109188079834
10,820,-0.8881388306617737,-0.20774009823799133,-3.00627064704895,4.688882350921631
10,821,0.542756974697113,-2.9788525104522705,-0.06460817903280258,-2.687242031097412
10,822,-0.11480755358934402,-1.617021083831787,-3.192436456680298,4.158498287200928
10,823,0.08195427805185318,-3.746778964996338,1.9510366916656494,-6.3130412101745605
10,824,-2.666046380996704,-0.06879356503486633,-2.9845314025878906,4.321347713470459
10,825,-1.6501729488372803,-1.4316110610961914,-2.4198479652404785,3.8153488636016846
10,826,0.6092769503593445,-2.5010247230529785,-2.2706658840179443,3.5914530754089355
10,827,-3.572216033935547,4.7025837898254395,-3.658644676208496,6.799666404724121
10,828,-7.797467231750488,1.1905900239944458,-7.726802825927734,2.593576192855835
10,829,-3.642117500305176,3.8516793251037598,-3.725619077682495,6.624354839324951
10,830,1.7759394645690918,-3.376253843307495,2.9124152660369873,-5.958857536315918
10,831,1.739325761795044,-4.485278606414795,2.888106346130371,-6.308785915374756
10,832,-1.5334266424179077,1.2714858055114746,-2.5656065940856934,4.478514194488525
10,833,-6.231597900390625,1.8509303331375122,-4.944695472717285,6.006804943084717
10,834,-1.6501729488372803,-1.4316110610961914,-2.4198479652404785,3.8153488636016846
10,835,0.14908766746520996,-2.9637043476104736,-2.328854560852051,3.6898584365844727
10,836,-1.1473406553268433,-1.4801843166351318,-2.990652322769165,4.307057857513428
10,837,-1.1125726699829102,0.5615909695625305,-2.072493553161621,3.6651673316955566
10,838,-3.4707558155059814,1.1493916511535645,-3.628952741622925,4.720021724700928
10,839,2.8961308002471924,-5.8985915184021,3.41182017326355,-5.805233001708984
10,840,-6.0214948654174805,-0.01774933561682701,-5.2149481773376465,4.936668395996094
10,841,-0.7189216017723083,-2.9012088775634766,-3.9584858417510986,4.178419589996338
10,842,-4.576071739196777,4.073065280914307,-4.475782871246338,6.486137866973877
10,843,-0.26615533232688904,-0.3341529667377472,-3.5009963512420654,5.020564079284668
10,844,-0.8425627946853638,-3.412846088409424,-3.253680944442749,2.871840476989746
10,845,0.5630581974983215,-4.586832523345947,2.6102795600891113,-6.656196117401123
10,846,0.5963807702064514,-2.9449844360351562,-1.264336109161377,0.8641495108604431
10,847,1.6837000846862793,-4.135817527770996,2.8154513835906982,-6.048893928527832
10,848,1.6596957445144653,-4.336719512939453,2.782240629196167,-6.055218696594238
10,849,1.7362340688705444,-3.1283798217773438,2.7430903911590576,-5.505421161651611
10,850,1.4456712007522583,-3.2151689529418945,2.54412841796875,-5.572057247161865
10,851,-2.1881749629974365,-1.0465054512023926,-3.1561267375946045,4.181944370269775
10,852,-4.540660858154297,-0.884916365146637,-4.211590766906738,4.388282775878906
10,853,-2.00626277923584,-0.7189525365829468,-3.216423988342285,4.491307735443115
10,854,-4.326626777648926,5.708531856536865,-3.8974244594573975,7.070108890533447
10,855,-1.1027319431304932,-1.745888113975525,-0.8427073359489441,3.5726845264434814
10,856,1.0937063694000244,-2.066114902496338,-2.070568084716797,3.66792893409729
10,857,0.8711089491844177,-3.9747085571289062,2.3515312671661377,-6.257259845733643
10,858,1.1891729831695557,-2.2756502628326416,2.51946759223938,-5.645230770111084
10,859,3.1045401096343994,-3.662252902984619,3.6891233921051025,-4.640815258026123
10,860,2.7938215732574463,-2.840334892272949,3.4488890171051025,-3.909137725830078
10,861,1.629772663116455,-4.634353160858154,2.797199010848999,-6.409184455871582
10,862,-2.028085470199585,-0.7711249589920044,-2.6143407821655273,4.014842510223389
10,863,1.4902321100234985,-1.435084581375122,-0.8967433571815491,3.695748805999756
10,864,1.418871283531189,-3.2133564949035645,2.6652779579162598,-6.01685905456543
10,865,3.601722002029419,-3.799893379211426,3.9735167026519775,-4.483364105224609
10,866,1.65693998336792,-2.096611738204956,0.19685855507850647,1.169232726097107
10,867,-0.7915982604026794,3.04565691947937,-1.2975393533706665,4.579076290130615
10,868,1.2036256790161133,-2.3920178413391113,2.469517946243286,-5.9342522621154785
10,869,-1.0018523931503296,3.2258143424987793,-1.63882315158844,5.252902507781982
10,870,1.1391359567642212,-2.4468727111816406,-0.09719862788915634,-0.09244340658187866
10,871,0.3101920187473297,-2.4404079914093018,-2.8840386867523193,3.0942580699920654
10,872,-3.848621368408203,1.7300359010696411,-4.044929504394531,5.438512325286865
10,873,1.8309965133666992,-4.806229591369629,3.0117228031158447,-6.390779972076416
10,874,-1.3852102756500244,4.269296169281006,-1.5281620025634766,6.083042621612549
10,875,-2.0247280597686768,3.0683674812316895,-2.492840528488159,5.39231538772583
10,876,0.6546722054481506,-3.4694888591766357,2.2461960315704346,-6.782989025115967
10,877,0.4033859074115753,-3.7128772735595703,2.2264602184295654,-6.668141841888428
10,878,1.313720703125,-4.881834030151367,2.745915174484253,-6.568274974822998
10,879,-3.010589838027954,0.04051313176751137,-3.420407295227051,5.11204719543457
10,880,-0.03209789842367172,2.208096504211426,-0.5790276527404785,3.654895067214966
10,881,-3.6869823932647705,3.885591506958008,-3.940775156021118,6.502905368804932
10,882,-3.8265416622161865,3.704967498779297,-3.861053228378296,6.103425025939941
10,883,1.0393953323364258,-2.06107759475708,2.6352834701538086,-5.853847026824951
10,884,-0.30935096740722656,-1.2573399543762207,-2.913532018661499,4.251676082611084
10,885,1.3205373287200928,-4.218939304351807,2.7170908451080322,-6.3862433433532715
10,886,-0.7758804559707642,-2.6321587562561035,-2.3371212482452393,3.921607732772827
10,887,1.0391051769256592,-2.9099209308624268,2.476153612136841,-6.1046929359436035
10,888,2.6682279109954834,-4.0350189208984375,3.4708917140960693,-5.380913257598877
10,889,1.6596957445144653,-4.336719512939453,2.782240629196167,-6.055218696594238
10,890,0.8974200487136841,-2.083343982696533,-2.2631328105926514,3.866997718811035
10,891,0.6556743383407593,-1.0370761156082153,-1.78584885597229,3.5307021141052246
10,892,-0.8881388306617737,-0.20774009823799133,-3.00627064704895,4.688882350921631
10,893,-0.20764771103858948,-2.7206506729125977,-2.2743284702301025,3.5264577865600586
10,894,1.937002420425415,-0.4763356149196625,0.3329658806324005,2.8930892944335938
10,895,1.7261559963226318,-3.8138680458068848,2.723217487335205,-5.690134525299072
10,896,-4.275791168212891,0.06747838854789734,-4.180875778198242,5.616394996643066
10,897,-3.7030446529388428,-1.8857238292694092,-3.6441490650177,4.282225608825684
10,898,-3.108438730239868,-0.12625059485435486,-3.3381707668304443,3.807718276977539
10,899,0.6855421662330627,1.162237524986267,-0.7535598874092102,4.088638782501221
10,900,-0.11390844732522964,-0.7462910413742065,-3.7443134784698486,5.0086541175842285
10,901,-0.5748138427734375,-0.026771750301122665,-2.494645833969116,4.080417156219482
10,902,0.6889262199401855,-0.994910478591919,-1.7759575843811035,3.6077404022216797
10,903,0.5333760976791382,-1.2137941122055054,-3.0302248001098633,4.254300117492676
10,904,-3.2635841369628906,-4.418632984161377,-2.1842684745788574,-1.4965838193893433
10,905,1.2237162590026855,-3.2769665718078613,2.56742787361145,-6.02570104598999
10,906,0.1063631996512413,-3.0441579818725586,-2.8988049030303955,3.4363045692443848
10,907,2.454685926437378,-3.114043712615967,3.2146544456481934,-4.6255364418029785
10,908,-1.285447359085083,2.700227737426758,-2.337888479232788,4.5715203285217285
10,909,-0.9829691648483276,-0.43085190653800964,-3.2724850177764893,5.0512309074401855
10,910,0.5883004069328308,-1.154115080833435,-1.7815263271331787,3.7120089530944824
10,911,0.4679919183254242,-1.5451403856277466,-1.3359708786010742,3.971597194671631
10,912,0.7078794836997986,-1.2419379949569702,-1.9788726568222046,4.208681106567383
10,913,0.2925606369972229,-4.546460151672363,2.4053304195404053,-6.637694835662842
10,914,-3.742541551589966,0.5490379333496094,-4.187867641448975,5.46439790725708
10,915,-2.0102310180664062,1.9616864919662476,-2.7226524353027344,4.835415840148926
10,916,-3.267280340194702,-0.6715804934501648,-2.7536556720733643,2.2252089977264404
10,917,-0.5178730487823486,-1.4855372905731201,-1.7007360458374023,3.7645883560180664
10,918,1.308386206626892,-1.6481497287750244,-1.0904959440231323,3.378284454345703
10,919,1.0369499921798706,-1.2232083082199097,0.12648478150367737,0.6750488877296448
10,920,0.45385661721229553,-2.2838168144226074,-1.4970338344573975,1.925310492515564
10,921,1.360437273979187,-2.0347509384155273,2.765610933303833,-5.597723484039307
10,922,2.178040027618408,-2.8038370609283447,3.0273640155792236,-4.587732315063477
10,923,-0.8280880451202393,-1.5017513036727905,-3.3621039390563965,4.511895179748535
10,924,1.0362778902053833,-0.6162957549095154,-1.289421558380127,3.916677713394165
10,925,-2.595968008041382,0.25710591673851013,-2.590217113494873,3.202662467956543
10,926,-2.703336000442505,0.5080168843269348,-3.380650281906128,4.748324871063232
10,927,-4.0260233879089355,0.820590078830719,-3.941741943359375,5.387918949127197
10,928,-1.1949172019958496,-1.2587453126907349,-3.444753408432007,4.595105171203613
10,929,-1.3384344577789307,-1.073583722114563,-3.6157450675964355,4.759749889373779
10,930,-2.1636977195739746,-2.652768850326538,-3.5855982303619385,3.5258264541625977
10,931,-4.659801006317139,-1.323154091835022,-3.8665621280670166,3.999222755432129
10,932,-7.648233413696289,1.026567816734314,-7.445211887359619,2.8947815895080566
10,933,-6.771724700927734,1.0806366205215454,-6.17783784866333,4.766465663909912
10,934,-5.066183090209961,-1.009995937347412,-4.075600624084473,5.255121231079102
10,935,-2.1004879474639893,1.6242791414260864,-2.5092966556549072,4.090419769287109
10,936,0.4802437126636505,0.5795882940292358,-0.9951575398445129,3.435276508331299
10,937,1.0158522129058838,-1.6037942171096802,-1.3800170421600342,3.5048704147338867
10,938,-0.8315444588661194,1.12773597240448,-1.1631604433059692,3.0924859046936035
10,939,0.02362290769815445,1.0054725408554077,-0.871886134147644,3.248095989227295
10,940,0.6684984564781189,2.190394878387451,-0.347262978553772,4.589197635650635
10,941,0.8064457774162292,0.997636079788208,-0.19967466592788696,3.2158896923065186
10,942,-1.8938254117965698,5.412581443786621,-2.1955060958862305,6.79228401184082
10,943,-4.13534688949585,4.671152591705322,-4.120058059692383,6.687741279602051
10,944,-2.8527615070343018,0.6677706241607666,-3.0628015995025635,3.3962223529815674
10,945,-2.0898725986480713,-0.757060706615448,-2.556706190109253,3.630650043487549
10,946,-1.476731300354004,-0.3488454520702362,-2.770803213119507,4.860976696014404
10,947,-0.9600945711135864,0.8469161987304688,-1.409679889678955,2.877894163131714
10,948,-3.190342903137207,2.57784366607666,-3.8888635635375977,5.554718494415283
10,949,-2.8915724754333496,-2.04964280128479,-2.342193841934204,2.914854049682617
10,950,-1.0995182991027832,-0.4502955377101898,-3.000079870223999,4.355906009674072
10,951,-2.0630855560302734,0.5995747447013855,-2.334282875061035,3.441009044647217
10,952,0.9588757157325745,0.34340763092041016,-0.4696807563304901,2.881899118423462
10,953,-3.77534556388855,2.1968517303466797,-3.5863492488861084,5.732184886932373
10,954,0.3916325867176056,1.5447624921798706,-0.03705098479986191,2.6737723350524902
10,955,-0.23319464921951294,0.3758792579174042,-1.6761562824249268,3.58451509475708
10,956,-1.0332410335540771,1.6155883073806763,-1.8945932388305664,4.160604000091553
10,957,-0.7749572396278381,1.2707170248031616,-2.4858813285827637,5.17787504196167
10,958,1.214005947113037,-0.5637037754058838,-0.8131294250488281,3.463334798812866
10,959,0.29742100834846497,2.2185866832733154,-0.6087422370910645,4.707570552825928
10,960,0.5157469511032104,-3.308474063873291,-0.9193143248558044,-0.690000593662262
10,961,-2.0345194339752197,2.446781635284424,-3.021199941635132,5.4345479011535645
10,962,-0.5732250213623047,1.8020888566970825,-1.6366939544677734,4.101910591125488
10,963,1.0345841646194458,0.9456017017364502,-0.3342945873737335,3.3739633560180664
10,964,0.008185528218746185,-2.125638961791992,-2.3852922916412354,3.608142375946045
10,965,-0.2708114981651306,-3.2368404865264893,-2.730211019515991,3.3686165809631348
10,966,-1.5540920495986938,0.37409576773643494,-2.053915023803711,3.424055576324463
10,967,-0.5456418991088867,-0.18843773007392883,-2.5591702461242676,3.7378599643707275
10,968,2.1574172973632812,-3.1064655780792236,2.87190318107605,-4.5117340087890625
10,969,-2.1212124824523926,0.8060145378112793,-3.8178133964538574,5.404494762420654
10,970,1.608875036239624,-4.400990009307861,2.780679225921631,-6.137217044830322
10,971,-1.0915558338165283,3.231454372406006,-1.3367621898651123,4.8929572105407715
10,972,0.11380336433649063,2.3492496013641357,-0.5676682591438293,4.016570568084717
10,973,0.3085581958293915,0.35156115889549255,-1.112498164176941,3.0705199241638184
10,974,1.0111839771270752,-2.840660572052002,-0.10705270618200302,-0.9962515234947205
10,975,-0.49825477600097656,1.2583554983139038,-0.8444772362709045,2.9422872066497803
10,976,0.15446707606315613,-2.3164732456207275,-2.2421343326568604,3.6145076751708984
10,977,2.21148419380188,-6.0663886070251465,1.0197696685791016,-2.2398247718811035
10,978,-3.1696488857269287,2.0032424926757812,-3.617206573486328,5.17236852645874
10,979,-2.6711058616638184,4.471477508544922,-2.8950376510620117,6.339954853057861
10,980,-3.038917064666748,3.455082416534424,-3.5775434970855713,6.403387069702148
10,981,-2.228341817855835,3.340893507003784,-2.6935064792633057,5.265939235687256
10,982,-0.5688318014144897,-2.371479034423828,-2.75496244430542,3.867841958999634
10,983,0.8525304198265076,-2.65118408203125,-0.41820746660232544,-0.5706310272216797
10,984,-4.110725402832031,-1.8864572048187256,-4.600931167602539,3.67722225189209
10,985,-2.188492774963379,3.9561548233032227,-2.5810811519622803,6.669496059417725
10,986,-1.5636109113693237,-0.9291141033172607,-1.789081335067749,3.7680516242980957
10,987,0.29650628566741943,1.1692910194396973,-0.7828198671340942,3.3721108436584473
10,988,-0.16079246997833252,0.4769885838031769,-1.4636526107788086,3.211648941040039
10,989,0.9242389798164368,0.7529048323631287,-0.4826114773750305,3.4183712005615234
10,990,-0.4015129506587982,-1.8143715858459473,-2.1744349002838135,3.7358992099761963
10,991,-1.8385343551635742,1.2695611715316772,-2.739267587661743,4.4075517654418945
10,992,-1.5277414321899414,6.731367588043213,-1.759181022644043,6.873122692108154
10,993,-2.494384288787842,3.2287886142730713,-3.5583856105804443,5.670483589172363
10,994,0.28997915983200073,0.8292609453201294,-1.224567174911499,3.768065929412842
10,995,-3.152642011642456,0.5283852219581604,-3.7565643787384033,5.00055456161499
10,996,-3.214980125427246,0.8527933955192566,-3.8891913890838623,4.4240193367004395
10,997,-1.143358826637268,1.9516323804855347,-2.9349265098571777,4.491696357727051
10,998,-4.423438549041748,6.089044094085693,-4.014920711517334,7.02023458480835
10,999,1.0211818218231201,-4.721081256866455,2.666189432144165,-6.910446643829346
10,1000,-2.9696872234344482,3.8206193447113037,-3.5752131938934326,6.760583400726318
10,1001,1.0002638101577759,-2.135756254196167,2.551771879196167,-6.1759724617004395
10,1002,0.45530274510383606,-2.8983840942382812,-2.4415879249572754,3.6101934909820557
10,1003,-0.24194848537445068,-0.1237306296825409,-1.6381335258483887,3.3129594326019287
10,1004,0.5750097632408142,-1.768925666809082,-1.7184805870056152,3.4280920028686523
10,1005,-1.3442986011505127,-0.551311731338501,-2.423753499984741,3.8888962268829346
10,1006,-2.984346628189087,-0.43891361355781555,-2.881458044052124,2.970001220703125
10,1007,-2.3557729721069336,2.230987310409546,-2.9260025024414062,5.0730109214782715
10,1008,-1.6419283151626587,3.3880791664123535,-2.0274956226348877,5.418432235717773
10,1009,-1.491642713546753,6.672675609588623,-1.6626931428909302,6.60458517074585
10,1010,-1.0494329929351807,0.2783990800380707,-3.3869755268096924,5.033999919891357
10,1011,-1.5894954204559326,-2.055407762527466,-3.334284782409668,4.347026348114014
10,1012,-1.4073550701141357,-1.6127400398254395,-2.7001638412475586,3.58670973777771
10,1013,-3.5284056663513184,5.971608638763428,-3.2896153926849365,7.161478519439697
10,1014,-2.3762717247009277,-1.775364875793457,-3.97440505027771,4.229917049407959
10,1015,0.5052351951599121,-3.3155956268310547,-3.6172008514404297,4.69956636428833
10,1016,-1.2599377632141113,-1.176029086112976,-2.2392687797546387,3.4664297103881836
10,1017,0.07847001403570175,-0.29836228489875793,-3.6648552417755127,3.97660493850708
10,1018,0.00822807103395462,-2.433642864227295,-2.334439516067505,3.425478935241699
10,1019,-3.1110591888427734,5.189411640167236,-3.1349737644195557,6.90193510055542
10,1020,0.6082426905632019,2.220393419265747,-0.04772808402776718,3.44533371925354
10,1021,-0.3368304967880249,3.4033689498901367,-0.6911812424659729,4.439680576324463
10,1022,0.9632149338722229,-1.1888844966888428,-1.2264432907104492,3.810955286026001
10,1023,-2.638742208480835,1.0463858842849731,-2.1463606357574463,4.577061653137207
10,1024,-3.708228349685669,1.374040126800537,-4.011327266693115,5.049242973327637
10,1025,0.7793721556663513,-3.7500417232513428,2.2406651973724365,-6.275650501251221
10,1026,-2.270731210708618,-1.317003846168518,-3.4455230236053467,4.308227062225342
10,1027,0.4996853172779083,-3.7595419883728027,2.0832693576812744,-6.800852298736572
10,1028,-4.012807846069336,5.427749156951904,-3.7061710357666016,7.071493148803711
10,1029,-1.3884516954421997,-2.89396333694458,-3.0241267681121826,3.2569973468780518
10,1030,-2.0229289531707764,2.507150650024414,-2.4094161987304688,4.1583051681518555
10,1031,0.4315315783023834,-6.199796199798584,2.549241304397583,-6.762561798095703
10,1032,0.07779080420732498,2.0629820823669434,-0.8378610610961914,3.734823703765869
10,1033,1.033243179321289,-4.664188385009766,2.7339327335357666,-6.791948318481445
10,1034,1.2517602443695068,-2.3337435722351074,-1.244751214981079,2.939305543899536
10,1035,1.9959890842437744,-5.316600799560547,3.062744617462158,-6.463849067687988
10,1036,-1.327085256576538,1.8604918718338013,-2.6174237728118896,5.079843997955322
10,1037,0.5025488138198853,1.8271528482437134,0.2730430066585541,2.6299991607666016
10,1038,0.41128888726234436,1.122113585472107,-0.3166941702365875,2.8862857818603516
10,1039,-4.608075141906738,0.7931035757064819,-4.440561771392822,5.684920310974121
10,1040,-1.6623620986938477,-1.4608325958251953,-2.755488157272339,4.199658393859863
10,1041,-1.0943470001220703,2.1048104763031006,-1.4515197277069092,3.8430628776550293
10,1042,-1.6501729488372803,-1.4316110610961914,-2.4198479652404785,3.8153488636016846
10,1043,0.15863540768623352,2.422733783721924,-0.4194181263446808,4.055147647857666
10,1044,2.262479066848755,-3.614706516265869,3.301618814468384,-5.6145195960998535
10,1045,1.905271053314209,-4.866384983062744,3.0594685077667236,-6.66039514541626
10,1046,-0.569306492805481,-5.276916980743408,-3.1140730381011963,1.7258137464523315
10,1047,1.442883014678955,-5.058352947235107,3.121347665786743,-6.770362377166748
10,1048,2.849942445755005,-4.237488746643066,3.674273729324341,-5.6467413902282715
10,1049,2.977121114730835,-5.475694179534912,3.5542702674865723,-6.396864414215088
10,1050,3.290398359298706,-5.426726818084717,3.8416101932525635,-6.010251045227051
10,1051,1.4591295719146729,-2.2044289112091064,-1.308776617050171,3.401958703994751
10,1052,-2.4282147884368896,1.5183275938034058,-3.183933973312378,4.791114330291748
10,1053,0.44014063477516174,-0.6091866493225098,-1.7557944059371948,3.546548843383789
10,1054,1.3056524991989136,1.8996392488479614,1.1349951028823853,2.433091878890991
10,1055,1.4981715679168701,1.796652913093567,1.3416122198104858,2.3353419303894043
10,1056,1.2767101526260376,1.6233007907867432,0.7917299270629883,2.5816054344177246
10,1057,1.6579593420028687,2.027799129486084,1.4481432437896729,2.486442804336548
10,1058,1.4426777362823486,1.5456727743148804,0.6891841292381287,2.7700467109680176
10,1059,-0.42001578211784363,0.9889770746231079,-1.20652174949646,3.2818944454193115
10,1060,-3.5181565284729004,5.61730432510376,-3.398817300796509,6.995841026306152
10,1061,-1.9936962127685547,2.223041534423828,-2.258103609085083,4.3030619621276855
10,1062,-1.230884313583374,2.036221981048584,-1.9442884922027588,3.749143123626709
10,1063,0.6297258734703064,-1.6515010595321655,-2.4771077632904053,3.866532325744629
10,1064,0.701248824596405,-2.959113121032715,-2.8312268257141113,4.042218208312988
10,1065,0.6254851222038269,-3.3329598903656006,0.4295109808444977,-3.6889801025390625
10,1066,0.611329972743988,-3.854048013687134,2.089418649673462,-6.7788262367248535
10,1067,0.7926163077354431,0.9890512228012085,-0.06559666246175766,2.7354111671447754
10,1068,1.6474668979644775,1.7257550954818726,1.2401766777038574,2.4229979515075684
10,1069,-4.599544525146484,-1.3020199537277222,-2.850417137145996,4.072420597076416
10,1070,1.0517053604125977,1.2122361660003662,0.23964759707450867,2.7060375213623047
10,1071,1.4401395320892334,1.6030646562576294,1.2681584358215332,2.2017946243286133
10,1072,-0.19676417112350464,1.6443071365356445,-0.6788596510887146,3.149339199066162
10,1073,-0.5719084143638611,1.509849190711975,-1.764613151550293,3.5828857421875
10,1074,-0.030466638505458832,-1.784315586090088,-2.9125335216522217,3.911665916442871
10,1075,-0.36432400345802307,-3.311350107192993,-2.7713820934295654,2.336998462677002
10,1076,0.6278995871543884,-2.70119047164917,0.8611805438995361,-3.769536018371582
10,1077,1.189378023147583,-3.649531364440918,2.400763988494873,-5.947060585021973
10,1078,0.35655421018600464,-4.658767223358154,2.6551513671875,-6.683987140655518
10,1079,-1.7125693559646606,-1.251815676689148,-2.080380916595459,3.674074172973633
10,1080,-3.1414873600006104,-1.3084607124328613,-3.3435919284820557,3.994046688079834
10,1081,-0.27871328592300415,-0.6850605010986328,-1.9337499141693115,3.0741870403289795
10,1082,-0.505878746509552,4.708566188812256,-0.9730400443077087,6.054365634918213
10,1083,0.20896509289741516,0.8312699794769287,-1.9716615676879883,3.998678684234619
10,1084,0.8015708923339844,0.7129147052764893,-1.053486943244934,4.257248401641846
10,1085,-2.283036470413208,3.133754253387451,-3.1851298809051514,6.0072455406188965
10,1086,1.2450542449951172,-1.9404122829437256,-1.950583815574646,3.7657418251037598
10,1087,2.001624345779419,-1.854831337928772,1.7890701293945312,-0.7344814538955688
10,1088,0.5758684277534485,-1.0759214162826538,-2.5249178409576416,4.061944484710693
10,1089,-0.3679197132587433,0.38362154364585876,-1.5661017894744873,3.4767494201660156
10,1090,-2.7805211544036865,2.979038715362549,-2.9709794521331787,5.6327033042907715
10,1091,-2.4866793155670166,2.8055872917175293,-3.095322370529175,5.506942272186279
10,1092,-1.7392781972885132,2.218247890472412,-2.3358490467071533,4.676058292388916
10,1093,2.7022950649261475,-1.9467841386795044,2.913611650466919,-2.0014548301696777
10,1094,-0.02898668497800827,3.187541961669922,-0.25797727704048157,4.1999335289001465
10,1095,1.0769143104553223,0.9304487705230713,-0.28441327810287476,3.4773571491241455
10,1096,-0.1609426736831665,1.1591211557388306,-3.1958343982696533,5.5268378257751465
10,1097,0.7947826385498047,-0.34979674220085144,-1.2226778268814087,3.3983612060546875
10,1098,-1.6527786254882812,3.43613338470459,-2.290759325027466,5.877621173858643
10,1099,0.8671591877937317,1.186920166015625,-0.030028216540813446,2.8467090129852295
10,1100,0.49222180247306824,1.0916602611541748,-0.47887852787971497,2.992598056793213
10,1101,1.8239740133285522,-0.7879003882408142,0.7722557187080383,1.645811676979065
10,1102,-1.8113113641738892,3.2336626052856445,-2.2964813709259033,5.433662414550781
10,1103,-2.30808424949646,-1.3510370254516602,-3.648097276687622,4.749416828155518
10,1104,0.3086215555667877,1.3180561065673828,-0.789189875125885,3.7350270748138428
10,1105,0.4712602198123932,1.3896414041519165,-0.11438196152448654,2.830838203430176
10,1106,-1.5383888483047485,-2.899782180786133,-3.301994562149048,2.8326151371002197
10,1107,-3.447420120239258,3.8807592391967773,-4.033415794372559,6.301100254058838
10,1108,0.8301929235458374,-0.2508455812931061,-1.2884249687194824,3.8409738540649414
10,1109,2.7408790588378906,-1.8726152181625366,3.1229536533355713,-2.6740453243255615
10,1110,1.0931003093719482,-0.8613566160202026,-1.0613027811050415,3.1624011993408203
10,1111,0.4394170939922333,-2.7490272521972656,-1.5334854125976562,1.341295599937439
10,1112,1.2420654296875,-3.9365904331207275,2.4827778339385986,-6.619600772857666
10,1113,-0.7286562323570251,-0.8485535383224487,-1.564908504486084,3.4291372299194336
10,1114,1.9112660884857178,-2.1965649127960205,2.2960264682769775,-3.150285482406616
10,1115,1.8485841751098633,-3.578362226486206,2.7798850536346436,-5.3777852058410645
10,1116,2.127647638320923,-1.5728785991668701,1.9193902015686035,-0.2998751401901245
10,1117,-2.7203307151794434,2.8941659927368164,-3.0950188636779785,5.316357135772705
10,1118,-3.6522443294525146,4.45183801651001,-3.661104202270508,6.901721954345703
10,1119,-0.9997302889823914,0.8987993001937866,-1.387455701828003,2.831282377243042
10,1120,0.7970109581947327,-0.6377248764038086,-0.0584709569811821,0.704109251499176
10,1121,0.7809444069862366,-2.2253715991973877,2.616016149520874,-6.357019901275635
10,1122,-2.403696298599243,0.562858521938324,-2.7222487926483154,4.579683780670166
10,1123,-1.7425649166107178,3.0948054790496826,-2.512502431869507,5.320440292358398
10,1124,-2.397247552871704,3.6305065155029297,-2.9309394359588623,6.714121341705322
10,1125,-3.073866844177246,6.075118541717529,-3.013641834259033,6.92270565032959
10,1126,-3.2331929206848145,3.2458090782165527,-4.004627704620361,6.243264198303223
10,1127,-1.6520702838897705,-2.686971664428711,-3.881795883178711,3.608762264251709
10,1128,1.037837028503418,-5.424802303314209,-2.9751851558685303,4.41099739074707
10,1129,-3.0338003635406494,4.681134223937988,-3.207106590270996,6.515541076660156
10,1130,-2.364258050918579,-1.7813187837600708,-4.154170989990234,6.203929424285889
10,1131,0.49711260199546814,-3.5519933700561523,-0.5359076857566833,-2.5087924003601074
10,1132,-3.453911542892456,2.1360812187194824,-3.971640110015869,5.436227321624756
10,1133,-2.154510974884033,2.542863368988037,-2.6712839603424072,4.97128438949585
10,1134,-2.6017279624938965,-0.8325992226600647,-3.630152702331543,4.892038822174072
10,1135,0.11142875999212265,-3.483957052230835,-2.638671398162842,1.9593747854232788
10,1136,-0.6685339212417603,-3.4600002765655518,-3.086186647415161,2.7726354598999023
10,1137,0.8800719380378723,-3.8886923789978027,2.519778251647949,-6.532552719116211
10,1138,-3.7980453968048096,4.455783367156982,-3.798419713973999,6.4204277992248535
10,1139,-3.119574546813965,-1.7229996919631958,-2.9089572429656982,2.957770824432373
10,1140,-0.6713239550590515,-2.9178130626678467,-2.534069776535034,3.4504847526550293
10,1141,-0.8205074667930603,-3.2829575538635254,-2.9257843494415283,4.2421441078186035
10,1142,-3.4911158084869385,3.261570692062378,-3.3728816509246826,6.6503167152404785
10,1143,-2.531252145767212,2.87235689163208,-3.3050167560577393,5.752853870391846
10,1144,-0.7008267641067505,-2.486198902130127,-3.351130723953247,4.193892955780029
10,1145,0.8632233142852783,-1.3421827554702759,-1.754861831665039,3.5654218196868896
10,1146,0.17626407742500305,-2.42873477935791,-2.584110975265503,3.688215970993042
10,1147,-1.3071351051330566,-2.2461395263671875,-3.0312933921813965,3.919431447982788
10,1148,-2.2207887172698975,5.580028533935547,-2.389618396759033,6.933239459991455
10,1149,-1.9295499324798584,-1.9151864051818848,-2.69473934173584,3.57063627243042
10,1150,1.9197800159454346,-3.6910605430603027,2.8244035243988037,-5.404787540435791
10,1151,-4.133156776428223,6.022292613983154,-3.6654045581817627,7.160539150238037
10,1152,-3.7512729167938232,2.8954639434814453,-4.057309150695801,6.024270057678223
10,1153,0.07576831430196762,-1.7309433221817017,-2.9305074214935303,4.284518241882324
10,1154,-2.6138007640838623,2.3635430335998535,-2.251615047454834,4.105477809906006
10,1155,-3.4575912952423096,4.800832271575928,-3.3206889629364014,7.067231178283691
10,1156,-1.2543129920959473,3.8628015518188477,-1.2177278995513916,5.495887279510498
10,1157,-3.573016405105591,6.089951992034912,-3.07878041267395,7.225217342376709
10,1158,-1.7603614330291748,1.3959063291549683,-3.1093404293060303,4.96215295791626
10,1159,-1.867178201675415,-0.9968719482421875,-2.1905136108398438,3.916656494140625
10,1160,-0.8575260639190674,-2.083458185195923,-3.177337169647217,4.2598347663879395
10,1161,0.12042198330163956,0.4804656207561493,-1.6584745645523071,3.7943310737609863
10,1162,-2.505842685699463,-1.0300545692443848,-3.715108633041382,4.862030982971191
10,1163,-1.4162729978561401,-2.854219913482666,-3.703739881515503,4.664918422698975
10,1164,0.49467119574546814,0.7621203660964966,-0.8165895938873291,3.435969352722168
10,1165,1.2384324073791504,-4.995664119720459,-3.351888418197632,4.912072658538818
10,1166,-1.7742955684661865,-2.156999111175537,-3.3481175899505615,3.8969268798828125
10,1167,1.0645488500595093,-4.904296398162842,2.699113130569458,-6.825239658355713
10,1168,-0.47511687874794006,-4.054664134979248,2.278710126876831,-6.509562969207764
10,1169,-3.259854555130005,3.650310516357422,-3.512373685836792,6.587002277374268
10,1170,-1.3272995948791504,-2.048837184906006,-2.4669675827026367,3.809410572052002
10,1171,-2.992422580718994,2.182189464569092,-3.56014084815979,5.359046459197998
10,1172,-1.6501729488372803,-1.4316110610961914,-2.4198479652404785,3.8153488636016846
10,1173,-0.5369006991386414,-3.1522321701049805,-3.132004976272583,4.301008701324463
10,1174,-2.7867467403411865,1.405251145362854,-3.1880502700805664,4.431452751159668
10,1175,0.593701183795929,-3.759244441986084,2.1779611110687256,-6.6952290534973145
10,1176,0.1871570646762848,-2.1855106353759766,-2.36210298538208,3.6158175468444824
10,1177,-1.4605175256729126,0.5083597898483276,-2.3102495670318604,3.558288097381592
10,1178,0.5157469511032104,-3.308474063873291,-0.9193143248558044,-0.690000593662262
10,1179,-1.7622488737106323,-0.40468451380729675,-2.533297300338745,3.835547924041748
10,1180,0.8177393078804016,-3.585768938064575,2.453474283218384,-6.393954753875732
10,1181,0.16950532793998718,-2.76127290725708,-2.4641566276550293,3.476435661315918
10,1182,1.2478071451187134,-3.086043119430542,0.35389283299446106,-1.2982765436172485
10,1183,0.5322675704956055,-3.2379097938537598,-2.7424888610839844,3.6194863319396973
10,1184,1.2413411140441895,-5.126755714416504,-3.6464195251464844,5.179886341094971
10,1185,-2.6444175243377686,3.7961673736572266,-3.1084396839141846,6.137908935546875
10,1186,-1.7325553894042969,1.7951020002365112,-3.4362969398498535,5.436401844024658
10,1187,-1.3450641632080078,-1.2461892366409302,-2.8600289821624756,4.248384952545166
10,1188,1.174937129020691,-4.576679229736328,2.7158520221710205,-6.521065711975098
10,1189,1.5384759902954102,-2.775146484375,-1.8698692321777344,4.2357659339904785
10,1190,-1.1473406553268433,-1.4801843166351318,-2.990652322769165,4.307057857513428
10,1191,-2.457373857498169,2.1868581771850586,-3.3002922534942627,5.222026348114014
10,1192,-2.9955408573150635,3.603367567062378,-3.4890687465667725,6.193375110626221
10,1193,-2.2836549282073975,4.864318370819092,-2.538857936859131,6.546093463897705
10,1194,-0.7683578729629517,2.837973117828369,-1.067328691482544,4.205221176147461
10,1195,-2.3982200622558594,6.439159393310547,-2.838926076889038,6.84756326675415
10,1196,1.2085412740707397,2.1056151390075684,0.6446168422698975,2.9095773696899414
10,1197,1.3280242681503296,-3.349332809448242,2.445218801498413,-5.7373881340026855
10,1198,-0.26574891805648804,1.7867507934570312,-0.8106265664100647,3.545888900756836
10,1199,-0.41044849157333374,3.615053653717041,-0.7432673573493958,4.89950704574585
10,1200,-0.4622979164123535,0.33799508213996887,-2.0412561893463135,3.745917320251465
10,1201,-2.7552638053894043,1.4136325120925903,-3.7158701419830322,5.116086959838867
10,1202,-0.3845285475254059,3.3510074615478516,-0.6677749156951904,4.297461986541748
10,1203,-3.4556617736816406,2.151489734649658,-3.296011209487915,5.678771495819092
10,1204,0.694742739200592,-2.977095603942871,2.0243184566497803,-5.9616923332214355
10,1205,-2.511849880218506,2.373103618621826,-3.2978928089141846,5.151082515716553
10,1206,0.5659230351448059,-1.566022276878357,-2.6655213832855225,3.9828076362609863
10,1207,-1.2213125228881836,-0.7072593569755554,-3.027081251144409,4.4438910484313965
10,1208,-4.024389743804932,-2.7737314701080322,-3.3368146419525146,3.216949939727783
10,1209,-1.3508086204528809,0.6497854590415955,-2.0722575187683105,3.327625036239624
10,1210,-2.2297561168670654,-1.5317474603652954,-3.3017690181732178,3.8620152473449707
10,1211,-1.6005759239196777,-1.5370250940322876,-2.968550443649292,4.079669952392578
10,1212,-1.2761611938476562,2.506988048553467,-1.8210731744766235,4.850726127624512
10,1213,-2.281656503677368,1.2495849132537842,-3.353666067123413,4.997516632080078
10,1214,-3.7703850269317627,4.645907402038574,-3.7413241863250732,6.899839878082275
10,1215,-0.8573691248893738,0.7555607557296753,-1.6874191761016846,3.1334149837493896
10,1216,-1.5213556289672852,1.3230892419815063,-2.5875232219696045,4.467626094818115
10,1217,0.37341931462287903,-2.755634069442749,-1.9756968021392822,2.452786922454834
10,1218,0.32163962721824646,-4.441928386688232,2.353006601333618,-6.800933837890625
10,1219,-0.8863403797149658,0.7447308301925659,-1.8362720012664795,3.2216906547546387
10,1220,-1.2336441278457642,0.7409636378288269,-2.1107771396636963,3.270845413208008
10,1221,-3.912656307220459,4.853600025177002,-3.8250010013580322,6.9087300300598145
10,1222,-4.722921371459961,-0.9569793939590454,-4.34445333480835,5.4580159187316895
10,1223,-1.9443466663360596,3.4110419750213623,-2.959669828414917,6.122826099395752
10,1224,-3.55216383934021,2.8339524269104004,-4.12245512008667,5.954500198364258
10,1225,0.7855558395385742,-5.578490257263184,-3.424611806869507,3.7726693153381348
10,1226,-2.848625898361206,2.832265615463257,-3.6481778621673584,5.721296787261963
10,1227,-3.133772611618042,2.2153756618499756,-3.8092124462127686,5.586055755615234
10,1228,-1.8136317729949951,1.415054202079773,-1.9494976997375488,3.8467371463775635
10,1229,-0.2939811646938324,-1.31062912940979,-1.9551527500152588,3.558286190032959
10,1230,-0.9975696802139282,0.18784907460212708,-2.514235258102417,3.4794790744781494
10,1231,0.2416660487651825,-2.533679246902466,-2.7106170654296875,3.267226457595825
10,1232,-2.2530112266540527,1.2574445009231567,-2.2645559310913086,4.154688835144043
50,0,2.7276575565338135,-4.598928928375244,2.721978187561035,-4.9562506675720215
50,1,1.6578541994094849,2.087428569793701,-0.5267769694328308,3.9589004516601562
50,2,1.1310211420059204,-4.479215145111084,-1.4518872499465942,3.1290619373321533
50,3,-6.126518726348877,-2.1403870582580566,-0.4372881352901459,2.8218746185302734
50,4,-0.9986348152160645,2.2624478340148926,-2.4080541133880615,5.45111608505249
50,5,-0.19114592671394348,-2.6816647052764893,-2.521758794784546,3.8491029739379883
50,6,-0.9645028114318848,2.614377975463867,-1.551615595817566,4.103219032287598
50,7,0.4725768268108368,-3.9468955993652344,-2.0167489051818848,3.2209179401397705
50,8,-2.3108088970184326,-1.9308662414550781,-1.3872084617614746,2.782607078552246
50,9,-0.889225959777832,-0.07654987275600433,-2.669693946838379,4.262718677520752
50,10,-1.3437949419021606,3.0225577354431152,-2.5801475048065186,5.359521865844727
50,11,-3.5732738971710205,-1.5222405195236206,-1.0270044803619385,1.9975972175598145
50,12,-5.774515151977539,-2.916010618209839,-0.369379460811615,2.773365020751953
50,13,-0.1595434546470642,-1.9446042776107788,-1.5390862226486206,3.140681028366089
50,14,-2.1929047107696533,-3.187983512878418,-2.217940330505371,3.8131580352783203
50,15,0.263446569442749,-3.1745247840881348,-2.1368136405944824,3.4597272872924805
50,16,-0.5179061889648438,-2.675812244415283,-2.2563419342041016,3.303588390350342
50,17,-0.2782517373561859,-4.879541873931885,-1.9153584241867065,3.062291145324707
50,18,-3.204604387283325,1.030326247215271,-3.7664945125579834,4.966861248016357
50,19,-2.6996970176696777,2.3687992095947266,-3.4372169971466064,5.111815452575684
50,20,1.3312712907791138,-0.7026548385620117,-0.5655931830406189,3.1037299633026123
50,21,-6.4328460693359375,3.0157432556152344,-5.751481533050537,3.101533889770508
50,22,-6.754527568817139,2.9774389266967773,-5.813236713409424,3.1655008792877197
50,23,1.5360381603240967,-8.047453880310059,1.7663192749023438,-7.828545570373535
50,24,2.1464266777038574,-7.018209457397461,-1.160126805305481,4.003534317016602
50,25,-1.6104390621185303,-0.9176082611083984,-2.4876153469085693,3.644521951675415
50,26,0.29323631525039673,-0.33712172508239746,-0.9430258274078369,2.445915699005127
50,27,-1.2366957664489746,1.4466776847839355,-2.7182514667510986,4.984452247619629
50,28,-1.0268486738204956,-5.0104079246521,-1.5866996049880981,3.807555913925171
50,29,-2.339057445526123,-3.3123834133148193,-1.6947649717330933,3.4436824321746826
50,30,-1.207243800163269,1.5355452299118042,-2.317241668701172,4.353062629699707
50,31,-2.5626771450042725,-2.9007551670074463,-1.940624475479126,3.3027732372283936
50,32,-2.227482557296753,-1.0932053327560425,-2.8019979000091553,4.089733123779297
50,33,-1.7932723760604858,3.6318678855895996,-2.6368000507354736,5.736078262329102
50,34,-2.0255348682403564,0.8989306092262268,-2.4261112213134766,4.040742874145508
50,35,-1.5418421030044556,-1.2034350633621216,-2.7367684841156006,3.6474061012268066
50,36,-2.7823665142059326,-0.8968587517738342,-1.4560712575912476,3.27059006690979
50,37,0.5940467119216919,-1.3052645921707153,-0.8363889455795288,2.740940809249878
50,38,0.8846277594566345,-1.2911542654037476,-0.8358405232429504,2.9675955772399902
50,39,1.2254359722137451,-0.24763254821300507,-0.5472628474235535,3.3466267585754395
50,40,-2.6707448959350586,-0.2115355283021927,-2.1660892963409424,3.8712971210479736
50,41,-3.9777252674102783,-4.986938953399658,-1.0784252882003784,2.928854465484619
50,42,-2.17411732673645,-1.9113744497299194,-1.1480823755264282,2.9533801078796387
50,43,0.716631293296814,-0.32328030467033386,-0.786579966545105,3.0311288833618164
50,44,-2.8300487995147705,3.5186307430267334,-3.1760051250457764,5.493188858032227
50,45,-2.00187087059021,0.04850958287715912,-1.4528815746307373,1.9475817680358887
50,46,-1.17830228805542,-3.09999418258667,-2.323543071746826,3.471402883529663
50,47,-3.3992228507995605,4.6757917404174805,-3.479557514190674,5.732524394989014
50,48,-3.7024712562561035,-2.038771152496338,-2.0013113021850586,4.184401988983154
50,49,0.4512210786342621,-3.4133214950561523,-1.8224719762802124,3.211383819580078
50,50,-1.153122901916504,-0.2471270114183426,-2.2803971767425537,3.492979049682617
50,51,-5.223084926605225,-2.92350172996521,-0.6404735445976257,2.4861903190612793
50,52,0.7664912939071655,-1.2150145769119263,-0.9235814809799194,2.9273786544799805
50,53,-4.522367477416992,-0.9496542811393738,-0.7819955348968506,1.911904215812683
50,54,-2.35498309135437,-3.0857150554656982,-1.4689455032348633,3.1539220809936523
50,55,0.9279485940933228,-1.473940372467041,-0.8672822713851929,2.9518933296203613
50,56,-4.5853681564331055,-2.884050130844116,-0.7660086750984192,2.507972240447998
50,57,-1.7457095384597778,-1.0800241231918335,-3.9230456352233887,3.7858729362487793
50,58,1.0568879842758179,-3.858635663986206,-1.2617721557617188,2.9915952682495117
50,59,-0.0023862943053245544,-3.218235969543457,-2.216060161590576,3.504049777984619
50,60,2.201331615447998,-2.3986828327178955,2.0799262523651123,-1.2444677352905273
50,61,2.335071563720703,-2.5838451385498047,2.1444900035858154,-1.4641045331954956
50,62,2.7786099910736084,-1.6845793724060059,2.5213963985443115,-1.2225923538208008
50,63,-2.4938979148864746,-1.3405362367630005,-4.080122470855713,2.2387607097625732
50,64,-0.41431769728660583,-5.478384017944336,-2.6539478302001953,3.9885523319244385
50,65,2.5213091373443604,-1.3145439624786377,0.5897774696350098,4.323623180389404
50,66,2.2621867656707764,-1.4143489599227905,3.2702627182006836,0.1550227552652359
50,67,3.0389976501464844,-1.2121986150741577,3.1626505851745605,-0.9565704464912415
50,68,-1.7804523706436157,2.4284558296203613,-2.6493799686431885,4.977053642272949
50,69,-3.3295938968658447,-0.07748548686504364,-3.2470624446868896,4.371667861938477
50,70,-2.89292311668396,0.7960500121116638,-2.0738613605499268,4.344287872314453
50,71,1.1188243627548218,-0.6165772676467896,-0.5911780595779419,2.7998671531677246
50,72,0.6243582963943481,-0.8483455777168274,-0.9887893795967102,2.962158441543579
50,73,-3.385571241378784,-3.8038668632507324,-2.499331474304199,3.430845260620117
50,74,0.8342248201370239,-5.567339897155762,-2.456228494644165,4.227950572967529
50,75,1.6257891654968262,-4.511966228485107,1.9536539316177368,-5.864602088928223
50,76,-1.5809030532836914,-2.9272220134735107,-2.5184690952301025,3.804502487182617
50,77,0.7774186134338379,-0.2787458598613739,-0.6835787892341614,3.0561718940734863
50,78,-2.281134843826294,0.6916922330856323,-1.8505111932754517,4.098910331726074
50,79,-1.4695707559585571,-2.192080497741699,-1.964397668838501,3.2061803340911865
50,80,0.6907386779785156,-5.605025291442871,-2.5307793617248535,4.4120192527771
50,81,0.031090088188648224,-2.8996870517730713,-1.7763856649398804,3.6919515132904053
50,82,-1.5162230730056763,-4.628451347351074,-3.1707780361175537,4.2815704345703125
50,83,-2.2077484130859375,2.6516542434692383,-2.7545363903045654,4.908419132232666
50,84,-2.0039777755737305,-0.10984544456005096,-1.74468195438385,2.3322744369506836
50,85,1.0578299760818481,-2.907810926437378,-1.011715292930603,2.808539390563965
50,86,-1.4408682584762573,-3.8139567375183105,-2.1272902488708496,3.7021660804748535
50,87,0.06557529419660568,-3.0312492847442627,-1.9515308141708374,3.3578200340270996
50,88,1.801411509513855,-4.792784214019775,-1.3991516828536987,3.7395689487457275
50,89,-0.7374600172042847,-1.3538129329681396,-1.4382237195968628,3.1186201572418213
50,90,-3.415123224258423,-0.7176377177238464,-2.0914201736450195,3.9395837783813477
50,91,-2.523979425430298,-1.0390511751174927,-1.8937339782714844,3.268491268157959
50,92,-2.2704317569732666,0.9966570734977722,-2.920417070388794,4.533430099487305
50,93,-3.119532823562622,1.5281480550765991,-3.1751086711883545,4.9544267654418945
50,94,0.686020016670227,-1.3599804639816284,-0.984481930732727,3.1146275997161865
50,95,-2.1044669151306152,2.230072021484375,-2.5464999675750732,4.367034435272217
50,96,0.38834652304649353,-5.423989295959473,-2.3306570053100586,3.37259578704834
50,97,-2.3088576793670654,1.2124587297439575,-2.2303316593170166,4.199915409088135
50,98,-5.1429009437561035,-2.306676149368286,-0.3163350522518158,3.2955870628356934
50,99,-4.146946430206299,-3.799440622329712,-3.5575969219207764,-2.0229711532592773
50,100,-4.327357292175293,0.6858229637145996,-3.4180948734283447,4.139483451843262
50,101,0.7503265142440796,-0.7371363043785095,-0.8044788837432861,2.690713405609131
50,102,0.28612539172172546,-4.648386001586914,-2.206439256668091,3.3772830963134766
50,103,0.45326486229896545,-0.7534158825874329,-0.9778172373771667,2.707396984100342
50,104,0.7780666947364807,-4.6176838874816895,-2.231381893157959,3.2780966758728027
50,105,-1.9586504697799683,0.9892588257789612,-2.7344257831573486,4.1458635330200195
50,106,-0.4984223246574402,-5.497959136962891,-3.0476455688476562,3.984044075012207
50,107,-1.7995715141296387,-4.136147499084473,-1.9745780229568481,-4.08953332901001
50,108,1.0573489665985107,-1.325905203819275,-0.6847562789916992,2.8554837703704834
50,109,-0.7708942294120789,2.7334604263305664,-1.157361388206482,4.27376651763916
50,110,-5.093099594116211,-2.323873996734619,-4.501486778259277,-1.6043225526809692
50,111,0.9082255363464355,-0.17887695133686066,-0.6609406471252441,3.3669686317443848
50,112,0.7727811932563782,-0.9755367636680603,-0.7666146755218506,2.7476792335510254
50,113,0.21325770020484924,-4.602355480194092,-1.9022986888885498,3.1166656017303467
50,114,-1.7347182035446167,-2.277684450149536,-3.334162950515747,2.871922254562378
50,115,-0.4855290949344635,-2.552164077758789,-2.3908517360687256,3.6749258041381836
50,116,-6.426695346832275,-3.229257106781006,-5.917766094207764,-2.7852354049682617
50,117,-1.3483854532241821,0.41766512393951416,-1.485355019569397,2.226044178009033
50,118,0.6832621693611145,-0.15959660708904266,-0.7564187049865723,2.9336936473846436
50,119,-3.292494773864746,-2.591495990753174,-1.0315468311309814,2.5338563919067383
50,120,-5.970155239105225,-2.275726556777954,-5.8074750900268555,-1.6513327360153198
50,121,-4.9150872230529785,-1.4608259201049805,-0.6531327366828918,2.46653413772583
50,122,-2.8198864459991455,2.3107588291168213,-2.937438726425171,4.824344635009766
50,123,-1.668359637260437,0.14727790653705597,-1.6807806491851807,2.506746530532837
50,124,-3.5984485149383545,0.02905098907649517,-2.6666736602783203,4.400337219238281
50,125,0.1246589794754982,-0.5906919836997986,-1.1408644914627075,2.570786952972412
50,126,0.5880566835403442,-3.691288471221924,-1.5853203535079956,3.032107353210449
50,127,-0.7043734788894653,-5.6877851486206055,-2.4193031787872314,3.195815086364746
50,128,-1.9171178340911865,0.8789259791374207,-2.1735270023345947,3.026883602142334
50,129,-4.006282806396484,3.052757978439331,-3.4820964336395264,5.223939418792725
50,130,-2.1992194652557373,-0.2598860561847687,-3.460866689682007,2.290498971939087
50,131,0.4712998569011688,-1.2782776355743408,-1.337222695350647,3.1179823875427246
50,132,0.1517518162727356,-4.549078941345215,-2.575098752975464,3.9189162254333496
50,133,-0.7299922704696655,-2.9691336154937744,-1.5739728212356567,2.972076416015625
50,134,0.4952886402606964,-4.18765926361084,-2.0284712314605713,3.173157215118408
50,135,-3.1255249977111816,-1.1061288118362427,-1.0411890745162964,2.8830008506774902
50,136,-4.834345817565918,2.2778823375701904,-5.1699934005737305,3.9497878551483154
50,137,-2.161789655685425,2.121623992919922,-2.353602886199951,4.461825370788574
50,138,-0.6149842143058777,-5.3167924880981445,-1.2493292093276978,2.949777126312256
50,139,-1.0594959259033203,-2.1261510848999023,-1.7883740663528442,3.434638500213623
50,140,-1.9533222913742065,-1.2794979810714722,-2.6749212741851807,3.849673271179199
50,141,0.302825003862381,-1.9919543266296387,-1.3631380796432495,3.0327322483062744
50,142,0.5866774320602417,-2.816169261932373,-1.4917718172073364,3.2612600326538086
50,143,-2.503169298171997,-0.5132654905319214,-2.5456037521362305,4.0451531410217285
50,144,1.2625399827957153,-2.611515998840332,-0.8928869366645813,3.0139613151550293
50,145,-3.007187604904175,2.6138243675231934,-3.3403303623199463,4.684190273284912
50,146,0.9729106426239014,-2.172811985015869,-0.8862056136131287,3.2887184619903564
50,147,-1.860807180404663,1.1961027383804321,-3.0045559406280518,4.747519493103027
50,148,0.819525957107544,-3.2253406047821045,-1.2718709707260132,2.7714948654174805
50,149,-2.138209581375122,0.04617796838283539,-2.1265501976013184,1.681825041770935
50,150,-4.639984130859375,-1.7501109838485718,-0.6934638023376465,2.773125648498535
50,151,1.4754372835159302,-3.4142279624938965,-0.8132370114326477,3.0472874641418457
50,152,-2.395207643508911,-2.1513936519622803,-0.8352981805801392,2.915238857269287
50,153,-0.4606216549873352,0.6854479908943176,-0.9120045900344849,1.9601151943206787
50,154,-0.7553423643112183,3.039663791656494,-0.771807074546814,4.370946884155273
50,155,2.3179242610931396,-3.763455629348755,2.3302502632141113,-3.6590936183929443
50,156,-6.179108142852783,2.807569980621338,-4.985590934753418,2.863577127456665
50,157,-0.7465687990188599,-3.3781023025512695,-2.255399465560913,3.9612226486206055
50,158,-2.5048859119415283,-0.309119313955307,-1.8825362920761108,3.318070888519287
50,159,-1.9147911071777344,0.4561160206794739,-1.17200767993927,1.5053633451461792
50,160,0.513174295425415,-0.5563073754310608,-0.8338719010353088,2.576289653778076
50,161,1.9526911973953247,-3.6725821495056152,1.6563142538070679,-3.3412351608276367
50,162,0.7181522250175476,-4.689274787902832,-2.2172129154205322,3.351044178009033
50,163,-1.164186716079712,-2.657046318054199,-1.2356730699539185,3.0013482570648193
50,164,1.2709356546401978,-0.9171154499053955,-0.7084646821022034,3.333192825317383
50,165,2.370950937271118,-1.9895015954971313,2.4120326042175293,-1.3878353834152222
50,166,0.7656270265579224,-0.489285945892334,-0.7684526443481445,2.878021240234375
50,167,-0.4144109785556793,-2.097719669342041,-1.9417643547058105,3.467409133911133
50,168,-1.0427923202514648,-3.691088914871216,-2.424515962600708,3.4728806018829346
50,169,-0.9800183773040771,2.875990867614746,-1.2012813091278076,4.087610721588135
50,170,0.8407820463180542,-4.806094169616699,-2.342616319656372,3.3580825328826904
50,171,0.615547776222229,-1.9498581886291504,-1.2364243268966675,3.0828747749328613
50,172,-2.9180405139923096,-1.357669472694397,-2.251993417739868,4.068655967712402
50,173,0.06557529419660568,-3.0312492847442627,-1.9515308141708374,3.3578200340270996
50,174,-0.4855290949344635,-2.552164077758789,-2.3908517360687256,3.6749258041381836
50,175,-0.3433479964733124,-0.4965985119342804,-2.2213401794433594,3.715104579925537
50,176,-2.4972984790802,0.6535565257072449,-2.4896903038024902,4.17765998840332
50,177,0.9261313676834106,-3.7675671577453613,-1.345057487487793,2.937490940093994
50,178,-3.6092467308044434,4.740865707397461,-3.665405750274658,5.866550922393799
50,179,-1.4148210287094116,0.17798207700252533,-1.8551788330078125,2.983933210372925
50,180,-0.4855290949344635,-2.552164077758789,-2.3908517360687256,3.6749258041381836
50,181,-2.6321685314178467,-2.1264424324035645,-1.3452134132385254,2.3741073608398438
50,182,0.7991273999214172,-4.978449821472168,-2.18519926071167,3.573214054107666
50,183,-2.492811441421509,0.9573333263397217,-2.8789358139038086,4.797243595123291
50,184,-1.9567002058029175,-3.499657392501831,-2.444568395614624,4.240767002105713
50,185,-0.6421087980270386,-1.4540902376174927,-2.4320578575134277,3.655460834503174
50,186,-0.47734251618385315,-0.7619957327842712,-1.8693149089813232,3.177663564682007
50,187,-2.71205997467041,1.6642309427261353,-3.733513116836548,5.383728981018066
50,188,0.10525587946176529,-2.472273349761963,-1.771848440170288,3.297896146774292
50,189,0.538326621055603,-2.6395177841186523,-1.17647123336792,2.909822940826416
50,190,-0.4541611075401306,-4.8119001388549805,-1.594849944114685,2.987833023071289
50,191,-0.5677749514579773,-6.29319429397583,-3.1134047508239746,4.0878400802612305
50,192,-1.11822509765625,1.5859848260879517,-2.7646076679229736,5.217114448547363
50,193,-2.8503670692443848,3.1916964054107666,-3.3020617961883545,4.923714637756348
50,194,-4.2638397216796875,4.601113319396973,-4.121829032897949,5.874614238739014
50,195,-6.072761058807373,-2.0503575801849365,-5.231935024261475,-0.876967191696167
50,196,-0.8651670217514038,1.6267813444137573,-1.576996922492981,3.4061827659606934
50,197,-0.22914263606071472,-2.7821269035339355,-2.158458709716797,3.3778841495513916
50,198,0.6079819202423096,-1.4876281023025513,-1.3335154056549072,3.2736692428588867
50,199,-1.821234107017517,-6.949799537658691,-3.6834990978240967,4.112330436706543
50,200,0.21670731902122498,-4.787784576416016,-2.0482935905456543,3.412433385848999
50,201,-1.0388115644454956,-3.335117816925049,-2.5524709224700928,3.050034999847412
50,202,0.5189778208732605,-2.32943058013916,-1.6694738864898682,3.3960788249969482
50,203,-2.3656604290008545,-3.3959784507751465,-0.9071604013442993,2.753281831741333
50,204,-4.936494827270508,3.923546075820923,-4.82918119430542,6.008843898773193
50,205,1.5590180158615112,-1.9805951118469238,-0.6971410512924194,3.4202816486358643
50,206,2.4370946884155273,-3.701841354370117,2.468435287475586,-3.30197811126709
50,207,3.249945640563965,-3.6114602088928223,3.4096009731292725,-3.56998872756958
50,208,-7.099494934082031,-3.307732582092285,-6.884894847869873,-3.2305164337158203
50,209,0.743437647819519,-3.325951337814331,-1.0773106813430786,2.8955841064453125
50,210,-2.1429951190948486,-3.8519389629364014,-2.4462437629699707,3.3513729572296143
50,211,1.8636845350265503,-2.46581768989563,1.9292744398117065,-1.5232676267623901
50,212,2.029820203781128,-1.8431044816970825,1.6152148246765137,-0.822448194026947
50,213,-3.7918360233306885,-2.938070297241211,-0.9798744916915894,2.539486885070801
50,214,-2.391957998275757,-0.04118241369724274,-2.530111074447632,3.285557985305786
50,215,-3.802333116531372,-2.4572553634643555,-0.8194092512130737,3.230926990509033
50,216,1.6499488353729248,-4.428032875061035,1.813143253326416,-5.5254292488098145
50,217,1.5243951082229614,-4.759956359863281,2.124906539916992,-7.394198417663574
50,218,0.8737285137176514,-4.340469837188721,-1.8102904558181763,2.9462146759033203
50,219,-2.1020047664642334,-1.1882063150405884,-3.6294631958007812,3.1154980659484863
50,220,-3.589142322540283,-0.7391631603240967,-1.6838375329971313,4.820964813232422
50,221,1.41958487033844,-1.5886420011520386,-0.5765301585197449,3.053553581237793
50,222,1.2796474695205688,-5.200370788574219,-0.6646696329116821,-3.297549247741699
50,223,1.4626989364624023,-6.874734878540039,2.1962850093841553,-8.495827674865723
50,224,1.7994357347488403,-2.5765860080718994,0.9806387424468994,-0.7315395474433899
50,225,1.913643479347229,-2.882784128189087,1.2242215871810913,-1.896491289138794
50,226,0.7267162799835205,-4.623660087585449,-2.00079345703125,3.7024359703063965
50,227,0.9716697931289673,-1.8188917636871338,-0.8766470551490784,2.946655750274658
50,228,-2.1559345722198486,-1.166056513786316,-2.720893383026123,3.127847194671631
50,229,-1.3750114440917969,0.21028338372707367,-2.5657060146331787,4.244553565979004
50,230,-3.105637311935425,-2.716810703277588,-1.9383653402328491,3.7277419567108154
50,231,2.4134392738342285,-3.4643187522888184,2.634831428527832,-3.0246992111206055
50,232,1.4678679704666138,-2.5980541706085205,-0.6845234632492065,3.03072452545166
50,233,-4.103886127471924,-1.317879319190979,-2.3795273303985596,2.4872100353240967
50,234,0.011226065456867218,-4.741962432861328,-2.6370761394500732,4.071991920471191
50,235,0.6842845678329468,-5.298950672149658,-1.593265414237976,-1.2574208974838257
50,236,-1.7543210983276367,-5.064778804779053,-1.5997358560562134,3.055891513824463
50,237,2.037703037261963,-6.423295497894287,2.3849942684173584,-7.954005241394043
50,238,0.8854696750640869,-3.590630531311035,-1.6852885484695435,3.1127874851226807
50,239,-2.8884198665618896,0.7952832579612732,-3.5701100826263428,4.4284868240356445
50,240,-1.9202637672424316,-2.7788634300231934,-2.130019426345825,1.809421420097351
50,241,0.5625048875808716,-4.132915496826172,-1.795927882194519,3.0874295234680176
50,242,2.6347618103027344,-3.439603328704834,2.603602170944214,-2.9127068519592285
50,243,0.9809912443161011,-1.1862573623657227,-0.8815292119979858,3.09859037399292
50,244,0.1517518162727356,-4.549078941345215,-2.575098752975464,3.9189162254333496
50,245,0.47418829798698425,-4.245500564575195,-2.342252254486084,3.432396411895752
50,246,-0.2822791337966919,-3.744860887527466,-1.9112387895584106,3.7628676891326904
50,247,0.6259204149246216,-4.369619846343994,-2.6178719997406006,3.3730602264404297
50,248,-1.110346794128418,-2.499166488647461,-2.0577313899993896,3.263723373413086
50,249,-0.13790248334407806,-2.6037650108337402,-2.295121431350708,3.6411330699920654
50,250,2.176845073699951,-3.6301698684692383,2.0399138927459717,-2.734376907348633
50,251,-3.2347404956817627,0.3275373876094818,-3.5059354305267334,4.354318141937256
50,252,-1.2171332836151123,-3.275102138519287,-2.4915804862976074,3.2047910690307617
50,253,-2.5012147426605225,0.33634328842163086,-2.6028997898101807,4.4294819831848145
50,254,1.201037049293518,-3.499695301055908,-1.0760924816131592,2.896737575531006
50,255,-1.7783704996109009,-2.0567383766174316,-3.3521831035614014,2.6116583347320557
50,256,-0.5972433090209961,-2.119980812072754,-1.2175458669662476,2.968029499053955
50,257,-2.583151340484619,0.6492223739624023,-2.267406940460205,1.9550517797470093
50,258,-2.5592949390411377,-2.376079797744751,-2.0301437377929688,3.7136545181274414
50,259,0.7631157636642456,-0.7150354981422424,-0.7835957407951355,2.984114646911621
50,260,-2.5802481174468994,-2.2219748497009277,-1.901012659072876,3.6913561820983887
50,261,1.5574649572372437,-4.452459335327148,1.884165644645691,-5.94041109085083
50,262,0.5467709302902222,-4.489789009094238,-1.5669267177581787,2.818671464920044
50,263,-0.5582951307296753,-6.426413536071777,-4.289773941040039,4.9312543869018555
50,264,-0.8249061703681946,-3.3740029335021973,-2.1274847984313965,3.230363368988037
50,265,0.9997644424438477,-4.668294429779053,-1.702751874923706,3.061722755432129
50,266,-3.1767985820770264,-0.3550362288951874,-1.875860571861267,4.145634651184082
50,267,1.4674124717712402,-1.5056818723678589,1.1207119226455688,-0.4587897062301636
50,268,-0.18937131762504578,-0.6386975049972534,-1.3910335302352905,2.5014801025390625
50,269,-0.5633293390274048,-1.9842926263809204,-2.2105789184570312,3.6434788703918457
50,270,-1.7296313047409058,-2.5163180828094482,-2.3504533767700195,2.964355945587158
50,271,-4.03782844543457,2.308340072631836,-4.553690433502197,5.054068565368652
50,272,0.3071064054965973,-4.739830017089844,-2.5839145183563232,3.84438157081604
50,273,0.8220913410186768,-4.210898399353027,-1.6934810876846313,2.9754621982574463
50,274,-0.39783528447151184,-2.7728381156921387,-2.301114320755005,3.523299217224121
50,275,-3.327413320541382,1.5736387968063354,-3.7309134006500244,4.770177841186523
50,276,-2.7422409057617188,-1.1485484838485718,-2.551934242248535,4.3605499267578125
50,277,-1.9509443044662476,-1.6945706605911255,-3.283559560775757,3.4721710681915283
50,278,-1.5460090637207031,-5.413059234619141,-2.20998215675354,2.6977386474609375
50,279,-1.0694551467895508,0.2314518839120865,-1.1100280284881592,2.1788032054901123
50,280,-1.0404601097106934,-5.424637794494629,-3.1953296661376953,3.4775309562683105
50,281,-1.3346631526947021,-6.829820156097412,-3.729447603225708,4.007856369018555
50,282,-1.6303635835647583,-3.3666536808013916,-2.334169626235962,3.816006898880005
50,283,-2.355764627456665,-0.08340547978878021,-2.208641529083252,1.8046543598175049
50,284,1.0757485628128052,-0.9939168095588684,-0.6829339861869812,3.103750228881836
50,285,2.6512744426727295,-1.3545254468917847,2.9233109951019287,-1.1490346193313599
50,286,-4.517605781555176,-2.2092747688293457,-0.7457137107849121,2.8707475662231445
50,287,1.1652878522872925,-2.4156694412231445,-0.8041685819625854,2.7807295322418213
50,288,-3.402686357498169,-4.007549285888672,-3.2267730236053467,-0.9348294734954834
50,289,-2.4074809551239014,-8.293256759643555,-1.750404953956604,-9.838583946228027
50,290,2.4092459678649902,-4.4757280349731445,2.404848337173462,-4.854333877563477
50,291,-3.1435153484344482,-5.140912055969238,-3.5329091548919678,-2.98651123046875
50,292,-2.1700756549835205,-2.1340439319610596,-4.183622360229492,2.4209299087524414
50,293,-3.599149227142334,1.522271990776062,-3.8895323276519775,4.902213096618652
50,294,-2.937744140625,-1.3983912467956543,-1.7033575773239136,3.3729963302612305
50,295,-1.9976892471313477,-2.502316474914551,-3.410224199295044,1.6867125034332275
50,296,0.7181522250175476,-4.689274787902832,-2.2172129154205322,3.351044178009033
50,297,-5.468394756317139,-2.2471017837524414,-0.27989986538887024,3.6115875244140625
50,298,1.1540889739990234,-1.5493842363357544,-0.8112079501152039,3.0744218826293945
50,299,-3.1461803913116455,5.5182600021362305,-2.931891918182373,6.275300979614258
50,300,-1.3591296672821045,1.0463111400604248,-2.0973637104034424,3.417052745819092
50,301,-0.016546346247196198,-2.5486369132995605,-2.02702260017395,3.462867259979248
50,302,2.1596500873565674,-3.9899935722351074,2.184079170227051,-3.8454465866088867
50,303,1.1058179140090942,-2.7339377403259277,0.6319767236709595,-0.188820019364357
50,304,2.0699501037597656,-3.1175031661987305,1.8609064817428589,-2.41976261138916
50,305,1.776352882385254,-1.8545854091644287,1.6238453388214111,-1.0684293508529663
50,306,2.4278368949890137,-2.8014321327209473,2.0518438816070557,-2.13040828704834
50,307,2.1987547874450684,-3.4905591011047363,2.02339243888855,-3.0608561038970947
50,308,-0.9698155522346497,-4.900854110717773,-1.870465874671936,3.094910144805908
50,309,0.35346636176109314,-2.280449867248535,-1.3397586345672607,3.121901512145996
50,310,2.618964910507202,-3.590480327606201,2.6267759799957275,-3.500993013381958
50,311,3.0497634410858154,-2.355226993560791,3.136298894882202,-2.1017069816589355
50,312,-4.1434645652771,-0.9340354204177856,-2.4268455505371094,2.87851619720459
50,313,0.7928268313407898,-4.954963684082031,-2.191864252090454,3.611320972442627
50,314,-0.5565577149391174,-4.727076530456543,-1.8521100282669067,3.027923107147217
50,315,-1.3738470077514648,-3.6821300983428955,-0.7147703170776367,2.793057918548584
50,316,-4.169448375701904,-2.0258209705352783,-0.7819361686706543,2.425800323486328
50,317,0.8869143724441528,-2.5809571743011475,-1.326768159866333,3.6092941761016846
50,318,1.3148430585861206,-0.472549170255661,-0.3849717676639557,3.411539316177368
50,319,1.4408951997756958,-1.1665621995925903,-0.6365302205085754,2.8934569358825684
50,320,0.5360041260719299,-4.1725239753723145,-1.5963635444641113,2.793825149536133
50,321,0.8047730326652527,-3.0683395862579346,-1.215690016746521,2.707043409347534
50,322,-1.575623631477356,-2.3892829418182373,-2.6011953353881836,2.7490577697753906
50,323,-2.3486270904541016,0.8085150122642517,-1.9692721366882324,1.7956671714782715
50,324,3.2447075843811035,-3.429832935333252,3.382736921310425,-3.3721203804016113
50,325,2.659090280532837,-3.9545156955718994,2.7937369346618652,-3.895280361175537
50,326,3.1578361988067627,-3.247697353363037,3.205418825149536,-3.1232314109802246
50,327,3.0451467037200928,-1.6662424802780151,2.866205930709839,-1.4061170816421509
50,328,-1.4741555452346802,-7.3651885986328125,-6.090108394622803,-6.698189735412598
50,329,2.7450971603393555,-2.162673234939575,2.890399932861328,-1.6352227926254272
50,330,2.6518633365631104,-1.6292556524276733,2.5710761547088623,-1.2861696481704712
50,331,-5.892086029052734,-2.7898430824279785,-5.49379301071167,-2.39241361618042
50,332,-0.2732996642589569,3.5938637256622314,-0.4830900728702545,5.3910627365112305
50,333,-2.5139176845550537,-2.30877423286438,-1.6787140369415283,3.3840763568878174
50,334,1.4708319902420044,-3.669135570526123,1.1754697561264038,-2.895170211791992
50,335,1.1684967279434204,-2.9784440994262695,-0.8775625228881836,3.3641233444213867
50,336,-3.108286142349243,-2.18951678276062,-1.04128098487854,2.9567723274230957
50,337,1.4468700885772705,-1.062187671661377,-0.3746180534362793,3.3403332233428955
50,338,0.223690003156662,-1.544409990310669,-1.4912314414978027,3.2041845321655273
50,339,0.9131861925125122,-3.1866586208343506,-1.69774329662323,3.415722131729126
50,340,2.5517547130584717,-3.1741952896118164,2.2902891635894775,-2.679471731185913
50,341,1.2936943769454956,-1.2015022039413452,-0.24909871816635132,2.8116884231567383
50,342,0.5246692299842834,-1.3765357732772827,-1.515142560005188,3.393672227859497
50,343,1.3786962032318115,-6.067183017730713,-2.1503493785858154,3.477342128753662
50,344,-0.15848895907402039,-3.559399127960205,-1.355852723121643,2.8863213062286377
50,345,-2.5718116760253906,-1.9751955270767212,-1.3792284727096558,3.1022520065307617
50,346,-1.5111134052276611,3.155989646911621,-2.3944900035858154,5.475949764251709
50,347,-2.552198648452759,-0.12391598522663116,-3.2495834827423096,1.5027104616165161
50,348,3.4594948291778564,-4.0232954025268555,3.596872568130493,-4.080041408538818
50,349,3.2041313648223877,-2.6692399978637695,3.3083531856536865,-2.2235541343688965
50,350,2.8977696895599365,-1.79032301902771,2.6383378505706787,-1.387802004814148
50,351,3.0831587314605713,-2.955662965774536,3.1619811058044434,-2.7848548889160156
50,352,2.043771505355835,-0.87995445728302,-5.204498291015625,-2.81662654876709
50,353,-6.389868259429932,-5.307651042938232,-5.648715019226074,-3.3714613914489746
50,354,1.1754225492477417,-2.9909093379974365,-0.9741483926773071,2.951521635055542
50,355,-1.6657904386520386,-3.077955722808838,-2.324514865875244,3.846463918685913
50,356,-0.016546346247196198,-2.5486369132995605,-2.02702260017395,3.462867259979248
50,357,-1.2400020360946655,3.29636812210083,-0.35694172978401184,4.037592887878418
50,358,1.6531825065612793,-0.5110839009284973,-0.4269890785217285,3.7004828453063965
50,359,-0.5974675416946411,2.5547702312469482,-1.073927879333496,3.7788991928100586
50,360,-1.0803207159042358,1.963781476020813,-1.2667495012283325,4.237119197845459
50,361,2.260350227355957,-1.7188342809677124,2.425020456314087,-1.2356995344161987
50,362,3.4259355068206787,-3.6318812370300293,3.535423994064331,-3.6261487007141113
50,363,0.9909653663635254,-2.1012496948242188,-0.8352216482162476,3.2027926445007324
50,364,0.9508458375930786,-2.0076186656951904,-1.0196658372879028,2.9953227043151855
50,365,-1.153122901916504,-0.2471270114183426,-2.2803971767425537,3.492979049682617
50,366,0.9997644424438477,-4.668294429779053,-1.702751874923706,3.061722755432129
50,367,0.48422273993492126,-5.72934627532959,0.2599506676197052,-5.849678993225098
50,368,-0.2953329086303711,-2.4829061031341553,-0.8579891324043274,2.85038161277771
50,369,2.2865848541259766,-1.0588085651397705,2.797767162322998,1.007246971130371
50,370,-0.6117964386940002,-1.8760396242141724,-2.5015251636505127,4.0076494216918945
50,371,-1.4347018003463745,-3.3309144973754883,-1.3481978178024292,2.789212226867676
50,372,-2.1518659591674805,-0.8069295883178711,-3.7005889415740967,1.9302524328231812
50,373,0.6898268461227417,-0.5746697187423706,-0.7687053680419922,2.770167350769043
50,374,0.900795578956604,-0.8837668299674988,-0.7373553514480591,3.099181652069092
50,375,1.8516510725021362,-1.1264199018478394,1.5388998985290527,-0.3585060238838196
50,376,2.2567193508148193,-1.2552534341812134,0.5216047167778015,4.873701095581055
50,377,-5.886429309844971,-2.2410926818847656,-5.218349933624268,-1.572925090789795
50,378,-1.0623273849487305,-2.2610483169555664,-1.7816358804702759,2.07063627243042
50,379,0.8128876090049744,-0.6422074437141418,-0.7185518741607666,2.78312087059021
50,380,-1.8690215349197388,-3.9810497760772705,-0.8727469444274902,2.614391326904297
50,381,-1.4508581161499023,-4.540904998779297,-2.3250203132629395,3.5799081325531006
50,382,-1.153122901916504,-0.2471270114183426,-2.2803971767425537,3.492979049682617
50,383,2.1225388050079346,-0.7871900200843811,-0.36368685960769653,4.151235580444336
50,384,-1.798732042312622,6.551416397094727,-1.9009584188461304,6.541864395141602
50,385,-2.719180107116699,6.052742958068848,-2.4985570907592773,6.51513671875
50,386,-1.5834012031555176,-2.510251045227051,-3.9619672298431396,4.340569496154785
50,387,1.211668848991394,-5.640445709228516,-1.7956819534301758,2.8964288234710693
50,388,-4.740170478820801,-2.3623180389404297,-0.6867262721061707,2.782752513885498
50,389,2.376457929611206,-4.145603179931641,2.395433187484741,-4.152280807495117
50,390,2.1870169639587402,-7.780521869659424,2.3221864700317383,-8.044904708862305
50,391,1.002914547920227,-7.363877296447754,1.7875341176986694,-7.718306541442871
50,392,0.9246070384979248,-3.9457921981811523,-1.373691439628601,2.882101535797119
50,393,0.8455661535263062,-3.499622344970703,-2.013218402862549,3.6098506450653076
50,394,-4.347401142120361,-0.3894317150115967,-1.1628779172897339,2.6386168003082275
50,395,1.9754294157028198,-3.483110189437866,1.6385518312454224,-2.940000534057617
50,396,2.607706308364868,-1.7703547477722168,2.295109987258911,-1.3167061805725098
50,397,-2.076528549194336,3.947814464569092,-2.649427652359009,5.754645347595215
50,398,-0.7808036804199219,3.936877489089966,-1.4060612916946411,5.936863422393799
50,399,1.948952555656433,-3.055913209915161,1.610331654548645,-2.2425708770751953
50,400,1.4976731538772583,-3.2001543045043945,0.3142886161804199,1.0995242595672607
50,401,-4.508181095123291,-2.7022485733032227,-2.099668025970459,3.680255651473999
50,402,1.0923900604248047,-2.513946056365967,-1.0304688215255737,3.104938507080078
50,403,0.5501800775527954,-0.8127394318580627,-1.0750038623809814,3.1322381496429443
50,404,-6.119170665740967,-2.053410530090332,-1.0625172853469849,2.9999101161956787
50,405,-0.7758734226226807,2.5958046913146973,-0.9930187463760376,3.8133606910705566
50,406,3.3313827514648438,-0.978602409362793,-0.6406543850898743,2.8599109649658203
50,407,-3.9629316329956055,-0.8770995140075684,-2.2634665966033936,4.858262538909912
50,408,3.310659646987915,-1.0810946226119995,3.0394363403320312,-0.5005657076835632
50,409,3.319692373275757,-3.7651267051696777,3.4627230167388916,-3.7926506996154785
50,410,3.172297716140747,-5.233816623687744,3.4343478679656982,-5.808381080627441
50,411,-2.499372720718384,-7.448432922363281,-2.004720687866211,-9.219588279724121
50,412,0.33024829626083374,-1.7222187519073486,-0.860690712928772,2.8173506259918213
50,413,-0.9233260750770569,-5.326617240905762,-3.0022523403167725,3.443199396133423
50,414,-4.668619632720947,-0.5028870105743408,-1.1752644777297974,3.012261390686035
50,415,-0.13790248334407806,-2.6037650108337402,-2.295121431350708,3.6411330699920654
50,416,-2.9454495906829834,0.9794931411743164,-3.3963944911956787,4.580486297607422
50,417,-2.4626996517181396,1.635804533958435,-2.5749146938323975,4.497293472290039
50,418,-5.176572322845459,-1.8334866762161255,-5.203346252441406,-1.9918912649154663
50,419,-4.8753790855407715,-6.646806240081787,-6.041685581207275,-6.4780473709106445
50,420,1.6428574323654175,-3.531808376312256,0.32673588395118713,1.1777070760726929
50,421,-2.1448330879211426,-3.6525681018829346,-1.1651495695114136,3.4354922771453857
50,422,-3.190993309020996,-1.6627229452133179,-2.47648024559021,4.2647294998168945
50,423,1.2458912134170532,-3.631857395172119,-1.3093769550323486,3.3860416412353516
50,424,-4.599878787994385,4.757430076599121,-4.288677215576172,6.018378734588623
50,425,1.494120717048645,-1.0519638061523438,-0.14479723572731018,4.250686168670654
50,426,0.5229689478874207,-0.4031667113304138,-1.2713598012924194,3.3108134269714355
50,427,1.562296748161316,-1.1104955673217773,-0.3618461489677429,3.4153101444244385
50,428,3.315964460372925,-3.434235095977783,3.3605949878692627,-3.346550703048706
50,429,2.7956197261810303,-2.7448508739471436,2.6224825382232666,-2.3063852787017822
50,430,2.518636703491211,-1.5123636722564697,2.748434066772461,-1.1550179719924927
50,431,3.1607162952423096,-3.1529343128204346,3.2618355751037598,-3.0135855674743652
50,432,3.472874402999878,-4.9185404777526855,3.662790536880493,-5.200723648071289
50,433,2.2637789249420166,-4.858429431915283,2.29062819480896,-5.677239418029785
50,434,0.8232431411743164,-4.041384220123291,-1.7110222578048706,3.0603489875793457
50,435,1.42880117893219,-2.3771114349365234,-0.8334892392158508,4.09728479385376
50,436,-0.3935109078884125,-4.873551368713379,-3.463529109954834,3.76493239402771
50,437,0.22639119625091553,-5.688251495361328,1.9723986387252808,-7.702737808227539
50,438,-1.8720366954803467,-1.7241172790527344,-3.7467448711395264,3.2794861793518066
50,439,-0.7617732286453247,-4.046073913574219,-2.3281259536743164,3.987143039703369
50,440,-0.9158638119697571,-4.197488784790039,-1.8934811353683472,3.2557146549224854
50,441,2.2899363040924072,-1.5412484407424927,2.3447213172912598,-1.2880984544754028
50,442,1.339417576789856,-2.340052604675293,-0.7899361252784729,3.037590503692627
50,443,1.8926249742507935,-6.880819320678711,2.1372952461242676,-7.688261032104492
50,444,-4.0966925621032715,-0.45108315348625183,-1.080862045288086,1.9815144538879395
50,445,-1.238332986831665,2.28975772857666,-1.7111576795578003,3.8676137924194336
50,446,-4.6700921058654785,-1.438212275505066,-1.0531007051467896,2.668680429458618
50,447,0.46980980038642883,-4.259448051452637,-2.375200033187866,3.402590751647949
50,448,2.4918053150177,-3.09220552444458,2.277101755142212,-2.5640041828155518
50,449,2.0603878498077393,-1.9536192417144775,2.0413599014282227,-1.1593965291976929
50,450,-5.883289813995361,-1.4974311590194702,-5.2765116691589355,-0.5277372598648071
50,451,2.4419519901275635,-2.79449725151062,1.8402107954025269,-1.9148801565170288
50,452,1.657684564590454,-6.056784152984619,2.0993127822875977,-7.6046857833862305
50,453,2.083697557449341,-5.63011360168457,2.4755139350891113,-7.536590099334717
50,454,-2.4713006019592285,-1.601290225982666,-2.1371161937713623,3.5134658813476562
50,455,-2.487359046936035,2.329883337020874,-3.0327095985412598,4.660140037536621
50,456,2.0828402042388916,-2.493762969970703,1.7876650094985962,-1.6455012559890747
50,457,1.260377287864685,-3.929344892501831,1.312490463256836,-6.68517541885376
50,458,0.5349394083023071,-0.49000266194343567,-0.8729454874992371,2.7177085876464844
50,459,0.9164605140686035,-3.8319380283355713,-1.4312573671340942,2.7905495166778564
50,460,0.46974441409111023,-3.8111162185668945,-2.0631754398345947,3.387730598449707
50,461,-1.458148717880249,-4.38422966003418,-1.2426477670669556,2.9117541313171387
50,462,-0.39424020051956177,-2.4088003635406494,-1.8550840616226196,3.375582218170166
50,463,1.3022221326828003,-3.2615344524383545,-1.0855344533920288,3.0243449211120605
50,464,-2.2049977779388428,-0.98541659116745,-3.2688851356506348,1.9303141832351685
50,465,0.6088790893554688,-3.8582096099853516,-1.8812216520309448,3.3122878074645996
50,466,-0.9965918660163879,1.0423630475997925,-1.482922911643982,3.098581552505493
50,467,0.9717097282409668,-0.7548953294754028,-0.6111270189285278,2.953580141067505
50,468,2.9783742427825928,-0.9286507964134216,0.44472387433052063,4.91491174697876
50,469,-5.341043472290039,-1.9832547903060913,-0.5700542330741882,2.410215139389038
50,470,3.926856756210327,-6.3221940994262695,4.116898059844971,-6.724620819091797
50,471,-0.7349526286125183,-4.814925193786621,-3.053611993789673,4.250945091247559
50,472,-2.32497239112854,-2.600123405456543,-2.6877667903900146,4.287259101867676
50,473,1.5059517621994019,-2.4438233375549316,0.7585007548332214,0.5956611633300781
50,474,1.5616732835769653,-1.021833062171936,-0.17968907952308655,3.8560802936553955
50,475,1.199938178062439,-2.6206469535827637,-0.9717984795570374,3.0477654933929443
50,476,1.082629919052124,-3.6061439514160156,-1.205717921257019,3.0280449390411377
50,477,1.7795943021774292,-3.3582441806793213,1.5759297609329224,-1.8794368505477905
50,478,-1.9626712799072266,-2.662917375564575,-2.2065510749816895,3.464195728302002
50,479,0.723504364490509,-3.2716565132141113,-1.072437047958374,3.01405668258667
50,480,-3.0087363719940186,-1.5140799283981323,-1.0194225311279297,2.814441680908203
50,481,-6.234889984130859,-2.567716121673584,-1.7332946062088013,3.9065115451812744
50,482,-1.8670636415481567,-2.988236904144287,-2.9022486209869385,2.973174571990967
50,483,-5.795314788818359,-2.9816484451293945,-0.7578267455101013,2.807307243347168
50,484,3.6575284004211426,-4.512216567993164,3.8438546657562256,-4.653945446014404
50,485,2.0703535079956055,-3.5659329891204834,1.6458871364593506,-2.493889331817627
50,486,1.6852878332138062,-4.120223522186279,1.5126701593399048,-4.155406951904297
50,487,0.882865846157074,-4.641765594482422,-2.0642364025115967,3.2538063526153564
50,488,1.1015143394470215,-3.5472655296325684,-1.151038646697998,2.8862833976745605
50,489,-1.8620175123214722,-3.1938130855560303,-1.4336116313934326,2.9090723991394043
50,490,-1.301562786102295,-0.817814826965332,-2.4633548259735107,3.850680351257324
50,491,0.263446569442749,-3.1745247840881348,-2.1368136405944824,3.4597272872924805
50,492,-1.082897424697876,-4.450279235839844,-3.2800357341766357,3.296867847442627
50,493,0.5286267995834351,-3.241081476211548,-1.5057300329208374,3.054227828979492
50,494,-2.666855573654175,-2.150279998779297,-0.8511062860488892,2.471367597579956
50,495,-0.734207272529602,-0.18234986066818237,-2.4612903594970703,3.889813184738159
50,496,-2.3858463764190674,-7.391857624053955,-1.608138084411621,-7.703139305114746
50,497,-0.9919106960296631,-4.752325534820557,-2.2539637088775635,2.854064464569092
50,498,1.2425507307052612,-2.5548129081726074,-0.8938237428665161,2.866238594055176
50,499,3.90046763420105,-6.299675941467285,4.139643669128418,-6.759324550628662
50,500,0.5200368165969849,-3.799471378326416,-1.784709095954895,3.119889736175537
50,501,-0.016546346247196198,-2.5486369132995605,-2.02702260017395,3.462867259979248
50,502,0.7018337249755859,-2.221902847290039,-1.0640934705734253,2.840695858001709
50,503,1.0607000589370728,-1.6961572170257568,-0.8336081504821777,2.9284636974334717
50,504,1.8446160554885864,-3.1676528453826904,-0.9418095350265503,3.8412609100341797
50,505,-1.165123462677002,0.7938993573188782,-1.0278949737548828,1.5836207866668701
50,506,-4.247437000274658,-1.0090616941452026,-0.8289315700531006,1.8606089353561401
50,507,1.2189253568649292,-2.3192660808563232,-0.4693046510219574,2.946333408355713
50,508,1.822127103805542,-2.697232961654663,2.127114772796631,-1.872471570968628
50,509,1.5414108037948608,-3.9938416481018066,1.5931488275527954,-4.921924591064453
50,510,1.7443692684173584,-4.336092948913574,1.933754801750183,-5.48492431640625
50,511,-1.2580853700637817,-3.8211112022399902,-2.497021436691284,3.6364102363586426
50,512,-1.9772881269454956,0.14072702825069427,-1.9431105852127075,2.296783447265625
50,513,-0.774381160736084,0.45511338114738464,-1.562392234802246,2.6913833618164062
50,514,1.2401082515716553,-3.7460083961486816,1.7677866220474243,-7.070923805236816
50,515,2.159888982772827,-4.852293968200684,2.2161195278167725,-5.754124641418457
50,516,-4.038403034210205,-0.70635586977005,-2.00451397895813,2.9281656742095947
50,517,-2.9269702434539795,2.178891181945801,-3.482950210571289,5.029753684997559
50,518,0.46980980038642883,-4.259448051452637,-2.375200033187866,3.402590751647949
50,519,-1.844068169593811,-3.7377707958221436,-1.8392910957336426,2.8342232704162598
50,520,1.0388665199279785,-0.7183024287223816,-0.6823328137397766,3.00103759765625
50,521,1.9089940786361694,-3.9336092472076416,1.6824314594268799,-3.622253179550171
50,522,-3.2281408309936523,0.4684092104434967,-2.940920114517212,5.155904293060303
50,523,2.116848945617676,-3.7762584686279297,2.0644218921661377,-3.0293309688568115
50,524,-2.254366636276245,-1.6894723176956177,-3.1646511554718018,4.055689811706543
50,525,-2.3347394466400146,-0.9722440838813782,-2.8691866397857666,3.3145837783813477
50,526,-5.4529805183410645,-2.9832098484039307,-0.589766263961792,2.559540271759033
50,527,1.30300772190094,-5.904880046844482,-0.5678511261940002,-4.57186222076416
50,528,1.3626601696014404,-5.769932746887207,-1.2206131219863892,2.6296889781951904
50,529,2.2289111614227295,-1.2510555982589722,2.7519466876983643,-0.01623423583805561
50,530,1.7433185577392578,-3.4514005184173584,1.3481909036636353,-2.599721670150757
50,531,-4.533036708831787,-2.3041813373565674,-0.6450319290161133,3.1212615966796875
50,532,1.2254546880722046,-2.235222101211548,-0.035250283777713776,1.806794285774231
50,533,-0.8753687739372253,-6.862606048583984,-3.67651104927063,-4.263797760009766
50,534,-1.446653962135315,2.5050466060638428,-2.0691397190093994,4.439364433288574
50,535,1.6901010274887085,-1.536388635635376,-0.5631770491600037,3.607248306274414
50,536,1.061668038368225,-2.981628894805908,-0.996047854423523,3.2122836112976074
50,537,0.606354296207428,-0.7310546040534973,-0.862788736820221,2.7236640453338623
50,538,-2.897021532058716,2.076765537261963,-3.0574262142181396,4.572519779205322
50,539,-4.0650835037231445,-1.75212562084198,-0.9831048250198364,3.6866037845611572
50,540,-1.0938454866409302,-2.830343723297119,-0.5028449892997742,3.6461997032165527
50,541,1.0183531045913696,1.490491271018982,-0.6039962768554688,3.763455629348755
50,542,3.299499750137329,-4.9987969398498535,3.569193124771118,-5.417051792144775
50,543,2.5938429832458496,-4.693720817565918,2.7699615955352783,-4.992400646209717
50,544,-1.7219480276107788,-3.2011704444885254,-2.681372880935669,4.025979042053223
50,545,-0.1730818748474121,-3.7972958087921143,-2.492306709289551,3.7110743522644043
50,546,-2.0113589763641357,-2.837075710296631,-1.5312315225601196,2.7762303352355957
50,547,-0.3239489793777466,-2.74558424949646,-1.6860524415969849,3.0483193397521973
50,548,-0.9374274611473083,-2.1579298973083496,-1.5001405477523804,3.3791005611419678
50,549,-1.4046471118927002,-2.7317914962768555,-1.4217698574066162,2.890350341796875
50,550,0.8052293062210083,-1.9005106687545776,-0.7197509407997131,2.55249285697937
50,551,-0.39424020051956177,-2.4088003635406494,-1.8550840616226196,3.375582218170166
50,552,-0.8741602897644043,-2.3403446674346924,-2.884550094604492,3.7397897243499756
50,553,-2.2704315185546875,-3.4655771255493164,-1.3431156873703003,2.726673126220703
50,554,-0.7860393524169922,1.9436365365982056,-2.0493216514587402,4.839807033538818
50,555,-1.0725566148757935,5.30515193939209,-1.2557953596115112,6.235475063323975
50,556,-1.3835662603378296,2.4112746715545654,-2.4374635219573975,4.926323890686035
50,557,-2.12319278717041,-2.409257411956787,-0.8634687662124634,2.748676061630249
50,558,0.679905116558075,-3.1851539611816406,-1.2952910661697388,2.950209856033325
50,559,1.3231481313705444,-4.099819183349609,1.2799941301345825,-5.984288215637207
50,560,-1.405022144317627,-2.636793375015259,-2.2706334590911865,3.3776426315307617
50,561,-1.8671492338180542,-1.471840739250183,-2.6819005012512207,2.9887008666992188
50,562,-1.1768683195114136,3.263023614883423,-1.9323971271514893,5.777331829071045
50,563,-0.6701593995094299,-6.172539710998535,-2.7553069591522217,3.8150312900543213
50,564,1.00304114818573,-5.020125389099121,-2.1738131046295166,3.1590683460235596
50,565,1.1908942461013794,-2.098841905593872,0.8413079977035522,-0.16451337933540344
50,566,1.8315509557724,-3.1688103675842285,1.367677092552185,-2.145587682723999
50,567,2.2113516330718994,-1.9334172010421753,1.9781752824783325,-1.1142816543579102
50,568,0.8825317621231079,-0.5083833336830139,-0.6891308426856995,3.3443756103515625
50,569,2.0793869495391846,-0.5838095545768738,-0.21409201622009277,3.5293169021606445
50,570,-1.0392805337905884,1.2677747011184692,-2.0974206924438477,3.9410293102264404
50,571,0.36690130829811096,-2.6083009243011475,-1.6682897806167603,3.003376007080078
50,572,0.3363970220088959,-1.6271947622299194,-1.2917916774749756,3.0866641998291016
50,573,1.6657954454421997,-3.722259521484375,1.2381600141525269,-2.7891955375671387
50,574,-0.15666496753692627,-1.72709059715271,-0.7435809969902039,2.7897770404815674
50,575,1.402496337890625,-4.29044246673584,2.4237568378448486,-7.633788108825684
50,576,-2.1675713062286377,-1.7241820096969604,-2.8505702018737793,3.2369439601898193
50,577,-1.7256405353546143,-1.323555588722229,-2.8929357528686523,3.835660934448242
50,578,2.1777920722961426,-2.396296977996826,2.0183908939361572,-1.251421570777893
50,579,-3.5085268020629883,-1.1968766450881958,-0.821162223815918,2.8385250568389893
50,580,2.596113443374634,-1.6486889123916626,2.6269772052764893,-1.3632451295852661
50,581,-5.326741695404053,-2.557286262512207,-0.4814130663871765,3.197620153427124
50,582,1.613224983215332,-2.2166218757629395,-3.847130298614502,-3.1765060424804688
50,583,-2.8236143589019775,-7.749363899230957,-4.890550136566162,-6.297833442687988
50,584,-1.078087568283081,2.479125499725342,-1.7873070240020752,4.011202812194824
50,585,2.034905195236206,-1.6994251012802124,2.4078991413116455,0.6957389712333679
50,586,-1.1915780305862427,-5.034095287322998,-3.5564374923706055,3.354470729827881
50,587,-0.868787407875061,-2.8093719482421875,-2.4850261211395264,3.6347413063049316
50,588,-1.422221064567566,-2.7438275814056396,-1.3889126777648926,3.0482826232910156
50,589,0.8692944049835205,-3.8669843673706055,-1.5013065338134766,2.976426601409912
50,590,0.4952886402606964,-4.18765926361084,-2.0284712314605713,3.173157215118408
50,591,-1.3379477262496948,-1.9070795774459839,-2.4697930812835693,3.5490882396698
50,592,2.1334195137023926,-0.4916824698448181,-0.04242011159658432,3.730407476425171
50,593,0.8608502149581909,-1.742883563041687,-0.9299965500831604,2.937694549560547
50,594,-3.1205127239227295,-0.5456625819206238,-2.040452718734741,4.013866424560547
50,595,0.12558484077453613,-2.6002416610717773,-1.9656826257705688,3.493398666381836
50,596,-4.210968971252441,-1.9943007230758667,-0.7199481725692749,2.7555832862854004
50,597,-0.5065553188323975,3.037275791168213,-0.6022563576698303,4.156778335571289
50,598,1.955320954322815,-4.013862609863281,-0.12796257436275482,2.5293233394622803
50,599,-1.7186366319656372,-3.163153648376465,-4.071391582489014,2.9370946884155273
50,600,-1.0203969478607178,-2.1685104370117188,-2.588212013244629,3.8070755004882812
50,601,-0.958318829536438,2.052990198135376,-2.3475892543792725,5.230456352233887
50,602,1.5305043458938599,-1.4865061044692993,-0.6112663745880127,3.3621668815612793
50,603,-3.292705535888672,0.04674185812473297,-1.1961067914962769,2.090427875518799
50,604,1.5997552871704102,-1.3497575521469116,0.2921884059906006,3.5017123222351074
50,605,2.8634774684906006,-1.5059164762496948,2.3146350383758545,-0.8677691221237183
50,606,2.0425097942352295,-2.81105899810791,1.4646073579788208,-1.8847782611846924
50,607,-4.764837265014648,2.0674080848693848,-4.868466377258301,3.8364579677581787
50,608,-1.1557347774505615,-1.9720662832260132,-2.234309434890747,3.747610569000244
50,609,-1.0410982370376587,-3.425771951675415,-2.260960817337036,3.4053993225097656
50,610,-3.779100179672241,-2.1415929794311523,-0.6071611642837524,3.267428398132324
50,611,2.415623188018799,-3.7319018840789795,2.469914674758911,-3.437342405319214
50,612,0.9409694671630859,-1.5085606575012207,-0.8257728219032288,3.2323131561279297
50,613,1.0833079814910889,-1.0658460855484009,-0.5061301589012146,2.8875584602355957
50,614,1.8878244161605835,-4.683921813964844,2.0861012935638428,-5.989841461181641
50,615,-3.2876360416412354,-0.880680501461029,-2.35953688621521,4.316568374633789
50,616,-3.2988195419311523,-2.229940176010132,-0.9115094542503357,2.522517204284668
50,617,-1.6828253269195557,-2.744762897491455,-2.4993295669555664,3.9777872562408447
50,618,0.5913197994232178,-3.296278953552246,-1.6768144369125366,3.152461528778076
50,619,-0.1784941852092743,-3.2523746490478516,-1.9304271936416626,3.7249562740325928
50,620,-0.6734861731529236,-5.241679668426514,-2.254209280014038,3.0368661880493164
50,621,-0.24958106875419617,-2.4066781997680664,-1.6258578300476074,3.257335662841797
50,622,-6.9657464027404785,-3.2046356201171875,-6.057458877563477,-2.7157864570617676
50,623,-5.197573661804199,1.9545899629592896,-5.263115882873535,3.113516330718994
50,624,-1.4541690349578857,1.061230182647705,-2.902236223220825,4.727697849273682
50,625,-0.9895885586738586,0.8908361792564392,-0.9489730596542358,1.8411128520965576
50,626,0.9840747117996216,-2.958904266357422,-1.548313021659851,3.9355621337890625
50,627,-1.3287729024887085,-4.214759349822998,-2.5192196369171143,3.1578049659729004
50,628,-1.6740972995758057,-2.799389123916626,-3.0748305320739746,3.9780070781707764
50,629,0.7468015551567078,-1.3803586959838867,-1.0533182621002197,3.2861390113830566
50,630,0.4110586941242218,-1.0664639472961426,-1.583269715309143,3.441709518432617
50,631,-0.760801374912262,-2.403982162475586,-2.488091230392456,3.493472099304199
50,632,-2.1093642711639404,-4.421238899230957,-1.6241027116775513,2.683333158493042
50,633,-2.4921791553497314,-0.21273614466190338,-2.134681224822998,3.9450089931488037
50,634,-0.27775850892066956,-4.653435230255127,-2.616739511489868,4.027770042419434
50,635,0.953405499458313,-3.510197162628174,-1.2554389238357544,2.685703754425049
50,636,-0.11150311678647995,-1.1169908046722412,-1.684022307395935,2.975348949432373
50,637,-3.872790575027466,1.8092836141586304,-4.204779624938965,4.57690954208374
50,638,-1.744033932685852,-0.10091225802898407,-2.2867300510406494,3.2371537685394287
50,639,-0.016546346247196198,-2.5486369132995605,-2.02702260017395,3.462867259979248
50,640,-1.324583649635315,-1.7495172023773193,-2.543623924255371,3.7514150142669678
50,641,-0.778162956237793,3.470806837081909,-1.1139706373214722,5.115828990936279
50,642,0.7188905477523804,-0.6006126403808594,-1.1559393405914307,3.686028003692627
50,643,2.116848945617676,-3.7762584686279297,2.0644218921661377,-3.0293309688568115
50,644,0.1646060347557068,-2.9388554096221924,-1.7161009311676025,3.232879877090454
50,645,2.369509696960449,-3.909367561340332,2.286102294921875,-2.990036964416504
50,646,1.6115186214447021,-5.177353858947754,2.0097696781158447,-7.172936916351318
50,647,-0.8597660660743713,-4.429749011993408,-1.693764328956604,2.7035889625549316
50,648,-0.8557331562042236,-3.9743599891662598,-2.0357141494750977,3.5974059104919434
50,649,-1.1511733531951904,-0.8068450093269348,-1.9147852659225464,3.452258825302124
50,650,1.2386839389801025,-5.358407020568848,-2.492584705352783,2.1401007175445557
50,651,1.4753950834274292,-6.0819621086120605,2.0808351039886475,-8.367318153381348
50,652,1.1563923358917236,-5.078476905822754,-2.1507537364959717,3.4940359592437744
50,653,-1.975838303565979,-4.15377140045166,-1.4058856964111328,2.368746280670166
50,654,-1.9867740869522095,-0.08817313611507416,-2.2923524379730225,2.7165064811706543
50,655,1.0688188076019287,-3.516507148742676,-1.2530474662780762,3.394163131713867
50,656,2.0540072917938232,-4.565159797668457,1.9016386270523071,-4.0838518142700195
50,657,-1.0502415895462036,2.8600902557373047,-1.559571623802185,4.614553928375244
50,658,0.07510031014680862,-3.253986358642578,-1.8956315517425537,3.2596001625061035
50,659,-2.8165853023529053,-1.981881856918335,-0.982050359249115,2.7723894119262695
50,660,1.367613434791565,-1.7058409452438354,-0.7005202174186707,3.480381488800049
50,661,-2.054389238357544,3.5123047828674316,-2.7591683864593506,5.303504943847656
50,662,-0.9749143719673157,-3.4714536666870117,-2.433420181274414,3.541724443435669
50,663,0.7377414107322693,-4.534134864807129,-2.4600815773010254,3.205477714538574
50,664,-2.591892719268799,-1.460532546043396,-1.926831603050232,2.762775182723999
50,665,-1.8434780836105347,-1.3579238653182983,-2.7825748920440674,3.024019241333008
50,666,-0.2122257649898529,-4.475465774536133,-2.410592794418335,3.6887714862823486
50,667,-1.3379477262496948,-1.9070795774459839,-2.4697930812835693,3.5490882396698
50,668,-0.5199358463287354,-3.465148687362671,-2.955137252807617,3.9384148120880127
50,669,0.7730789184570312,-0.3526777923107147,-0.6893548965454102,2.8994359970092773
50,670,0.7089160680770874,-0.591407299041748,-0.8276658058166504,2.8232104778289795
50,671,-4.643758296966553,-2.4042208194732666,-0.6042167544364929,3.118159294128418
50,672,-3.165658950805664,-2.5832419395446777,-1.556329369544983,3.3868985176086426
50,673,-2.2065155506134033,-0.7244345545768738,-3.1160261631011963,3.302482843399048
50,674,-2.0761373043060303,3.8353703022003174,-2.574970245361328,6.019554615020752
50,675,-2.5171637535095215,2.3311867713928223,-3.077845335006714,4.687718391418457
50,676,-0.6697338819503784,-4.816933631896973,-2.227351665496826,3.2092437744140625
50,677,-1.428711175918579,-2.5503950119018555,-2.23738169670105,2.924988269805908
50,678,-1.1557347774505615,-1.9720662832260132,-2.234309434890747,3.747610569000244
50,679,1.1015143394470215,-3.5472655296325684,-1.151038646697998,2.8862833976745605
50,680,-3.4478771686553955,1.7887318134307861,-3.5742337703704834,4.481073379516602
50,681,1.4230269193649292,-6.366472244262695,-1.6822439432144165,2.919278144836426
50,682,0.9776943922042847,-0.7065288424491882,-0.7297438383102417,3.268651008605957
50,683,0.6257760524749756,-6.038285255432129,-3.020512342453003,4.3554768562316895
50,684,0.3363970220088959,-1.6271947622299194,-1.2917916774749756,3.0866641998291016
50,685,-3.2328803539276123,-1.1459944248199463,-3.247298240661621,-1.0476093292236328
50,686,-1.9447568655014038,-3.7717092037200928,-1.1134213209152222,2.688873052597046
50,687,-1.7581942081451416,-2.4555368423461914,-3.0178420543670654,2.8247270584106445
50,688,2.7262322902679443,-4.0323686599731445,3.0108678340911865,-3.908674716949463
50,689,-2.777675151824951,1.5508384704589844,-3.1785738468170166,4.993011951446533
50,690,-2.1812074184417725,-0.08755646646022797,-2.546325445175171,1.2695962190628052
50,691,-3.043368101119995,-0.3467269539833069,-3.1600935459136963,2.4156291484832764
50,692,-3.124668598175049,-2.868638753890991,-0.8556278347969055,3.3607990741729736
50,693,1.5869791507720947,-1.7172199487686157,1.3392140865325928,-0.38532745838165283
50,694,1.027358889579773,-3.0344905853271484,-1.0394909381866455,2.9908852577209473
50,695,-0.5931516289710999,-4.966566562652588,-2.139885425567627,3.126854419708252
50,696,1.021640419960022,-4.056353569030762,-1.460806965827942,2.9643189907073975
50,697,0.8597530126571655,-1.2514961957931519,-0.879706621170044,3.0804431438446045
50,698,-0.7260327339172363,-4.065771102905273,-3.457684278488159,3.6861536502838135
50,699,-3.0671699047088623,3.509287118911743,-3.357577323913574,5.293363571166992
50,700,-2.0075626373291016,-2.074252128601074,-2.715233087539673,3.108701705932617
50,701,1.0788244009017944,-1.9495254755020142,-0.7515707612037659,3.2085440158843994
50,702,-1.0556825399398804,-5.108617782592773,-3.252861738204956,3.862400770187378
50,703,-2.426501512527466,0.09418867528438568,-3.1129150390625,3.8411827087402344
50,704,2.314640760421753,-3.565291404724121,2.3130476474761963,-3.423165798187256
50,705,1.1447848081588745,-1.3987693786621094,-0.6745482683181763,2.831815242767334
50,706,-3.1879446506500244,-0.8377770185470581,-3.336646318435669,-0.865496814250946
50,707,-1.9976011514663696,-5.400810241699219,-3.8702895641326904,3.6415634155273438
50,708,-1.0880848169326782,-4.560237407684326,-1.8959048986434937,2.812959671020508
50,709,1.6888726949691772,-2.4575753211975098,1.3390954732894897,-1.265564203262329
50,710,1.870434284210205,-1.2392398118972778,2.030069589614868,-0.920805811882019
50,711,2.5274739265441895,-5.475246429443359,2.728656053543091,-6.675905227661133
50,712,0.4952886402606964,-4.18765926361084,-2.0284712314605713,3.173157215118408
50,713,-1.2866533994674683,-2.476315498352051,-1.8400132656097412,3.638293743133545
50,714,-2.3230323791503906,-1.8580827713012695,-1.9244751930236816,3.6306796073913574
50,715,2.4427490234375,-4.548544883728027,2.4040191173553467,-4.819155216217041
50,716,1.88779616355896,-6.054390907287598,2.2677242755889893,-7.883627891540527
50,717,0.8182623982429504,-2.0388970375061035,-1.697999358177185,3.5186984539031982
50,718,-0.6442345976829529,2.4009060859680176,-1.1594001054763794,3.7318739891052246
50,719,-1.3996976613998413,1.3316394090652466,-2.118931531906128,4.324190139770508
50,720,-2.062474489212036,0.09316487610340118,-2.244863986968994,1.7221873998641968
50,721,-2.722580671310425,-1.190856695175171,-1.4045721292495728,2.1037216186523438
50,722,0.6796224117279053,-2.0980026721954346,-1.029443383216858,2.8896360397338867
50,723,1.6510531902313232,-3.2083935737609863,1.1652519702911377,-2.2654130458831787
50,724,1.106498122215271,-4.8358306884765625,-2.044569253921509,3.497764825820923
50,725,-2.712766170501709,-1.50327467918396,-1.9100743532180786,3.145602226257324
50,726,2.034869432449341,-3.7888896465301514,1.9275344610214233,-2.96901535987854
50,727,0.508090078830719,-2.6870665550231934,-1.2338961362838745,3.1685571670532227
50,728,0.7475376725196838,-1.4404228925704956,-0.9777294397354126,3.1955888271331787
50,729,-1.3601551055908203,-3.059969186782837,-1.671277403831482,3.0910449028015137
50,730,-2.654468297958374,-0.6407793760299683,-2.9945459365844727,1.4165769815444946
50,731,1.0577596426010132,-1.6331331729888916,-0.859365701675415,2.872248888015747
50,732,-2.804049253463745,-1.7068589925765991,-2.3264365196228027,4.000277519226074
50,733,-2.2787911891937256,-1.645779013633728,-1.9906870126724243,3.394035577774048
50,734,0.7335907220840454,-1.4626457691192627,-1.4651156663894653,3.8903112411499023
50,735,-1.4434490203857422,-3.746013879776001,-1.85975182056427,3.5384159088134766
50,736,-1.753824234008789,-3.7832698822021484,-1.9694702625274658,3.843538522720337
50,737,-2.5982508659362793,2.3158411979675293,-3.06929349899292,4.6152825355529785
50,738,-3.1443111896514893,-1.4261096715927124,-1.093443512916565,3.5403971672058105
50,739,1.9561508893966675,-2.670131206512451,1.5807342529296875,-1.4883958101272583
50,740,1.3962639570236206,-3.8958661556243896,-1.4162077903747559,2.5027377605438232
50,741,1.999740481376648,-4.201513767242432,2.035982131958008,-4.689608097076416
50,742,2.2740325927734375,-5.538610935211182,2.5560758113861084,-7.051369667053223
50,743,1.7919095754623413,-3.5360448360443115,-0.7179641723632812,3.6802175045013428
50,744,-2.799835443496704,-1.0947836637496948,-1.1873376369476318,3.5395522117614746
50,745,0.8317708969116211,-5.425460338592529,-2.377962112426758,4.054490089416504
50,746,0.47418829798698425,-4.245500564575195,-2.342252254486084,3.432396411895752
50,747,-0.3562983572483063,-2.7121942043304443,-1.780441403388977,3.2337374687194824
50,748,-0.8191781640052795,1.9726204872131348,-2.1427314281463623,4.6604323387146
50,749,0.9743856191635132,-6.589966773986816,-3.0350849628448486,4.5222883224487305
50,750,1.4450645446777344,-5.182423114776611,1.4259389638900757,-6.870458126068115
50,751,2.6522340774536133,-4.222221851348877,2.8779187202453613,-4.346652030944824
50,752,0.9047033190727234,-2.2676117420196533,-1.2317278385162354,3.2252655029296875
50,753,-0.9335859417915344,-1.7675590515136719,-1.890905499458313,3.398895263671875
50,754,-2.1216330528259277,-2.4165096282958984,-2.101729154586792,2.0725655555725098
50,755,-0.012722410261631012,-2.2481930255889893,-1.4705852270126343,3.1863536834716797
50,756,-0.6763827204704285,3.21793532371521,-0.8085881471633911,4.7376708984375
50,757,-0.9213159084320068,3.0611953735351562,-1.437872290611267,4.961489677429199
50,758,0.41105034947395325,-3.228118896484375,-1.353926181793213,3.018515110015869
50,759,-0.8430320024490356,-2.2962546348571777,-2.4659368991851807,3.7177252769470215
50,760,-2.2091753482818604,-1.4618310928344727,-2.4236059188842773,4.200277805328369
50,761,-0.26824018359184265,-4.918248176574707,-2.5208628177642822,2.9472665786743164
50,762,0.4009759724140167,-2.703038454055786,-1.38645601272583,3.2360572814941406
50,763,0.8198598623275757,-3.2965431213378906,-1.0242787599563599,3.077343463897705
50,764,0.6916671991348267,-1.043806552886963,-1.0579516887664795,3.0727031230926514
50,765,0.8971505165100098,-4.961565971374512,-1.9440866708755493,3.469752311706543
50,766,-2.9613113403320312,1.8309367895126343,-3.125575304031372,4.466650485992432
50,767,-3.136009693145752,4.972033977508545,-3.02020001411438,6.0949387550354
50,768,-2.8497865200042725,-1.1532108783721924,-1.7179327011108398,3.8208885192871094
50,769,-3.418839454650879,4.040585517883301,-3.5869815349578857,5.590315818786621
50,770,-2.7205331325531006,-2.0395257472991943,-0.7666101455688477,3.196180582046509
50,771,-0.21580776572227478,-2.440653085708618,-1.433221697807312,3.243582010269165
50,772,-1.4873204231262207,2.519582748413086,-2.3872032165527344,4.6077070236206055
50,773,-2.422098398208618,-2.291450023651123,-3.553748369216919,-1.6218653917312622
50,774,-2.679727077484131,-1.704218864440918,-1.143534541130066,3.7474000453948975
50,775,-2.420982599258423,0.6654601693153381,-3.1640946865081787,3.465202808380127
50,776,-0.7314031720161438,2.7648532390594482,-1.011472225189209,4.180707931518555
50,777,-2.9924724102020264,0.36889946460723877,-4.710251808166504,3.4169256687164307
50,778,-0.23755306005477905,-2.471040725708008,-1.1299947500228882,2.9646801948547363
50,779,1.2683604955673218,-5.5490007400512695,-1.8861889839172363,3.614516496658325
50,780,-3.7235567569732666,1.639565110206604,-4.771214485168457,3.652475357055664
50,781,-1.8053652048110962,-1.7208389043807983,-2.4009697437286377,3.6954407691955566
50,782,1.6012457609176636,-3.38691782951355,1.376342535018921,-2.2588653564453125
50,783,-1.7230905294418335,-2.442803382873535,-2.9575512409210205,2.4385571479797363
50,784,0.414850115776062,-4.5543317794799805,-2.541058301925659,3.2994885444641113
50,785,3.29817271232605,-4.715022087097168,3.5614075660705566,-5.016029357910156
50,786,-2.1557085514068604,-0.43769851326942444,-2.8910820484161377,1.9786646366119385
50,787,1.466884970664978,-2.870150089263916,1.1399518251419067,-1.6575270891189575
50,788,1.664333701133728,-4.334937572479248,1.983169436454773,-5.54701042175293
50,789,-0.6984325647354126,-2.8689656257629395,-2.785419464111328,3.104154109954834
50,790,0.4000108540058136,-2.5441789627075195,-1.45835542678833,3.0217528343200684
50,791,-3.8291094303131104,1.4656139612197876,-4.651011943817139,2.979524850845337
50,792,-0.6105542182922363,-4.267765998840332,-2.411911725997925,3.9981532096862793
50,793,-2.7001121044158936,2.2502853870391846,-2.908679962158203,4.834194183349609
50,794,0.9810312986373901,-4.111448287963867,-1.690712332725525,3.996943712234497
50,795,-0.9749143719673157,-3.4714536666870117,-2.433420181274414,3.541724443435669
50,796,-2.1273326873779297,0.2149331122636795,-1.8518092632293701,1.2545181512832642
50,797,0.20525065064430237,-3.2961888313293457,-2.185011625289917,3.483562707901001
50,798,0.9466620683670044,-3.7274868488311768,-1.155226230621338,2.883533000946045
50,799,-2.538996696472168,-1.7159194946289062,-2.237156629562378,3.4338877201080322
50,800,0.8852070569992065,-5.9871087074279785,-2.558605909347534,3.9865224361419678
50,801,-2.2318103313446045,-2.4287266731262207,-1.8132632970809937,3.1062827110290527
50,802,-0.7420933842658997,-3.394322156906128,-3.1778647899627686,3.1125335693359375
50,803,1.402496337890625,-4.29044246673584,2.4237568378448486,-7.633788108825684
50,804,-0.4357960820198059,-2.821946144104004,-2.279529094696045,3.2144722938537598
50,805,-3.049276113510132,0.3878854215145111,-4.8551554679870605,4.3893961906433105
50,806,-2.0664174556732178,2.264289379119873,-2.3936381340026855,4.396812438964844
50,807,1.1810343265533447,-4.3847575187683105,-2.097358465194702,3.5226242542266846
50,808,1.7884342670440674,-4.934470176696777,2.1728031635284424,-6.443957328796387
50,809,-3.210353136062622,3.7895560264587402,-3.2720890045166016,5.743805885314941
50,810,-2.2318103313446045,-2.4287266731262207,-1.8132632970809937,3.1062827110290527
50,811,1.1522690057754517,-1.6815112829208374,-0.8635051846504211,3.054762601852417
50,812,3.2487690448760986,-4.894404888153076,3.5183539390563965,-5.28647518157959
50,813,0.8881245851516724,-2.359647750854492,-0.9698132276535034,2.9041337966918945
50,814,-6.467167377471924,2.9735593795776367,-5.376976490020752,2.9958276748657227
50,815,-3.905769109725952,3.691509962081909,-4.170854091644287,5.366969108581543
50,816,1.1500211954116821,-2.2133617401123047,-0.7184950113296509,2.9652950763702393
50,817,-1.6692546606063843,-2.530918598175049,-2.217357635498047,3.502629518508911
50,818,-4.747230529785156,1.2521620988845825,-4.463050842285156,2.6203653812408447
50,819,-3.2138657569885254,-1.5582412481307983,-0.7661551237106323,3.0913779735565186
50,820,-2.4961729049682617,-2.3500046730041504,-2.4926323890686035,4.159348487854004
50,821,0.9787532091140747,-5.006390571594238,-2.621934652328491,3.103114128112793
50,822,0.7181522250175476,-4.689274787902832,-2.2172129154205322,3.351044178009033
50,823,0.5758931636810303,-4.126559734344482,-2.027554988861084,2.977639675140381
50,824,-2.206986665725708,-1.6405638456344604,-2.020521640777588,3.7351651191711426
50,825,-0.23253735899925232,-2.1447768211364746,-1.6885392665863037,3.3088009357452393
50,826,0.947257399559021,-3.063983201980591,-1.0687720775604248,2.8464765548706055
50,827,-3.372224807739258,4.2105712890625,-3.5228521823883057,5.55832576751709
50,828,-6.932264804840088,3.0630764961242676,-6.027212619781494,3.21950364112854
50,829,-3.0666773319244385,3.4475221633911133,-3.2682838439941406,5.484385967254639
50,830,1.584109902381897,-3.677618980407715,1.3878288269042969,-1.7768834829330444
50,831,1.700957179069519,-5.125797271728516,2.1282989978790283,-7.2479376792907715
50,832,-1.013859748840332,1.2564412355422974,-2.2762792110443115,4.322427272796631
50,833,-4.908376216888428,2.5475645065307617,-5.087719440460205,3.3796064853668213
50,834,-0.23253735899925232,-2.1447768211364746,-1.6885392665863037,3.3088009357452393
50,835,0.7905645966529846,-2.4647750854492188,-1.0070794820785522,2.9575235843658447
50,836,0.027762435376644135,-3.4119105339050293,-2.2061450481414795,3.5620734691619873
50,837,-2.8935916423797607,-3.8617401123046875,-1.4361974000930786,2.968822956085205
50,838,-2.6807501316070557,-0.42318710684776306,-3.10923171043396,4.537313938140869
50,839,1.3515422344207764,-3.251835584640503,-0.7827250361442566,3.8280766010284424
50,840,-5.648751735687256,2.4063010215759277,-4.866612434387207,3.109856605529785
50,841,-0.5350654721260071,-3.0214006900787354,-2.9492852687835693,3.497694492340088
50,842,-4.335104942321777,2.5735158920288086,-4.751582622528076,4.959401607513428
50,843,-1.517011284828186,-5.772884845733643,-2.6307106018066406,3.4437007904052734
50,844,-0.6970529556274414,-3.1113734245300293,-1.7805827856063843,3.0249428749084473
50,845,0.9391465187072754,-5.231106281280518,-2.7461721897125244,3.138347625732422
50,846,0.8766162395477295,-3.427154064178467,-1.2348695993423462,2.849271774291992
50,847,1.8555768728256226,-5.146037578582764,2.249262809753418,-7.008116722106934
50,848,1.8449612855911255,-5.495141506195068,2.30877947807312,-7.540988922119141
50,849,1.780660629272461,-3.6424059867858887,1.4137402772903442,-2.823573589324951
50,850,1.6829262971878052,-4.172061920166016,1.6758660078048706,-4.21890926361084
50,851,-1.7182351350784302,-2.1059281826019287,-2.250915050506592,3.388821840286255
50,852,-2.5321743488311768,-0.5503128170967102,-4.434271812438965,2.9856958389282227
50,853,-1.570623755455017,-0.7023900151252747,-2.6818931102752686,3.9040369987487793
50,854,-4.085501194000244,4.393303871154785,-4.03162956237793,5.849398136138916
50,855,-2.9418251514434814,-1.4894131422042847,-3.3609797954559326,-1.1267794370651245
50,856,0.6871883273124695,-2.9354896545410156,-0.9948719143867493,2.7657618522644043
50,857,0.9997644424438477,-4.668294429779053,-1.702751874923706,3.061722755432129
50,858,1.3761800527572632,-3.269425868988037,0.9202510714530945,-1.2305068969726562
50,859,3.155133008956909,-4.414867401123047,3.297823667526245,-4.388668060302734
50,860,2.810015916824341,-3.8253414630889893,2.9570930004119873,-3.8201794624328613
50,861,1.4927268028259277,-4.660200595855713,-1.5298850536346436,3.2579193115234375
50,862,-2.519895315170288,-1.3743892908096313,-1.4607055187225342,3.1159229278564453
50,863,1.621835470199585,-1.7371838092803955,1.6230753660202026,0.6613838076591492
50,864,1.5357089042663574,-3.752967596054077,1.2906957864761353,-3.3012375831604004
50,865,3.5546648502349854,-4.764187812805176,3.734262704849243,-4.953418254852295
50,866,1.7545257806777954,-3.0542938709259033,-0.7423815727233887,4.085628032684326
50,867,0.9616419076919556,0.3881491720676422,-0.5668965578079224,3.8117754459381104
50,868,1.1627509593963623,-2.8317112922668457,-1.0289433002471924,2.8387560844421387
50,869,-0.6753562688827515,2.628854274749756,-1.351336121559143,4.827052593231201
50,870,1.2556657791137695,-3.0144715309143066,-0.9799391627311707,2.8928627967834473
50,871,0.8673661351203918,-4.609148025512695,-2.1215415000915527,3.3679208755493164
50,872,-3.6498844623565674,1.5777722597122192,-4.490883827209473,4.614499092102051
50,873,1.9428526163101196,-6.183823108673096,2.2828664779663086,-7.866273880004883
50,874,-0.7302228212356567,3.4325876235961914,-1.1290574073791504,5.268458843231201
50,875,-1.2211517095565796,2.5214858055114746,-2.066128730773926,4.773822784423828
50,876,0.8688649535179138,-4.05169677734375,-1.5085930824279785,2.90669584274292
50,877,-1.1915007829666138,-3.7530720233917236,-1.2935742139816284,3.006770610809326
50,878,1.4271172285079956,-5.983492374420166,-1.9021207094192505,3.3716816902160645
50,879,-2.0649943351745605,-1.4942264556884766,-2.5840225219726562,4.081612586975098
50,880,1.4150282144546509,-0.2743513882160187,-0.3571600019931793,3.709918260574341
50,881,-3.42930006980896,3.476980686187744,-3.72391939163208,5.4932661056518555
50,882,-3.9855031967163086,1.8128057718276978,-4.092187881469727,5.19907808303833
50,883,1.4175896644592285,-3.2134852409362793,1.0963670015335083,-1.8421123027801514
50,884,-0.08765663951635361,-2.3953707218170166,-1.939935326576233,3.6405739784240723
50,885,1.4380933046340942,-4.874913215637207,-1.4337900876998901,3.351189136505127
50,886,0.7567894458770752,-2.9588093757629395,-1.3328369855880737,3.299044132232666
50,887,1.3419221639633179,-3.584089756011963,0.41275671124458313,-0.42414262890815735
50,888,2.852708101272583,-5.311768531799316,3.123041868209839,-6.102791786193848
50,889,1.8449612855911255,-5.495141506195068,2.30877947807312,-7.540988922119141
50,890,1.0543514490127563,-2.8316659927368164,-1.121207594871521,3.139545440673828
50,891,-0.4448704719543457,-2.8607265949249268,-0.9225735664367676,2.9268014430999756
50,892,-2.4961729049682617,-2.3500046730041504,-2.4926323890686035,4.159348487854004
50,893,0.6031166315078735,-2.930285930633545,-1.1441038846969604,2.97377610206604
50,894,2.4522159099578857,-1.6711653470993042,2.7475218772888184,-1.3069318532943726
50,895,1.9231904745101929,-4.624075889587402,2.068615674972534,-5.197216033935547
50,896,-3.217545747756958,0.6871762275695801,-4.362832546234131,3.8664913177490234
50,897,-1.7617803812026978,-1.4540683031082153,-3.087660551071167,3.478449821472168
50,898,-2.479933261871338,-1.0074396133422852,-2.6406326293945312,3.872328996658325
50,899,-4.763152599334717,-1.5313328504562378,-5.05806827545166,-1.145480990409851
50,900,-1.0604360103607178,-6.229264259338379,-2.5983152389526367,3.487114906311035
50,901,-3.0493557453155518,-3.2037363052368164,-1.7083020210266113,3.4770476818084717
50,902,1.1697373390197754,-3.110316753387451,-0.9171022176742554,2.658175230026245
50,903,1.0871092081069946,-5.073171615600586,-1.6956312656402588,3.0489978790283203
50,904,-1.1256415843963623,-4.645122051239014,-2.979968547821045,1.2973068952560425
50,905,1.2882765531539917,-3.905479907989502,0.7485760450363159,-3.919508457183838
50,906,0.4725768268108368,-3.9468955993652344,-2.0167489051818848,3.2209179401397705
50,907,2.720623731613159,-4.281841278076172,2.854616165161133,-4.46229362487793
50,908,-3.492056131362915,-2.1725258827209473,-1.3453987836837769,3.5508716106414795
50,909,-2.5273029804229736,-1.4073375463485718,-2.650911808013916,4.019308567047119
50,910,1.0518684387207031,-2.793975830078125,-0.9576700925827026,2.8516111373901367
50,911,1.2716741561889648,-1.7582836151123047,-0.769343376159668,3.2038779258728027
50,912,1.06879460811615,-2.101619243621826,-0.9725979566574097,3.0879719257354736
50,913,-0.9151896834373474,-3.7653536796569824,-1.3424636125564575,3.000605344772339
50,914,-1.5683430433273315,-1.5966368913650513,-4.084986209869385,4.227263450622559
50,915,-1.437067985534668,1.5747696161270142,-2.5443410873413086,4.563161373138428
50,916,-2.2807424068450928,0.09920750558376312,-2.506218194961548,0.8964838981628418
50,917,0.7371137142181396,-1.8309751749038696,-0.9323825240135193,2.9875588417053223
50,918,1.5970443487167358,-2.5331151485443115,0.9204481840133667,0.8695735335350037
50,919,1.2123116254806519,-2.832486152648926,0.8034082055091858,-1.528799295425415
50,920,0.9029885530471802,-3.6916990280151367,-1.3869491815567017,2.8350167274475098
50,921,1.7125245332717896,-3.755777359008789,1.112602710723877,-2.727073907852173
50,922,2.5448827743530273,-4.240950584411621,2.585526943206787,-4.423892498016357
50,923,0.3985159695148468,-5.25650691986084,-2.497046947479248,3.8321337699890137
50,924,1.2860790491104126,-1.481462001800537,-0.7241470813751221,3.2858407497406006
50,925,-2.5477583408355713,0.014154298231005669,-2.5341854095458984,1.3634648323059082
50,926,-3.371527910232544,0.2861621081829071,-3.050529718399048,4.43497371673584
50,927,-3.903186321258545,1.2886157035827637,-4.3123779296875,4.1363749504089355
50,928,-1.8304743766784668,-2.0723459720611572,-2.730534076690674,4.025296688079834
50,929,-1.8175815343856812,-1.9769266843795776,-3.0314319133758545,4.141007900238037
50,930,-1.757797122001648,-2.2310562133789062,-2.5929038524627686,2.974613904953003
50,931,-2.023672342300415,-1.5246297121047974,-3.8788399696350098,2.7869067192077637
50,932,-6.814305782318115,2.9816133975982666,-5.728931427001953,3.0812363624572754
50,933,-5.121814727783203,2.0604729652404785,-5.354593753814697,2.625545024871826
50,934,-4.322207450866699,0.8493027091026306,-4.581539154052734,3.211351156234741
50,935,-2.6414239406585693,-0.8858366012573242,-1.683108925819397,3.4286842346191406
50,936,-4.776448726654053,-1.399604320526123,-4.459500789642334,-1.1013742685317993
50,937,1.3162862062454224,-2.1105496883392334,-0.7894351482391357,3.0328779220581055
50,938,0.5752023458480835,-0.21194656193256378,-0.758104681968689,2.664456367492676
50,939,-5.67451810836792,-2.0915019512176514,-5.327197551727295,-1.4092521667480469
50,940,-5.575996398925781,-2.8779006004333496,-5.962721347808838,-2.283050060272217
50,941,1.6435835361480713,-0.5138617753982544,-5.4762282371521,-2.540888547897339
50,942,-1.3122118711471558,4.772668838500977,-1.6203129291534424,6.209810733795166
50,943,-3.578613758087158,-0.39844831824302673,-4.11523962020874,4.8884596824646
50,944,-2.4156606197357178,0.7235291600227356,-3.362406015396118,3.051790714263916
50,945,-1.9945272207260132,-2.7939071655273438,-1.8458536863327026,2.9178004264831543
50,946,-3.024888753890991,-1.6932294368743896,-1.920951008796692,3.948446273803711
50,947,-3.880425214767456,-1.9375706911087036,-0.8046954870223999,2.329202175140381
50,948,-3.149294137954712,1.6858139038085938,-3.443716526031494,4.807842254638672
50,949,-2.3260319232940674,-1.803076148033142,-1.5840318202972412,2.9062132835388184
50,950,-0.9965687394142151,-1.9202156066894531,-2.330294609069824,3.808969020843506
50,951,-1.987618088722229,-0.040746793150901794,-1.5592912435531616,2.119753122329712
50,952,1.8056515455245972,-0.6957167387008667,-4.810040473937988,-1.8186275959014893
50,953,-4.22814416885376,2.045506238937378,-3.703913927078247,4.970834255218506
50,954,-6.1555256843566895,-2.8397254943847656,-5.827426433563232,-2.3108038902282715
50,955,-3.1799867153167725,-1.0882952213287354,-0.8627447485923767,2.768866777420044
50,956,-4.802064895629883,-0.972722589969635,-1.1505459547042847,2.941096067428589
50,957,-3.4119908809661865,-1.8768579959869385,-1.6190776824951172,3.8093581199645996
50,958,1.560646891593933,-1.3392412662506104,-0.44213372468948364,3.9292666912078857
50,959,-5.259121894836426,-0.9866452813148499,-5.737715244293213,-1.3048492670059204
50,960,0.7449663877487183,-3.575025796890259,-1.2869635820388794,2.9285216331481934
50,961,-3.3626909255981445,-0.5077224373817444,-2.3857829570770264,4.308613300323486
50,962,-3.824660539627075,-1.1742788553237915,-0.8652048110961914,3.224796772003174
50,963,2.0508105754852295,-1.0911670923233032,0.37934568524360657,4.723303318023682
50,964,0.6483327150344849,-2.476328134536743,-1.280771255493164,3.111431121826172
50,965,-0.6667051315307617,-3.7704508304595947,-1.7089675664901733,2.9896366596221924
50,966,-0.6179865002632141,-0.38960087299346924,-1.346695899963379,2.6006131172180176
50,967,-1.724913239479065,-4.9297380447387695,-1.881861925125122,3.2479519844055176
50,968,2.4436144828796387,-3.75546932220459,2.3389852046966553,-2.6519832611083984
50,969,-0.7349526286125183,-4.814925193786621,-3.053611993789673,4.250945091247559
50,970,1.8026849031448364,-5.635712623596191,2.2701241970062256,-7.679560661315918
50,971,0.8691700100898743,-0.4393925666809082,-0.700569212436676,3.703197717666626
50,972,-5.794006824493408,-2.253328561782837,-0.18963029980659485,3.7675061225891113
50,973,0.8766918182373047,-0.6124663949012756,-0.668429434299469,2.6597018241882324
50,974,1.1050969362258911,-3.143429756164551,-1.0141363143920898,2.9187045097351074
50,975,-4.778646945953369,-2.2545571327209473,-0.6268934011459351,2.7970621585845947
50,976,0.7983933687210083,-3.081355571746826,-1.154180884361267,2.9629104137420654
50,977,1.7235792875289917,-6.896753311157227,-1.6121736764907837,3.647340774536133
50,978,-2.503969669342041,-0.9559491276741028,-3.1262025833129883,4.412350177764893
50,979,-2.6407599449157715,4.09025764465332,-2.884894847869873,6.018555641174316
50,980,-2.9462461471557617,3.662780284881592,-3.3484418392181396,5.4502763748168945
50,981,-1.42233407497406,2.890690326690674,-1.8200784921646118,4.661391258239746
50,982,0.20786327123641968,-2.647347927093506,-1.5682440996170044,3.3216800689697266
50,983,1.0776702165603638,-3.2863874435424805,-1.0731675624847412,2.825113296508789
50,984,-1.682153344154358,-1.179827094078064,-4.100927829742432,2.819922924041748
50,985,-1.2853389978408813,3.1892786026000977,-2.025460958480835,5.512611389160156
50,986,-2.7669992446899414,-1.9226030111312866,-0.9117347002029419,2.984196901321411
50,987,-4.6526384353637695,-2.393341302871704,-0.6538931131362915,2.9249320030212402
50,988,-4.150509357452393,-3.100555419921875,-0.7553024291992188,2.538316488265991
50,989,1.186890721321106,-0.8124635219573975,-0.4930400252342224,3.0565593242645264
50,990,0.7129634618759155,-1.7120838165283203,-1.0649136304855347,2.939633846282959
50,991,-1.5037157535552979,1.0715420246124268,-2.5779218673706055,4.223204135894775
50,992,-0.9192317724227905,6.198843002319336,-1.1989351511001587,6.264256954193115
50,993,-2.221306324005127,-3.6765925884246826,-2.7409536838531494,4.221348285675049
50,994,0.9988821744918823,-0.8236274719238281,-0.7278258204460144,2.999554395675659
50,995,-2.7861647605895996,1.4666290283203125,-2.888413667678833,4.506239414215088
50,996,-2.448350191116333,0.6591755747795105,-3.847498655319214,3.990175724029541
50,997,-1.688219428062439,-5.096458435058594,-1.875505805015564,3.2286324501037598
50,998,-4.961634635925293,5.1118245124816895,-4.375236511230469,6.183594703674316
50,999,1.1390197277069092,-5.59621000289917,-2.108053684234619,3.4581046104431152
50,1000,-1.9490262269973755,2.914386749267578,-2.7032086849212646,5.123457431793213
50,1001,1.2305488586425781,-3.4341282844543457,1.2307286262512207,-3.8348050117492676
50,1002,0.8452022075653076,-3.2067370414733887,-1.1088135242462158,2.913215398788452
50,1003,0.5877638459205627,-0.8754220604896545,-0.827544629573822,2.6958792209625244
50,1004,0.7245489954948425,-1.986606478691101,-0.9042352437973022,2.862241744995117
50,1005,-2.111593246459961,-3.332892656326294,-1.686388373374939,3.1985011100769043
50,1006,-2.0820963382720947,-0.08257876336574554,-2.58004093170166,1.8711048364639282
50,1007,-2.060619831085205,2.3281192779541016,-2.453420639038086,4.460326194763184
50,1008,-0.9423626661300659,2.521632671356201,-1.8736406564712524,5.070235252380371
50,1009,-0.9996738433837891,6.212459564208984,-1.1976542472839355,6.2323760986328125
50,1010,-3.457165241241455,-0.14221714437007904,-2.9112484455108643,4.300933361053467
50,1011,-0.8852509260177612,-2.2887628078460693,-2.3927054405212402,3.589667320251465
50,1012,-1.0735375881195068,-3.249570369720459,-1.9699043035507202,3.2413082122802734
50,1013,-3.3252193927764893,5.11182165145874,-3.2041823863983154,6.01945161819458
50,1014,-1.2446991205215454,-1.7934837341308594,-3.210353136062622,3.7895560264587402
50,1015,1.0590413808822632,-5.368645668029785,-2.255460500717163,3.723374605178833
50,1016,0.15126773715019226,-1.9097660779953003,-1.555421233177185,3.1373651027679443
50,1017,-1.5947132110595703,-4.746876239776611,-3.49125599861145,1.7886757850646973
50,1018,0.5694695115089417,-3.0739853382110596,-1.2311931848526,2.8784561157226562
50,1019,-2.914649724960327,4.759799480438232,-2.97295880317688,5.846323013305664
50,1020,2.9046835899353027,-0.9256725311279297,0.6188037395477295,4.731672763824463
50,1021,-0.17630699276924133,3.8724584579467773,-0.6335980892181396,4.641182899475098
50,1022,1.4248216152191162,-1.6547977924346924,-0.7184610962867737,3.217416286468506
50,1023,0.8070446252822876,-1.4933793544769287,-1.2080994844436646,3.4962217807769775
50,1024,-3.150938034057617,1.2541910409927368,-4.6886515617370605,3.8704349994659424
50,1025,0.8109294176101685,-4.005084991455078,-1.339703917503357,3.026663303375244
50,1026,-0.9751866459846497,-4.077583312988281,-2.615025281906128,3.874934434890747
50,1027,0.5625048875808716,-4.132915496826172,-1.795927882194519,3.0874295234680176
50,1028,-3.6588737964630127,4.487392425537109,-3.6709649562835693,5.775763988494873
50,1029,-0.9230486750602722,-2.4600486755371094,-1.4906895160675049,3.040438175201416
50,1030,-0.9781146049499512,2.12817645072937,-1.7796107530593872,3.708129405975342
50,1031,0.029774971306324005,-5.490725517272949,-2.273501396179199,3.0057215690612793
50,1032,1.1751796007156372,-0.9195694327354431,-0.6441354751586914,3.1813461780548096
50,1033,0.14372369647026062,-5.166625499725342,-2.2036514282226562,3.100647449493408
50,1034,1.481284260749817,-3.030296802520752,-1.017045259475708,3.4409470558166504
50,1035,2.0214154720306396,-6.8041582107543945,2.2525761127471924,-7.827996253967285
50,1036,-3.2583558559417725,-0.8625472187995911,-2.2679011821746826,4.394827842712402
50,1037,-6.642074108123779,-2.5946402549743652,-6.545932292938232,-2.5334911346435547
50,1038,-4.481820583343506,-1.460309386253357,-4.12819766998291,-1.5932981967926025
50,1039,-3.1924710273742676,0.4265005886554718,-4.773573875427246,3.630862236022949
50,1040,-1.2803380489349365,-2.008693218231201,-1.8433246612548828,3.6234540939331055
50,1041,0.8173385262489319,-0.6803760528564453,-0.8018685579299927,2.931427478790283
50,1042,-0.23253735899925232,-2.1447768211364746,-1.6885392665863037,3.3088009357452393
50,1043,1.3998271226882935,-0.9531859755516052,-0.4193132817745209,3.7454121112823486
50,1044,2.451389789581299,-4.699560642242432,2.500056028366089,-5.266818046569824
50,1045,1.2570079565048218,-3.3159923553466797,-1.0342689752578735,3.068735122680664
50,1046,-0.9774277806282043,-4.079018592834473,-2.1360747814178467,3.243108034133911
50,1047,1.4448659420013428,-5.247955799102783,-1.4761303663253784,3.458322763442993
50,1048,2.752148151397705,-5.126705169677734,2.980377435684204,-5.951253890991211
50,1049,1.8798493146896362,-4.949926376342773,3.3403127193450928,-7.320672988891602
50,1050,2.7891364097595215,-5.976825714111328,4.33032751083374,-6.783287048339844
50,1051,1.555925726890564,-2.745823383331299,-0.8531699180603027,3.149505376815796
50,1052,-2.16363263130188,-3.302313804626465,-2.426374673843384,4.158367156982422
50,1053,0.9143306016921997,-1.340815544128418,-0.7850149869918823,2.731989860534668
50,1054,-6.801704406738281,-3.383483648300171,-6.73215913772583,-3.2623889446258545
50,1055,-6.744400978088379,-3.3817317485809326,-6.587832927703857,-3.1759681701660156
50,1056,-6.4636454582214355,-2.8881256580352783,-5.93436861038208,-2.400062084197998
50,1057,-7.1519775390625,-3.5191280841827393,-6.910581111907959,-3.5678248405456543
50,1058,3.5450692176818848,-1.0355266332626343,-0.24077096581459045,-3.5389761924743652
50,1059,-3.647688388824463,-2.2128329277038574,-0.823828399181366,2.6717371940612793
50,1060,-3.1411375999450684,4.73369026184082,-3.293915033340454,5.935688018798828
50,1061,-1.080159306526184,2.476649761199951,-1.7276878356933594,3.8255417346954346
50,1062,-4.013150691986084,-1.726814866065979,-1.0086760520935059,2.9542627334594727
50,1063,0.9766207933425903,-2.596489191055298,-1.164794921875,3.149714708328247
50,1064,0.9392224550247192,-3.358278751373291,-1.6385568380355835,3.2933502197265625
50,1065,0.8249198198318481,-3.558389663696289,-1.1951730251312256,2.936044454574585
50,1066,-0.3586660325527191,-3.719196319580078,-1.5209327936172485,3.0669522285461426
50,1067,-6.121987819671631,-2.914454460144043,-5.12698221206665,-1.799194574356079
50,1068,-6.812081813812256,-3.470083236694336,-6.45855188369751,-3.247015953063965
50,1069,-4.08064079284668,-0.18476279079914093,-4.408362865447998,0.30462411046028137
50,1070,-6.249330997467041,-3.1353816986083984,-5.443381309509277,-2.540058135986328
50,1071,-6.616726398468018,-3.739475727081299,-6.384419918060303,-3.4407832622528076
50,1072,-4.166115760803223,-2.159679412841797,-0.6078758239746094,2.953047275543213
50,1073,-3.822453737258911,-2.3842689990997314,-0.8196962475776672,2.7272465229034424
50,1074,0.7136238217353821,-4.122509002685547,-1.932626724243164,3.216062068939209
50,1075,0.21539422869682312,-3.357295274734497,-1.8826255798339844,3.0718231201171875
50,1076,1.0278456211090088,-4.072360038757324,-1.5335246324539185,3.311227321624756
50,1077,1.3203908205032349,-4.158729076385498,-1.5477118492126465,0.9051691293716431
50,1078,-0.5098846554756165,-4.754002571105957,-0.1826598346233368,-5.5969438552856445
50,1079,0.18737414479255676,-1.9453834295272827,-1.3048961162567139,3.0681264400482178
50,1080,-1.8914844989776611,-2.8881499767303467,-2.2508418560028076,3.545982599258423
50,1081,0.4647981822490692,-1.32102370262146,-1.0595687627792358,2.596398115158081
50,1082,-0.10547637194395065,3.940232753753662,-0.3135583698749542,5.6180644035339355
50,1083,-2.5089430809020996,-2.1997969150543213,-3.069949150085449,-0.18739885091781616
50,1084,-3.27478289604187,-1.5609012842178345,-0.7450082302093506,3.8586831092834473
50,1085,-1.4854718446731567,2.615802526473999,-2.6549084186553955,4.898537635803223
50,1086,1.1588469743728638,-1.9303597211837769,-0.9128535985946655,2.983156442642212
50,1087,2.2432024478912354,-2.6289849281311035,1.9659565687179565,-1.3694764375686646
50,1088,1.6196237802505493,-5.626852512359619,1.3475476503372192,-5.130173683166504
50,1089,-4.097660064697266,-2.781733274459839,-0.8465684652328491,2.666043996810913
50,1090,-1.831032633781433,2.647400140762329,-2.2551846504211426,4.877368927001953
50,1091,-1.8181252479553223,1.6516090631484985,-2.8602147102355957,4.9967756271362305
50,1092,-1.5060479640960693,2.0014052391052246,-1.979270100593567,4.155184745788574
50,1093,2.926851987838745,-2.614424228668213,2.9376180171966553,-1.8918077945709229
50,1094,2.6206352710723877,-0.7326980233192444,0.06309358030557632,4.553195953369141
50,1095,2.0611443519592285,-1.1094330549240112,0.5083050727844238,4.937093734741211
50,1096,-3.027850866317749,-1.357763409614563,-4.235583305358887,2.297076940536499
50,1097,1.0359314680099487,-0.9032755494117737,-0.698011040687561,2.8649349212646484
50,1098,-0.8170627355575562,2.734715700149536,-1.6285642385482788,4.637805938720703
50,1099,3.155750036239624,-0.5435578227043152,-4.537075996398926,-2.3485512733459473
50,1100,2.217979907989502,-0.22848185896873474,-0.2822347581386566,3.2121317386627197
50,1101,2.473438024520874,-2.115440607070923,2.0972955226898193,-1.3196243047714233
50,1102,-0.8829730749130249,2.690764904022217,-1.743241786956787,4.659668922424316
50,1103,-1.650485873222351,-1.6799989938735962,-3.206367015838623,4.039018630981445
50,1104,-4.233010768890381,-1.916432499885559,-0.5163418054580688,3.047304153442383
50,1105,-6.02003812789917,-3.14207124710083,-5.501095294952393,-2.2935426235198975
50,1106,-1.3011807203292847,-2.127403736114502,-1.312156081199646,3.0500540733337402
50,1107,-3.0263452529907227,3.025503158569336,-3.4812703132629395,4.984542369842529
50,1108,1.1260770559310913,-0.9994245767593384,-0.6800607442855835,3.216366767883301
50,1109,3.0116360187530518,-3.451021432876587,3.018383026123047,-3.312594413757324
50,1110,0.9431220293045044,-1.7767668962478638,-0.6807928681373596,2.66732120513916
50,1111,0.8692944049835205,-3.8669843673706055,-1.5013065338134766,2.976426601409912
50,1112,1.2049998044967651,-3.8863277435302734,-1.1664305925369263,2.9327640533447266
50,1113,0.6765929460525513,-1.062181830406189,-0.875749945640564,2.868263006210327
50,1114,2.2871439456939697,-3.0842576026916504,2.1337592601776123,-2.218730926513672
50,1115,2.0057904720306396,-4.096402168273926,1.8131200075149536,-3.0955958366394043
50,1116,2.4711060523986816,-2.391754150390625,2.5824086666107178,-1.7371020317077637
50,1117,-1.6229469776153564,2.5283350944519043,-2.111896514892578,4.308774948120117
50,1118,-3.044739007949829,3.751864433288574,-3.4135091304779053,5.667409896850586
50,1119,-4.559467792510986,-1.2230223417282104,-0.7860393524169922,1.9436365365982056
50,1120,-2.1858978271484375,-4.560677528381348,-2.6797232627868652,-3.1865227222442627
50,1121,1.5192066431045532,-5.165569305419922,1.8975119590759277,-7.368547439575195
50,1122,0.9850255250930786,-1.9079090356826782,-1.7087589502334595,3.745647430419922
50,1123,-2.180346965789795,0.32939743995666504,-1.8700923919677734,4.857823371887207
50,1124,-1.4719575643539429,3.1810693740844727,-2.2138748168945312,5.222192764282227
50,1125,-2.780186176300049,5.662925720214844,-2.6111021041870117,6.501429080963135
50,1126,-2.8637073040008545,2.4980437755584717,-3.4153923988342285,4.944148540496826
50,1127,-0.7069634199142456,-2.379836082458496,-2.6674482822418213,3.435887336730957
50,1128,-0.48467639088630676,-4.767145156860352,-1.866283893585205,3.770590305328369
50,1129,-2.7342920303344727,4.445623874664307,-3.1603901386260986,5.670657634735107
50,1130,-2.7664554119110107,2.826751470565796,-3.3347795009613037,4.906780242919922
50,1131,0.5349408984184265,-4.532391548156738,-2.82140851020813,3.2863831520080566
50,1132,-3.1352150440216064,1.5508867502212524,-3.5666778087615967,4.88411808013916
50,1133,-1.7437188625335693,1.2334227561950684,-2.680840015411377,4.8853654861450195
50,1134,-1.7675000429153442,-2.1128625869750977,-2.5709054470062256,4.038669586181641
50,1135,0.15983101725578308,-3.356889247894287,-1.6763297319412231,3.1075124740600586
50,1136,-0.7299922704696655,-2.9691336154937744,-1.5739728212356567,2.972076416015625
50,1137,1.1144863367080688,-4.625866889953613,-1.4272679090499878,2.880424976348877
50,1138,-3.7805373668670654,3.639525890350342,-3.8559305667877197,5.247420310974121
50,1139,-1.8941624164581299,-2.4024696350097656,-2.8402087688446045,2.020171642303467
50,1140,-0.9118220806121826,-2.68280029296875,-1.2799394130706787,2.9356255531311035
50,1141,-0.9117134809494019,-3.545131206512451,-1.5631366968154907,3.5309033393859863
50,1142,-2.09083890914917,2.95105242729187,-2.604421615600586,5.317249774932861
50,1143,-2.0371923446655273,2.1023452281951904,-3.1508402824401855,5.113042831420898
50,1144,-0.5988892316818237,-2.786546230316162,-2.2702243328094482,3.424194097518921
50,1145,1.0179123878479004,-1.5698554515838623,-0.8531147241592407,2.932915210723877
50,1146,0.7083601355552673,-2.8950695991516113,-1.3662877082824707,3.0427942276000977
50,1147,-0.4061881899833679,-2.6657354831695557,-2.0340359210968018,3.402920722961426
50,1148,-1.4981085062026978,4.516201019287109,-1.8675626516342163,6.107492446899414
50,1149,-1.5726350545883179,-2.1992087364196777,-1.4961131811141968,3.035797119140625
50,1150,2.1558761596679688,-4.503922462463379,2.2652745246887207,-4.593822002410889
50,1151,-3.916670799255371,4.859760284423828,-3.755431652069092,5.934840202331543
50,1152,-3.7004940509796143,2.147167205810547,-3.848947048187256,4.871578693389893
50,1153,0.7846469879150391,-2.9313883781433105,-1.8252276182174683,3.40834903717041
50,1154,0.7992879152297974,-2.2642059326171875,-1.3975387811660767,3.5049071311950684
50,1155,-2.7116153240203857,4.109595775604248,-2.940765142440796,5.746584892272949
50,1156,-0.7383530139923096,3.2401950359344482,-0.8278870582580566,4.426025867462158
50,1157,-2.745771646499634,5.148279190063477,-2.6429286003112793,6.253017425537109
50,1158,-1.4815702438354492,1.0687098503112793,-2.931157350540161,4.806297302246094
50,1159,-2.7648675441741943,-1.5785578489303589,-1.1362634897232056,3.1107401847839355
50,1160,0.033167995512485504,-3.479717969894409,-2.1934292316436768,3.4811179637908936
50,1161,-4.234420299530029,-4.447850704193115,-3.480713367462158,-0.4014981687068939
50,1162,-1.0941420793533325,-2.1688075065612793,-2.777482748031616,4.0207977294921875
50,1163,-0.09866934269666672,-3.7250280380249023,-2.6711151599884033,4.021815776824951
50,1164,1.222253441810608,-0.5864130854606628,-0.6787171363830566,2.8357625007629395
50,1165,1.2752245664596558,-6.013684272766113,-2.1099069118499756,3.909388780593872
50,1166,-0.7451363205909729,-2.2063844203948975,-2.1246371269226074,3.3596889972686768
50,1167,1.0251563787460327,-5.264355659484863,-1.4000076055526733,3.0565264225006104
50,1168,0.26137641072273254,-5.548942565917969,1.806869626045227,-7.923896789550781
50,1169,-2.1168174743652344,3.005040168762207,-2.8048272132873535,5.204096794128418
50,1170,-0.05089498683810234,-2.4904441833496094,-1.4387720823287964,3.1671411991119385
50,1171,-2.4746415615081787,1.3225622177124023,-3.1863982677459717,4.952563762664795
50,1172,-0.23253735899925232,-2.1447768211364746,-1.6885392665863037,3.3088009357452393
50,1173,0.39441654086112976,-4.161966800689697,-2.061001777648926,3.6816000938415527
50,1174,-2.566563129425049,1.1354024410247803,-2.576632261276245,4.343753814697266
50,1175,0.6390637159347534,-4.08780574798584,-1.5930726528167725,3.0200204849243164
50,1176,0.4808850586414337,-2.695246696472168,-1.1581858396530151,2.941221237182617
50,1177,-1.1785266399383545,-0.028069810941815376,-1.6950451135635376,2.754910707473755
50,1178,0.7449663877487183,-3.575025796890259,-1.2869635820388794,2.9285216331481934
50,1179,-0.747749924659729,-1.1357338428497314,-2.228358268737793,3.6443381309509277
50,1180,1.15964937210083,-4.902163028717041,-2.2766172885894775,3.2782201766967773
50,1181,0.679905116558075,-3.1851539611816406,-1.2952910661697388,2.950209856033325
50,1182,0.9782054424285889,-2.7994911670684814,-1.0885957479476929,2.9195947647094727
50,1183,0.8198598623275757,-3.2965431213378906,-1.0242787599563599,3.077343463897705
50,1184,0.9548146724700928,-5.983700752258301,-2.3629019260406494,4.021519184112549
50,1185,-2.09997296333313,2.7755041122436523,-3.1281113624572754,5.606953144073486
50,1186,-1.7088838815689087,-4.985634803771973,-2.965388774871826,4.562621593475342
50,1187,-0.41712990403175354,-4.476855278015137,-2.1295459270477295,3.5433950424194336
50,1188,1.4266265630722046,-5.964299201965332,2.190176248550415,-8.00784683227539
50,1189,1.130407452583313,-1.8508994579315186,-0.9390034079551697,3.4665937423706055
50,1190,0.027762435376644135,-3.4119105339050293,-2.2061450481414795,3.5620734691619873
50,1191,-1.849374771118164,1.1577215194702148,-3.2069597244262695,4.829214096069336
50,1192,-2.7744386196136475,3.0574939250946045,-3.428431510925293,5.405694961547852
50,1193,-2.061967134475708,4.464102268218994,-2.3748245239257812,5.865117073059082
50,1194,1.194287657737732,-0.7793734669685364,-0.6374004483222961,3.4130613803863525
50,1195,-4.990055561065674,0.6271646618843079,-7.055017471313477,4.250546932220459
50,1196,-7.128345966339111,-3.4706788063049316,-6.397486686706543,-3.2217917442321777
50,1197,1.5004230737686157,-3.975238084793091,1.3685404062271118,-3.5864973068237305
50,1198,-5.6457014083862305,-2.2026867866516113,-0.5614139437675476,3.0184826850891113
50,1199,-0.3149251937866211,4.61016321182251,-0.1651141345500946,4.492351055145264
50,1200,-3.480816125869751,-3.1733009815216064,-1.128505825996399,2.577146530151367
50,1201,-1.4198451042175293,-3.204713821411133,-3.0039103031158447,4.313097953796387
50,1202,-0.2151484489440918,3.730417251586914,-0.6386553645133972,4.362378120422363
50,1203,-3.2614974975585938,1.5956485271453857,-2.5758469104766846,4.776234149932861
50,1204,0.9525679349899292,-3.7714791297912598,-1.2483572959899902,2.719635486602783
50,1205,-2.269226312637329,2.147658348083496,-2.5101678371429443,4.299858570098877
50,1206,0.9507832527160645,-2.777346611022949,-1.2741810083389282,2.9860165119171143
50,1207,-0.19114592671394348,-2.6816647052764893,-2.521758794784546,3.8491029739379883
50,1208,-1.7596629858016968,-2.826817512512207,-2.6403791904449463,2.7670607566833496
50,1209,-1.1003491878509521,0.2448400855064392,-1.2062036991119385,2.1398773193359375
50,1210,-1.3817263841629028,-1.9670909643173218,-2.5687966346740723,3.4718923568725586
50,1211,-0.4855290949344635,-2.552164077758789,-2.3908517360687256,3.6749258041381836
50,1212,-0.6917170286178589,2.6090970039367676,-1.2556816339492798,3.8574283123016357
50,1213,-0.6643965244293213,-4.230827808380127,-2.938032388687134,4.431020259857178
50,1214,-3.353630781173706,4.029374122619629,-3.547116994857788,5.572742462158203
50,1215,-4.595231533050537,-0.9968228340148926,-0.8045188188552856,1.8841158151626587
50,1216,-0.08467593044042587,0.6350877285003662,-2.227714776992798,4.267059326171875
50,1217,0.7429641485214233,-3.5229434967041016,-1.5057262182235718,2.948274612426758
50,1218,0.01276225596666336,-4.606870651245117,-1.933728814125061,2.9387130737304688
50,1219,-4.662562370300293,-0.59306401014328,-0.8520494699478149,1.8054567575454712
50,1220,-1.19358491897583,0.6648514866828918,-1.1187325716018677,1.7831310033798218
50,1221,-3.570620536804199,4.13703727722168,-3.728285312652588,5.580408096313477
50,1222,-2.161250591278076,-1.230462908744812,-4.075909614562988,2.7691855430603027
50,1223,-2.9394545555114746,-1.695830225944519,-2.1535873413085938,4.633496284484863
50,1224,-3.411085367202759,2.377509117126465,-3.6866109371185303,4.64113712310791
50,1225,-1.4925241470336914,-3.217005729675293,-2.394627094268799,3.923618793487549
50,1226,-2.791522264480591,2.8240978717803955,-3.2383058071136475,4.683377265930176
50,1227,-2.6299872398376465,1.4050636291503906,-3.658545732498169,5.015691757202148
50,1228,0.7922604084014893,-1.3277699947357178,-1.381018042564392,3.2079131603240967
50,1229,0.5791671276092529,-1.9569940567016602,-1.0912235975265503,2.9299471378326416
50,1230,-1.3524794578552246,-4.242177963256836,-1.9998952150344849,3.087070941925049
50,1231,0.7927382588386536,-4.300999641418457,-1.9572361707687378,3.164475917816162
50,1232,0.610985279083252,-1.341865062713623,-1.6710014343261719,3.615741491317749
100,0,2.0116379261016846,-4.340525150299072,2.4802184104919434,-7.319934368133545
100,1,-0.4600590169429779,3.004467010498047,-0.8435274362564087,3.583462715148926
100,2,1.0801842212677002,-5.61148738861084,-2.1868438720703125,3.2093217372894287
100,3,0.15163001418113708,1.7085340023040771,-0.19898338615894318,1.8155077695846558
100,4,-0.7205530405044556,1.5777171850204468,-2.5854568481445312,4.7987518310546875
100,5,-0.34823915362358093,-0.8607951998710632,-2.6924774646759033,3.9505975246429443
100,6,-1.3950424194335938,2.5587124824523926,-1.9025237560272217,3.8663792610168457
100,7,0.39163511991500854,-3.3582305908203125,-2.6278741359710693,3.074852466583252
100,8,-1.0407788753509521,-0.7428476214408875,-1.4473131895065308,2.262511730194092
100,9,-0.5411081910133362,0.5141206979751587,-2.275115489959717,3.508633613586426
100,10,-2.1249892711639404,3.674745559692383,-2.3928720951080322,4.338507652282715
100,11,-0.1818562150001526,0.13810427486896515,-0.8501952886581421,1.5240323543548584
100,12,0.40904566645622253,1.6601115465164185,-0.1460789293050766,1.8890019655227661
100,13,-0.8274233341217041,-1.068756341934204,-2.145251512527466,3.504875898361206
100,14,-1.9590955972671509,1.6827077865600586,-2.4617528915405273,3.8387017250061035
100,15,-0.026206225156784058,-1.5240349769592285,-2.3529677391052246,3.4602503776550293
100,16,-1.1633168458938599,-2.1689279079437256,-2.8127529621124268,3.141662120819092
100,17,0.432618111371994,-2.060164451599121,-2.2529451847076416,2.929767370223999
100,18,-3.578580141067505,0.359116792678833,-3.449910879135132,4.254593372344971
100,19,-1.8638756275177002,1.2270146608352661,-3.327643394470215,4.888856410980225
100,20,0.9438835382461548,0.29193204641342163,-0.2691677212715149,2.4139716625213623
100,21,-6.388073921203613,1.0483150482177734,-5.2545552253723145,1.3077701330184937
100,22,-7.0112457275390625,1.1181448698043823,-5.212681770324707,1.4299867153167725
100,23,1.1375622749328613,-4.77654504776001,1.3104724884033203,-7.253617763519287
100,24,1.8131403923034668,-7.0760650634765625,2.503964424133301,-7.7657999992370605
100,25,-1.7414562702178955,-0.7353482842445374,-2.770691156387329,3.9759955406188965
100,26,-0.37520846724510193,0.47352418303489685,-0.7338700294494629,1.6957080364227295
100,27,-1.0424953699111938,1.2099274396896362,-2.8994171619415283,4.940952777862549
100,28,-1.9867682456970215,2.5317087173461914,-1.897222638130188,3.488147497177124
100,29,-2.044921636581421,1.9811692237854004,-2.1860249042510986,3.679513931274414
100,30,-1.1263378858566284,1.3279656171798706,-2.2661352157592773,3.821969985961914
100,31,-0.3828943073749542,-0.05697236955165863,-2.4181325435638428,3.722743511199951
100,32,-2.535454511642456,1.1011723279953003,-3.056036949157715,3.684093713760376
100,33,-2.114173412322998,3.7740437984466553,-2.406289577484131,4.516342639923096
100,34,-2.0049211978912354,1.2761436700820923,-2.757856845855713,4.190133571624756
100,35,-1.90252685546875,-0.9250608086585999,-2.863710880279541,3.623228073120117
100,36,-1.5650525093078613,-0.583573579788208,-2.3869733810424805,4.071640491485596
100,37,0.17477592825889587,-0.04179881513118744,-1.4706312417984009,2.8413894176483154
100,38,0.7968552112579346,-0.1522286981344223,-0.9973635673522949,2.936849594116211
100,39,-0.571824312210083,2.7819294929504395,-0.7667982578277588,3.080981731414795
100,40,-2.067688226699829,1.3644596338272095,-2.607701063156128,4.091023921966553
100,41,0.5113165378570557,-1.1105387210845947,-1.7538669109344482,3.1936817169189453
100,42,-0.7195775508880615,-0.2748095989227295,-2.019660711288452,3.6574759483337402
100,43,-0.9820003509521484,2.593661308288574,-1.454919457435608,3.5634632110595703
100,44,-3.061814308166504,3.8871653079986572,-3.0963432788848877,4.870480060577393
100,45,-1.4283339977264404,0.3298831880092621,-0.9525740146636963,1.2049577236175537
100,46,-0.7229577302932739,-0.4838126003742218,-2.4851138591766357,3.502077579498291
100,47,-3.2752108573913574,4.875827312469482,-3.1924502849578857,5.240041255950928
100,48,-1.1530663967132568,1.9432220458984375,-2.319737672805786,3.995915651321411
100,49,0.1324324607849121,-2.5067262649536133,-2.2416369915008545,3.251044273376465
100,50,-0.6391736268997192,-0.16013160347938538,-1.1965916156768799,1.6674021482467651
100,51,0.19921693205833435,1.3020641803741455,-0.48104092478752136,1.846670389175415
100,52,-1.4834074974060059,-1.087234616279602,-1.5903093814849854,3.6754698753356934
100,53,-0.23885466158390045,0.8867661356925964,-0.607446551322937,1.5008771419525146
100,54,-1.6740198135375977,1.4677637815475464,-1.88970947265625,3.3982295989990234
100,55,0.7807391881942749,0.06769745796918869,-1.3290261030197144,3.5600218772888184
100,56,-0.0039644986391067505,0.9998424649238586,-0.7473795413970947,1.8644500970840454
100,57,-2.1553447246551514,-1.4159239530563354,-3.8553004264831543,3.3113176822662354
100,58,0.7424658536911011,-4.125220775604248,-1.7884401082992554,3.027590274810791
100,59,-0.30802473425865173,-1.893507719039917,-2.531446695327759,3.5365772247314453
100,60,1.8174777030944824,-1.6134395599365234,-0.47287026047706604,3.0873281955718994
100,61,1.7689449787139893,-1.7867151498794556,-0.6091077327728271,2.9227938652038574
100,62,2.074101448059082,-1.0360053777694702,1.9151504039764404,-0.1550999879837036
100,63,-3.9768388271331787,-0.24588538706302643,-3.2962286472320557,2.9806785583496094
100,64,-1.0489875078201294,-4.44833517074585,-2.941880702972412,3.9680824279785156
100,65,1.8335965871810913,-0.1377292424440384,0.07921478152275085,2.9594357013702393
100,66,1.8568036556243896,-0.5310628414154053,-0.4954475462436676,3.13366436958313
100,67,1.9202680587768555,-0.06662771105766296,1.9724602699279785,-0.04467134177684784
100,68,-2.4916064739227295,3.317540168762207,-2.7236058712005615,4.5887556076049805
100,69,-3.9088003635406494,0.34629544615745544,-2.6456964015960693,3.8220162391662598
100,70,-2.999300003051758,0.7147703766822815,-1.879616141319275,3.591200590133667
100,71,0.7455000877380371,0.364315003156662,-0.6708894968032837,2.6114165782928467
100,72,-0.07847151905298233,0.3808508813381195,-1.7593624591827393,3.737515926361084
100,73,-0.06462802737951279,0.25318726897239685,-2.2158119678497314,3.6233272552490234
100,74,-2.627737045288086,2.3583741188049316,-3.2706525325775146,3.6854891777038574
100,75,1.4104599952697754,-4.653584003448486,0.6905591487884521,-3.650239944458008
100,76,-0.13743242621421814,-0.6206312775611877,-2.401489019393921,3.509896755218506
100,77,0.6502423286437988,0.685446560382843,-0.28919827938079834,2.3407764434814453
100,78,-2.2240612506866455,2.653285503387451,-2.0717685222625732,3.804577350616455
100,79,-1.9125754833221436,-1.7053714990615845,-2.364121198654175,3.254117965698242
100,80,-2.8472068309783936,2.5139496326446533,-3.281464099884033,3.8292181491851807
100,81,-2.3408114910125732,1.8818734884262085,-2.2669994831085205,3.7639267444610596
100,82,-2.167534828186035,1.324202299118042,-2.960904836654663,3.7936339378356934
100,83,-1.6982049942016602,1.6950403451919556,-2.7502856254577637,4.55791711807251
100,84,-1.5845483541488647,0.09473438560962677,-1.0424796342849731,1.2605000734329224
100,85,0.9267505407333374,-2.4777286052703857,-1.4941877126693726,2.9293246269226074
100,86,-2.232933759689331,1.6217985153198242,-2.3545634746551514,3.5291426181793213
100,87,-0.3400777280330658,-2.003215789794922,-2.399688482284546,3.4881300926208496
100,88,2.0787339210510254,-6.484559535980225,-1.438656210899353,3.6063294410705566
100,89,-0.9145772457122803,-0.8494700193405151,-1.87985360622406,3.1756110191345215
100,90,-3.9908270835876465,-0.7931155562400818,-2.0780110359191895,4.181595802307129
100,91,-1.6304006576538086,-0.10399745404720306,-2.1648130416870117,3.3510568141937256
100,92,-2.1450998783111572,0.9616072773933411,-2.824866533279419,4.039004802703857
100,93,-2.9613752365112305,1.5888069868087769,-2.962831497192383,4.395737648010254
100,94,-1.2608145475387573,-1.286484718322754,-1.7893922328948975,3.8157873153686523
100,95,-1.7653576135635376,1.7563776969909668,-2.520692825317383,4.025276184082031
100,96,0.058430224657058716,-5.169372081756592,-3.5277578830718994,2.912281036376953
100,97,-2.0959041118621826,1.0876312255859375,-2.408074140548706,4.109162330627441
100,98,0.9914498329162598,0.7115370631217957,-0.6018553972244263,3.4140782356262207
100,99,0.7680158615112305,-1.0712476968765259,-1.4712774753570557,2.9202229976654053
100,100,-2.997086763381958,-0.3119869530200958,-2.549647092819214,4.1631269454956055
100,101,0.35815802216529846,-0.5096415877342224,-0.9755054712295532,2.2238011360168457
100,102,-0.30492034554481506,-4.2345805168151855,-2.6423137187957764,3.5155563354492188
100,103,0.14513424038887024,-0.10071997344493866,-1.3776087760925293,2.6277592182159424
100,104,0.3755616247653961,-2.9382314682006836,-3.0233826637268066,3.110808849334717
100,105,-1.7985022068023682,1.4409263134002686,-2.7406513690948486,4.073370456695557
100,106,-1.412511944770813,-4.235567569732666,-3.545477867126465,4.305880069732666
100,107,-0.9707802534103394,-4.535269260406494,0.9155629873275757,-6.550405025482178
100,108,0.757846474647522,-1.0957517623901367,-1.2845555543899536,3.2845120429992676
100,109,-0.5953726768493652,2.460641622543335,-1.7920359373092651,4.320964813232422
100,110,0.4883999526500702,0.7624342441558838,-0.5221123099327087,2.1845641136169434
100,111,-0.43544599413871765,2.3852429389953613,-1.022942066192627,3.2672271728515625
100,112,0.3031154274940491,0.8935210108757019,-0.6707288026809692,2.1910531520843506
100,113,-0.297776460647583,-4.352151870727539,-2.385918140411377,3.452439308166504
100,114,-2.5275163650512695,-0.9981411099433899,-3.710658311843872,2.359938859939575
100,115,-0.7389540672302246,-1.4779130220413208,-2.789712429046631,3.8365979194641113
100,116,0.9084266424179077,1.4068301916122437,0.26587703824043274,2.169813871383667
100,117,-0.7726079225540161,0.4842235743999481,-0.8602323532104492,1.2450302839279175
100,118,0.5378361940383911,0.9090331792831421,-0.36962345242500305,2.1613857746124268
100,119,-0.33188366889953613,1.0303465127944946,-1.188116431236267,2.293282985687256
100,120,0.6262573003768921,1.5343235731124878,0.05656343698501587,2.014219284057617
100,121,0.013398289680480957,1.2320716381072998,-0.3768295347690582,1.7878011465072632
100,122,-3.0121357440948486,2.7299630641937256,-2.9200117588043213,4.252213954925537
100,123,-1.1769535541534424,0.2475951910018921,-1.045837640762329,1.2493940591812134
100,124,-0.7770320177078247,0.13944771885871887,-2.8256824016571045,4.568300724029541
100,125,-0.2840164601802826,0.058800116181373596,-0.9868844747543335,1.829935908317566
100,126,0.3075181543827057,-3.4841513633728027,-2.2636139392852783,3.0683603286743164
100,127,-1.8390640020370483,-4.195605754852295,-3.2626543045043945,3.07865834236145
100,128,-1.6053200960159302,0.8627216815948486,-1.076147198677063,1.1305698156356812
100,129,-3.4675190448760986,3.340681791305542,-3.231102705001831,4.339693546295166
100,130,-2.5551023483276367,-0.17463956773281097,-3.2545573711395264,1.567591905593872
100,131,-0.04872094839811325,-0.6620776057243347,-2.1082241535186768,3.5418124198913574
100,132,-2.298901081085205,1.9122203588485718,-2.8774585723876953,3.5769503116607666
100,133,-1.3978519439697266,-2.922626256942749,-2.5526123046875,2.8319759368896484
100,134,0.24114888906478882,-4.41520357131958,-3.074949026107788,2.9176573753356934
100,135,-1.5389635562896729,1.0758460760116577,-0.5584597587585449,1.7491835355758667
100,136,-4.742495536804199,0.7468032240867615,-4.735477447509766,3.262517213821411
100,137,-2.530254364013672,2.7642486095428467,-2.3913187980651855,3.8918564319610596
100,138,-0.7672733068466187,-4.881597518920898,-1.8795413970947266,3.411118984222412
100,139,-1.2836549282073975,-1.9724982976913452,-2.3996634483337402,3.5146260261535645
100,140,-1.639959692955017,-0.1478983610868454,-2.5883781909942627,3.575322151184082
100,141,-0.48899829387664795,-1.310620665550232,-1.7443630695343018,2.9933383464813232
100,142,-1.7829558849334717,2.179428815841675,-1.9903348684310913,3.437239408493042
100,143,-0.4685681164264679,0.1201610416173935,-2.611577272415161,3.9983391761779785
100,144,1.1038564443588257,-1.7394602298736572,-1.2342041730880737,3.2920079231262207
100,145,-2.7148518562316895,2.690568447113037,-3.214006185531616,4.3195929527282715
100,146,-1.3630744218826294,3.043900728225708,-1.416196584701538,3.480530023574829
100,147,-1.6674654483795166,1.1052799224853516,-3.0197649002075195,4.676154613494873
100,148,0.50347900390625,-2.372161388397217,-1.773951530456543,2.875617504119873
100,149,-1.7946045398712158,0.09645922482013702,-1.645987629890442,0.9871438145637512
100,150,-0.5659167766571045,2.3786730766296387,-0.4230543375015259,2.0186386108398438
100,151,1.3037164211273193,-2.950324535369873,-1.2613787651062012,3.0768394470214844
100,152,-3.1851930618286133,-1.4625133275985718,-1.326438069343567,3.5033822059631348
100,153,-0.3969321846961975,0.6462377905845642,-0.7100679874420166,1.4337078332901
100,154,-1.213371753692627,3.5617403984069824,-1.5437660217285156,4.171661853790283
100,155,2.032748222351074,-3.6803414821624756,2.962175130844116,-8.026284217834473
100,156,-6.608081817626953,0.9761343598365784,-4.677950382232666,1.367449164390564
100,157,-2.217554807662964,1.6612515449523926,-2.5814733505249023,3.906425952911377
100,158,-1.210752248764038,1.5640003681182861,-1.413780689239502,2.3024682998657227
100,159,-1.263427734375,0.5050382018089294,-0.9524296522140503,1.2024110555648804
100,160,0.16979241371154785,-0.05925734341144562,-0.6911188364028931,1.8198661804199219
100,161,1.6409281492233276,-3.4706149101257324,2.400092124938965,-7.707231044769287
100,162,0.24160373210906982,-2.3128409385681152,-2.5500328540802,3.1694495677948
100,163,-2.70232892036438,-1.5893139839172363,-2.054898977279663,3.1748504638671875
100,164,0.8808712959289551,-0.546781063079834,-1.0115550756454468,3.151029109954834
100,165,1.8489775657653809,-1.05939519405365,-0.3328101336956024,3.160490036010742
100,166,0.5978330373764038,0.3404192328453064,-0.5946998596191406,2.420767307281494
100,167,-0.6730672121047974,-1.3554801940917969,-2.564239740371704,3.881286382675171
100,168,-1.854412317276001,-2.6622889041900635,-2.8600265979766846,3.3273115158081055
100,169,-1.535325288772583,3.076172113418579,-1.594875693321228,3.7183337211608887
100,170,0.5920288562774658,-4.32673454284668,-3.548062801361084,3.053823709487915
100,171,-0.019824162125587463,-1.3119434118270874,-1.9592082500457764,3.559455633163452
100,172,-3.426800489425659,1.5915579795837402,-2.4824602603912354,3.687359571456909
100,173,-0.3400777280330658,-2.003215789794922,-2.399688482284546,3.4881300926208496
100,174,-0.7389540672302246,-1.4779130220413208,-2.789712429046631,3.8365979194641113
100,175,-0.35486340522766113,0.033081188797950745,-2.314901113510132,3.4994823932647705
100,176,-2.4147324562072754,0.7311460375785828,-2.5435898303985596,4.148132801055908
100,177,0.508249044418335,-3.6284050941467285,-2.107272148132324,3.17160701751709
100,178,-3.4503116607666016,5.284162998199463,-3.5246002674102783,5.663125991821289
100,179,-0.8649590015411377,0.21257108449935913,-0.8526319265365601,1.356397032737732
100,180,-0.7389540672302246,-1.4779130220413208,-2.789712429046631,3.8365979194641113
100,181,-1.4457471370697021,0.33264705538749695,-1.474012851715088,2.423591375350952
100,182,0.6614339351654053,-5.164191246032715,-3.1799705028533936,3.21726655960083
100,183,-2.4878528118133545,0.7822179198265076,-2.768122911453247,4.352113723754883
100,184,-2.1050777435302734,2.3116626739501953,-2.4498817920684814,3.675844430923462
100,185,-0.38763147592544556,-0.7798460125923157,-2.4061970710754395,3.50081467628479
100,186,-0.3351076543331146,-0.4108525216579437,-1.2988144159317017,1.977717638015747
100,187,-1.653515338897705,0.7749539017677307,-3.2345170974731445,5.467541694641113
100,188,-0.4125472605228424,-1.6164426803588867,-2.326650381088257,3.615277051925659
100,189,-2.753955841064453,-1.9098764657974243,-1.762646198272705,3.1440963745117188
100,190,0.434926301240921,-2.064652919769287,-2.1048429012298584,3.058744430541992
100,191,-0.5952745676040649,-6.264970302581787,-3.0671608448028564,3.5522069931030273
100,192,-0.8863919973373413,1.2412625551223755,-2.9225196838378906,5.06777286529541
100,193,-2.699077606201172,3.175200939178467,-3.075587749481201,4.397868633270264
100,194,-4.253297805786133,4.165786266326904,-4.273438453674316,5.128748416900635
100,195,-0.1515241265296936,1.3435219526290894,-0.2647528350353241,1.6446609497070312
100,196,-0.7965410947799683,1.371451497077942,-0.6723240613937378,1.5778459310531616
100,197,-0.4931927025318146,-1.1471524238586426,-2.406587839126587,3.399925708770752
100,198,-1.724282145500183,2.3009278774261475,-1.987656593322754,3.64384126663208
100,199,-2.180351734161377,-5.2484660148620605,-3.3509390354156494,3.4859111309051514
100,200,-0.12267348170280457,-1.0799585580825806,-2.504134178161621,3.7423038482666016
100,201,-1.848563313484192,-2.7226014137268066,-3.775181531906128,2.547853946685791
100,202,-0.08905152976512909,-1.8966245651245117,-2.1778111457824707,3.528517246246338
100,203,-2.8011391162872314,-3.322636127471924,-1.6409245729446411,2.9292140007019043
100,204,-4.685276508331299,3.0857162475585938,-4.854804515838623,4.488129138946533
100,205,-0.9364477396011353,2.986816883087158,-1.1196929216384888,3.367631196975708
100,206,1.9817464351654053,-3.53775691986084,2.792433023452759,-6.8035807609558105
100,207,2.796236038208008,-3.360565662384033,3.0474071502685547,-3.4928884506225586
100,208,1.6918621063232422,1.919490933418274,1.4874135255813599,1.848962426185608
100,209,-1.425301432609558,-3.1293177604675293,-1.6915397644042969,3.0359179973602295
100,210,-2.8996808528900146,-3.2368340492248535,-2.641852855682373,3.327916145324707
100,211,1.3643460273742676,-1.504600167274475,-0.8735284805297852,3.261667013168335
100,212,1.5817346572875977,-1.3215924501419067,-0.5077497959136963,3.011044979095459
100,213,0.5673002004623413,0.08819417655467987,-1.0258878469467163,2.6967897415161133
100,214,-1.6975152492523193,-0.04690416157245636,-2.4070069789886475,3.644101619720459
100,215,-1.059822916984558,2.3122706413269043,-1.628431797027588,3.325822353363037
100,216,1.3178861141204834,-4.069659233093262,2.089514970779419,-7.099711894989014
100,217,1.1920738220214844,-4.58730936050415,-1.3540760278701782,2.186077833175659
100,218,0.4208137094974518,-2.827843189239502,-2.423555850982666,2.8677210807800293
100,219,-2.21341872215271,-1.2168124914169312,-3.794987201690674,2.815392017364502
100,220,-4.660112380981445,-1.1445751190185547,-1.9343500137329102,4.1838860511779785
100,221,1.0237809419631958,-0.92951500415802,-0.9800080060958862,3.140990972518921
100,222,0.8018906116485596,-4.864612579345703,-2.8127315044403076,2.78725004196167
100,223,0.9560163021087646,-5.603708744049072,-4.171324253082275,2.2747161388397217
100,224,1.414781928062439,-2.5731046199798584,-0.8656622171401978,2.5770111083984375
100,225,1.7893614768981934,-2.9032716751098633,1.6900229454040527,-1.8860939741134644
100,226,-1.9195098876953125,2.3158857822418213,-2.218705892562866,3.605733871459961
100,227,0.761924147605896,-1.3341976404190063,-1.4787015914916992,3.461648464202881
100,228,-2.456541061401367,-0.7585944533348083,-3.1874325275421143,2.838442325592041
100,229,-0.7331864833831787,0.09064716100692749,-2.412764310836792,3.8160271644592285
100,230,-0.05892103537917137,-0.7401698231697083,-2.2657876014709473,3.7926392555236816
100,231,2.044968605041504,-3.0885958671569824,-0.49013760685920715,2.8469748497009277
100,232,1.2149372100830078,-2.0016860961914062,-1.1746853590011597,3.203439950942993
100,233,0.636425256729126,0.039281100034713745,-1.867664098739624,3.915719985961914
100,234,-2.4046976566314697,2.18894362449646,-2.9732189178466797,3.7389864921569824
100,235,-0.027775198221206665,-4.687262058258057,-2.93123459815979,3.4559719562530518
100,236,-2.7630045413970947,-3.483933925628662,-2.2043631076812744,3.3343656063079834
100,237,1.3839517831802368,-6.016369342803955,1.9358665943145752,-7.03651762008667
100,238,0.594841480255127,-2.7407963275909424,-2.797889471054077,3.1386473178863525
100,239,-3.3866379261016846,0.6294376850128174,-3.4990475177764893,3.9024856090545654
100,240,-2.4066977500915527,-3.9196829795837402,-1.8364315032958984,1.939046025276184
100,241,0.22691908478736877,-4.3375139236450195,-2.8575847148895264,2.9210691452026367
100,242,2.28835391998291,-3.2622995376586914,3.5119309425354004,-7.826095104217529
100,243,-3.085960865020752,-1.6582714319229126,-1.425179123878479,3.829866886138916
100,244,-2.298901081085205,1.9122203588485718,-2.8774585723876953,3.5769503116607666
100,245,0.2473880648612976,-2.7583367824554443,-2.8834402561187744,3.2758665084838867
100,246,-2.943267583847046,0.6661829352378845,-2.400324583053589,3.895515203475952
100,247,0.22892025113105774,-1.8874480724334717,-3.307887315750122,3.0078883171081543
100,248,-1.8438440561294556,-2.1285805702209473,-2.6757917404174805,3.1960294246673584
100,249,-0.33363205194473267,-1.2866789102554321,-2.6074936389923096,3.806751251220703
100,250,1.793691635131836,-3.1297707557678223,-1.0037245750427246,3.3969616889953613
100,251,-3.3823635578155518,2.4825568199157715,-3.1260926723480225,3.757274627685547
100,252,-2.0695557594299316,-2.45198392868042,-3.0748443603515625,2.955991506576538
100,253,-2.739389657974243,1.2779737710952759,-3.1581170558929443,3.66802716255188
100,254,1.0654184818267822,-2.960587739944458,-1.5281476974487305,3.084693431854248
100,255,-2.6646111011505127,-1.0803402662277222,-3.926067590713501,1.7914483547210693
100,256,-1.2580454349517822,-1.4551693201065063,-1.9339673519134521,3.5021157264709473
100,257,-2.269096851348877,0.5590224266052246,-1.8861842155456543,0.7653271555900574
100,258,-2.628965377807617,1.344159483909607,-2.23405122756958,3.5672338008880615
100,259,0.8283241987228394,0.006211372092366219,-1.430993676185608,3.506427526473999
100,260,-2.105625629425049,1.4689542055130005,-2.448941230773926,3.9942643642425537
100,261,1.318263292312622,-4.489379405975342,-1.4740478992462158,2.842097759246826
100,262,-0.7097146511077881,-4.265029430389404,-2.0737929344177246,3.0729949474334717
100,263,-4.35638427734375,2.868131637573242,-4.033170223236084,4.041996479034424
100,264,-1.6631044149398804,-2.852949619293213,-2.6220755577087402,3.048799753189087
100,265,0.5097438097000122,-4.594587802886963,-2.769209623336792,2.8685543537139893
100,266,-2.9410696029663086,1.0177851915359497,-1.9997234344482422,3.6962480545043945
100,267,1.3268651962280273,-1.1213358640670776,-0.8842540979385376,3.660517692565918
100,268,-0.22143436968326569,-0.21701928973197937,-1.0323076248168945,1.733181118965149
100,269,-0.6317065954208374,-1.195258617401123,-2.7274997234344482,4.002299785614014
100,270,-2.4292426109313965,-1.7118440866470337,-2.562225580215454,2.9092369079589844
100,271,-4.202218532562256,1.8178461790084839,-4.400413513183594,4.185651779174805
100,272,-2.281379222869873,2.216510534286499,-2.947622537612915,3.443524122238159
100,273,0.6037110090255737,-3.766570806503296,-2.5372536182403564,2.9237985610961914
100,274,-0.9219132661819458,-2.067260265350342,-2.791278600692749,3.465090036392212
100,275,-3.507983446121216,0.9530816078186035,-3.885378122329712,3.876311779022217
100,276,-3.4513208866119385,-0.017000628635287285,-2.82858943939209,3.8503732681274414
100,277,-2.58207368850708,-1.1798385381698608,-3.820071220397949,2.7617597579956055
100,278,-2.390974283218384,-3.8970892429351807,-2.0603110790252686,3.0463032722473145
100,279,-0.5665984153747559,0.5880988836288452,-0.704345703125,1.3378182649612427
100,280,0.602020263671875,-2.685983896255493,-3.755385160446167,3.0622167587280273
100,281,-1.4103209972381592,-4.971022605895996,-3.6777522563934326,3.4271326065063477
100,282,-2.817885637283325,1.3134516477584839,-2.692265510559082,3.3736026287078857
100,283,-1.8924089670181274,-0.07757799327373505,-1.8760571479797363,1.0722886323928833
100,284,0.8429503440856934,0.5362916588783264,-0.38531574606895447,2.7483019828796387
100,285,2.0180132389068604,-0.2863747775554657,2.156506061553955,-0.28785762190818787
100,286,0.5287015438079834,0.9171231389045715,-0.7641150951385498,2.4521360397338867
100,287,1.094297170639038,-2.3216652870178223,-1.3747526407241821,2.7701714038848877
100,288,0.751761794090271,-1.8357845544815063,-2.779240846633911,3.098109245300293
100,289,-2.925168037414551,-5.9971842765808105,-2.225131034851074,-7.013110637664795
100,290,1.949159860610962,-4.277881145477295,2.4219577312469482,-7.229712009429932
100,291,-3.8746869564056396,-3.3959970474243164,-1.6778035163879395,2.9582180976867676
100,292,-4.410098075866699,0.18615193665027618,-4.451517581939697,2.277649402618408
100,293,-3.898575782775879,0.7636024951934814,-3.58923602104187,3.731565475463867
100,294,-3.159632444381714,-1.2163032293319702,-2.1925787925720215,3.515568733215332
100,295,-2.7631819248199463,-1.909136414527893,-4.0855255126953125,1.4832611083984375
100,296,0.24160373210906982,-2.3128409385681152,-2.5500328540802,3.1694495677948
100,297,0.870602011680603,1.1365004777908325,-0.28403526544570923,3.0200700759887695
100,298,0.8731042146682739,-0.7488546371459961,-1.3617539405822754,3.5007126331329346
100,299,-3.036409616470337,5.048618793487549,-3.084712266921997,5.553854942321777
100,300,-1.0167696475982666,1.0271005630493164,-0.8163260221481323,1.320302128791809
100,301,-0.3733880817890167,-1.464913249015808,-2.4702365398406982,3.7045297622680664
100,302,1.8408645391464233,-3.913120746612549,2.6800224781036377,-7.573755264282227
100,303,1.07198965549469,-2.515031576156616,-1.6687726974487305,3.1125521659851074
100,304,1.7850074768066406,-2.9289021492004395,2.910879135131836,-8.264752388000488
100,305,1.5926077365875244,-1.184531807899475,-0.6108888387680054,3.366562843322754
100,306,2.0171430110931396,-2.7468464374542236,1.9075005054473877,-1.3030260801315308
100,307,1.8482369184494019,-3.446784496307373,2.687605381011963,-7.888137340545654
100,308,-2.179535150527954,-4.076556205749512,-2.6555209159851074,3.1470437049865723
100,309,-1.0030715465545654,-1.3172506093978882,-1.9558131694793701,3.5497961044311523
100,310,2.12072491645813,-3.5773229598999023,2.5424156188964844,-5.140458583831787
100,311,2.4772026538848877,-1.448463797569275,2.3990299701690674,-0.9219510555267334
100,312,0.3494981825351715,0.4379208981990814,-1.813348412513733,3.587161064147949
100,313,-0.2966107726097107,-4.925312519073486,-2.706835985183716,3.3434019088745117
100,314,-0.4488319456577301,-4.568484783172607,-2.699828624725342,2.974792957305908
100,315,0.4409734904766083,0.18445393443107605,-1.466187596321106,3.4240198135375977
100,316,0.10728961229324341,0.4351975917816162,-0.6488547325134277,1.8136199712753296
100,317,-1.9721922874450684,2.3918051719665527,-1.750888466835022,3.660979747772217
100,318,0.9948865175247192,0.6101362705230713,-0.5580607652664185,3.3816356658935547
100,319,0.7847484350204468,-0.568332314491272,-0.8760268688201904,3.0145139694213867
100,320,0.08710142970085144,-0.9125354886054993,-1.467818260192871,2.331913471221924
100,321,0.5564491748809814,-2.0739247798919678,-1.7198946475982666,2.772275924682617
100,322,-1.9203630685806274,-2.386303424835205,-3.321087121963501,2.275989532470703
100,323,-1.9293861389160156,0.7385400533676147,-1.5534772872924805,0.9175366759300232
100,324,2.9864072799682617,-3.001046657562256,3.2144839763641357,-2.9328527450561523
100,325,2.2063944339752197,-3.8843846321105957,2.8575994968414307,-6.547196865081787
100,326,2.6531713008880615,-3.012275457382202,2.88883376121521,-2.962618350982666
100,327,2.3268299102783203,-0.9480316042900085,2.2288453578948975,-0.36763131618499756
100,328,1.874018907546997,-2.725700855255127,1.922419786453247,-1.6427971124649048
100,329,2.137856960296631,-1.157558798789978,0.1528908908367157,2.6643667221069336
100,330,2.1697146892547607,-0.9523945450782776,2.026510238647461,-0.3307417929172516
100,331,1.3415915966033936,1.248511791229248,0.6006889343261719,3.346250295639038
100,332,-0.8400397300720215,4.1529130935668945,-1.627288579940796,4.80602502822876
100,333,-3.514336585998535,-1.1934460401535034,-2.036379098892212,3.5572900772094727
100,334,1.3288639783859253,-3.5218191146850586,-1.432617425918579,2.961609363555908
100,335,-1.8808958530426025,-2.151275634765625,-1.2418429851531982,3.5099310874938965
100,336,-3.074312210083008,-2.2641890048980713,-1.7029298543930054,3.4136314392089844
100,337,0.8617618083953857,-0.16088980436325073,-0.12488865852355957,2.4382200241088867
100,338,-0.4908943176269531,-0.7182971835136414,-2.245967388153076,3.7657501697540283
100,339,0.7397341728210449,-1.99848210811615,-2.480003595352173,3.4452171325683594
100,340,1.9237151145935059,-2.958590507507324,1.9693019390106201,-2.371521472930908
100,341,1.0855801105499268,-0.3754165470600128,-0.716921329498291,3.4032883644104004
100,342,-1.7666149139404297,2.2029871940612793,-2.1257479190826416,3.7004477977752686
100,343,0.9156659841537476,-5.6362481117248535,-3.6022770404815674,2.942873477935791
100,344,-0.7418999671936035,-3.571901798248291,-2.409836530685425,2.8035826683044434
100,345,-2.786256790161133,-2.5060033798217773,-1.8110809326171875,3.5270376205444336
100,346,-2.0176594257354736,3.4476253986358643,-2.448964834213257,4.314486503601074
100,347,-3.0070111751556396,0.1728367656469345,-3.44170880317688,0.1492754966020584
100,348,3.339576482772827,-3.9826855659484863,3.706434488296509,-4.510765552520752
100,349,2.7437705993652344,-1.6260261535644531,1.9037396907806396,0.5837785601615906
100,350,2.319122076034546,-1.355003833770752,2.140610456466675,-0.5188332796096802
100,351,2.6876022815704346,-2.416464328765869,2.787219285964966,-2.1035778522491455
100,352,1.2694333791732788,-0.3840633034706116,0.7388088703155518,2.216252088546753
100,353,1.7453926801681519,0.14528042078018188,1.2965059280395508,1.3789135217666626
100,354,1.1499345302581787,-2.7632689476013184,-1.51087486743927,3.3676509857177734
100,355,-0.6682765483856201,-1.1973692178726196,-2.581010341644287,3.7896883487701416
100,356,-0.3733880817890167,-1.464913249015808,-2.4702365398406982,3.7045297622680664
100,357,-0.40762895345687866,3.516892433166504,-1.330926775932312,3.895744800567627
100,358,-0.16046501696109772,2.6794066429138184,-0.2998693287372589,3.072366237640381
100,359,-0.3740364611148834,1.9196513891220093,-0.27727100253105164,1.967813491821289
100,360,-0.44328996539115906,1.863566517829895,-1.724042534828186,4.083808422088623
100,361,1.800112009048462,-0.899231493473053,-0.32931792736053467,3.1211979389190674
100,362,3.041123390197754,-3.4266767501831055,3.2995927333831787,-3.6353394985198975
100,363,1.3217875957489014,-2.3098292350769043,-1.461776614189148,3.368879556655884
100,364,0.6509472131729126,-1.5196256637573242,-1.6301629543304443,3.453103542327881
100,365,-0.6391736268997192,-0.16013160347938538,-1.1965916156768799,1.6674021482467651
100,366,0.5097438097000122,-4.594587802886963,-2.769209623336792,2.8685543537139893
100,367,-0.14492371678352356,-5.320894718170166,0.8495278358459473,-7.131097316741943
100,368,0.770287036895752,-0.6011950969696045,-1.2987412214279175,2.971184730529785
100,369,1.5190465450286865,-0.020350677892565727,-0.003011375665664673,2.7236275672912598
100,370,-0.3465923070907593,-0.8851011991500854,-2.673969268798828,4.028842926025391
100,371,-2.018683910369873,-2.9275825023651123,-2.071650743484497,2.7764413356781006
100,372,-3.2226498126983643,-0.36054372787475586,-4.043622016906738,1.0040196180343628
100,373,0.338968425989151,0.4173782765865326,-1.1846909523010254,3.1083872318267822
100,374,0.7293059825897217,0.7927983403205872,-1.2158212661743164,3.277437925338745
100,375,1.378753423690796,-0.6064841151237488,-0.5902844667434692,3.1029412746429443
100,376,1.6354964971542358,-0.05340120196342468,-0.03565327823162079,2.9064738750457764
100,377,0.7580752372741699,1.1956883668899536,0.10346519947052002,2.3136556148529053
100,378,0.9396916627883911,0.6779376864433289,-0.05811105668544769,2.3112545013427734
100,379,0.535119891166687,0.2569860517978668,-0.9926872253417969,3.107732057571411
100,380,0.3494132161140442,-0.6825816631317139,-1.294155478477478,2.351792812347412
100,381,-0.20055828988552094,-0.12506486475467682,-2.337294101715088,3.5264525413513184
100,382,-0.6391736268997192,-0.16013160347938538,-1.1965916156768799,1.6674021482467651
100,383,-0.31905755400657654,2.87130069732666,-0.6870002746582031,3.659359931945801
100,384,-2.312483549118042,5.672817707061768,-2.2882347106933594,5.9568328857421875
100,385,-2.830880641937256,5.1523637771606445,-2.8825249671936035,5.678040981292725
100,386,-4.0105438232421875,1.1857982873916626,-3.9494826793670654,3.642942428588867
100,387,0.9276942014694214,-3.9106454849243164,-2.5303635597229004,2.8280458450317383
100,388,0.374223530292511,0.8434248566627502,-0.6318702697753906,2.3578717708587646
100,389,1.8657829761505127,-4.0133562088012695,2.429295301437378,-7.390194892883301
100,390,0.9736528396606445,-6.780447959899902,1.8093336820602417,-7.304967880249023
100,391,0.9704140424728394,-2.9434762001037598,1.5703624486923218,-7.4625725746154785
100,392,0.6519017219543457,-3.9469494819641113,-2.1172733306884766,2.9689338207244873
100,393,-2.273163080215454,2.3712096214294434,-2.5637409687042236,3.431495189666748
100,394,-0.4269997477531433,0.748320996761322,-0.7327486276626587,1.563848853111267
100,395,1.5931401252746582,-3.259887218475342,2.5340735912323,-7.910434246063232
100,396,2.112532377243042,-1.1403905153274536,1.906165599822998,-0.31703075766563416
100,397,-2.1226017475128174,3.4738218784332275,-2.403244733810425,4.411324501037598
100,398,-1.7278200387954712,4.228149890899658,-2.007763147354126,4.975350856781006
100,399,1.6487665176391602,-3.0165114402770996,2.6071367263793945,-8.044106483459473
100,400,1.2680367231369019,-2.930478572845459,-1.2229084968566895,2.5620768070220947
100,401,-0.3462795615196228,0.6325840950012207,-1.833821177482605,2.939828872680664
100,402,0.8715845346450806,-1.3878384828567505,-1.5782153606414795,3.547395944595337
100,403,-0.4384719431400299,-0.22533391416072845,-1.911604881286621,3.801563262939453
100,404,0.27357780933380127,1.7266377210617065,-0.19294694066047668,1.7469974756240845
100,405,-0.8200787305831909,2.15573787689209,-1.6335477828979492,3.3514068126678467
100,406,1.848464012145996,-0.0073323678225278854,0.2832547724246979,2.8862578868865967
100,407,-4.9303693771362305,-1.0583341121673584,-1.7823364734649658,3.7546653747558594
100,408,1.8390886783599854,-0.09320493042469025,1.6352488994598389,0.47068363428115845
100,409,3.0078232288360596,-3.617116928100586,3.3330752849578857,-3.89310359954834
100,410,2.568638563156128,-4.838563442230225,3.02614164352417,-7.2423577308654785
100,411,-3.0074660778045654,-5.106077671051025,-1.228461742401123,-7.643393039703369
100,412,-0.6938486099243164,2.30096173286438,-0.5188931226730347,1.9295011758804321
100,413,-1.8620936870574951,-4.089922904968262,-2.5663535594940186,3.586954116821289
100,414,-0.3868633806705475,1.0906654596328735,-0.5825186967849731,1.5302437543869019
100,415,-0.33363205194473267,-1.2866789102554321,-2.6074936389923096,3.806751251220703
100,416,-3.3317792415618896,0.49485528469085693,-3.1569983959198,3.764387845993042
100,417,-2.327688455581665,1.88871431350708,-2.5913896560668945,3.9891512393951416
100,418,1.2254829406738281,1.5206795930862427,0.3506982922554016,3.1901159286499023
100,419,1.61801016330719,-2.242265224456787,1.8889741897583008,-1.4189332723617554
100,420,1.3749645948410034,-3.3126800060272217,-1.3110408782958984,2.920027017593384
100,421,-2.932495355606079,-2.344299077987671,-1.8847525119781494,3.8887646198272705
100,422,-0.7909014225006104,1.1280003786087036,-2.6176369190216064,4.1040143966674805
100,423,1.4840997457504272,-4.49207067489624,-3.1767590045928955,3.154141426086426
100,424,-4.633235931396484,4.4641804695129395,-4.568808555603027,5.399885177612305
100,425,1.0076186656951904,0.060674384236335754,-0.4757930338382721,3.176159143447876
100,426,-1.266556739807129,2.3986473083496094,-2.0690910816192627,3.853848457336426
100,427,1.1700509786605835,-0.4359479546546936,-0.6660447120666504,3.155430793762207
100,428,2.6429734230041504,-3.1857476234436035,2.8681488037109375,-3.2043089866638184
100,429,2.1747312545776367,-2.405996799468994,2.1555707454681396,-1.3657130002975464
100,430,1.9106507301330566,-0.6389378309249878,1.8449150323867798,-0.08768744766712189
100,431,2.6799561977386475,-2.7665247917175293,2.8425965309143066,-2.541497230529785
100,432,2.955393075942993,-4.676651477813721,3.5168442726135254,-6.10260009765625
100,433,1.8247613906860352,-4.280078411102295,2.159677267074585,-7.353834629058838
100,434,0.41987577080726624,-3.2750277519226074,-2.5569560527801514,3.1219239234924316
100,435,1.2732436656951904,-0.5020655989646912,-0.9876562356948853,3.5789008140563965
100,436,-0.9736435413360596,-4.226275444030762,-5.09080171585083,2.3695271015167236
100,437,-0.9842138290405273,-4.340344429016113,-0.6914350986480713,-4.917191982269287
100,438,-2.4237470626831055,-1.0778460502624512,-3.980421304702759,2.714975118637085
100,439,-0.7817332744598389,-4.09429407119751,-2.4822134971618652,2.619152545928955
100,440,-1.3039665222167969,-3.669222831726074,-3.1906189918518066,2.956026792526245
100,441,2.667229413986206,-0.8310866355895996,2.7522828578948975,-0.8092462420463562
100,442,1.0240118503570557,-2.016599416732788,-1.3747082948684692,3.4521710872650146
100,443,0.8480637073516846,-5.73761510848999,1.705545425415039,-7.02598237991333
100,444,-0.9263745546340942,0.8925136923789978,-0.6333805322647095,1.38469398021698
100,445,-1.4060406684875488,1.7007757425308228,-2.0807576179504395,3.8312387466430664
100,446,-0.29726630449295044,0.9088156819343567,-0.6391086578369141,1.462197184562683
100,447,0.2726924419403076,-3.9289894104003906,-3.3146097660064697,3.152545928955078
100,448,1.9160006046295166,-2.662501096725464,1.8982986211776733,-1.7836617231369019
100,449,1.7281588315963745,-1.1921926736831665,-0.4296700656414032,3.058711528778076
100,450,0.9434794187545776,1.1928739547729492,0.19100633263587952,2.373025417327881
100,451,1.8353147506713867,-2.717259407043457,1.66042959690094,-1.0293068885803223
100,452,1.1409987211227417,-4.858512878417969,1.678497314453125,-6.864994525909424
100,453,1.5483989715576172,-5.013811111450195,2.06026029586792,-7.145707130432129
100,454,-2.5886807441711426,-0.8463319540023804,-2.2729625701904297,3.4795472621917725
100,455,-2.6058950424194336,2.7341232299804688,-2.960740089416504,4.201871395111084
100,456,1.8840848207473755,-2.1659626960754395,1.661151647567749,-0.2903716266155243
100,457,0.9915473461151123,-3.086989402770996,-1.3982362747192383,2.7845797538757324
100,458,0.12052910029888153,0.781272828578949,-0.7309695482254028,2.0564048290252686
100,459,0.553410530090332,-3.1292455196380615,-2.0766854286193848,2.89253568649292
100,460,0.11316844820976257,-2.381288766860962,-2.4163105487823486,3.374931812286377
100,461,0.7282723188400269,-1.8742272853851318,-2.3757333755493164,3.1960864067077637
100,462,-0.7645641565322876,-1.7660640478134155,-2.48058819770813,3.6701927185058594
100,463,1.1813312768936157,-2.9147167205810547,-1.3623981475830078,2.917801856994629
100,464,-2.6494152545928955,-0.5394437909126282,-3.541184186935425,0.9620986580848694
100,465,0.16630426049232483,-2.9202816486358643,-2.5866174697875977,3.4165518283843994
100,466,-0.7695256471633911,1.147153615951538,-0.6985455751419067,1.4411900043487549
100,467,0.7950429916381836,0.5815430879592896,-0.4713886082172394,2.494988203048706
100,468,1.0676076412200928,2.1533327102661133,-0.013563305139541626,3.5449769496917725
100,469,0.3036532700061798,1.4496731758117676,-0.3274206221103668,1.7490952014923096
100,470,3.252793550491333,-5.884305477142334,3.37226939201355,-7.108302593231201
100,471,-2.715048313140869,2.1788272857666016,-3.2054789066314697,3.727351665496826
100,472,-2.4657938480377197,2.028388023376465,-2.701998472213745,3.9360592365264893
100,473,1.194493293762207,-1.997336745262146,-1.004850149154663,2.6714792251586914
100,474,1.3662678003311157,0.07736202329397202,-0.39628586173057556,2.979172706604004
100,475,1.1842639446258545,-2.543789863586426,-1.3950930833816528,3.0211493968963623
100,476,1.0105992555618286,-3.067284107208252,-1.6839323043823242,3.2577829360961914
100,477,1.541118860244751,-2.795243263244629,-1.037174105644226,3.1898677349090576
100,478,-2.1456048488616943,-1.4478448629379272,-2.705462694168091,3.4184517860412598
100,479,-0.6462897062301636,-2.8592615127563477,-1.6551159620285034,3.262540340423584
100,480,-2.9201536178588867,-1.7255645990371704,-1.1162171363830566,2.4135446548461914
100,481,0.35433492064476013,1.8081936836242676,-0.05587680637836456,1.8720892667770386
100,482,-2.4454755783081055,-2.727879524230957,-2.9219861030578613,2.9932186603546143
100,483,0.832213282585144,0.974760115146637,-0.28035590052604675,2.3499274253845215
100,484,3.222337007522583,-4.4107985496521,3.551109790802002,-5.058544635772705
100,485,1.6804978847503662,-3.3110177516937256,0.5484211444854736,-0.9666610360145569
100,486,1.4254053831100464,-3.7972609996795654,1.9809308052062988,-6.902697563171387
100,487,0.5937744379043579,-4.223940372467041,-3.3089840412139893,3.0596964359283447
100,488,0.9100971221923828,-3.2170019149780273,-1.6135587692260742,3.1120657920837402
100,489,-2.237901210784912,-2.7680864334106445,-1.6900060176849365,2.9342098236083984
100,490,-0.9640353918075562,-0.5991970300674438,-2.8274543285369873,4.191305637359619
100,491,-0.026206225156784058,-1.5240349769592285,-2.3529677391052246,3.4602503776550293
100,492,-2.14133882522583,-3.3639678955078125,-3.878390073776245,2.86116886138916
100,493,-0.9218401908874512,-2.328099489212036,-2.3489444255828857,3.167846441268921
100,494,-0.021379612386226654,0.7831615805625916,-0.6725366115570068,1.7998502254486084
100,495,-0.40126729011535645,0.1055593341588974,-2.3669161796569824,3.5358331203460693
100,496,-2.487820863723755,-4.9860358238220215,-2.911618232727051,3.338933229446411
100,497,-1.971064805984497,-3.7612528800964355,-2.663158655166626,2.849073886871338
100,498,1.1001052856445312,-2.277414321899414,-1.2968840599060059,2.946838855743408
100,499,3.396610975265503,-6.173101425170898,3.2399237155914307,-7.170146942138672
100,500,0.3545667231082916,-3.4277877807617188,-2.4430224895477295,3.0641584396362305
100,501,-0.3733880817890167,-1.464913249015808,-2.4702365398406982,3.7045297622680664
100,502,0.6395000219345093,-1.5706520080566406,-1.6941834688186646,3.2104461193084717
100,503,0.9717997312545776,-1.3601303100585938,-1.382988691329956,3.3451380729675293
100,504,1.3798515796661377,-2.251945972442627,-1.0916117429733276,3.1806254386901855
100,505,-0.7406015396118164,0.7789033055305481,-0.7715240716934204,1.2538238763809204
100,506,-0.25628530979156494,0.9696863293647766,-0.6363617181777954,1.459774136543274
100,507,-3.013727903366089,-1.6602109670639038,-1.3124830722808838,3.3977413177490234
100,508,1.4832806587219238,-0.8051419258117676,-0.7407445907592773,3.5404465198516846
100,509,1.302605390548706,-3.5389223098754883,2.0046160221099854,-7.076655864715576
100,510,1.5962879657745361,-4.289610385894775,2.346144914627075,-7.371984004974365
100,511,-1.5307267904281616,-1.3012374639511108,-2.6808886528015137,3.633901357650757
100,512,-1.6748127937316895,0.25933700799942017,-1.2892705202102661,1.0508610010147095
100,513,-0.4715540409088135,0.610522449016571,-0.8118813037872314,1.3645488023757935
100,514,1.0429699420928955,-3.1325573921203613,-2.5914931297302246,2.799574851989746
100,515,1.6266040802001953,-4.362005710601807,2.0917484760284424,-7.170550346374512
100,516,0.1504582166671753,-0.6603968739509583,-1.96596097946167,3.354391574859619
100,517,-3.007514238357544,1.5671584606170654,-3.876044273376465,4.374866962432861
100,518,0.2726924419403076,-3.9289894104003906,-3.3146097660064697,3.152545928955078
100,519,-2.4064595699310303,-3.408348798751831,-2.1148488521575928,3.354558229446411
100,520,0.8829318284988403,0.4676230847835541,-0.5550856590270996,2.9094882011413574
100,521,1.6372075080871582,-3.872952461242676,2.146589994430542,-7.118716239929199
100,522,-3.6196954250335693,-0.098981112241745,-2.5577151775360107,4.12858247756958
100,523,1.7667862176895142,-3.619323253631592,1.1672289371490479,-2.147834062576294
100,524,-1.6733778715133667,-1.4175323247909546,-3.183825969696045,3.783071517944336
100,525,-2.5438568592071533,-0.43738043308258057,-2.5349137783050537,3.521169424057007
100,526,0.31099510192871094,1.4191960096359253,-0.3587529957294464,1.9137769937515259
100,527,0.8104865550994873,-3.4250335693359375,-4.273595333099365,1.1249457597732544
100,528,0.798335075378418,-2.601456880569458,-1.644212007522583,2.9308505058288574
100,529,1.5605546236038208,-0.2823575437068939,-0.18780800700187683,2.9042229652404785
100,530,1.366079568862915,-3.2207140922546387,2.3956236839294434,-7.578760623931885
100,531,-0.3755643665790558,2.367593765258789,-0.1912357360124588,2.0928587913513184
100,532,1.1095447540283203,-2.0384130477905273,-1.2731126546859741,3.0411062240600586
100,533,1.1945765018463135,-2.5743587017059326,0.02059236168861389,-1.4962214231491089
100,534,-1.7257988452911377,2.1414237022399902,-2.1205086708068848,3.929694652557373
100,535,1.2318274974822998,-0.11973068118095398,-1.0785599946975708,3.7335288524627686
100,536,-2.543731451034546,-1.9248180389404297,-1.5156751871109009,3.42207932472229
100,537,0.24813970923423767,0.1659172624349594,-0.7976819276809692,2.1250832080841064
100,538,-2.819045305252075,2.091416358947754,-3.517186403274536,3.9814062118530273
100,539,-1.029096007347107,2.8508474826812744,-1.7922874689102173,4.134590148925781
100,540,-0.23014675080776215,2.519868850708008,-0.08008605241775513,2.5713884830474854
100,541,-0.8468800783157349,3.173931837081909,-1.182544469833374,3.6649911403656006
100,542,2.7045342922210693,-4.72562837600708,3.257293939590454,-6.8200554847717285
100,543,2.1457767486572266,-4.821268558502197,2.3790197372436523,-7.216609954833984
100,544,-2.155622720718384,1.4461238384246826,-2.6679446697235107,3.6989431381225586
100,545,-0.31308990716934204,-1.666267991065979,-2.7058353424072266,3.693812847137451
100,546,-2.670888662338257,-2.442183256149292,-1.7764551639556885,3.013188600540161
100,547,-1.5775420665740967,-2.473677635192871,-2.942758083343506,2.8634707927703857
100,548,-1.519100546836853,-2.291137218475342,-2.364314317703247,3.278101682662964
100,549,-1.960917592048645,-2.5239338874816895,-2.422349691390991,2.5122196674346924
100,550,0.843305230140686,-1.5587080717086792,-1.4681072235107422,2.813164472579956
100,551,-0.7645641565322876,-1.7660640478134155,-2.48058819770813,3.6701927185058594
100,552,-1.2399131059646606,-1.121090054512024,-2.9871788024902344,3.579562187194824
100,553,-2.901078462600708,-2.8491897583007812,-1.9094088077545166,3.2781238555908203
100,554,-0.5897190570831299,1.4954156875610352,-0.9831169843673706,2.671531915664673
100,555,-1.7535580396652222,4.157736301422119,-1.9790728092193604,5.054059982299805
100,556,-1.1654961109161377,1.717995524406433,-2.49934458732605,4.406521320343018
100,557,0.4661906659603119,-0.40609756112098694,-1.3024150133132935,2.5900814533233643
100,558,0.07852421700954437,-2.9329495429992676,-1.8825466632843018,3.2731454372406006
100,559,0.807533860206604,-4.282911777496338,-1.653123378753662,3.3007314205169678
100,560,-2.1348624229431152,-2.044175863265991,-3.064173698425293,2.9878010749816895
100,561,-2.5777747631073,-0.44940435886383057,-2.978736400604248,2.174957275390625
100,562,-1.9758156538009644,3.901840925216675,-2.1408729553222656,4.688045024871826
100,563,-2.0680716037750244,-4.317856311798096,-2.930020332336426,3.874203681945801
100,564,0.5298382043838501,-3.20273494720459,-3.2666919231414795,2.961061954498291
100,565,0.9434347152709961,-1.2433711290359497,-1.1583406925201416,3.2787575721740723
100,566,1.4296308755874634,-2.7658138275146484,1.0766708850860596,-2.753262519836426
100,567,1.7279279232025146,-1.410516381263733,0.15962985157966614,2.6233232021331787
100,568,-0.8441877365112305,2.707672119140625,-1.212558388710022,3.6627347469329834
100,569,1.246047019958496,0.6252572536468506,-0.14530456066131592,3.2393910884857178
100,570,-0.7758055925369263,1.1748744249343872,-0.6394234895706177,1.4017406702041626
100,571,0.01319904625415802,-1.2570606470108032,-1.5876574516296387,2.4927964210510254
100,572,-0.508122444152832,-0.7628957629203796,-2.0888254642486572,3.6986589431762695
100,573,1.4443658590316772,-3.45070219039917,-1.3422584533691406,2.862772226333618
100,574,0.5270096063613892,-0.31809568405151367,-1.7924718856811523,3.7025718688964844
100,575,0.7297861576080322,-4.3919243812561035,-1.5995612144470215,3.127244472503662
100,576,-3.4121625423431396,0.45971837639808655,-3.133169651031494,2.903111696243286
100,577,-2.023627281188965,-0.9896333813667297,-3.0864598751068115,3.566539764404297
100,578,1.7008225917816162,-1.4557877779006958,-0.7079637050628662,3.090816020965576
100,579,0.7477116584777832,0.0457715168595314,-1.6385873556137085,3.4968457221984863
100,580,2.2584726810455322,-0.874578058719635,2.133559465408325,-0.5412405133247375
100,581,0.9021356105804443,0.9990747570991516,-0.1105981171131134,2.105149745941162
100,582,1.1774177551269531,-2.015143632888794,-1.064303994178772,2.6919851303100586
100,583,-2.9081900119781494,-5.844020366668701,-5.441348552703857,5.17455530166626
100,584,-1.2511072158813477,2.0027787685394287,-2.1099441051483154,3.715195894241333
100,585,1.5805327892303467,-0.7379866242408752,-0.539563775062561,3.0922164916992188
100,586,-2.118788957595825,-3.8058905601501465,-4.521033763885498,2.61559796333313
100,587,-0.9636919498443604,-1.478159785270691,-2.8695359230041504,3.429950714111328
100,588,-2.0282304286956787,-2.4053220748901367,-2.4722366333007812,2.9654579162597656
100,589,0.45680031180381775,-3.4497785568237305,-2.323965311050415,3.144742727279663
100,590,0.24114888906478882,-4.41520357131958,-3.074949026107788,2.9176573753356934
100,591,-1.9020497798919678,-0.6950613260269165,-2.850208282470703,3.656006336212158
100,592,1.195014238357544,0.4766344130039215,-0.14969171583652496,2.6969199180603027
100,593,0.7004836797714233,-1.0475893020629883,-1.6271361112594604,3.43192195892334
100,594,-3.019615411758423,1.6166595220565796,-2.0137226581573486,3.5465662479400635
100,595,-0.42855104804039,-1.2340552806854248,-2.413727045059204,3.77085018157959
100,596,0.3143406808376312,1.2694305181503296,-0.4552236497402191,2.0517148971557617
100,597,-0.17656996846199036,2.5946993827819824,-1.2393100261688232,4.221327304840088
100,598,1.773587703704834,-4.741055488586426,-1.248383641242981,3.160593032836914
100,599,-2.5437700748443604,-1.376644492149353,-4.330963134765625,2.62996506690979
100,600,-1.3801627159118652,-1.405604362487793,-2.915073871612549,3.642335891723633
100,601,-0.8554331064224243,1.7388111352920532,-2.377603769302368,4.43547248840332
100,602,1.2224453687667847,-0.3305380940437317,-0.6187124252319336,2.9522929191589355
100,603,-0.5626827478408813,0.7792622447013855,-0.7407766580581665,1.313012957572937
100,604,1.2737386226654053,-0.4706211984157562,-0.5975043773651123,3.0195460319519043
100,605,1.9876673221588135,-0.9498976469039917,1.7143858671188354,0.1833217293024063
100,606,1.4779603481292725,-2.5310935974121094,1.4904956817626953,-1.8386934995651245
100,607,-4.646590232849121,0.5465574860572815,-4.436497211456299,2.990501880645752
100,608,-1.116957187652588,-1.1198681592941284,-2.546677827835083,3.7971744537353516
100,609,-1.684428334236145,-2.537896156311035,-2.560732841491699,3.437441349029541
100,610,0.6973743438720703,0.9710516333580017,-1.6820578575134277,3.803699493408203
100,611,2.0873849391937256,-3.8448171615600586,2.6933681964874268,-7.901500701904297
100,612,-3.0923879146575928,-1.5439856052398682,-1.2856248617172241,3.6358413696289062
100,613,0.9077157974243164,-0.716724693775177,-0.954425573348999,3.0146231651306152
100,614,1.5763168334960938,-4.374956130981445,2.0735230445861816,-7.067102909088135
100,615,-4.15943717956543,-1.1028368473052979,-2.1106412410736084,3.9945149421691895
100,616,0.3633115291595459,0.4888453185558319,-0.7303394079208374,1.9667562246322632
100,617,-2.637005567550659,1.826804280281067,-2.9448459148406982,3.3470137119293213
100,618,0.12446771562099457,-1.8580793142318726,-2.1170408725738525,3.287775993347168
100,619,-3.1691763401031494,2.0096497535705566,-2.6717123985290527,3.416220188140869
100,620,-1.3566197156906128,-4.296781063079834,-2.101820707321167,2.656775951385498
100,621,-0.7838633060455322,-1.9086722135543823,-2.3254523277282715,3.6131982803344727
100,622,1.5065503120422363,1.0795668363571167,1.4443837404251099,2.4418044090270996
100,623,-5.165591239929199,0.4935034215450287,-4.743536949157715,2.056386947631836
100,624,-0.8522748947143555,1.0943533182144165,-3.1452720165252686,4.894663333892822
100,625,-0.6109070777893066,0.5783894062042236,-0.783409833908081,1.3729547262191772
100,626,-2.029925584793091,2.3181090354919434,-1.9740889072418213,3.83681321144104
100,627,-2.0008749961853027,-3.6616435050964355,-2.3407907485961914,3.1404669284820557
100,628,-3.2133936882019043,0.7347676753997803,-3.4482290744781494,3.2481656074523926
100,629,-3.696882486343384,-1.2479435205459595,-1.6255557537078857,3.6898317337036133
100,630,-0.6392561197280884,-0.3451022803783417,-2.2463746070861816,3.7275681495666504
100,631,-1.5662568807601929,-2.2714316844940186,-3.3459718227386475,3.059830665588379
100,632,-2.7198374271392822,-3.634225845336914,-1.8698632717132568,3.1104090213775635
100,633,-0.8862926959991455,1.1971020698547363,-2.2147250175476074,3.567659378051758
100,634,-2.0413267612457275,1.7631380558013916,-2.661543607711792,3.763089418411255
100,635,0.6964634656906128,-2.8195042610168457,-1.7623684406280518,2.7467241287231445
100,636,-0.17494817078113556,-0.587966799736023,-1.319670557975769,2.0717294216156006
100,637,-4.098540782928467,1.5537313222885132,-4.096647262573242,3.617375135421753
100,638,-1.3728469610214233,0.10212661325931549,-1.3223178386688232,1.5354869365692139
100,639,-0.3733880817890167,-1.464913249015808,-2.4702365398406982,3.7045297622680664
100,640,-1.6340725421905518,-1.6459541320800781,-2.913330554962158,3.5228896141052246
100,641,-1.3364248275756836,3.744220733642578,-1.5697369575500488,4.253530979156494
100,642,-1.5031065940856934,2.861957550048828,-1.834747314453125,3.9420952796936035
100,643,1.7667862176895142,-3.619323253631592,1.1672289371490479,-2.147834062576294
100,644,-0.37882721424102783,-2.093616247177124,-2.2680420875549316,3.456773281097412
100,645,1.9796364307403564,-4.0953593254089355,-1.0136748552322388,3.4537696838378906
100,646,1.391733169555664,-5.343630313873291,2.1376583576202393,-7.356241703033447
100,647,-1.1427544355392456,-4.191784381866455,-1.8760037422180176,2.980538845062256
100,648,-2.471017599105835,1.5499926805496216,-2.498197317123413,3.299443244934082
100,649,-0.8762643337249756,-0.606940746307373,-2.1448776721954346,3.341625452041626
100,650,0.7383220195770264,-4.925378799438477,-3.142646551132202,2.6600332260131836
100,651,0.8334552049636841,-5.410429954528809,1.3951562643051147,-6.826523780822754
100,652,1.1133155822753906,-5.8928680419921875,-3.1534931659698486,3.2752938270568848
100,653,-0.11224617063999176,-0.36078110337257385,-1.1412665843963623,1.834075927734375
100,654,-1.8588142395019531,0.0007544625550508499,-1.5979034900665283,1.2770615816116333
100,655,1.092515468597412,-2.9710636138916016,-1.9477739334106445,3.6429476737976074
100,656,1.6821494102478027,-4.55565071105957,2.394165515899658,-7.413001537322998
100,657,-1.2633013725280762,2.636051654815674,-1.9396476745605469,4.266077041625977
100,658,-0.2666008174419403,-2.9389562606811523,-2.477623224258423,3.2252259254455566
100,659,-2.0561702251434326,-1.7947113513946533,-1.547062635421753,3.005068063735962
100,660,0.9592626094818115,-1.0052489042282104,-1.104646921157837,3.386369466781616
100,661,-2.3843984603881836,3.5385541915893555,-2.620368480682373,4.561583518981934
100,662,-1.2015970945358276,-3.313945770263672,-2.687180757522583,3.7512478828430176
100,663,-0.0026108920574188232,-4.525458335876465,-4.079987525939941,2.5666115283966064
100,664,-3.134399890899658,-1.2409915924072266,-2.1342074871063232,2.0148744583129883
100,665,-2.5181233882904053,-0.82523113489151,-3.125309467315674,2.550605297088623
100,666,-0.43356674909591675,-1.7298892736434937,-2.673935890197754,3.9687747955322266
100,667,-1.9020497798919678,-0.6950613260269165,-2.850208282470703,3.656006336212158
100,668,-2.756690502166748,1.8255950212478638,-3.2218878269195557,3.4888055324554443
100,669,0.44228115677833557,1.2609307765960693,-0.11070537567138672,2.1544809341430664
100,670,0.6707159280776978,0.42241525650024414,-1.1831843852996826,3.211284637451172
100,671,-0.4401157796382904,2.350917100906372,-0.47112658619880676,2.3774919509887695
100,672,-1.0069257020950317,2.0447306632995605,-1.8160877227783203,3.092003345489502
100,673,-2.503277063369751,-0.8981558680534363,-2.686641216278076,3.588360548019409
100,674,-2.493222713470459,3.879525899887085,-2.9454946517944336,5.234472751617432
100,675,-1.9353362321853638,1.6126344203948975,-3.072974443435669,4.453986167907715
100,676,-1.7748725414276123,-3.6844191551208496,-3.3461177349090576,3.149463176727295
100,677,-2.09478759765625,-2.1597518920898438,-3.583014488220215,2.4725160598754883
100,678,-1.116957187652588,-1.1198681592941284,-2.546677827835083,3.7971744537353516
100,679,0.9100971221923828,-3.2170019149780273,-1.6135587692260742,3.1120657920837402
100,680,-3.602315664291382,2.0842974185943604,-3.8273165225982666,3.613016128540039
100,681,0.8610564470291138,-6.166849136352539,-2.9246318340301514,2.7479329109191895
100,682,-0.8705248832702637,2.7696242332458496,-0.920737624168396,3.153883695602417
100,683,-0.324188768863678,-5.0077104568481445,-4.10182523727417,4.530181407928467
100,684,-0.508122444152832,-0.7628957629203796,-2.0888254642486572,3.6986589431762695
100,685,-4.18508768081665,-1.2634494304656982,-4.384025573730469,-1.2409989833831787
100,686,0.5602470636367798,-1.4528709650039673,-1.6235346794128418,2.7743117809295654
100,687,-2.475442886352539,-1.3148069381713867,-3.542898416519165,2.417311429977417
100,688,2.3604557514190674,-4.2113542556762695,3.320549726486206,-7.74656343460083
100,689,-2.3335587978363037,1.057708978652954,-3.094377040863037,4.6995415687561035
100,690,-2.002223491668701,-0.06596203148365021,-2.0827996730804443,0.8206564784049988
100,691,-2.3323330879211426,-0.21619878709316254,-1.2729535102844238,1.6629608869552612
100,692,0.8933736085891724,-1.1043181419372559,-1.4639595746994019,3.69816255569458
100,693,1.1447701454162598,-1.2117334604263306,-0.9665069580078125,3.602996349334717
100,694,0.770106315612793,-2.6206347942352295,-1.4940650463104248,3.268946409225464
100,695,-1.4907612800598145,-4.554331302642822,-2.909752607345581,2.9747214317321777
100,696,0.6206178665161133,-3.3876242637634277,-2.434123992919922,3.226632595062256
100,697,-0.925107479095459,2.716637134552002,-0.5747971534729004,2.358219861984253
100,698,-1.9254422187805176,-2.5601954460144043,-4.10989236831665,3.177093744277954
100,699,-3.1442220211029053,3.840106964111328,-3.25177264213562,4.900745868682861
100,700,-2.8292582035064697,-0.9593896269798279,-3.0839345455169678,2.699411392211914
100,701,-2.593059539794922,-1.7851585149765015,-1.188579797744751,3.4758543968200684
100,702,-1.7403024435043335,-3.9158082008361816,-4.59884786605835,3.773921489715576
100,703,-2.9162492752075195,0.8023012280464172,-3.565528154373169,2.5746631622314453
100,704,1.9454452991485596,-3.4143223762512207,2.8940069675445557,-5.4031267166137695
100,705,0.8740355968475342,-0.6225416660308838,-1.1030365228652954,3.443676233291626
100,706,-4.475475788116455,-1.2460075616836548,-4.276289463043213,-0.9898979067802429
100,707,-2.495209217071533,-4.396810054779053,-3.076627254486084,3.4855713844299316
100,708,-2.030341148376465,-3.623591661453247,-2.480257272720337,2.859157085418701
100,709,1.2915924787521362,-1.8965200185775757,-1.0426136255264282,3.381505012512207
100,710,1.733189582824707,-0.5854366421699524,-0.31614428758621216,3.5249738693237305
100,711,2.0584330558776855,-4.649988651275635,2.3791120052337646,-7.552713871002197
100,712,0.24114888906478882,-4.41520357131958,-3.074949026107788,2.9176573753356934
100,713,-1.172927737236023,-1.227213978767395,-2.465256929397583,4.043936729431152
100,714,-3.1751630306243896,0.5319726467132568,-2.3726119995117188,3.302220106124878
100,715,1.974508285522461,-4.4561944007873535,2.3015353679656982,-7.195068836212158
100,716,1.1200414896011353,-5.339465618133545,1.7099800109863281,-7.174624919891357
100,717,-2.0652377605438232,1.9004892110824585,-2.2335257530212402,3.801114797592163
100,718,-0.36764800548553467,1.6808321475982666,-0.3906560242176056,1.8623672723770142
100,719,-1.1933727264404297,1.0733510255813599,-0.552582859992981,1.6616982221603394
100,720,-1.8643237352371216,0.15335272252559662,-1.6829378604888916,0.8572536110877991
100,721,-1.6115655899047852,0.2596316337585449,-1.190035104751587,1.502827763557434
100,722,0.68705153465271,-1.4601625204086304,-1.7013304233551025,3.3368425369262695
100,723,1.3627891540527344,-2.9962716102600098,-0.052530646324157715,0.7234244346618652
100,724,0.6438621282577515,-3.6091513633728027,-3.2177841663360596,3.5055880546569824
100,725,-3.4271128177642822,-0.8333953022956848,-1.8167744874954224,3.2291903495788574
100,726,1.7081812620162964,-3.634768486022949,0.14295276999473572,0.15408731997013092
100,727,-1.2175124883651733,-2.2798287868499756,-1.9078240394592285,3.3853554725646973
100,728,-1.8192752599716187,2.5666136741638184,-1.6851803064346313,3.6786441802978516
100,729,-2.597686767578125,-1.8649029731750488,-3.1243720054626465,2.894644021987915
100,730,-2.9675309658050537,-0.23984979093074799,-3.213117837905884,0.21025319397449493
100,731,0.6946853399276733,-0.877312958240509,-1.2335302829742432,3.1944684982299805
100,732,-2.3664615154266357,2.527343273162842,-2.464176893234253,3.7411601543426514
100,733,-2.8646366596221924,-1.2456930875778198,-2.7476720809936523,3.0774924755096436
100,734,-1.7473118305206299,2.5971944332122803,-1.887420415878296,3.8744306564331055
100,735,-2.263669490814209,1.7947429418563843,-2.2065811157226562,3.4814224243164062
100,736,-1.847606897354126,2.151667594909668,-2.05871319770813,3.533966541290283
100,737,-2.646354913711548,2.335745334625244,-3.2337825298309326,4.217402458190918
100,738,-2.198575496673584,2.153733253479004,-1.7237311601638794,3.621790885925293
100,739,1.4610639810562134,-2.225583791732788,-1.0843778848648071,3.077800989151001
100,740,1.120208978652954,-4.508630752563477,-1.382670521736145,3.1198620796203613
100,741,1.877840518951416,-4.26266622543335,2.2216711044311523,-7.234437942504883
100,742,1.6805095672607422,-4.805202960968018,2.09098482131958,-7.194386005401611
100,743,-1.2971690893173218,3.4430150985717773,-1.2798367738723755,3.5786173343658447
100,744,-3.39536190032959,-1.0492753982543945,-1.7241524457931519,3.6691737174987793
100,745,-2.522111654281616,2.140080213546753,-3.257704496383667,3.5243759155273438
100,746,0.2473880648612976,-2.7583367824554443,-2.8834402561187744,3.2758665084838867
100,747,-0.8729346990585327,-3.070937156677246,-2.621819257736206,3.1230595111846924
100,748,-0.7050795555114746,1.5507301092147827,-2.5202577114105225,4.5612640380859375
100,749,-2.6830577850341797,2.478304624557495,-3.6415865421295166,3.8539464473724365
100,750,1.0563557147979736,-3.818997383117676,1.9968101978302002,-7.343969821929932
100,751,2.2992303371429443,-4.353384017944336,2.883578062057495,-7.624025821685791
100,752,0.5235637426376343,-0.752305269241333,-1.7993378639221191,3.382568120956421
100,753,-1.0363320112228394,-1.2083795070648193,-2.475454092025757,3.8128669261932373
100,754,-2.9342734813690186,-1.6151007413864136,-2.1115856170654297,2.061826467514038
100,755,-0.7657461166381836,-1.615796685218811,-2.216231107711792,3.675942897796631
100,756,-0.9685487747192383,3.759060859680176,-1.5196881294250488,4.35478401184082
100,757,-1.2794694900512695,3.1538052558898926,-1.8232334852218628,4.283210754394531
100,758,-0.3798238933086395,-3.0308799743652344,-2.0197885036468506,3.2160427570343018
100,759,-1.5436018705368042,-2.087862491607666,-3.058600664138794,3.3687052726745605
100,760,-1.6710584163665771,-1.4685300588607788,-2.6656031608581543,4.109553813934326
100,761,-0.6953558921813965,-4.596713542938232,-1.330268144607544,-3.7063417434692383
100,762,-1.0776904821395874,-2.3374204635620117,-2.055131673812866,3.3821680545806885
100,763,-0.8032640218734741,-2.75711727142334,-1.5559966564178467,3.278022289276123
100,764,-1.3462848663330078,2.6091418266296387,-1.472980260848999,3.117253065109253
100,765,0.7099039554595947,-5.148737907409668,-2.959885835647583,3.20656681060791
100,766,-2.432638168334961,1.9910768270492554,-2.9035117626190186,3.828472137451172
100,767,-3.2723910808563232,4.453975677490234,-3.338160753250122,5.37040901184082
100,768,-3.505699634552002,-0.762594997882843,-2.154358386993408,3.670745849609375
100,769,-3.2303433418273926,3.8182458877563477,-3.495344877243042,5.369805812835693
100,770,-3.4401612281799316,-1.4443525075912476,-1.2479511499404907,3.51593279838562
100,771,-1.472397804260254,-2.202263355255127,-2.317410945892334,3.3208932876586914
100,772,-1.5575565099716187,2.090097427368164,-2.2910244464874268,3.9834306240081787
100,773,-3.2743985652923584,-1.9344538450241089,-1.0029140710830688,3.308443069458008
100,774,-2.9799416065216064,1.130548357963562,-1.7193245887756348,3.512402296066284
100,775,-2.2443625926971436,0.6074486374855042,-1.8794115781784058,1.38967764377594
100,776,-1.39949631690979,3.484330177307129,-1.7904090881347656,4.1755690574646
100,777,-3.349090576171875,-0.4798348844051361,-4.53017520904541,2.725510358810425
100,778,-2.589561700820923,-1.9050742387771606,-1.7360626459121704,3.297874927520752
100,779,-2.4346468448638916,1.9587957859039307,-2.733447790145874,3.323387861251831
100,780,-3.7525641918182373,0.3209734857082367,-4.639164924621582,2.617429494857788
100,781,-2.262977123260498,-1.1515791416168213,-2.905076265335083,3.4933557510375977
100,782,1.4681634902954102,-3.276362895965576,-1.1925489902496338,3.1672024726867676
100,783,-2.2030322551727295,-2.214064598083496,-3.806107759475708,2.0649592876434326
100,784,-1.7802658081054688,-0.13689514994621277,-3.6331655979156494,2.8355748653411865
100,785,2.8562920093536377,-4.638528347015381,3.4658384323120117,-6.7682061195373535
100,786,-2.4346330165863037,-0.12223611772060394,-2.5739691257476807,0.9442952275276184
100,787,1.1428983211517334,-2.1024765968322754,-1.5119694471359253,3.760226249694824
100,788,1.4809725284576416,-4.582676410675049,-1.470602035522461,3.7870943546295166
100,789,-1.6135610342025757,-2.666670799255371,-3.9043936729431152,2.5994842052459717
100,790,-0.6866074800491333,-1.3106701374053955,-2.047769546508789,3.3520901203155518
100,791,-4.163970470428467,0.37863874435424805,-4.591270923614502,1.8962947130203247
100,792,-1.884304165840149,1.7575536966323853,-2.5594964027404785,3.9198670387268066
100,793,-3.0843305587768555,2.4516043663024902,-3.0736653804779053,4.258253574371338
100,794,-1.4278268814086914,2.3381385803222656,-2.1157684326171875,4.010497093200684
100,795,-1.2015970945358276,-3.313945770263672,-2.687180757522583,3.7512478828430176
100,796,-1.807029128074646,0.2876419723033905,-1.5573023557662964,0.8688716292381287
100,797,0.09227651357650757,-2.315328598022461,-2.728606939315796,3.2846262454986572
100,798,0.9537196159362793,-3.960336446762085,-1.8140747547149658,2.909430980682373
100,799,-2.7315456867218018,-1.421412706375122,-2.952538251876831,3.391389846801758
100,800,-2.62640643119812,2.263485908508301,-3.118206262588501,3.5288920402526855
100,801,-2.4521546363830566,-3.313474178314209,-2.093930721282959,3.50016450881958
100,802,-1.9597526788711548,-2.51169753074646,-4.204490661621094,2.603273391723633
100,803,0.7297861576080322,-4.3919243812561035,-1.5995612144470215,3.127244472503662
100,804,-1.0928887128829956,-3.12671160697937,-3.1488771438598633,2.911557674407959
100,805,-3.3315682411193848,-0.3356516361236572,-4.210867881774902,4.052422523498535
100,806,-2.051165819168091,1.8360272645950317,-2.5722482204437256,4.091606616973877
100,807,0.5428944826126099,-4.410250186920166,-2.051513910293579,3.023160934448242
100,808,1.4279189109802246,-5.019710063934326,2.2885189056396484,-7.244975566864014
100,809,-3.518233060836792,3.337550163269043,-3.6981520652770996,4.673105716705322
100,810,-2.4521546363830566,-3.313474178314209,-2.093930721282959,3.50016450881958
100,811,0.9715185165405273,-0.7946685552597046,-1.2657424211502075,3.4428229331970215
100,812,2.687818765640259,-4.713676929473877,3.224449872970581,-6.9194512367248535
100,813,0.5674526691436768,-1.1178234815597534,-1.2728279829025269,2.9647042751312256
100,814,-6.768210411071777,1.0161815881729126,-4.940481662750244,1.3058444261550903
100,815,-3.928407669067383,3.2209229469299316,-4.211586952209473,4.443289756774902
100,816,1.030165672302246,-1.8340502977371216,-1.4498722553253174,3.193598747253418
100,817,-2.294705867767334,-1.7428958415985107,-2.66206693649292,3.3080453872680664
100,818,-5.280381679534912,-0.006328677758574486,-4.364968299865723,1.8741708993911743
100,819,-3.510289430618286,-1.6538138389587402,-1.045717477798462,3.2555041313171387
100,820,-0.33179426193237305,-0.18025751411914825,-2.722128391265869,4.297513008117676
100,821,0.5982829332351685,-3.0455117225646973,-4.124586582183838,2.518599510192871
100,822,0.24160373210906982,-2.3128409385681152,-2.5500328540802,3.1694495677948
100,823,-0.024775385856628418,-4.453924655914307,-3.077389717102051,2.678527355194092
100,824,-3.0017716884613037,1.317574143409729,-2.367295980453491,3.6274685859680176
100,825,-0.7210854291915894,-1.5005300045013428,-2.3921573162078857,3.7708182334899902
100,826,0.6598938703536987,-2.2383713722229004,-1.5677180290222168,3.116943359375
100,827,-3.3626413345336914,4.361569404602051,-3.4183249473571777,5.190158367156982
100,828,-7.117933750152588,1.1597455739974976,-5.483250617980957,1.4304383993148804
100,829,-3.209451675415039,3.3851351737976074,-3.3823788166046143,4.563539028167725
100,830,1.4243096113204956,-3.5627269744873047,-1.4418587684631348,3.232388496398926
100,831,1.6443407535552979,-5.580845355987549,1.9480164051055908,-7.042280673980713
100,832,-0.9026836156845093,1.123977541923523,-2.333061933517456,3.950777053833008
100,833,-4.7819623947143555,0.9702417850494385,-4.900259017944336,2.5527377128601074
100,834,-0.7210854291915894,-1.5005300045013428,-2.3921573162078857,3.7708182334899902
100,835,-2.980205774307251,-1.7919633388519287,-1.4826411008834839,3.2280776500701904
100,836,-0.33630698919296265,-1.811009168624878,-2.549503803253174,3.6216788291931152
100,837,-0.25131216645240784,0.4558153748512268,-1.11225163936615,1.9120656251907349
100,838,-3.3755404949188232,0.36813047528266907,-3.477846622467041,3.7307536602020264
100,839,2.601482629776001,-8.26915168762207,-1.5450494289398193,3.8708930015563965
100,840,-5.605367660522461,0.8018397688865662,-4.661027431488037,2.159745454788208
100,841,-1.5347084999084473,-2.674973964691162,-3.7836620807647705,2.928285837173462
100,842,-4.4334235191345215,1.935208797454834,-4.798279762268066,3.7587249279022217
100,843,-2.242093801498413,-4.126074314117432,-2.7142558097839355,3.2899680137634277
100,844,-1.3805004358291626,-2.9715003967285156,-2.737565517425537,2.8111798763275146
100,845,0.30187052488327026,-5.057647228240967,-3.8505184650421143,2.228435516357422
100,846,0.5063776969909668,-3.1097216606140137,-1.8034002780914307,3.0995373725891113
100,847,1.4270503520965576,-4.661859512329102,2.001614809036255,-6.994302272796631
100,848,1.3923187255859375,-5.103017807006836,2.0855515003204346,-7.098707675933838
100,849,1.5182933807373047,-3.5618791580200195,2.3161234855651855,-7.568370819091797
100,850,1.5252141952514648,-4.355801582336426,-1.3598880767822266,3.240877628326416
100,851,-1.8415985107421875,-1.2987215518951416,-2.5683701038360596,3.392134428024292
100,852,-3.8373324871063232,-0.039474666118621826,-4.415297985076904,2.2931556701660156
100,853,-1.367628812789917,-0.6054797172546387,-2.8580985069274902,4.140791416168213
100,854,-4.095597267150879,3.733135223388672,-4.199622631072998,4.863247394561768
100,855,-3.4664671421051025,-1.5235918760299683,-2.8963429927825928,-0.08652999997138977
100,856,0.7883920669555664,-1.8668831586837769,-1.5630358457565308,3.060786247253418
100,857,0.5097438097000122,-4.594587802886963,-2.769209623336792,2.8685543537139893
100,858,1.2489073276519775,-3.077120304107666,-1.4694777727127075,3.265443801879883
100,859,2.777573585510254,-4.7053680419921875,3.127323865890503,-7.692493438720703
100,860,2.492150068283081,-3.7373948097229004,3.0147688388824463,-5.137805938720703
100,861,1.7077999114990234,-6.155025959014893,-1.477899432182312,3.191563129425049
100,862,-1.9141199588775635,-1.0683971643447876,-2.017918109893799,3.528682231903076
100,863,1.171991229057312,-0.9746796488761902,-0.7601070404052734,3.4912118911743164
100,864,1.3189098834991455,-3.562297821044922,2.5425209999084473,-8.051722526550293
100,865,3.2389581203460693,-4.907507419586182,3.803476572036743,-7.05977201461792
100,866,1.4495487213134766,-2.708871841430664,-1.3547420501708984,3.716761350631714
100,867,-1.3066749572753906,3.3707375526428223,-1.5854802131652832,3.6044936180114746
100,868,1.0563373565673828,-2.5668206214904785,-1.5154657363891602,2.8585989475250244
100,869,-0.6015641689300537,2.0753657817840576,-1.677933692932129,3.9064536094665527
100,870,1.0896327495574951,-2.57214093208313,-1.3775430917739868,3.0034008026123047
100,871,0.5029392242431641,-3.608427047729492,-3.2894434928894043,3.2753372192382812
100,872,-3.597654104232788,0.16933336853981018,-4.259331226348877,3.930299997329712
100,873,1.3773654699325562,-5.810538291931152,2.093503475189209,-7.1926774978637695
100,874,-1.4397614002227783,3.9334816932678223,-1.6932575702667236,4.409000873565674
100,875,-1.3819118738174438,2.1412456035614014,-2.1369078159332275,4.14502477645874
100,876,0.6238592863082886,-3.8555541038513184,-2.3191113471984863,2.942552089691162
100,877,-1.79762864112854,-3.1144661903381348,-2.075979471206665,2.9728479385375977
100,878,0.9770427942276001,-5.635448455810547,-3.336510181427002,3.000032424926758
100,879,-3.5547025203704834,1.289293885231018,-2.892580270767212,3.6954915523529053
100,880,1.0526835918426514,0.5370810627937317,-0.0012907981872558594,2.432382106781006
100,881,-3.401287317276001,3.2606215476989746,-3.67266583442688,4.8094868659973145
100,882,-3.905834913253784,0.6652653813362122,-3.2399468421936035,4.465483665466309
100,883,1.1932920217514038,-3.1051831245422363,-2.3706438541412354,3.2569668292999268
100,884,-0.07165323942899704,-1.4976661205291748,-2.30362868309021,3.6019883155822754
100,885,1.291736125946045,-5.576101303100586,-2.459984540939331,3.4613518714904785
100,886,-2.1608779430389404,2.335706949234009,-1.8476669788360596,3.536470890045166
100,887,1.2483997344970703,-3.447427749633789,-1.2137491703033447,2.8891634941101074
100,888,2.3172311782836914,-5.098248481750488,2.4734528064727783,-7.2849955558776855
100,889,1.3923187255859375,-5.103017807006836,2.0855515003204346,-7.098707675933838
100,890,0.8914916515350342,-2.2631382942199707,-1.7173447608947754,3.4285459518432617
100,891,0.7029188871383667,-0.938305675983429,-1.46296226978302,3.2772951126098633
100,892,-0.33179426193237305,-0.18025751411914825,-2.722128391265869,4.297513008117676
100,893,-0.6234464645385742,-2.397909641265869,-1.767828345298767,3.4262564182281494
100,894,1.9082239866256714,-0.7912325263023376,1.9684641361236572,-0.019625244662165642
100,895,1.6176502704620361,-4.665574073791504,2.24257230758667,-7.136934757232666
100,896,-4.162802696228027,0.761210560798645,-4.365838527679443,3.0828819274902344
100,897,-1.9364922046661377,-1.195971965789795,-3.254678249359131,3.1231448650360107
100,898,-3.1893396377563477,0.5006301999092102,-3.476555585861206,2.794827461242676
100,899,0.9303404092788696,0.43805012106895447,-0.9682081937789917,4.126209735870361
100,900,0.33221837878227234,-2.643861770629883,-3.016334295272827,3.265455961227417
100,901,-0.14499607682228088,0.08639557659626007,-2.3952395915985107,3.7943673133850098
100,902,1.1190980672836304,-2.8032784461975098,-1.4912757873535156,2.8535923957824707
100,903,0.9170613288879395,-3.0302233695983887,-3.087362051010132,3.656982898712158
100,904,-1.89985990524292,-3.943136692047119,-4.2710747718811035,0.9943899512290955
100,905,1.1236374378204346,-4.35621976852417,-1.5159541368484497,3.195875644683838
100,906,0.39163511991500854,-3.3582305908203125,-2.6278741359710693,3.074852466583252
100,907,2.2041800022125244,-4.226424694061279,2.7475149631500244,-7.200297832489014
100,908,-1.5154229402542114,2.5234923362731934,-1.975144624710083,3.566927433013916
100,909,-1.4046814441680908,-0.9448575377464294,-2.693448066711426,3.927107334136963
100,910,1.0138778686523438,-2.7393321990966797,-1.4842382669448853,3.3883230686187744
100,911,1.0119876861572266,-0.22382022440433502,-1.1528418064117432,3.4513463973999023
100,912,0.9679235219955444,-1.3561244010925293,-1.8274991512298584,3.7334489822387695
100,913,-0.9862288236618042,-3.8284387588500977,-2.1999473571777344,2.772505044937134
100,914,-3.8545594215393066,0.7241519689559937,-4.279848098754883,3.216567039489746
100,915,-1.297027349472046,1.3337806463241577,-2.878465414047241,4.658473491668701
100,916,-2.4912281036376953,0.15561093389987946,-2.3575353622436523,0.5364119410514832
100,917,-0.3592868447303772,-0.5855309963226318,-1.534285068511963,3.5717453956604004
100,918,1.3566663265228271,-1.805045247077942,-0.969699501991272,3.127464532852173
100,919,1.1212191581726074,-2.4517059326171875,-1.5098865032196045,2.8108863830566406
100,920,0.5174720287322998,-2.852797508239746,-2.0553548336029053,3.024412155151367
100,921,1.4277019500732422,-3.471935272216797,2.1191771030426025,-7.129695892333984
100,922,2.0357515811920166,-4.117008686065674,2.6084072589874268,-7.305541038513184
100,923,-2.0744378566741943,2.1950337886810303,-2.5318515300750732,3.4842987060546875
100,924,1.0469071865081787,-0.196378692984581,-1.267411470413208,3.57790470123291
100,925,-2.5186383724212646,0.10545466840267181,-1.7662336826324463,0.6874755620956421
100,926,-2.364565849304199,-0.4865981638431549,-2.7899930477142334,4.685574054718018
100,927,-4.1135358810424805,0.32644644379615784,-3.855896472930908,3.4620864391326904
100,928,-1.7669378519058228,-1.6520041227340698,-2.8968985080718994,3.7058494091033936
100,929,-1.8583287000656128,-1.550768494606018,-3.067321538925171,3.7868101596832275
100,930,-2.6071114540100098,-1.5128439664840698,-3.7113888263702393,2.5284152030944824
100,931,-3.1603500843048096,-0.18481701612472534,-3.9993155002593994,2.4126782417297363
100,932,-6.867218494415283,1.0782614946365356,-5.138214111328125,1.3565207719802856
100,933,-4.973606109619141,0.42735084891319275,-4.901230335235596,1.12433922290802
100,934,-5.245357513427734,0.3460494577884674,-4.232450485229492,3.0255086421966553
100,935,-2.961698055267334,0.44498032331466675,-1.971426010131836,3.590860366821289
100,936,0.3770148456096649,0.27832868695259094,-0.9047796726226807,3.3464648723602295
100,937,1.096749186515808,-1.3643184900283813,-1.1091803312301636,3.153259754180908
100,938,0.2522408068180084,0.784024178981781,-0.4380267560482025,1.8740531206130981
100,939,-0.06357699632644653,1.2389618158340454,-0.2604331374168396,1.6779342889785767
100,940,0.9974265098571777,2.2161056995391846,0.5017368793487549,2.403149127960205
100,941,1.0639945268630981,0.6145550608634949,-0.2680100202560425,3.172985553741455
100,942,-1.931822657585144,4.208098888397217,-2.1668291091918945,4.968945503234863
100,943,-4.126324653625488,3.049912214279175,-3.964682102203369,3.8318233489990234
100,944,-2.5114195346832275,0.6912127137184143,-2.844717264175415,1.0693206787109375
100,945,-2.4834091663360596,-2.3171772956848145,-2.2438137531280518,3.3010737895965576
100,946,-1.3883106708526611,-1.2163939476013184,-2.3588616847991943,4.2078423500061035
100,947,-0.06847131252288818,0.8563192486763,-0.6103249788284302,1.7022489309310913
100,948,-3.088944911956787,1.442062258720398,-3.358389377593994,4.1657562255859375
100,949,-2.68864107131958,-1.883423924446106,-1.814839482307434,2.966094493865967
100,950,-0.4468856751918793,-0.6168630719184875,-2.44765567779541,3.746027946472168
100,951,-1.8049640655517578,0.029742704704403877,-1.2592942714691162,1.1798568964004517
100,952,0.9369542598724365,-0.08241714537143707,-0.19969585537910461,2.5875048637390137
100,953,-4.37972354888916,1.29526686668396,-3.0209476947784424,4.329408168792725
100,954,0.6627715826034546,1.6412885189056396,0.25843891501426697,2.034358501434326
100,955,-0.17914611101150513,-0.6986964344978333,-1.7356922626495361,3.4194095134735107
100,956,-0.43086448311805725,1.4587953090667725,-0.48906466364860535,1.5381892919540405
100,957,0.5239255428314209,0.2197691947221756,-2.0646162033081055,4.012050628662109
100,958,1.1529983282089233,-0.4415619373321533,-0.6559220552444458,3.227266788482666
100,959,0.9920351505279541,1.1570793390274048,-0.2793883979320526,3.7182326316833496
100,960,0.16108348965644836,-3.5278396606445312,-1.9431949853897095,3.1040172576904297
100,961,-1.4930477142333984,2.3289575576782227,-2.2727954387664795,3.8635241985321045
100,962,-4.470294952392578,-1.1687476634979248,-1.2527081966400146,3.4225358963012695
100,963,1.4311245679855347,0.08234990388154984,-0.19178369641304016,2.935979127883911
100,964,-0.12308437377214432,-2.1250064373016357,-1.8817940950393677,3.418642044067383
100,965,-1.2869545221328735,-3.5584042072296143,-2.423460006713867,2.886925220489502
100,966,-0.5478029251098633,-0.05885842442512512,-0.9071788787841797,1.523154616355896
100,967,0.04340454936027527,-0.7094957232475281,-1.8901113271713257,2.9618217945098877
100,968,1.9513211250305176,-3.5125653743743896,-0.8587067127227783,3.1129636764526367
100,969,-2.715048313140869,2.1788272857666016,-3.2054789066314697,3.727351665496826
100,970,1.3203831911087036,-5.10957670211792,2.0519683361053467,-7.092892646789551
100,971,-0.9492079019546509,3.190855026245117,-1.418471097946167,3.939021348953247
100,972,1.0593293905258179,1.280096173286438,-0.29011788964271545,3.579378366470337
100,973,0.5150831937789917,-0.200470432639122,-0.6682769060134888,2.15555477142334
100,974,1.0155366659164429,-2.5480520725250244,-1.4559121131896973,3.093177318572998
100,975,0.25138840079307556,1.431325078010559,-0.2255304753780365,1.9381725788116455
100,976,0.03093115985393524,-2.944525718688965,-1.7336816787719727,3.4016354084014893
100,977,1.6411826610565186,-6.976184844970703,-2.5052359104156494,3.631334066390991
100,978,-3.169281244277954,0.7103999257087708,-3.170889377593994,3.9090046882629395
100,979,-0.8395531177520752,1.578896403312683,-2.9957711696624756,5.865175247192383
100,980,-2.837951421737671,3.8178701400756836,-3.274075984954834,5.384548664093018
100,981,-1.919429063796997,3.1849474906921387,-2.0443170070648193,3.9113895893096924
100,982,-1.005674123764038,-2.370699405670166,-2.2127327919006348,3.3854570388793945
100,983,0.8880178928375244,-2.736567735671997,-1.5293633937835693,2.962045192718506
100,984,-2.0240933895111084,-1.6007153987884521,-4.206915378570557,2.268497943878174
100,985,-1.8433090448379517,3.482271671295166,-2.1393043994903564,4.364134311676025
100,986,-2.974388360977173,-1.4466809034347534,-1.4570977687835693,3.450658082962036
100,987,0.6463345289230347,0.981238842010498,-0.849237322807312,3.4575936794281006
100,988,0.12215535342693329,0.5484407544136047,-0.9374377727508545,2.0557913780212402
100,989,1.118697166442871,0.174245223402977,-0.6109856367111206,3.292323589324951
100,990,-1.3320903778076172,-1.2234752178192139,-1.6821138858795166,3.485757827758789
100,991,-1.2013027667999268,1.1222913265228271,-2.4017391204833984,3.7156991958618164
100,992,-1.7312655448913574,5.324830532073975,-1.7918853759765625,5.6953606605529785
100,993,-2.364751100540161,2.6928420066833496,-2.753619909286499,3.666327714920044
100,994,0.8346651792526245,0.08665280044078827,-1.2797210216522217,3.763669967651367
100,995,-2.74963641166687,1.2272834777832031,-3.3732147216796875,3.754838705062866
100,996,-2.8670151233673096,0.6529996991157532,-4.161639213562012,2.8660459518432617
100,997,-1.9227464199066162,-4.0145955085754395,-1.8891313076019287,3.0704784393310547
100,998,-4.656880855560303,5.1106696128845215,-4.459273338317871,5.714697360992432
100,999,0.8719252347946167,-5.496747016906738,-3.3993117809295654,3.1076135635375977
100,1000,-2.69736385345459,3.0536465644836426,-3.1119630336761475,4.191282749176025
100,1001,1.0903334617614746,-2.843055248260498,-1.4635323286056519,3.1960482597351074
100,1002,0.037004753947257996,-3.2983763217926025,-1.6726480722427368,3.304196357727051
100,1003,0.2856837213039398,-0.30966559052467346,-1.2563705444335938,2.772886276245117
100,1004,0.7690441608428955,-0.8350818157196045,-1.3891854286193848,3.161372423171997
100,1005,-0.6316993236541748,-0.7094393968582153,-2.3068103790283203,3.7257847785949707
100,1006,-2.093029022216797,-0.012395216152071953,-2.08624529838562,0.9256429076194763
100,1007,-1.7900105714797974,1.6618680953979492,-2.6323182582855225,4.315826416015625
100,1008,-0.7629483938217163,1.810289740562439,-2.2803955078125,4.724182605743408
100,1009,-1.643052577972412,5.629725933074951,-1.660872220993042,5.884211540222168
100,1010,-2.7732956409454346,-0.37390145659446716,-2.6187806129455566,4.185756683349609
100,1011,-1.446733832359314,-2.046010971069336,-3.039501190185547,3.3310821056365967
100,1012,-1.7516196966171265,-2.891826629638672,-2.4165501594543457,3.3851544857025146
100,1013,-3.1891911029815674,4.988536357879639,-3.184037685394287,5.473779201507568
100,1014,-1.8547064065933228,-1.640087604522705,-3.518233060836792,3.337550163269043
100,1015,0.7159205675125122,-5.316681385040283,-3.3862545490264893,3.506640672683716
100,1016,-0.4412569999694824,-1.218835473060608,-1.8703501224517822,3.032144069671631
100,1017,-2.516117572784424,-3.800546646118164,-4.180147171020508,1.8484388589859009
100,1018,0.43640145659446716,-1.971616268157959,-1.8545619249343872,3.1524791717529297
100,1019,-3.0849380493164062,4.867224216461182,-2.914522171020508,5.24868631362915
100,1020,1.5149893760681152,0.372698575258255,0.20628580451011658,2.6452481746673584
100,1021,0.1757979691028595,2.162001371383667,0.16491132974624634,2.351212501525879
100,1022,1.1288025379180908,-0.43555763363838196,-0.7992223501205444,3.0155580043792725
100,1023,-1.7677470445632935,2.653355598449707,-1.6952695846557617,3.7052547931671143
100,1024,-3.233299493789673,0.28299811482429504,-4.660572528839111,2.332012414932251
100,1025,0.15484410524368286,-4.093381881713867,-2.2236404418945312,2.997140884399414
100,1026,-2.4831511974334717,1.365788221359253,-2.865718126296997,3.408201217651367
100,1027,0.22691908478736877,-4.3375139236450195,-2.8575847148895264,2.9210691452026367
100,1028,-3.708495616912842,4.4402384757995605,-3.7988028526306152,5.344009876251221
100,1029,-1.7631964683532715,-2.489182472229004,-2.490736246109009,2.895358085632324
100,1030,-1.645423173904419,2.203822612762451,-2.091562271118164,3.6038460731506348
100,1031,-0.44625166058540344,-4.861989974975586,-3.7511181831359863,2.553117275238037
100,1032,1.1278696060180664,0.011231871321797371,-0.835091233253479,3.3011505603790283
100,1033,-0.010563880205154419,-5.508533000946045,-3.104341506958008,-0.571916401386261
100,1034,1.2553800344467163,-2.340008020401001,-1.1744635105133057,3.0564730167388916
100,1035,1.1669732332229614,-5.839257717132568,1.9590609073638916,-7.090238094329834
100,1036,-0.9705581665039062,1.4585472345352173,-2.4386184215545654,4.090478420257568
100,1037,0.6321158409118652,1.9849282503128052,0.2328515350818634,1.932861566543579
100,1038,0.5483435392379761,1.1766581535339355,-0.36898738145828247,2.7379212379455566
100,1039,-4.371717929840088,0.7284353971481323,-4.52877140045166,3.1653037071228027
100,1040,-1.1447898149490356,-1.5606207847595215,-2.391315460205078,3.7623660564422607
100,1041,0.7819830179214478,0.24025095999240875,-1.3992592096328735,3.597878932952881
100,1042,-0.7210854291915894,-1.5005300045013428,-2.3921573162078857,3.7708182334899902
100,1043,-0.70103919506073,3.1082212924957275,-0.8806610107421875,3.4667210578918457
100,1044,1.9660556316375732,-4.540377140045166,2.269225835800171,-7.288511276245117
100,1045,2.3229563236236572,-7.512840747833252,-1.4300564527511597,3.183462142944336
100,1046,-1.0752674341201782,-3.986175060272217,-3.0598320960998535,2.824747085571289
100,1047,0.7820155620574951,-6.488635063171387,-2.7421631813049316,3.2977685928344727
100,1048,2.2461650371551514,-4.8369832038879395,2.391299247741699,-7.348672866821289
100,1049,2.1574721336364746,-7.363297462463379,2.3489348888397217,-7.4573750495910645
100,1050,2.3820154666900635,-7.288538455963135,2.7604117393493652,-7.477959156036377
100,1051,1.2386704683303833,-1.7340519428253174,-1.1659444570541382,3.2135260105133057
100,1052,-2.5229406356811523,2.037472724914551,-2.5488038063049316,3.8523879051208496
100,1053,0.6094107627868652,-1.4364244937896729,-1.4882664680480957,2.824380874633789
100,1054,1.5390421152114868,2.5704948902130127,1.4281671047210693,2.366619110107422
100,1055,1.6830315589904785,2.3654327392578125,1.5307691097259521,2.2675814628601074
100,1056,1.4097975492477417,1.5249650478363037,1.332874059677124,1.5735756158828735
100,1057,1.8624650239944458,1.5917149782180786,1.866114616394043,1.4518988132476807
100,1058,1.7169924974441528,0.38886260986328125,1.663903832435608,0.7342185974121094
100,1059,0.41836753487586975,0.6367880702018738,-0.5943005084991455,2.0937142372131348
100,1060,-2.7278106212615967,4.139013767242432,-2.9946882724761963,4.896663665771484
100,1061,-1.4746912717819214,2.1076853275299072,-2.2309868335723877,3.8991549015045166
100,1062,-1.2549610137939453,2.300825595855713,-1.2467150688171387,2.457770586013794
100,1063,0.8593436479568481,-2.4019949436187744,-2.0250017642974854,3.3901686668395996
100,1064,0.6868760585784912,-1.9429810047149658,-2.4295129776000977,3.292877674102783
100,1065,0.05987662076950073,-3.5088820457458496,-1.8079363107681274,3.1277823448181152
100,1066,-1.532341718673706,-3.0219311714172363,-3.4419727325439453,2.515256643295288
100,1067,0.8377053737640381,1.0402377843856812,0.3671690821647644,2.3950276374816895
100,1068,1.743033528327942,1.6055856943130493,1.6572586297988892,1.5725040435791016
100,1069,-5.515896320343018,-0.2811184227466583,-5.019331455230713,0.2754532992839813
100,1070,1.2167837619781494,1.0065014362335205,1.1664092540740967,2.2242016792297363
100,1071,1.6410043239593506,2.296872138977051,1.429509162902832,2.2407279014587402
100,1072,0.667410135269165,0.9448204636573792,-0.21420170366764069,2.293456554412842
100,1073,0.39881470799446106,-0.23095838725566864,-1.5678489208221436,2.8642635345458984
100,1074,0.2500799000263214,-2.423795223236084,-2.380779266357422,3.164029836654663
100,1075,-0.6588702201843262,-3.1414785385131836,-2.6825497150421143,2.928980827331543
100,1076,0.5667896270751953,-3.931976556777954,-2.505302667617798,3.366084098815918
100,1077,1.1022907495498657,-4.366499423980713,-1.6546599864959717,3.01560115814209
100,1078,-0.7843004465103149,-4.326035022735596,1.1458916664123535,-6.474002361297607
100,1079,-0.7651445865631104,-1.3530179262161255,-1.7962913513183594,3.1718215942382812
100,1080,-3.196878433227539,-0.4236409366130829,-2.934462070465088,3.1558332443237305
100,1081,0.1707480251789093,-0.9142463207244873,-1.1415306329727173,2.1170711517333984
100,1082,-0.9367820024490356,3.9080443382263184,-1.521317481994629,4.617377281188965
100,1083,-3.333528757095337,-1.951056718826294,-2.2307093143463135,3.207469940185547
100,1084,-3.8882675170898438,-1.3912792205810547,-1.3753808736801147,3.6917991638183594
100,1085,-1.3628218173980713,2.0758705139160156,-2.3138270378112793,3.9369451999664307
100,1086,0.8165417909622192,-1.4414036273956299,-1.3403754234313965,3.165832996368408
100,1087,1.7324659824371338,-1.8167644739151,-0.7836183309555054,2.9329559803009033
100,1088,1.083892822265625,-2.850320816040039,-3.131115436553955,3.1928200721740723
100,1089,0.03355696052312851,0.8613751530647278,-1.011083960533142,2.2378265857696533
100,1090,-2.7250916957855225,2.725895881652832,-2.4472100734710693,4.007673263549805
100,1091,-1.6013407707214355,1.205105185508728,-2.8227334022521973,4.678519248962402
100,1092,-1.331192135810852,1.7174324989318848,-2.4367966651916504,4.240481853485107
100,1093,2.271984338760376,-1.6479731798171997,0.3446115553379059,2.0021588802337646
100,1094,0.062320128083229065,3.065399646759033,-0.4136313796043396,3.445859432220459
100,1095,1.504054069519043,0.04090186953544617,-0.14942729473114014,2.8554868698120117
100,1096,-3.8537418842315674,-1.0418336391448975,-3.26169490814209,3.3624277114868164
100,1097,0.6585887670516968,-0.5363415479660034,-1.4266691207885742,3.497079372406006
100,1098,-1.5457165241241455,3.370321273803711,-1.947957158088684,3.971632242202759
100,1099,1.2367702722549438,0.5463384985923767,0.1855224370956421,2.42352032661438
100,1100,0.945228099822998,0.6701945662498474,-0.08900758624076843,2.3214962482452393
100,1101,1.8835675716400146,-1.6760962009429932,1.6431838274002075,-0.2065456360578537
100,1102,-1.4332749843597412,2.91984224319458,-1.9296212196350098,4.036997318267822
100,1103,-1.80745530128479,-1.6370413303375244,-3.4243483543395996,3.5758473873138428
100,1104,0.6852681636810303,0.7820947766304016,-0.6456102132797241,3.7627625465393066
100,1105,0.6441241502761841,1.6461578607559204,0.11957596242427826,2.0428500175476074
100,1106,-2.060225486755371,-2.0869691371917725,-2.2449357509613037,2.982168674468994
100,1107,-3.0590813159942627,3.0595951080322266,-3.218817710876465,4.103818893432617
100,1108,0.8606313467025757,-0.19884438812732697,-1.3630352020263672,3.7995729446411133
100,1109,2.4477035999298096,-3.3158135414123535,2.740018129348755,-3.516387462615967
100,1110,0.9125461578369141,-1.325646996498108,-1.3222459554672241,3.0700888633728027
100,1111,0.45680031180381775,-3.4497785568237305,-2.323965311050415,3.144742727279663
100,1112,1.1682298183441162,-3.793137788772583,-1.6524113416671753,3.1332645416259766
100,1113,0.30030712485313416,0.6138169169425964,-0.8354653120040894,2.4096031188964844
100,1114,1.7999075651168823,-2.675257444381714,1.8449194431304932,-1.7877328395843506
100,1115,1.6640985012054443,-4.171290874481201,-1.170823574066162,3.492143154144287
100,1116,1.9799854755401611,-1.6757506132125854,1.8909995555877686,-0.28832677006721497
100,1117,-1.9936745166778564,2.464667320251465,-2.2436797618865967,3.793123245239258
100,1118,-3.2325518131256104,3.4936792850494385,-3.58981990814209,4.899314880371094
100,1119,-0.2551226019859314,1.0224764347076416,-0.5897190570831299,1.4954156875610352
100,1120,0.754206657409668,-1.5183653831481934,2.164947271347046,-7.982264995574951
100,1121,1.0028867721557617,-3.4950876235961914,1.7522085905075073,-7.454406261444092
100,1122,-2.6905763149261475,2.0965332984924316,-2.107042074203491,3.7473669052124023
100,1123,-2.100024938583374,3.5776822566986084,-2.289424180984497,4.2496161460876465
100,1124,-1.910193681716919,3.314854621887207,-2.230172872543335,4.191400051116943
100,1125,-2.7357735633850098,4.91328239440918,-2.847299575805664,5.4178242683410645
100,1126,-2.752431631088257,2.673612594604492,-3.461061477661133,4.102068901062012
100,1127,-1.4655588865280151,-2.1198205947875977,-3.263658285140991,3.1198513507843018
100,1128,-2.383615732192993,2.026512384414673,-2.363307237625122,3.3907463550567627
100,1129,-3.180813789367676,4.904802322387695,-2.9858152866363525,5.12902307510376
100,1130,-3.036923885345459,2.5632717609405518,-3.8007562160491943,4.166254997253418
100,1131,-0.03947892785072327,-4.621614933013916,-4.218084335327148,2.5797483921051025
100,1132,-3.1990420818328857,0.9479305148124695,-3.8353683948516846,4.198389053344727
100,1133,-1.5763342380523682,0.9801037907600403,-2.657125473022461,4.6773858070373535
100,1134,-3.310497999191284,1.397166132926941,-2.920287847518921,3.5730276107788086
100,1135,-0.2946149706840515,-3.7289979457855225,-2.5759530067443848,3.028719186782837
100,1136,-1.3978519439697266,-2.922626256942749,-2.5526123046875,2.8319759368896484
100,1137,1.0463024377822876,-4.313104152679443,-2.096679449081421,2.779327392578125
100,1138,-3.177739143371582,3.7910187244415283,-3.393796682357788,4.496527671813965
100,1139,-2.536489248275757,-2.455857992172241,-2.949101686477661,1.2801368236541748
100,1140,-1.970654010772705,-2.4831957817077637,-1.999100685119629,3.080430030822754
100,1141,-2.9423396587371826,0.4026382267475128,-2.4445133209228516,3.3398001194000244
100,1142,-3.17692494392395,2.772092342376709,-3.297834634780884,4.130629062652588
100,1143,-1.2718473672866821,1.1907156705856323,-3.1465556621551514,5.0897345542907715
100,1144,-1.3228284120559692,-2.5835962295532227,-3.0695598125457764,3.17343807220459
100,1145,0.7031623125076294,-1.3051462173461914,-1.5186667442321777,3.3461780548095703
100,1146,-0.2515016198158264,-2.4218711853027344,-2.11228346824646,3.2841901779174805
100,1147,-0.8934247493743896,-2.2437875270843506,-2.626148223876953,3.4012484550476074
100,1148,-1.8572767972946167,4.1706223487854,-2.2154345512390137,4.762138843536377
100,1149,-2.0747814178466797,-2.1504640579223633,-2.0904977321624756,3.2535204887390137
100,1150,1.8248084783554077,-4.721908092498779,2.3110625743865967,-7.172704219818115
100,1151,-3.9114887714385986,4.868945121765137,-3.904731512069702,5.565375804901123
100,1152,-3.9715263843536377,2.1276142597198486,-3.836751699447632,3.9805283546447754
100,1153,0.4729599058628082,-1.4823133945465088,-2.249396562576294,3.352160930633545
100,1154,-1.7914766073226929,2.414912223815918,-1.8174948692321777,3.5987398624420166
100,1155,-3.0043563842773438,3.8351922035217285,-3.178696870803833,4.957768440246582
100,1156,-1.0047024488449097,3.3934388160705566,-1.4923840761184692,4.168412685394287
100,1157,-3.1940770149230957,4.2307257652282715,-3.2443578243255615,5.321492671966553
100,1158,-1.0636528730392456,1.0202910900115967,-3.09401273727417,5.017516613006592
100,1159,-2.5112955570220947,-1.6842204332351685,-2.0381076335906982,3.8150579929351807
100,1160,-0.33874985575675964,-2.4254209995269775,-2.7319729328155518,3.4361298084259033
100,1161,0.008372500538825989,0.8909918665885925,-1.4140267372131348,2.565439224243164
100,1162,-3.096311330795288,1.680603265762329,-3.0662107467651367,3.6693503856658936
100,1163,-2.925654172897339,1.578119158744812,-3.2376906871795654,3.5702452659606934
100,1164,0.7171156406402588,0.5016558766365051,-0.7408720254898071,3.4431982040405273
100,1165,-2.1478517055511475,2.3223490715026855,-2.740109443664551,3.5999720096588135
100,1166,-1.3245700597763062,-1.7722487449645996,-2.695746898651123,3.3109798431396484
100,1167,0.9217686653137207,-5.75913667678833,-2.611910343170166,2.9988086223602295
100,1168,-0.7087199687957764,-4.372416973114014,0.5988640785217285,-6.626248359680176
100,1169,-3.0477044582366943,2.9301466941833496,-3.1884474754333496,4.132992267608643
100,1170,-0.809544563293457,-2.049654483795166,-2.172471761703491,3.571436882019043
100,1171,-2.4499309062957764,0.9915925860404968,-3.2214787006378174,4.268631458282471
100,1172,-0.7210854291915894,-1.5005300045013428,-2.3921573162078857,3.7708182334899902
100,1173,-2.389190673828125,2.078042984008789,-2.5239789485931396,3.4713079929351807
100,1174,-2.5580596923828125,0.9571071863174438,-2.785454750061035,3.6352412700653076
100,1175,0.20605018734931946,-4.257314205169678,-2.637744426727295,2.9389660358428955
100,1176,-2.8541386127471924,-1.8694603443145752,-1.8774678707122803,3.2181200981140137
100,1177,-0.6292526721954346,0.10738162696361542,-0.9209754467010498,1.3551253080368042
100,1178,0.16108348965644836,-3.5278396606445312,-1.9431949853897095,3.1040172576904297
100,1179,-0.576088547706604,-0.7757349014282227,-2.3458411693573,3.4372787475585938
100,1180,0.8153437376022339,-4.39375638961792,-3.23297119140625,3.0351905822753906
100,1181,0.07852421700954437,-2.9329495429992676,-1.8825466632843018,3.2731454372406006
100,1182,0.9145551919937134,-2.550759792327881,-1.6565845012664795,3.1519086360931396
100,1183,-0.8032640218734741,-2.75711727142334,-1.5559966564178467,3.278022289276123
100,1184,-2.2053871154785156,2.3302648067474365,-2.9532344341278076,3.6152186393737793
100,1185,-1.084452509880066,1.1288360357284546,-3.1520111560821533,5.530785083770752
100,1186,-0.7850780487060547,1.2395074367523193,-2.822734832763672,4.380108833312988
100,1187,-0.37815675139427185,-1.328637719154358,-2.5612871646881104,3.9353771209716797
100,1188,0.7593662738800049,-5.17159366607666,1.3272814750671387,-7.042565822601318
100,1189,-1.3576284646987915,2.885939121246338,-1.460503101348877,3.548696279525757
100,1190,-0.33630698919296265,-1.811009168624878,-2.549503803253174,3.6216788291931152
100,1191,-1.5899178981781006,1.0355587005615234,-3.155601739883423,4.812252044677734
100,1192,-1.4818764925003052,1.2296172380447388,-3.2469518184661865,5.284623622894287
100,1193,-2.054262638092041,3.826935052871704,-2.6233861446380615,5.14547872543335
100,1194,-0.5718106031417847,2.6512908935546875,-0.9081265926361084,3.446841239929199
100,1195,-4.644042491912842,-0.8298231959342957,-3.424393653869629,5.473687648773193
100,1196,1.5636694431304932,1.1173819303512573,1.4982566833496094,2.3507301807403564
100,1197,1.357969045639038,-3.9678211212158203,-1.4030959606170654,2.9325664043426514
100,1198,0.8438018560409546,0.709878146648407,-0.08880308270454407,2.3070826530456543
100,1199,-0.3740321397781372,3.6228246688842773,-1.0889177322387695,4.29767370223999
100,1200,-0.08987125009298325,0.6640628576278687,-1.1758044958114624,2.0839176177978516
100,1201,-2.8025238513946533,1.7547776699066162,-3.1244916915893555,3.847567558288574
100,1202,0.11771604418754578,2.21730375289917,0.11665311455726624,2.294142007827759
100,1203,-3.6363039016723633,1.7217191457748413,-2.762094259262085,4.006616115570068
100,1204,0.7460699081420898,-2.728999614715576,-1.8837611675262451,2.8279523849487305
100,1205,-2.0074892044067383,1.8784035444259644,-2.5488574504852295,3.8845038414001465
100,1206,0.7965501546859741,-2.285996437072754,-2.657567262649536,3.096876621246338
100,1207,-0.34823915362358093,-0.8607951998710632,-2.6924774646759033,3.9505975246429443
100,1208,-1.8679180145263672,-3.167978286743164,-2.3423848152160645,3.1721913814544678
100,1209,-0.5784051418304443,0.3751125931739807,-0.8154729604721069,1.3510901927947998
100,1210,-1.939354419708252,-1.0706981420516968,-2.653567314147949,3.3114116191864014
100,1211,-0.7389540672302246,-1.4779130220413208,-2.789712429046631,3.8365979194641113
100,1212,-0.5006053447723389,1.9717594385147095,-1.9719024896621704,4.260430812835693
100,1213,-1.4593172073364258,1.256243109703064,-3.050114154815674,4.6639018058776855
100,1214,-3.454440116882324,3.9520206451416016,-3.6563949584960938,5.084519386291504
100,1215,-0.29405519366264343,0.9256020784378052,-0.6479402780532837,1.4372316598892212
100,1216,-0.7614908218383789,1.1492120027542114,-2.874316930770874,4.492130756378174
100,1217,0.3427582085132599,-2.7876739501953125,-2.0498154163360596,3.055467128753662
100,1218,-0.18136468529701233,-4.771134376525879,-3.176193952560425,2.591747522354126
100,1219,-0.39685875177383423,0.904270589351654,-0.6652510166168213,1.3807679414749146
100,1220,-0.7159804105758667,0.6362766623497009,-0.7925102710723877,1.2690318822860718
100,1221,-3.6131255626678467,4.132694721221924,-3.805741786956787,5.204154014587402
100,1222,-3.1087253093719482,-0.45166662335395813,-4.072737693786621,2.545769214630127
100,1223,-1.6053043603897095,2.6456873416900635,-2.0853452682495117,3.651139974594116
100,1224,-3.4991118907928467,2.4406020641326904,-3.84480357170105,3.822964668273926
100,1225,-3.3111178874969482,1.4816690683364868,-3.4138739109039307,3.253143310546875
100,1226,-2.659879684448242,3.1225409507751465,-2.925558567047119,4.052953720092773
100,1227,-2.3841724395751953,0.9404821395874023,-3.623086452484131,4.57224702835083
100,1228,-1.0968185663223267,1.8299840688705444,-1.157710313796997,2.2881827354431152
100,1229,0.03268442302942276,-0.6344757676124573,-1.7876566648483276,3.4150662422180176
100,1230,-0.0911855548620224,-0.5173601508140564,-1.5382306575775146,2.2933664321899414
100,1231,0.3936766982078552,-3.1061737537384033,-2.794321298599243,3.1087143421173096
100,1232,-1.8000901937484741,1.908707618713379,-2.337249517440796,4.001852512359619
