patch_id,category,amount,dist_before,dist_after,delta
2,Dining and Drinking,1,5.0180255984498485,5.105467732892213,0.08744213444236415
5,Dining and Drinking,1,3.2153929194574857,3.2593086986153783,0.043915779157892576
12,Dining and Drinking,1,2.4274717225890354,2.493203208483056,0.06573148589402056
21,Dining and Drinking,1,5.385291023395427,5.252791067818235,-0.13249995557719263
25,Dining and Drinking,1,3.1280683465504593,3.1437690875217505,0.01570074097129126
36,Dining and Drinking,1,2.0050709603263517,2.0723745850689586,0.06730362474260687
37,Dining and Drinking,1,2.215943257811017,2.2424238633146114,0.026480605503594212
49,Dining and Drinking,1,3.485027824405078,3.6279387715676945,0.14291094716261643
53,Dining and Drinking,1,2.599107436156495,2.5405807549689943,-0.058526681187500706
56,Dining and Drinking,1,2.0459128925750565,2.1174204660063145,0.07150757343125802
64,Dining and Drinking,1,6.203475238789368,6.2021469182092,-0.0013283205801677411
67,Dining and Drinking,1,2.8641318796050084,2.8649392533024276,0.0008073736974192336
69,Dining and Drinking,1,3.9516225699459415,3.9143409882213773,-0.037281581724564195
72,Dining and Drinking,1,2.40056597717942,2.4208357966913554,0.020269819511935516
74,Dining and Drinking,1,3.970697470071218,4.0472447046839175,0.07654723461269963
77,Dining and Drinking,1,2.501584888583907,2.5294153623773408,0.02783047379343362
84,Dining and Drinking,1,2.111536191233065,2.137895304597973,0.026359113364907927
90,Dining and Drinking,1,3.212137939364232,3.0025218891726437,-0.20961605019158824
97,Dining and Drinking,1,3.107970832812782,3.143996504439345,0.03602567162656278
98,Dining and Drinking,1,3.088896095021928,3.1066139678666405,0.017717872844712268
99,Dining and Drinking,1,3.1507007454579243,3.1806134959377763,0.02991275047985198
109,Dining and Drinking,1,4.796165636718552,4.773007673992424,-0.02315796272612758
111,Dining and Drinking,1,4.673310323769867,4.665316587074922,-0.007993736694944964
117,Dining and Drinking,1,1.6147446776124956,1.5976314844512611,-0.017113193161234497
118,Dining and Drinking,1,1.3996616197236582,1.4186224628734854,0.018960843149827156
120,Dining and Drinking,1,1.590205309105996,1.6141402363629385,0.023934927256942462
124,Dining and Drinking,1,2.439396686929916,2.464950792960802,0.025554106030885926
126,Dining and Drinking,1,5.35741997426128,5.343073999227874,-0.014345975033405622
130,Dining and Drinking,1,3.5832607373307552,3.439793810824534,-0.14346692650622117
144,Dining and Drinking,1,3.098325164556581,3.1325355465079365,0.03421038195135573
149,Dining and Drinking,1,2.7504630486960027,2.792311841942997,0.0418487932469942
150,Dining and Drinking,1,3.5674270870402465,3.6163446757961055,0.048917588755859054
160,Dining and Drinking,1,2.088884998802002,2.061981864469467,-0.026903134332535217
164,Dining and Drinking,1,2.0878247182267944,2.0974731297138334,0.009648411487038988
166,Dining and Drinking,1,3.0742581569146648,3.137634665771256,0.06337650885659141
173,Dining and Drinking,1,2.0344320176064943,2.108182756699576,0.07375073909308183
186,Dining and Drinking,1,1.9988973020270724,1.9982358621564555,-0.0006614398706168423
189,Dining and Drinking,1,3.8619416760250846,3.831017342271049,-0.030924333754035693
199,Dining and Drinking,1,5.524269618738086,5.465269752582566,-0.058999866155519776
206,Dining and Drinking,1,3.697296737699345,3.7003306284884383,0.003033890789093441
208,Dining and Drinking,1,4.879290051527073,4.886886155491891,0.00759610396481758
209,Dining and Drinking,1,2.9565640782505636,2.957662199052555,0.0010981208019913424
212,Dining and Drinking,1,2.351523873589208,2.39918977180013,0.04766589821092193
213,Dining and Drinking,1,2.721461481896759,2.713320520056622,-0.008140961840136907
220,Dining and Drinking,1,3.487603082213645,2.9123806775036645,-0.5752224047099803
223,Dining and Drinking,1,5.632521059295711,5.564516637729259,-0.06800442156645214
234,Dining and Drinking,1,5.566811573251901,5.461885544246066,-0.10492602900583492
237,Dining and Drinking,1,4.383398643403752,4.287717889960555,-0.09568075344319737
244,Dining and Drinking,1,2.9379274409627705,2.938531518770599,0.0006040778078286735
245,Dining and Drinking,1,2.906648172124192,2.8332373217319513,-0.0734108503922406
251,Dining and Drinking,1,4.835703038568363,4.503904982114403,-0.33179805645396065
253,Dining and Drinking,1,3.8918869499646886,3.8373012729380207,-0.054585677026667945
258,Dining and Drinking,1,4.301796579858591,4.24542745293888,-0.0563691269197113
264,Dining and Drinking,1,2.3521817884020426,2.27506837045618,-0.07711341794586257
268,Dining and Drinking,1,3.7771063112819245,3.7752285164272688,-0.0018777948546557788
269,Dining and Drinking,1,2.869453662718338,2.839624104765465,-0.02982955795287312
270,Dining and Drinking,1,2.9720654372259165,2.9727883245592484,0.000722887333331812
273,Dining and Drinking,1,2.9343252052754503,2.9363269930804634,0.0020017878050131444
274,Dining and Drinking,1,3.403555306517492,3.417826098771612,0.014270792254119868
280,Dining and Drinking,1,4.498978333738492,4.43128509193479,-0.06769324180370173
283,Dining and Drinking,1,2.290765385874406,2.240457294718573,-0.050308091155833345
292,Dining and Drinking,1,6.323155688732795,6.247411524726088,-0.07574416400670714
325,Dining and Drinking,1,2.135362579460219,2.119584613494352,-0.015777965965867224
329,Dining and Drinking,1,3.3181610273586135,3.330564698153677,0.012403670795063437
330,Dining and Drinking,1,3.5703316667367035,3.5842261001583515,0.013894433421647978
335,Dining and Drinking,1,2.867945394751377,2.9158271534861853,0.047881758734808155
337,Dining and Drinking,1,3.84728819253424,3.857786403926228,0.010498211391988033
340,Dining and Drinking,1,2.9515527399128088,2.9774879879572564,0.02593524804444769
345,Dining and Drinking,1,2.3248748809041926,2.379524581350948,0.05464970044675521
356,Dining and Drinking,1,3.0371616881716648,3.0715878232455873,0.03442613507392256
360,Dining and Drinking,1,2.8363416516081266,2.8502366430992527,0.013894991491126163
363,Dining and Drinking,1,2.656818357553643,2.6749246006048795,0.018106243051236426
364,Dining and Drinking,1,2.709856789455338,2.7430381912482065,0.03318140179286866
366,Dining and Drinking,1,3.8140470239807263,3.7373509169366894,-0.07669610704403684
369,Dining and Drinking,1,3.2898504859061877,3.2937245787664944,0.0038740928603067104
373,Dining and Drinking,1,3.839532471123416,3.8678086293316194,0.028276158208203395
382,Dining and Drinking,1,2.9805602834740013,3.060126139835867,0.07956585636186553
396,Dining and Drinking,1,4.301465797462567,4.335000257049862,0.03353445958729484
400,Dining and Drinking,1,2.7759834714594076,2.7456759141645453,-0.03030755729486234
420,Dining and Drinking,1,2.624444344577647,2.711673978751252,0.08722963417360496
425,Dining and Drinking,1,2.2740720826484857,2.2826908865354274,0.008618803886941695
427,Dining and Drinking,1,2.8423200530566115,2.8756393658911605,0.03331931283454903
428,Dining and Drinking,1,3.6030399220753715,3.665184056889908,0.0621441348145364
432,Dining and Drinking,1,2.4874982706479796,2.446069806904564,-0.04142846374341547
433,Dining and Drinking,1,1.7128859810222974,1.694447824639623,-0.01843815638267432
445,Dining and Drinking,1,3.3309212733023164,3.5021818810415053,0.17126060773918894
446,Dining and Drinking,1,2.8425952311255474,2.9019426907502237,0.05934745962467636
450,Dining and Drinking,1,3.066624673441465,3.0636094513902403,-0.0030152220512245087
462,Dining and Drinking,1,2.472908853492441,2.508166126828837,0.035257273336395833
464,Dining and Drinking,1,3.4412605341892712,3.380989263890898,-0.0602712702983732
468,Dining and Drinking,1,3.738290623044069,3.7391349622560153,0.0008443392119463766
471,Dining and Drinking,1,7.994318521050442,7.779632025040804,-0.2146864960096373
477,Dining and Drinking,1,2.1321118154511636,2.1081251179606615,-0.023986697490502085
479,Dining and Drinking,1,2.138775204135044,2.1427270747995726,0.003951870664528734
480,Dining and Drinking,1,2.483960893391843,2.520863211534061,0.036902318142217894
482,Dining and Drinking,1,3.8839113941725136,3.798276588829002,-0.08563480534351164
493,Dining and Drinking,1,1.9135199443045816,1.9147158366562558,0.001195892351674166
497,Dining and Drinking,1,4.758933337903189,4.737964953933586,-0.020968383969602655
505,Dining and Drinking,1,1.9597212830787845,1.903678333225527,-0.05604294985325753
506,Dining and Drinking,1,1.9378622979046658,1.9498447841830697,0.011982486278403925
513,Dining and Drinking,1,2.096810722918748,2.0737665872800353,-0.02304413563871277
514,Dining and Drinking,1,3.825709698657322,3.6678247471163012,-0.15788495154102078
519,Dining and Drinking,1,3.971603924318419,4.092479708053712,0.12087578373529251
523,Dining and Drinking,1,3.626152898246049,3.643536185760727,0.017383287514677992
529,Dining and Drinking,1,4.652439896306456,4.71625413033881,0.0638142340323542
550,Dining and Drinking,1,3.7059847330162654,3.741536264948502,0.03555153193223681
555,Dining and Drinking,1,2.6217046668303423,2.579360053709708,-0.0423446131206342
558,Dining and Drinking,1,2.9583082063989723,3.010973206164681,0.05266499976570849
560,Dining and Drinking,1,2.7162622881371803,2.626372128485219,-0.08989015965196145
586,Dining and Drinking,1,5.444664434435385,5.364616939179937,-0.08004749525544774
589,Dining and Drinking,1,2.9744816172331308,2.9196842777253993,-0.05479733950773147
591,Dining and Drinking,1,3.3540744836099723,3.3099921974677535,-0.04408228614221876
595,Dining and Drinking,1,3.042495064834708,3.0450317473269326,0.0025366824922246067
596,Dining and Drinking,1,2.813796076950275,2.8715295589893906,0.05773348203911555
600,Dining and Drinking,1,3.206523090577657,3.2205219071255633,0.013998816547906134
601,Dining and Drinking,1,5.154355486913724,5.297727034326076,0.14337154741235203
605,Dining and Drinking,1,1.9434776934050324,1.954730881922322,0.011253188517289514
609,Dining and Drinking,1,3.462859047724711,3.467401221883808,0.004542174159096746
611,Dining and Drinking,1,4.025413481281198,4.053365439117744,0.027951957836545915
614,Dining and Drinking,1,5.663353643170614,5.62334522494713,-0.040008418223484554
615,Dining and Drinking,1,4.2508711658696265,4.477472757420413,0.22660159155078663
625,Dining and Drinking,1,2.624730376747647,2.616270981509768,-0.008459395237879086
629,Dining and Drinking,1,6.122158509422249,5.718680529476386,-0.40347797994586276
633,Dining and Drinking,1,2.9008472259760376,2.916608194559677,0.01576096858363929
634,Dining and Drinking,1,3.6636292583079495,3.5398670957626894,-0.12376216254526007
635,Dining and Drinking,1,3.649299523714368,3.8074813720248595,0.15818184831049154
642,Dining and Drinking,1,3.6614809412846983,3.669455823813953,0.007974882529254934
643,Dining and Drinking,1,5.909901744256123,5.9225008040815075,0.012599059825384451
648,Dining and Drinking,1,4.748330862863369,4.742959536248513,-0.005371326614856287
649,Dining and Drinking,1,2.361972797956094,2.2795655892252897,-0.0824072087308041
657,Dining and Drinking,1,6.690373439774637,6.612229319075302,-0.07814412069933496
658,Dining and Drinking,1,3.708262251349306,3.7381739967720016,0.02991174542269537
661,Dining and Drinking,1,6.115272129003343,6.054156607443614,-0.06111552155972877
674,Dining and Drinking,1,5.486006225531229,5.441273569249821,-0.04473265628140766
676,Dining and Drinking,1,2.9409024928510954,2.8937534271388863,-0.047149065712209115
683,Dining and Drinking,1,5.865674135437478,5.886821394567253,0.021147259129774554
691,Dining and Drinking,1,3.626000900159993,3.4409657480036477,-0.18503515215634536
694,Dining and Drinking,1,2.4387398092390753,2.5054897251668473,0.06674991592777202
707,Dining and Drinking,1,4.087897825560027,4.022957780064047,-0.06494004549598031
717,Dining and Drinking,1,3.260194381431597,3.49271587243508,0.2325214910034834
720,Dining and Drinking,1,4.005087994064668,3.9323503927336807,-0.07273760133098772
722,Dining and Drinking,1,3.872842888232637,3.937616259872911,0.06477337164027386
726,Dining and Drinking,1,5.539654485278018,5.573511646185387,0.033857160907368566
729,Dining and Drinking,1,3.335645371438578,3.2770306510444493,-0.05861472039412874
733,Dining and Drinking,1,2.8897343522980083,2.847990998030533,-0.04174335426747522
734,Dining and Drinking,1,2.7181002879118203,2.7514204224745407,0.033320134562720316
737,Dining and Drinking,1,3.341749780135995,3.1893099811844774,-0.1524397989515176
740,Dining and Drinking,1,2.398000523312777,2.385223300883467,-0.012777222429309898
744,Dining and Drinking,1,1.9765553315550304,1.9726205583299061,-0.003934773225124255
755,Dining and Drinking,1,2.149471489843575,2.1261414642280174,-0.023330025615557748
765,Dining and Drinking,1,5.654373712912973,5.640650246411216,-0.013723466501756931
769,Dining and Drinking,1,7.965756238974709,7.8054263880852135,-0.1603298508894957
773,Dining and Drinking,1,3.877572899460649,3.8819562774012417,0.0043833779405928475
778,Dining and Drinking,1,2.832827418357515,2.8354893117079696,0.002661893350454747
779,Dining and Drinking,1,4.01227971074826,4.051287503111425,0.039007792363165095
784,Dining and Drinking,1,3.091402978225277,3.1346546282511896,0.04325165002591236
791,Dining and Drinking,1,3.223529175304731,3.177859241688691,-0.04566993361603977
798,Dining and Drinking,1,2.963110643767915,2.987115562844597,0.024004919076682008
799,Dining and Drinking,1,5.054763462651228,4.0047138984142086,-1.0500495642370193
801,Dining and Drinking,1,4.072340467175893,3.926069210835493,-0.14627125634040006
804,Dining and Drinking,1,3.014945570918149,3.000780019756556,-0.014165551161593015
805,Dining and Drinking,1,2.7552427401345403,2.7281968302561266,-0.02704590987841371
816,Dining and Drinking,1,3.950895259567149,3.9747632706168607,0.02386801104971159
819,Dining and Drinking,1,3.0638545882457535,3.062143664393044,-0.001710923852709545
830,Dining and Drinking,1,4.1972044825871,4.261861525960842,0.06465704337374145
832,Dining and Drinking,1,4.0901739715199685,4.14227171541422,0.05209774389425181
837,Dining and Drinking,1,3.7555433249515646,3.870456323490133,0.11491299853856818
843,Dining and Drinking,1,4.054677333392288,3.9649534868292413,-0.08972384656304655
848,Dining and Drinking,1,1.241742672853042,1.1917008107113638,-0.05004186214167827
859,Dining and Drinking,1,2.1497189793141036,2.1659796557835542,0.01626067646945062
861,Dining and Drinking,1,2.851434453465016,2.854054631828208,0.0026201783631920605
864,Dining and Drinking,1,2.8187807182220896,2.819629818172099,0.0008490999500092578
866,Dining and Drinking,1,3.7980491396047533,3.7777652551118504,-0.02028388449290297
875,Dining and Drinking,1,5.747832165415646,5.745506661036286,-0.00232550437936041
878,Dining and Drinking,1,1.7971099206353847,1.7935213331643962,-0.003588587470988447
879,Dining and Drinking,1,4.857614403466086,4.7230769397156775,-0.13453746375040865
887,Dining and Drinking,1,3.128671141137878,3.1871038331511796,0.05843269201330159
903,Dining and Drinking,1,3.1567756552834756,2.8099922237970807,-0.3467834314863949
907,Dining and Drinking,1,4.135919825128922,4.154558990364248,0.01863916523532616
909,Dining and Drinking,1,3.328537972241618,3.032728101977347,-0.2958098702642711
912,Dining and Drinking,1,3.514357830230157,3.5149809348974768,0.0006231046673197405
915,Dining and Drinking,1,3.7324313718977957,3.741802946531343,0.009371574633547208
920,Dining and Drinking,1,2.687158341941337,2.718068854238083,0.030910512296745907
927,Dining and Drinking,1,2.751681505666836,2.7200772604767773,-0.031604245190058666
929,Dining and Drinking,1,2.898882952455717,2.8558699676475423,-0.043012984808174615
930,Dining and Drinking,1,2.761528861829024,2.7519254093160335,-0.00960345251299044
935,Dining and Drinking,1,3.383331833072506,3.416727950186019,0.03339611711351287
938,Dining and Drinking,1,2.244249956594005,2.2629335054792667,0.018683548885261914
941,Dining and Drinking,1,3.153310285339737,3.1575426022217714,0.004232316882034404
944,Dining and Drinking,1,2.6043056251421683,2.631253603355086,0.02694797821291761
947,Dining and Drinking,1,2.5999390736247268,2.6344114805684065,0.0344724069436797
957,Dining and Drinking,1,2.48842451789607,2.31672785910206,-0.1716966587940103
963,Dining and Drinking,1,3.1180736219761815,3.1345084130116687,0.016434791035487173
978,Dining and Drinking,1,2.4687904630420023,2.4917996981575836,0.023009235115581284
979,Dining and Drinking,1,1.8390986730928591,1.810001080043503,-0.02909759304935622
980,Dining and Drinking,1,3.260277090672285,3.258752164919716,-0.0015249257525691284
981,Dining and Drinking,1,2.4049802204849984,2.4595505833091096,0.05457036282411121
986,Dining and Drinking,1,3.4978808715210405,3.5813299683755164,0.08344909685447588
989,Dining and Drinking,1,2.3225835849295247,2.331438318872892,0.008854733943367332
997,Dining and Drinking,1,4.240774528182572,4.147734903111861,-0.09303962507071173
1000,Dining and Drinking,1,4.902552424745623,4.8140789959590045,-0.08847342878661824
1011,Dining and Drinking,1,2.979110139663664,2.876868248380994,-0.10224189128267014
1013,Dining and Drinking,1,2.0876506073045156,2.0239162130425243,-0.06373439426199123
1016,Dining and Drinking,1,2.110186791424348,2.133203090254084,0.023016298829736215
1018,Dining and Drinking,1,4.431324649489095,4.441820652976327,0.010496003487231675
1024,Dining and Drinking,1,2.873830729064091,2.78760273375104,-0.08622799531305114
1027,Dining and Drinking,1,4.601372594073455,4.5093447121566275,-0.09202788191682743
1033,Dining and Drinking,1,2.333201323745514,2.2422571447490625,-0.09094417899645135
1037,Dining and Drinking,1,2.5602124287627666,2.5605544439908776,0.0003420152281110589
1041,Dining and Drinking,1,2.492820010485513,2.446004572686589,-0.04681543779892383
1042,Dining and Drinking,1,3.178119577664945,3.1641846262723163,-0.01393495139262857
1061,Dining and Drinking,1,3.241936334696209,3.312886365756367,0.07095003106015829
1065,Dining and Drinking,1,2.479475708168281,2.5109323932295693,0.031456685061288514
1067,Dining and Drinking,1,3.378637851279758,3.381359389921031,0.0027215386412726694
1079,Dining and Drinking,1,1.8520821147072348,1.9025435688273378,0.050461454120102944
1087,Dining and Drinking,1,3.425341013395143,3.4515098744884747,0.026168861093331497
1092,Dining and Drinking,1,4.146084484677459,4.234649066649332,0.08856458197187322
1094,Dining and Drinking,1,4.423250413555068,4.405140347605849,-0.0181100659492186
1108,Dining and Drinking,1,2.888649793428822,2.9331679015526344,0.04451810812381218
1114,Dining and Drinking,1,1.8902972215485807,1.9426570334273803,0.05235981187879957
1117,Dining and Drinking,1,2.9071303305480356,2.864521652066603,-0.04260867848143279
1118,Dining and Drinking,1,2.4544878344661027,2.355800399109888,-0.0986874353562146
1120,Dining and Drinking,1,3.0612122097587893,3.033586507400545,-0.027625702358244464
1124,Dining and Drinking,1,2.4527769601164646,2.483718952403559,0.0309419922870946
1126,Dining and Drinking,1,4.577611972526568,4.33779886623906,-0.23981310628750752
1134,Dining and Drinking,1,3.7583911575623294,3.676553594793037,-0.08183756276929266
1136,Dining and Drinking,1,1.7866849748890008,1.756655549357588,-0.030029425531412857
1138,Dining and Drinking,1,4.680866836335059,4.5326800283839495,-0.1481868079511095
1146,Dining and Drinking,1,3.0061343668022387,3.0992646032842552,0.09313023648201657
1150,Dining and Drinking,1,5.1168379856569715,5.164514008307344,0.047676022650372296
1159,Dining and Drinking,1,2.585435546367386,2.6223434812253057,0.036907934857919766
1161,Dining and Drinking,1,2.8518771942997097,2.78086640231213,-0.07101079198757976
1164,Dining and Drinking,1,3.327986078945414,3.3716268809145795,0.043640801969165643
1169,Dining and Drinking,1,7.107111314100368,7.106026566403274,-0.0010847476970941017
1184,Dining and Drinking,1,3.0391189616617327,3.1503257208184836,0.11120675915675093
1185,Dining and Drinking,1,4.879059520528977,5.020149760217948,0.14109023968897105
1186,Dining and Drinking,1,2.807697970164683,2.366978349223566,-0.44071962094111683
1187,Dining and Drinking,1,2.455523630060305,2.086702019035765,-0.36882161102454036
1192,Dining and Drinking,1,4.064638991808154,4.104681938436391,0.04004294662823682
1197,Dining and Drinking,1,5.681437990943717,5.892325573520179,0.21088758257646223
1208,Dining and Drinking,1,3.941800344760172,3.100879004414593,-0.8409213403455791
1214,Dining and Drinking,1,5.899445556064144,5.777235392250724,-0.12221016381342054
1218,Dining and Drinking,1,7.277110125889763,7.168556052121149,-0.10855407376861415
1221,Dining and Drinking,1,4.5127957830758785,4.370532777803652,-0.1422630052722269
1224,Dining and Drinking,1,4.357493441619454,4.285670874736891,-0.07182256688256317
1228,Dining and Drinking,1,3.3879150421168367,3.467425671229385,0.07951062911254825
1232,Dining and Drinking,1,3.177009512766916,3.211581381883017,0.034571869116100995
2,Dining and Drinking,2,5.0180255984498485,5.184917934219278,0.16689233576942986
5,Dining and Drinking,2,3.2153929194574857,3.3056766996035414,0.09028378014605565
12,Dining and Drinking,2,2.4274717225890354,2.5736482271856764,0.146176504596641
21,Dining and Drinking,2,5.385291023395427,5.127306456196903,-0.25798456719852414
25,Dining and Drinking,2,3.1280683465504593,3.1607787503050346,0.032710403754575346
36,Dining and Drinking,2,2.0050709603263517,2.131247184213379,0.1261762238870272
37,Dining and Drinking,2,2.215943257811017,2.259657229102718,0.04371397129170074
49,Dining and Drinking,2,3.485027824405078,3.748179848496174,0.26315202409109606
53,Dining and Drinking,2,2.599107436156495,2.496601886017287,-0.10250555013920781
56,Dining and Drinking,2,2.0459128925750565,2.168280923978101,0.12236803140304442
64,Dining and Drinking,2,6.203475238789368,6.215478706068197,0.01200346727882895
67,Dining and Drinking,2,2.8641318796050084,2.865321912611541,0.0011900330065324205
69,Dining and Drinking,2,3.9516225699459415,3.9256812005554633,-0.025941369390478197
72,Dining and Drinking,2,2.40056597717942,2.4430376009229677,0.04247162374354785
74,Dining and Drinking,2,3.970697470071218,4.119336873127655,0.1486394030564373
77,Dining and Drinking,2,2.501584888583907,2.559301509159045,0.057716620575138045
84,Dining and Drinking,2,2.111536191233065,2.1664478616587166,0.05491167042565159
90,Dining and Drinking,2,3.212137939364232,2.859823979459253,-0.35231395990497916
97,Dining and Drinking,2,3.107970832812782,3.1812892932209698,0.07331846040818757
98,Dining and Drinking,2,3.088896095021928,3.1244446516586457,0.03554855663671752
99,Dining and Drinking,2,3.1507007454579243,3.2008790443669497,0.050178298909025365
109,Dining and Drinking,2,4.796165636718552,4.7517678493263755,-0.04439778739217637
111,Dining and Drinking,2,4.673310323769867,4.660174767504429,-0.013135556265437387
117,Dining and Drinking,2,1.6147446776124956,1.569567240676918,-0.04517743693557752
118,Dining and Drinking,2,1.3996616197236582,1.4402819338687542,0.04062031414509604
120,Dining and Drinking,2,1.590205309105996,1.6463773400553332,0.056172030949337204
124,Dining and Drinking,2,2.439396686929916,2.581690894846466,0.1422942079165499
126,Dining and Drinking,2,5.35741997426128,5.33207827700402,-0.025341697257259987
130,Dining and Drinking,2,3.5832607373307552,3.3770182196951253,-0.20624251763562995
144,Dining and Drinking,2,3.098325164556581,3.149839112933174,0.05151394837659318
149,Dining and Drinking,2,2.7504630486960027,2.864487992262979,0.11402494356697623
150,Dining and Drinking,2,3.5674270870402465,3.6735580212878096,0.10613093424756315
160,Dining and Drinking,2,2.088884998802002,2.058065220380519,-0.03081977842148298
164,Dining and Drinking,2,2.0878247182267944,2.107465490215102,0.019640771988307826
166,Dining and Drinking,2,3.0742581569146648,3.194877447816035,0.12061929090137014
173,Dining and Drinking,2,2.0344320176064943,2.1851434104923375,0.15071139288584323
186,Dining and Drinking,2,1.9988973020270724,2.0000760525479793,0.0011787505209068794
189,Dining and Drinking,2,3.8619416760250846,3.8028731740056605,-0.05906850201942415
199,Dining and Drinking,2,5.524269618738086,5.475643875088446,-0.04862574364964001
206,Dining and Drinking,2,3.697296737699345,3.7061913102458726,0.008894572546527701
208,Dining and Drinking,2,4.879290051527073,4.894697455898606,0.01540740437153243
209,Dining and Drinking,2,2.9565640782505636,2.964310228534803,0.007746150284239306
212,Dining and Drinking,2,2.351523873589208,2.4523162400836753,0.10079236649446743
213,Dining and Drinking,2,2.721461481896759,2.7135279266927923,-0.007933555203966769
220,Dining and Drinking,2,3.487603082213645,3.6914896750716784,0.20388659285803357
223,Dining and Drinking,2,5.632521059295711,5.512786866111282,-0.11973419318442868
234,Dining and Drinking,2,5.566811573251901,4.0578229038109,-1.5089886694410009
237,Dining and Drinking,2,4.383398643403752,4.210478669525607,-0.1729199738781455
244,Dining and Drinking,2,2.9379274409627705,2.9561261974143034,0.018198756451532905
245,Dining and Drinking,2,2.906648172124192,2.796822345842677,-0.10982582628151505
251,Dining and Drinking,2,4.835703038568363,4.134406051549208,-0.7012969870191554
253,Dining and Drinking,2,3.8918869499646886,3.7868138129147972,-0.10507313704989141
258,Dining and Drinking,2,4.301796579858591,4.301614994541342,-0.00018158531724843385
264,Dining and Drinking,2,2.3521817884020426,2.231705975413702,-0.12047581298834054
268,Dining and Drinking,2,3.7771063112819245,3.7796288418273143,0.002522530545389756
269,Dining and Drinking,2,2.869453662718338,2.8157085009401235,-0.053745161778214534
270,Dining and Drinking,2,2.9720654372259165,2.9756118744916944,0.0035464372657778576
273,Dining and Drinking,2,2.9343252052754503,2.940571940123969,0.006246734848518898
274,Dining and Drinking,2,3.403555306517492,3.4296419866498304,0.02608668013233828
280,Dining and Drinking,2,4.498978333738492,3.14141811537809,-1.357560218360402
283,Dining and Drinking,2,2.290765385874406,2.206925546364407,-0.08383983950999907
292,Dining and Drinking,2,6.323155688732795,6.206914696248909,-0.11624099248388653
325,Dining and Drinking,2,2.135362579460219,2.105288655435729,-0.03007392402449005
329,Dining and Drinking,2,3.3181610273586135,3.3435786030545467,0.02541757569593317
330,Dining and Drinking,2,3.5703316667367035,3.5972164260782846,0.026884759341581077
335,Dining and Drinking,2,2.867945394751377,2.9661100843930033,0.09816468964162617
337,Dining and Drinking,2,3.84728819253424,3.868610571539313,0.021322379005073167
340,Dining and Drinking,2,2.9515527399128088,3.0138569837698572,0.06230424385704847
345,Dining and Drinking,2,2.3248748809041926,2.4304940325393654,0.10561915163517277
356,Dining and Drinking,2,3.0371616881716648,3.1064015957828497,0.06923990761118493
360,Dining and Drinking,2,2.8363416516081266,2.8676843112278325,0.03134265961970595
363,Dining and Drinking,2,2.656818357553643,2.6906202046741097,0.03380184712046663
364,Dining and Drinking,2,2.709856789455338,2.774562636316297,0.06470584686095915
366,Dining and Drinking,2,3.8140470239807263,3.659604376402715,-0.15444264757801118
369,Dining and Drinking,2,3.2898504859061877,3.2917401852798696,0.0018896993736818857
373,Dining and Drinking,2,3.839532471123416,3.888977297634991,0.049444826511575
382,Dining and Drinking,2,2.9805602834740013,3.1360054270386346,0.15544514356463335
396,Dining and Drinking,2,4.301465797462567,4.366533971373094,0.065068173910527
400,Dining and Drinking,2,2.7759834714594076,2.7384775333346356,-0.03750593812477199
420,Dining and Drinking,2,2.624444344577647,2.8074023520774154,0.18295800749976854
425,Dining and Drinking,2,2.2740720826484857,2.291911168786636,0.01783908613815033
427,Dining and Drinking,2,2.8423200530566115,2.911311079904313,0.06899102684770142
428,Dining and Drinking,2,3.6030399220753715,3.724214194573332,0.12117427249796053
432,Dining and Drinking,2,2.4874982706479796,2.4151690124256646,-0.07232925822231495
433,Dining and Drinking,2,1.7128859810222974,1.6894298468504947,-0.0234561341718027
445,Dining and Drinking,2,3.3309212733023164,3.7515964061466294,0.420675132844313
446,Dining and Drinking,2,2.8425952311255474,2.965350998607942,0.1227557674823947
450,Dining and Drinking,2,3.066624673441465,3.064122997533177,-0.0025016759082876483
462,Dining and Drinking,2,2.472908853492441,2.543711544587234,0.07080269109479298
464,Dining and Drinking,2,3.4412605341892712,3.337120688924566,-0.10413984526470532
468,Dining and Drinking,2,3.738290623044069,3.740217774232307,0.0019271511882381631
471,Dining and Drinking,2,7.994318521050442,7.558197188093792,-0.4361213329566498
477,Dining and Drinking,2,2.1321118154511636,2.1432052570397637,0.01109344158860015
479,Dining and Drinking,2,2.138775204135044,2.1476416243010092,0.008866420165965394
480,Dining and Drinking,2,2.483960893391843,2.4281745461068347,-0.0557863472850082
482,Dining and Drinking,2,3.8839113941725136,3.6990779250766948,-0.18483346909581888
493,Dining and Drinking,2,1.9135199443045816,1.9174553622529518,0.003935417948370157
497,Dining and Drinking,2,4.758933337903189,4.717742394238088,-0.04119094366510101
505,Dining and Drinking,2,1.9597212830787845,1.850267846378429,-0.10945343670035546
506,Dining and Drinking,2,1.9378622979046658,1.9575247950797667,0.019662497175100935
513,Dining and Drinking,2,2.096810722918748,2.070321264562507,-0.02648945835624117
514,Dining and Drinking,2,3.825709698657322,3.43673507041713,-0.388974628240192
519,Dining and Drinking,2,3.971603924318419,4.188317803595866,0.21671387927744679
523,Dining and Drinking,2,3.626152898246049,3.6503285531599174,0.024175654913868527
529,Dining and Drinking,2,4.652439896306456,4.777057822102204,0.12461792579574826
550,Dining and Drinking,2,3.7059847330162654,3.761612142134383,0.05562740911811748
555,Dining and Drinking,2,2.6217046668303423,2.5406511558616263,-0.08105351096871605
558,Dining and Drinking,2,2.9583082063989723,3.065740864108961,0.10743265770998889
560,Dining and Drinking,2,2.7162622881371803,2.557318240688076,-0.15894404744910418
586,Dining and Drinking,2,5.444664434435385,5.305823067922791,-0.13884136651259382
589,Dining and Drinking,2,2.9744816172331308,2.9009425638008035,-0.07353905343232725
591,Dining and Drinking,2,3.3540744836099723,3.277222145698861,-0.07685233791111123
595,Dining and Drinking,2,3.042495064834708,3.0779092233125738,0.035414158477865776
596,Dining and Drinking,2,2.813796076950275,2.9354276509591637,0.12163157400888869
600,Dining and Drinking,2,3.206523090577657,3.2381896864329316,0.031666595855274426
601,Dining and Drinking,2,5.154355486913724,5.406926058570107,0.2525705716563831
605,Dining and Drinking,2,1.9434776934050324,1.9659093057220074,0.02243161231697499
609,Dining and Drinking,2,3.462859047724711,3.4855699989111066,0.022710951186395434
611,Dining and Drinking,2,4.025413481281198,4.08324245368145,0.057828972400251644
614,Dining and Drinking,2,5.663353643170614,5.573617324326279,-0.0897363188443352
615,Dining and Drinking,2,4.2508711658696265,5.039709253724589,0.7888380878549626
625,Dining and Drinking,2,2.624730376747647,2.6421413546666086,0.017410977918961734
629,Dining and Drinking,2,6.122158509422249,5.269940482894849,-0.8522180265274004
633,Dining and Drinking,2,2.9008472259760376,2.9369358218266117,0.03608859585057411
634,Dining and Drinking,2,3.6636292583079495,3.990696413877707,0.3270671555697575
635,Dining and Drinking,2,3.649299523714368,3.970110761251904,0.32081123753753626
642,Dining and Drinking,2,3.6614809412846983,3.645937324486733,-0.015543616797965232
643,Dining and Drinking,2,5.909901744256123,5.9231842203849006,0.013282476128777532
648,Dining and Drinking,2,4.748330862863369,3.5136377995401413,-1.234693063323228
649,Dining and Drinking,2,2.361972797956094,2.220052488562553,-0.14192030939354083
657,Dining and Drinking,2,6.690373439774637,6.535673684132958,-0.15469975564167893
658,Dining and Drinking,2,3.708262251349306,3.760299182677748,0.05203693132844167
661,Dining and Drinking,2,6.115272129003343,6.019838477742894,-0.095433651260449
674,Dining and Drinking,2,5.486006225531229,5.401893007425973,-0.08411321810525596
676,Dining and Drinking,2,2.9409024928510954,2.865579849372234,-0.0753226434788612
683,Dining and Drinking,2,5.865674135437478,5.881074835435451,0.015400699997973
691,Dining and Drinking,2,3.626000900159993,3.515389416116236,-0.11061148404375709
694,Dining and Drinking,2,2.4387398092390753,2.5691818552657573,0.13044204602668197
707,Dining and Drinking,2,4.087897825560027,3.9962525141780176,-0.09164531138200971
717,Dining and Drinking,2,3.260194381431597,3.431182687844259,0.17098830641266227
720,Dining and Drinking,2,4.005087994064668,3.853752680539723,-0.15133531352494556
722,Dining and Drinking,2,3.872842888232637,3.9798830108963,0.1070401226636628
726,Dining and Drinking,2,5.539654485278018,5.59129372371582,0.051639238437801716
729,Dining and Drinking,2,3.335645371438578,3.233521441734832,-0.10212392970374617
733,Dining and Drinking,2,2.8897343522980083,2.80368259875343,-0.08605175354457817
734,Dining and Drinking,2,2.7181002879118203,2.7921456978788517,0.07404540996703135
737,Dining and Drinking,2,3.341749780135995,3.054162713267946,-0.28758706686804913
740,Dining and Drinking,2,2.398000523312777,2.3613717186674514,-0.036628804645325364
744,Dining and Drinking,2,1.9765553315550304,1.9677571814836379,-0.008798150071392508
755,Dining and Drinking,2,2.149471489843575,2.1056960672530045,-0.043775422590570656
765,Dining and Drinking,2,5.654373712912973,5.623394720222397,-0.030978992690576135
769,Dining and Drinking,2,7.965756238974709,7.704305313166605,-0.2614509258081039
773,Dining and Drinking,2,3.877572899460649,3.8871633907924448,0.009590491331795903
778,Dining and Drinking,2,2.832827418357515,2.8306718179120045,-0.0021556004455103306
779,Dining and Drinking,2,4.01227971074826,4.092394063032525,0.08011435228426489
784,Dining and Drinking,2,3.091402978225277,3.1651279480992756,0.07372496987399835
791,Dining and Drinking,2,3.223529175304731,3.1548782903616233,-0.06865088494310756
798,Dining and Drinking,2,2.963110643767915,3.031832269870155,0.06872162610224031
799,Dining and Drinking,2,5.054763462651228,2.6556515289727702,-2.3991119336784577
801,Dining and Drinking,2,4.072340467175893,3.9196245046784384,-0.15271596249745478
804,Dining and Drinking,2,3.014945570918149,2.9921467833678075,-0.022798787550341704
805,Dining and Drinking,2,2.7552427401345403,2.7021583984553565,-0.053084341679183744
816,Dining and Drinking,2,3.950895259567149,4.001085047390767,0.05018978782361749
819,Dining and Drinking,2,3.0638545882457535,3.0826858974106544,0.018831309164900834
830,Dining and Drinking,2,4.1972044825871,4.32081141647075,0.12360693388365007
832,Dining and Drinking,2,4.0901739715199685,4.285038273504735,0.1948643019847669
837,Dining and Drinking,2,3.7555433249515646,3.9857388117610246,0.23019548680946
843,Dining and Drinking,2,4.054677333392288,3.819924146809051,-0.23475318658323685
848,Dining and Drinking,2,1.241742672853042,1.1456533460145506,-0.09608932683849147
859,Dining and Drinking,2,2.1497189793141036,2.1814884614540397,0.031769482139936134
861,Dining and Drinking,2,2.851434453465016,2.8578581549982554,0.0064237015332393455
864,Dining and Drinking,2,2.8187807182220896,2.8248614950193294,0.006080776797239729
866,Dining and Drinking,2,3.7980491396047533,3.7624716870303,-0.03557745257445344
875,Dining and Drinking,2,5.747832165415646,5.7393375226609065,-0.008494642754739878
878,Dining and Drinking,2,1.7971099206353847,1.793719962112059,-0.003389958523325687
879,Dining and Drinking,2,4.857614403466086,4.596075795742802,-0.26153860772328397
887,Dining and Drinking,2,3.128671141137878,3.168030458066056,0.03935931692817807
903,Dining and Drinking,2,3.1567756552834756,2.473839033873303,-0.6829366214101724
907,Dining and Drinking,2,4.135919825128922,4.182728123631888,0.04680829850296586
909,Dining and Drinking,2,3.328537972241618,2.600606197449931,-0.7279317747916871
912,Dining and Drinking,2,3.514357830230157,3.515781458071014,0.0014236278408570335
915,Dining and Drinking,2,3.7324313718977957,3.780604601295429,0.04817322939763313
920,Dining and Drinking,2,2.687158341941337,2.781346398619976,0.09418805667863861
927,Dining and Drinking,2,2.751681505666836,2.6761227707141755,-0.07555873495266052
929,Dining and Drinking,2,2.898882952455717,2.8446167029438776,-0.05426624951183934
930,Dining and Drinking,2,2.761528861829024,2.7264685639078303,-0.035060297921193584
935,Dining and Drinking,2,3.383331833072506,3.4505411136083737,0.0672092805358675
938,Dining and Drinking,2,2.244249956594005,2.2880786804593694,0.043828723865364516
941,Dining and Drinking,2,3.153310285339737,3.1618862270148824,0.008575941675145415
944,Dining and Drinking,2,2.6043056251421683,2.65664626981016,0.05234064466799149
947,Dining and Drinking,2,2.5999390736247268,2.6546256909919625,0.05468661736723579
957,Dining and Drinking,2,2.48842451789607,2.19382728956352,-0.2945972283325502
963,Dining and Drinking,2,3.1180736219761815,3.154015990495889,0.03594236851970756
978,Dining and Drinking,2,2.4687904630420023,2.5143363205167777,0.04554585747477535
979,Dining and Drinking,2,1.8390986730928591,1.7775006558013458,-0.061598017291513374
980,Dining and Drinking,2,3.260277090672285,3.2307000366786713,-0.029577053993613767
981,Dining and Drinking,2,2.4049802204849984,2.7353057015102253,0.33032548102522696
986,Dining and Drinking,2,3.4978808715210405,2.7038711515249507,-0.7940097199960898
989,Dining and Drinking,2,2.3225835849295247,2.3402971724501542,0.01771358752062957
997,Dining and Drinking,2,4.240774528182572,3.158912185049016,-1.0818623431335563
1000,Dining and Drinking,2,4.902552424745623,4.746447719969756,-0.15610470477586702
1011,Dining and Drinking,2,2.979110139663664,2.835230765366618,-0.1438793742970459
1013,Dining and Drinking,2,2.0876506073045156,1.9780053575067664,-0.10964524979774914
1016,Dining and Drinking,2,2.110186791424348,2.162326953826359,0.052140162402011025
1018,Dining and Drinking,2,4.431324649489095,4.437275661355224,0.005951011866129008
1024,Dining and Drinking,2,2.873830729064091,2.7153887532600613,-0.15844197580402986
1027,Dining and Drinking,2,4.601372594073455,4.415940806724363,-0.18543178734909205
1033,Dining and Drinking,2,2.333201323745514,2.125540101116166,-0.20766122262934772
1037,Dining and Drinking,2,2.5602124287627666,2.561539784706391,0.001327355943624653
1041,Dining and Drinking,2,2.492820010485513,2.413758926815476,-0.07906108367003695
1042,Dining and Drinking,2,3.178119577664945,3.153776081016172,-0.024343496648772778
1061,Dining and Drinking,2,3.241936334696209,3.4181216754748287,0.1761853407786198
1065,Dining and Drinking,2,2.479475708168281,2.5414276993220897,0.061951991153808894
1067,Dining and Drinking,2,3.378637851279758,3.3846928292909633,0.006054978011205137
1079,Dining and Drinking,2,1.8520821147072348,1.963862372809913,0.11178025810267811
1087,Dining and Drinking,2,3.425341013395143,3.4791741757358583,0.05383316234071511
1092,Dining and Drinking,2,4.146084484677459,4.398806083447157,0.252721598769698
1094,Dining and Drinking,2,4.423250413555068,4.383770200795738,-0.03948021275932945
1108,Dining and Drinking,2,2.888649793428822,2.976478222274417,0.08782842884559461
1114,Dining and Drinking,2,1.8902972215485807,1.9952948067486747,0.10499758520009395
1117,Dining and Drinking,2,2.9071303305480356,2.829684264868473,-0.0774460656795628
1118,Dining and Drinking,2,2.4544878344661027,2.3070216491080617,-0.147466185358041
1120,Dining and Drinking,2,3.0612122097587893,3.04178690816608,-0.019425301592709054
1124,Dining and Drinking,2,2.4527769601164646,2.5206883079653406,0.06791134784887598
1126,Dining and Drinking,2,4.577611972526568,4.232000819290636,-0.3456111532359314
1134,Dining and Drinking,2,3.7583911575623294,3.5938693051167228,-0.1645218524456067
1136,Dining and Drinking,2,1.7866849748890008,1.718625184597938,-0.0680597902910629
1138,Dining and Drinking,2,4.680866836335059,4.428709740687745,-0.2521570956473136
1146,Dining and Drinking,2,3.0061343668022387,3.1814763018780674,0.17534193507582874
1150,Dining and Drinking,2,5.1168379856569715,5.204108343870772,0.08727035821380014
1159,Dining and Drinking,2,2.585435546367386,2.66783334918848,0.08239780282109388
1161,Dining and Drinking,2,2.8518771942997097,2.7904436707803897,-0.061433523519319966
1164,Dining and Drinking,2,3.327986078945414,3.410389643805808,0.08240356486039424
1169,Dining and Drinking,2,7.107111314100368,7.115202193562078,0.00809087946171072
1184,Dining and Drinking,2,3.0391189616617327,3.2725658517010103,0.23344689003927765
1185,Dining and Drinking,2,4.879059520528977,5.157795542634373,0.27873602210539605
1186,Dining and Drinking,2,2.807697970164683,2.1830616525479063,-0.6246363176167766
1187,Dining and Drinking,2,2.455523630060305,1.9741770514617727,-0.48134657859853247
1192,Dining and Drinking,2,4.064638991808154,4.143991539942228,0.07935254813407333
1197,Dining and Drinking,2,5.681437990943717,6.0676796169374505,0.38624162599373335
1208,Dining and Drinking,2,3.941800344760172,3.1200207363472092,-0.8217796084129629
1214,Dining and Drinking,2,5.899445556064144,5.676734114526118,-0.22271144153802602
1218,Dining and Drinking,2,7.277110125889763,7.052656701874878,-0.224453424014885
1221,Dining and Drinking,2,4.5127957830758785,4.263029153262196,-0.24976662981368225
1224,Dining and Drinking,2,4.357493441619454,4.214707818259696,-0.14278562335975753
1228,Dining and Drinking,2,3.3879150421168367,3.514408201890631,0.12649315977379416
1232,Dining and Drinking,2,3.177009512766916,3.2926243804858735,0.11561486771895746
2,Dining and Drinking,3,5.0180255984498485,5.264747717661275,0.24672211921142662
5,Dining and Drinking,3,3.2153929194574857,3.3567396260033826,0.14134670654589687
12,Dining and Drinking,3,2.4274717225890354,2.661006746107693,0.23353502351865751
21,Dining and Drinking,3,5.385291023395427,5.01111342130606,-0.37417760208936723
25,Dining and Drinking,3,3.1280683465504593,3.18074709694248,0.052678750392020746
36,Dining and Drinking,3,2.0050709603263517,2.113490087666739,0.10841912734038717
37,Dining and Drinking,3,2.215943257811017,2.270278652624545,0.05433539481352767
49,Dining and Drinking,3,3.485027824405078,3.836696195541615,0.3516683711365367
53,Dining and Drinking,3,2.599107436156495,2.47586507383344,-0.12324236232305497
56,Dining and Drinking,3,2.0459128925750565,2.212073222601261,0.16616033002620467
64,Dining and Drinking,3,6.203475238789368,6.506918447220819,0.30344320843145134
67,Dining and Drinking,3,2.8641318796050084,2.865303129607804,0.0011712500027956096
69,Dining and Drinking,3,3.9516225699459415,3.9587319290366234,0.007109359090681888
72,Dining and Drinking,3,2.40056597717942,2.463447556423294,0.06288157924387416
74,Dining and Drinking,3,3.970697470071218,4.189533159101135,0.218835689029917
77,Dining and Drinking,3,2.501584888583907,2.5893667372249425,0.08778184864103533
84,Dining and Drinking,3,2.111536191233065,2.198631357481661,0.08709516624859592
90,Dining and Drinking,3,3.212137939364232,2.8119443535213318,-0.4001935858429002
97,Dining and Drinking,3,3.107970832812782,3.230603782250539,0.12263294943775671
98,Dining and Drinking,3,3.088896095021928,3.1424470820121506,0.05355098699022243
99,Dining and Drinking,3,3.1507007454579243,3.2126914127886583,0.061990667330733995
109,Dining and Drinking,3,4.796165636718552,4.736547064754083,-0.05961857196446907
111,Dining and Drinking,3,4.673310323769867,4.654949376971504,-0.018360946798362754
117,Dining and Drinking,3,1.6147446776124956,1.5210694946030265,-0.09367518300946909
118,Dining and Drinking,3,1.3996616197236582,1.4627532692433016,0.06309164951964341
120,Dining and Drinking,3,1.590205309105996,1.681882488048891,0.09167717894289495
124,Dining and Drinking,3,2.439396686929916,2.7841700291023153,0.3447733421723993
126,Dining and Drinking,3,5.35741997426128,5.329327119922544,-0.028092854338735762
130,Dining and Drinking,3,3.5832607373307552,3.3685144401576865,-0.2147462971730687
144,Dining and Drinking,3,3.098325164556581,3.157397712159173,0.059072547602592174
149,Dining and Drinking,3,2.7504630486960027,2.9496663870002733,0.19920333830427062
150,Dining and Drinking,3,3.5674270870402465,3.7296760766383117,0.16224898959806522
160,Dining and Drinking,3,2.088884998802002,2.081577847109965,-0.007307151692037106
164,Dining and Drinking,3,2.0878247182267944,2.118402650001199,0.03057793177440482
166,Dining and Drinking,3,3.0742581569146648,3.2397056057217632,0.1654474488070985
173,Dining and Drinking,3,2.0344320176064943,2.258768172809157,0.2243361552026628
186,Dining and Drinking,3,1.9988973020270724,2.0142507023919665,0.015353400364894076
189,Dining and Drinking,3,3.8619416760250846,3.780732871803198,-0.08120880422188659
199,Dining and Drinking,3,5.524269618738086,5.532101476658305,0.007831857920218788
206,Dining and Drinking,3,3.697296737699345,3.7163010923610638,0.019004354661718903
208,Dining and Drinking,3,4.879290051527073,4.902637607980379,0.023347556453305884
209,Dining and Drinking,3,2.9565640782505636,2.977415669394494,0.020851591143930648
212,Dining and Drinking,3,2.351523873589208,2.5057953821783125,0.15427150858910466
213,Dining and Drinking,3,2.721461481896759,2.7153821185554863,-0.006079363341272792
220,Dining and Drinking,3,3.487603082213645,4.670625401885557,1.1830223196719123
223,Dining and Drinking,3,5.632521059295711,5.485624065847567,-0.1468969934481441
234,Dining and Drinking,3,5.566811573251901,2.856780197716697,-2.7100313755352037
237,Dining and Drinking,3,4.383398643403752,4.170362928349542,-0.21303571505421015
244,Dining and Drinking,3,2.9379274409627705,2.964096489836426,0.026169048873655676
245,Dining and Drinking,3,2.906648172124192,2.779273577074171,-0.1273745950500209
251,Dining and Drinking,3,4.835703038568363,4.024173719302291,-0.8115293192660724
253,Dining and Drinking,3,3.8918869499646886,3.744186011822128,-0.14770093814256047
258,Dining and Drinking,3,4.301796579858591,5.495798398585787,1.1940018187271964
264,Dining and Drinking,3,2.3521817884020426,2.2142356114126747,-0.13794617698936795
268,Dining and Drinking,3,3.7771063112819245,3.7969087457027264,0.019802434420801873
269,Dining and Drinking,3,2.869453662718338,2.7968581578336846,-0.07259550488465338
270,Dining and Drinking,3,2.9720654372259165,2.97120273360363,-0.0008627036222863538
273,Dining and Drinking,3,2.9343252052754503,2.94592977697787,0.011604571702419797
274,Dining and Drinking,3,3.403555306517492,3.438350111537696,0.034794805020204045
280,Dining and Drinking,3,4.498978333738492,3.113612243021704,-1.3853660907167882
283,Dining and Drinking,3,2.290765385874406,2.1752441736508668,-0.1155212122235394
292,Dining and Drinking,3,6.323155688732795,5.465484484957127,-0.8576712037756682
325,Dining and Drinking,3,2.135362579460219,2.0924835902898313,-0.04287898917038779
329,Dining and Drinking,3,3.3181610273586135,3.3572071585651635,0.03904613120654998
330,Dining and Drinking,3,3.5703316667367035,3.6093478006042754,0.039016133867571856
335,Dining and Drinking,3,2.867945394751377,3.0104813735950016,0.14253597884362446
337,Dining and Drinking,3,3.84728819253424,3.879543613088546,0.03225542055430619
340,Dining and Drinking,3,2.9515527399128088,3.060742741795411,0.10919000188260242
345,Dining and Drinking,3,2.3248748809041926,2.474386522358812,0.1495116414546196
356,Dining and Drinking,3,3.0371616881716648,3.1452552344724043,0.10809354630073953
360,Dining and Drinking,3,2.8363416516081266,2.8871141650211927,0.0507725134130661
363,Dining and Drinking,3,2.656818357553643,2.7040746138209983,0.0472562562673553
364,Dining and Drinking,3,2.709856789455338,2.803677005138538,0.0938202156832002
366,Dining and Drinking,3,3.8140470239807263,3.5836615410423085,-0.23038548293841776
369,Dining and Drinking,3,3.2898504859061877,3.2842276390469527,-0.005622846859234976
373,Dining and Drinking,3,3.839532471123416,3.9027330664033695,0.06320059527995348
382,Dining and Drinking,3,2.9805602834740013,3.2099462715675644,0.22938598809356314
396,Dining and Drinking,3,4.301465797462567,4.395996098158115,0.09453030069554735
400,Dining and Drinking,3,2.7759834714594076,2.7576760249927537,-0.018307446466653943
420,Dining and Drinking,3,2.624444344577647,2.9023991486658254,0.2779548040881785
425,Dining and Drinking,3,2.2740720826484857,2.301686128666681,0.027614046018195282
427,Dining and Drinking,3,2.8423200530566115,2.9472438964899648,0.10492384343335326
428,Dining and Drinking,3,3.6030399220753715,3.7805104995074297,0.17747057743205819
432,Dining and Drinking,3,2.4874982706479796,2.3928842446313965,-0.09461402601658309
433,Dining and Drinking,3,1.7128859810222974,1.6954558978414245,-0.017430083180872913
445,Dining and Drinking,3,3.3309212733023164,3.9183789371295994,0.587457663827283
446,Dining and Drinking,3,2.8425952311255474,3.0203247788090817,0.17772954768353433
450,Dining and Drinking,3,3.066624673441465,3.067472556454168,0.0008478830127032211
462,Dining and Drinking,3,2.472908853492441,2.5785155750863007,0.10560672159385964
464,Dining and Drinking,3,3.4412605341892712,3.3097788640638544,-0.1314816701254169
468,Dining and Drinking,3,3.738290623044069,3.7414966739926685,0.0032060509485996036
471,Dining and Drinking,3,7.994318521050442,8.201328713362908,0.20701019231246676
477,Dining and Drinking,3,2.1321118154511636,2.2502166058772333,0.1181047904260697
479,Dining and Drinking,3,2.138775204135044,2.1533253856318293,0.014550181496785441
480,Dining and Drinking,3,2.483960893391843,2.2872136089364736,-0.19674728445536926
482,Dining and Drinking,3,3.8839113941725136,3.62679557270408,-0.2571158214684335
493,Dining and Drinking,3,1.9135199443045816,1.9212834777592764,0.0077635334546948265
497,Dining and Drinking,3,4.758933337903189,4.694837059838315,-0.0640962780648735
505,Dining and Drinking,3,1.9597212830787845,1.8075230785885776,-0.15219820449020682
506,Dining and Drinking,3,1.9378622979046658,1.967491701886604,0.02962940398193825
513,Dining and Drinking,3,2.096810722918748,2.0951940503153117,-0.0016166726034363421
514,Dining and Drinking,3,3.825709698657322,3.366419247219434,-0.45929045143788816
519,Dining and Drinking,3,3.971603924318419,3.9186822522816165,-0.05292167203680265
523,Dining and Drinking,3,3.626152898246049,3.6499130709556615,0.023760172709612615
529,Dining and Drinking,3,4.652439896306456,4.834450197713942,0.18201030140748564
550,Dining and Drinking,3,3.7059847330162654,3.7732655786483917,0.06728084563212633
555,Dining and Drinking,3,2.6217046668303423,2.505169273599918,-0.1165353932304245
558,Dining and Drinking,3,2.9583082063989723,3.1231534204669975,0.16484521406802521
560,Dining and Drinking,3,2.7162622881371803,2.504612292939406,-0.2116499951977744
586,Dining and Drinking,3,5.444664434435385,5.178695039555665,-0.26596939487972016
589,Dining and Drinking,3,2.9744816172331308,2.906017139847342,-0.06846447738578876
591,Dining and Drinking,3,3.3540744836099723,3.255279853757189,-0.09879462985278309
595,Dining and Drinking,3,3.042495064834708,3.129913292052228,0.0874182272175199
596,Dining and Drinking,3,2.813796076950275,2.9978590287691116,0.18406295181883658
600,Dining and Drinking,3,3.206523090577657,3.2605106341049597,0.053987543527302506
601,Dining and Drinking,3,5.154355486913724,5.469126391760753,0.31477090484702863
605,Dining and Drinking,3,1.9434776934050324,1.9769042553593514,0.033426561954319034
609,Dining and Drinking,3,3.462859047724711,3.5199763081890714,0.057117260464360164
611,Dining and Drinking,3,4.025413481281198,4.115711250307343,0.09029776902614461
614,Dining and Drinking,3,5.663353643170614,5.526913195171067,-0.13644044799954713
615,Dining and Drinking,3,4.2508711658696265,5.80075228013466,1.549881114265033
625,Dining and Drinking,3,2.624730376747647,2.666395299536748,0.041664922789101055
629,Dining and Drinking,3,6.122158509422249,4.797488451020391,-1.3246700584018578
633,Dining and Drinking,3,2.9008472259760376,2.9620969168622118,0.06124969088617416
634,Dining and Drinking,3,3.6636292583079495,4.187361380864171,0.5237321225562219
635,Dining and Drinking,3,3.649299523714368,4.159695625737513,0.5103961020231447
642,Dining and Drinking,3,3.6614809412846983,3.6118055530408792,-0.04967538824381901
643,Dining and Drinking,3,5.909901744256123,5.915971477523691,0.006069733267567656
648,Dining and Drinking,3,4.748330862863369,2.7383018709027747,-2.0100289919605947
649,Dining and Drinking,3,2.361972797956094,2.184100219562467,-0.17787257839362702
657,Dining and Drinking,3,6.690373439774637,6.46606546066473,-0.2243079791099074
658,Dining and Drinking,3,3.708262251349306,3.7792522394561603,0.07098998810685409
661,Dining and Drinking,3,6.115272129003343,6.002499203273764,-0.11277292572957887
674,Dining and Drinking,3,5.486006225531229,5.365530342868174,-0.12047588266305453
676,Dining and Drinking,3,2.9409024928510954,2.8505198775343974,-0.090382615316698
683,Dining and Drinking,3,5.865674135437478,5.8594639918124605,-0.006210143625017928
691,Dining and Drinking,3,3.626000900159993,3.505005436866056,-0.12099546329393718
694,Dining and Drinking,3,2.4387398092390753,2.62805078030649,0.1893109710674148
707,Dining and Drinking,3,4.087897825560027,4.024693796482883,-0.06320402907714406
717,Dining and Drinking,3,3.260194381431597,3.3648444232931087,0.10465004186151194
720,Dining and Drinking,3,4.005087994064668,3.766736328155602,-0.2383516659090663
722,Dining and Drinking,3,3.872842888232637,4.0097985578545,0.13695566962186323
726,Dining and Drinking,3,5.539654485278018,5.596462471189563,0.056807985911544456
729,Dining and Drinking,3,3.335645371438578,3.208357812518914,-0.12728755891966426
733,Dining and Drinking,3,2.8897343522980083,2.7566401927762003,-0.13309415952180803
734,Dining and Drinking,3,2.7181002879118203,2.821287779481799,0.10318749156997864
737,Dining and Drinking,3,3.341749780135995,2.935455220730593,-0.40629455940540193
740,Dining and Drinking,3,2.398000523312777,2.332104325846119,-0.06589619746665765
744,Dining and Drinking,3,1.9765553315550304,1.9625498326757587,-0.014005498879271716
755,Dining and Drinking,3,2.149471489843575,2.087461024517326,-0.06201046532624899
765,Dining and Drinking,3,5.654373712912973,5.609550207113656,-0.044823505799317154
769,Dining and Drinking,3,7.965756238974709,7.634179156504005,-0.3315770824707043
773,Dining and Drinking,3,3.877572899460649,3.893606935341829,0.01603403588118013
778,Dining and Drinking,3,2.832827418357515,2.8204407930089044,-0.012386625348610458
779,Dining and Drinking,3,4.01227971074826,4.134897703177614,0.12261799242935467
784,Dining and Drinking,3,3.091402978225277,3.1902619686873663,0.09885899046208912
791,Dining and Drinking,3,3.223529175304731,3.144676299021945,-0.07885287628278581
798,Dining and Drinking,3,2.963110643767915,3.10604752781154,0.14293688404362515
799,Dining and Drinking,3,5.054763462651228,2.617582395630104,-2.437181067021124
801,Dining and Drinking,3,4.072340467175893,2.9964542971760415,-1.0758861699998516
804,Dining and Drinking,3,3.014945570918149,2.98683017403174,-0.028115396886409183
805,Dining and Drinking,3,2.7552427401345403,2.6846320142274824,-0.07061072590705786
816,Dining and Drinking,3,3.950895259567149,4.0299036895925795,0.07900843002543034
819,Dining and Drinking,3,3.0638545882457535,3.1092594929154815,0.04540490466972802
830,Dining and Drinking,3,4.1972044825871,4.374311810320876,0.17710732773377558
832,Dining and Drinking,3,4.0901739715199685,4.513776157253961,0.42360218573399244
837,Dining and Drinking,3,3.7555433249515646,4.064694836733311,0.3091515117817467
843,Dining and Drinking,3,4.054677333392288,3.717006489905282,-0.3376708434870057
848,Dining and Drinking,3,1.241742672853042,1.103139288661033,-0.13860338419200913
859,Dining and Drinking,3,2.1497189793141036,2.1962218579000288,0.04650287858592517
861,Dining and Drinking,3,2.851434453465016,2.862083339790799,0.010648886325783202
864,Dining and Drinking,3,2.8187807182220896,2.8325740842367764,0.013793366014686725
866,Dining and Drinking,3,3.7980491396047533,3.751917363108981,-0.04613177649577249
875,Dining and Drinking,3,5.747832165415646,5.723624540414409,-0.024207625001237076
878,Dining and Drinking,3,1.7971099206353847,1.7988031781662945,0.0016932575309098752
879,Dining and Drinking,3,4.857614403466086,4.4461660166982835,-0.4114483867678027
887,Dining and Drinking,3,3.128671141137878,3.0844248312490645,-0.044246309888813506
903,Dining and Drinking,3,3.1567756552834756,2.178914385148731,-0.9778612701347447
907,Dining and Drinking,3,4.135919825128922,4.215927461919982,0.08000763679106004
909,Dining and Drinking,3,3.328537972241618,3.488732191326011,0.16019421908439302
912,Dining and Drinking,3,3.514357830230157,3.51680239512243,0.002444564892273071
915,Dining and Drinking,3,3.7324313718977957,3.8595279267513325,0.12709655485353677
920,Dining and Drinking,3,2.687158341941337,2.8644842416688263,0.17732589972748913
927,Dining and Drinking,3,2.751681505666836,2.622781486401122,-0.12890001926571415
929,Dining and Drinking,3,2.898882952455717,2.884299038038065,-0.014583914417651833
930,Dining and Drinking,3,2.761528861829024,2.6771718810060783,-0.08435698082294563
935,Dining and Drinking,3,3.383331833072506,3.8629322303738243,0.4796003973013181
938,Dining and Drinking,3,2.244249956594005,2.315885514755501,0.07163555816149625
941,Dining and Drinking,3,3.153310285339737,3.166429263868423,0.013118978528686043
944,Dining and Drinking,3,2.6043056251421683,2.678299102689122,0.07399347754695373
947,Dining and Drinking,3,2.5999390736247268,2.672849004313992,0.07290993068926532
957,Dining and Drinking,3,2.48842451789607,2.1117633869618953,-0.37666113093417497
963,Dining and Drinking,3,3.1180736219761815,3.176546750653327,0.0584731286771456
978,Dining and Drinking,3,2.4687904630420023,2.5305556396755735,0.06176517663357117
979,Dining and Drinking,3,1.8390986730928591,1.74598819166359,-0.09311048142926914
980,Dining and Drinking,3,3.260277090672285,3.178246531637839,-0.0820305590344459
981,Dining and Drinking,3,2.4049802204849984,3.164736215343564,0.7597559948585655
986,Dining and Drinking,3,3.4978808715210405,1.668248209199338,-1.8296326623217025
989,Dining and Drinking,3,2.3225835849295247,2.3459338191230326,0.0233502341935079
997,Dining and Drinking,3,4.240774528182572,2.5284739856839957,-1.7123005424985767
1000,Dining and Drinking,3,4.902552424745623,4.703844352656151,-0.19870807208947205
1011,Dining and Drinking,3,2.979110139663664,2.8314683567043977,-0.14764178295926644
1013,Dining and Drinking,3,2.0876506073045156,1.9615745867855119,-0.12607602051900368
1016,Dining and Drinking,3,2.110186791424348,2.1596831918397665,0.049496400415418584
1018,Dining and Drinking,3,4.431324649489095,4.4027536189914205,-0.028571030497674954
1024,Dining and Drinking,3,2.873830729064091,2.6648756554339315,-0.20895507363015975
1027,Dining and Drinking,3,4.601372594073455,4.3214422809851065,-0.27993031308834837
1033,Dining and Drinking,3,2.333201323745514,2.0035444881341045,-0.32965683561140935
1037,Dining and Drinking,3,2.5602124287627666,2.5628114590896214,0.002599030326854823
1041,Dining and Drinking,3,2.492820010485513,2.3907364619302287,-0.10208354855528423
1042,Dining and Drinking,3,3.178119577664945,3.1464228738286355,-0.0316967038363094
1061,Dining and Drinking,3,3.241936334696209,3.5289655982047528,0.28702926350854385
1065,Dining and Drinking,3,2.479475708168281,2.5709385441532575,0.09146283598497673
1067,Dining and Drinking,3,3.378637851279758,3.3886877436301726,0.010049892350414424
1079,Dining and Drinking,3,1.8520821147072348,2.038001626724008,0.18591951201677337
1087,Dining and Drinking,3,3.425341013395143,3.508091093447662,0.08275008005251872
1092,Dining and Drinking,3,4.146084484677459,4.605261758001529,0.45917727332406955
1094,Dining and Drinking,3,4.423250413555068,4.358870267796943,-0.06438014575812456
1108,Dining and Drinking,3,2.888649793428822,3.0173512103945814,0.1287014169657592
1114,Dining and Drinking,3,1.8902972215485807,2.046225910806795,0.15592868925821435
1117,Dining and Drinking,3,2.9071303305480356,2.806098924838235,-0.10103140570980074
1118,Dining and Drinking,3,2.4544878344661027,2.279557616496478,-0.17493021796962482
1120,Dining and Drinking,3,3.0612122097587893,3.0436259825555334,-0.017586227203255866
1124,Dining and Drinking,3,2.4527769601164646,2.5748216816788556,0.12204472156239099
1126,Dining and Drinking,3,4.577611972526568,4.165439024560735,-0.4121729479658329
1134,Dining and Drinking,3,3.7583911575623294,3.321050017161911,-0.4373411404004184
1136,Dining and Drinking,3,1.7866849748890008,1.677450655882109,-0.10923431900689184
1138,Dining and Drinking,3,4.680866836335059,4.345537420602151,-0.3353294157329083
1146,Dining and Drinking,3,3.0061343668022387,3.253214862521302,0.24708049571906354
1150,Dining and Drinking,3,5.1168379856569715,5.236497891281587,0.1196599056246157
1159,Dining and Drinking,3,2.585435546367386,2.7220680366333916,0.13663249026600566
1161,Dining and Drinking,3,2.8518771942997097,2.8637288082025822,0.011851613902872593
1164,Dining and Drinking,3,3.327986078945414,3.446317268376224,0.11833118943081011
1169,Dining and Drinking,3,7.107111314100368,7.129642483147167,0.022531169046799526
1184,Dining and Drinking,3,3.0391189616617327,3.3913427974489894,0.3522238357872567
1185,Dining and Drinking,3,4.879059520528977,5.281532506023333,0.40247298549435584
1186,Dining and Drinking,3,2.807697970164683,4.968789096145116,2.161091125980433
1187,Dining and Drinking,3,2.455523630060305,2.0061622231152363,-0.4493614069450689
1192,Dining and Drinking,3,4.064638991808154,4.172304088524476,0.10766509671632196
1197,Dining and Drinking,3,5.681437990943717,6.209023644614117,0.5275856536703998
1208,Dining and Drinking,3,3.941800344760172,3.282033747156376,-0.6597665976037961
1214,Dining and Drinking,3,5.899445556064144,5.589047112970528,-0.3103984430936162
1218,Dining and Drinking,3,7.277110125889763,6.938521030438331,-0.33858909545143234
1221,Dining and Drinking,3,4.5127957830758785,4.176684584419951,-0.3361111986559271
1224,Dining and Drinking,3,4.357493441619454,4.135969610948482,-0.22152383067097148
1228,Dining and Drinking,3,3.3879150421168367,3.545838667573922,0.1579236254570855
1232,Dining and Drinking,3,3.177009512766916,3.545086301197493,0.3680767884305771
2,Retail,1,5.0180255984498485,4.655194923482,-0.3628306749678485
5,Retail,1,3.2153929194574857,3.1467261530223043,-0.06866676643518144
12,Retail,1,2.4274717225890354,2.4419750642776816,0.014503341688646199
21,Retail,1,5.385291023395427,5.490573410328951,0.10528238693352332
25,Retail,1,3.1280683465504593,3.0725930442744676,-0.055475302275991734
36,Retail,1,2.0050709603263517,1.7860010243741835,-0.21906993595216817
37,Retail,1,2.215943257811017,2.0590015083558555,-0.1569417494551617
49,Retail,1,3.485027824405078,3.0118288823165367,-0.4731989420885414
53,Retail,1,2.599107436156495,2.640315030957864,0.04120759480136904
56,Retail,1,2.0459128925750565,2.044694319382492,-0.001218573192564687
64,Retail,1,6.203475238789368,6.1349738338069875,-0.06850140498238044
67,Retail,1,2.8641318796050084,2.8853066851125395,0.021174805507531147
69,Retail,1,3.9516225699459415,3.8828634015197148,-0.06875916842622676
72,Retail,1,2.40056597717942,2.4579998343488856,0.057433857169465696
74,Retail,1,3.970697470071218,2.9247341402581677,-1.0459633298130502
77,Retail,1,2.501584888583907,2.508758549070194,0.00717366048628687
84,Retail,1,2.111536191233065,2.0723363823683525,-0.039199808864712526
90,Retail,1,3.212137939364232,2.901991911920999,-0.31014602744323305
97,Retail,1,3.107970832812782,3.0480415012727065,-0.059929331540075736
98,Retail,1,3.088896095021928,3.0505526863593033,-0.03834340866262487
99,Retail,1,3.1507007454579243,3.1339431681928636,-0.016757577265060775
109,Retail,1,4.796165636718552,4.572367648123205,-0.22379798859534716
111,Retail,1,4.673310323769867,4.552292961445244,-0.1210173623246229
117,Retail,1,1.6147446776124956,1.5928395336345749,-0.02190514397792076
118,Retail,1,1.3996616197236582,1.4241970300198716,0.024535410296213422
120,Retail,1,1.590205309105996,1.60427271870142,0.014067409595424074
124,Retail,1,2.439396686929916,2.515762511530656,0.07636582460074015
126,Retail,1,5.35741997426128,4.945511631393538,-0.4119083428677417
130,Retail,1,3.5832607373307552,3.0966816365720633,-0.48657910075869193
144,Retail,1,3.098325164556581,3.1203325993980213,0.02200743484144052
149,Retail,1,2.7504630486960027,2.6463037664416778,-0.10415928225432491
150,Retail,1,3.5674270870402465,3.580909704982476,0.013482617942229602
160,Retail,1,2.088884998802002,2.1714920489176093,0.0826070501156071
164,Retail,1,2.0878247182267944,2.121858671950241,0.03403395372344642
166,Retail,1,3.0742581569146648,3.2313790345513502,0.15712087763668547
173,Retail,1,2.0344320176064943,1.94065233174984,-0.0937796858566542
186,Retail,1,1.9988973020270724,1.951048163842486,-0.04784913818458647
189,Retail,1,3.8619416760250846,3.7557530631156815,-0.10618861290940318
199,Retail,1,5.524269618738086,5.581054046183791,0.056784427445705
206,Retail,1,3.697296737699345,3.490041202768276,-0.20725553493106874
208,Retail,1,4.879290051527073,4.89993912896802,0.020649077440946684
209,Retail,1,2.9565640782505636,3.1282548000419927,0.1716907217914292
212,Retail,1,2.351523873589208,2.3749976858387876,0.023473812249579673
213,Retail,1,2.721461481896759,2.936898731713071,0.21543724981631174
220,Retail,1,3.487603082213645,4.005362505665706,0.5177594234520608
223,Retail,1,5.632521059295711,5.946816832622284,0.314295773326573
234,Retail,1,5.566811573251901,5.313175925119148,-0.25363564813275286
237,Retail,1,4.383398643403752,4.459003478335272,0.0756048349315197
244,Retail,1,2.9379274409627705,4.63195817016255,1.6940307291997794
245,Retail,1,2.906648172124192,2.3768423233749765,-0.5298058487492154
251,Retail,1,4.835703038568363,4.341673486971834,-0.4940295515965296
253,Retail,1,3.8918869499646886,3.869298469809715,-0.022588480154973833
258,Retail,1,4.301796579858591,4.487881698840388,0.18608511898179714
264,Retail,1,2.3521817884020426,2.2701365635795376,-0.08204522482250498
268,Retail,1,3.7771063112819245,3.8358781398366486,0.05877182855472407
269,Retail,1,2.869453662718338,3.0087503861957083,0.13929672347737032
270,Retail,1,2.9720654372259165,2.7896785479315938,-0.18238688929432278
273,Retail,1,2.9343252052754503,3.0629139659066946,0.12858876063124436
274,Retail,1,3.403555306517492,3.389549595550474,-0.014005710967018192
280,Retail,1,4.498978333738492,4.4535761691032505,-0.045402164635241604
283,Retail,1,2.290765385874406,2.418353406075093,0.1275880202006867
292,Retail,1,6.323155688732795,6.313971248605316,-0.009184440127478766
325,Retail,1,2.135362579460219,1.8470522744684197,-0.28831030499179944
329,Retail,1,3.3181610273586135,3.2530848314162104,-0.0650761959424031
330,Retail,1,3.5703316667367035,3.5673975934242215,-0.0029340733124820773
335,Retail,1,2.867945394751377,2.5159623135557068,-0.35198308119567034
337,Retail,1,3.84728819253424,3.958608790055628,0.11132059752138801
340,Retail,1,2.9515527399128088,2.9570194844442343,0.005466744531425594
345,Retail,1,2.3248748809041926,2.3209178202197376,-0.003957060684455005
356,Retail,1,3.0371616881716648,2.918645579384978,-0.11851610878668684
360,Retail,1,2.8363416516081266,2.8799358376343878,0.043594186026261195
363,Retail,1,2.656818357553643,2.6813686283085634,0.024550270754920334
364,Retail,1,2.709856789455338,2.739109460899804,0.029252671444466305
366,Retail,1,3.8140470239807263,3.104547811351937,-0.7094992126287893
369,Retail,1,3.2898504859061877,3.3623650268681367,0.07251454096194898
373,Retail,1,3.839532471123416,3.9418405255399103,0.10230805441649427
382,Retail,1,2.9805602834740013,2.9171129538651708,-0.06344732960883048
396,Retail,1,4.301465797462567,4.329259199040637,0.02779340157806942
400,Retail,1,2.7759834714594076,2.710083504728063,-0.06589996673134468
420,Retail,1,2.624444344577647,2.3160403472544697,-0.30840399732317714
425,Retail,1,2.2740720826484857,2.294812872692556,0.020740790044070145
427,Retail,1,2.8423200530566115,2.659934941135214,-0.1823851119213975
428,Retail,1,3.6030399220753715,3.328611867751037,-0.2744280543243347
432,Retail,1,2.4874982706479796,2.371706222341161,-0.11579204830681844
433,Retail,1,1.7128859810222974,1.893377321842337,0.1804913408200397
445,Retail,1,3.3309212733023164,3.3838623617314045,0.05294108842908818
446,Retail,1,2.8425952311255474,2.8905596970105867,0.04796446588503933
450,Retail,1,3.066624673441465,3.046326665999544,-0.020298007441920785
462,Retail,1,2.472908853492441,2.4930871567707067,0.02017830327826564
464,Retail,1,3.4412605341892712,3.300460098443727,-0.14080043574554413
468,Retail,1,3.738290623044069,3.622085833284002,-0.11620478976006687
471,Retail,1,7.994318521050442,8.127033518782934,0.13271499773249218
477,Retail,1,2.1321118154511636,2.374431882247677,0.24232006679651352
479,Retail,1,2.138775204135044,2.074875973716865,-0.06389923041817891
480,Retail,1,2.483960893391843,2.085123855047751,-0.3988370383440918
482,Retail,1,3.8839113941725136,3.6466140552230613,-0.23729733894945237
493,Retail,1,1.9135199443045816,1.9045895205575336,-0.008930423747048
497,Retail,1,4.758933337903189,4.8829204759955775,0.1239871380923887
505,Retail,1,1.9597212830787845,1.9853372202811577,0.025615937202373207
506,Retail,1,1.9378622979046658,2.013953363683928,0.07609106577926239
513,Retail,1,2.096810722918748,2.1256875425549033,0.028876819636155293
514,Retail,1,3.825709698657322,4.040483616785818,0.214773918128496
519,Retail,1,3.971603924318419,3.6869044824605295,-0.28469944185788965
523,Retail,1,3.626152898246049,3.2288899757902882,-0.39726292245576067
529,Retail,1,4.652439896306456,4.253706016248648,-0.39873388005780797
550,Retail,1,3.7059847330162654,3.65027564721684,-0.05570908579942557
555,Retail,1,2.6217046668303423,2.5889526259127638,-0.03275204091757855
558,Retail,1,2.9583082063989723,2.6522482267580125,-0.30605997964095977
560,Retail,1,2.7162622881371803,2.939560083226894,0.2232977950897137
586,Retail,1,5.444664434435385,5.578104108176232,0.1334396737408472
589,Retail,1,2.9744816172331308,2.696471807918717,-0.27800980931441366
591,Retail,1,3.3540744836099723,3.300868805419925,-0.0532056781900474
595,Retail,1,3.042495064834708,3.0421232083174403,-0.0003718565172676769
596,Retail,1,2.813796076950275,2.8726996430357152,0.05890356608544023
600,Retail,1,3.206523090577657,3.016032479703337,-0.19049061087432007
601,Retail,1,5.154355486913724,5.016378447913548,-0.13797703900017666
605,Retail,1,1.9434776934050324,1.9735016239354746,0.030023930530442167
609,Retail,1,3.462859047724711,3.3312721095227635,-0.13158693820194767
611,Retail,1,4.025413481281198,3.6387616741644906,-0.38665180711670777
614,Retail,1,5.663353643170614,5.512544973361641,-0.15080866980897323
615,Retail,1,4.2508711658696265,3.319912962579372,-0.9309582032902544
625,Retail,1,2.624730376747647,2.7034038176342667,0.07867344088661987
629,Retail,1,6.122158509422249,6.023884850599869,-0.09827365882238048
633,Retail,1,2.9008472259760376,2.8890953413809415,-0.01175188459509613
634,Retail,1,3.6636292583079495,3.5355641961772912,-0.12806506213065827
635,Retail,1,3.649299523714368,3.5502273443327454,-0.0990721793816225
642,Retail,1,3.6614809412846983,3.546747872839074,-0.11473306844562448
643,Retail,1,5.909901744256123,4.907669643284517,-1.0022321009716064
648,Retail,1,4.748330862863369,4.78710376450503,0.038772901641660695
649,Retail,1,2.361972797956094,2.68968763914119,0.3277148411850961
657,Retail,1,6.690373439774637,6.496169973730415,-0.19420346604422267
658,Retail,1,3.708262251349306,3.330849191554994,-0.3774130597943124
661,Retail,1,6.115272129003343,6.077485516321422,-0.03778661268192085
674,Retail,1,5.486006225531229,5.399461389386069,-0.08654483614516018
676,Retail,1,2.9409024928510954,3.0724654418099973,0.13156294895890186
683,Retail,1,5.865674135437478,6.162104339272873,0.29643020383539476
691,Retail,1,3.626000900159993,3.6122855396565696,-0.01371536050342348
694,Retail,1,2.4387398092390753,2.4996178525253914,0.060878043286316075
707,Retail,1,4.087897825560027,4.0887689600565125,0.0008711344964851264
717,Retail,1,3.260194381431597,2.8202691834919547,-0.43992519793964213
720,Retail,1,4.005087994064668,4.0753937816946495,0.07030578762998108
722,Retail,1,3.872842888232637,3.8163016387209074,-0.056541249511729674
726,Retail,1,5.539654485278018,4.556289276013081,-0.983365209264937
729,Retail,1,3.335645371438578,4.605486958726499,1.269841587287921
733,Retail,1,2.8897343522980083,2.822050969765243,-0.06768338253276518
734,Retail,1,2.7181002879118203,2.7445864748203856,0.0264861869085653
737,Retail,1,3.341749780135995,3.4322241180072255,0.09047433787123049
740,Retail,1,2.398000523312777,2.3030916859796426,-0.09490883733313416
744,Retail,1,1.9765553315550304,1.914341305083803,-0.062214026471227424
755,Retail,1,2.149471489843575,2.317416448860564,0.1679449590169888
765,Retail,1,5.654373712912973,5.372728660218868,-0.28164505269410434
769,Retail,1,7.965756238974709,7.624775973497063,-0.34098026547764615
773,Retail,1,3.877572899460649,3.8659890301814004,-0.011583869279248482
778,Retail,1,2.832827418357515,3.8391302538941114,1.0063028355365966
779,Retail,1,4.01227971074826,4.02636515198609,0.014085441237829954
784,Retail,1,3.091402978225277,3.080417451698356,-0.010985526526921419
791,Retail,1,3.223529175304731,3.2724201790183054,0.04889100371357458
798,Retail,1,2.963110643767915,2.945726156053781,-0.01738448771413381
799,Retail,1,5.054763462651228,2.6024697349761152,-2.4522937276751127
801,Retail,1,4.072340467175893,3.379419868818892,-0.6929205983570013
804,Retail,1,3.014945570918149,2.9812467398330136,-0.033698831085135605
805,Retail,1,2.7552427401345403,2.759026095795966,0.0037833556614255137
816,Retail,1,3.950895259567149,3.966131935187864,0.015236675620714735
819,Retail,1,3.0638545882457535,3.0471246452845784,-0.016729942961175137
830,Retail,1,4.1972044825871,4.000034563583443,-0.19716991900365688
832,Retail,1,4.0901739715199685,4.164991469447199,0.07481749792723047
837,Retail,1,3.7555433249515646,3.844906184815129,0.08936285986356429
843,Retail,1,4.054677333392288,4.558220062664754,0.5035427292724659
848,Retail,1,1.241742672853042,1.0973265418381843,-0.14441613101485773
859,Retail,1,2.1497189793141036,2.104029617874282,-0.045689361439821496
861,Retail,1,2.851434453465016,2.790257112324099,-0.06117734114091711
864,Retail,1,2.8187807182220896,2.792435847401723,-0.02634487082036685
866,Retail,1,3.7980491396047533,3.9306427706940394,0.13259363108928612
875,Retail,1,5.747832165415646,5.6359332407084555,-0.11189892470719087
878,Retail,1,1.7971099206353847,1.7678482797617199,-0.029261640873664785
879,Retail,1,4.857614403466086,4.8719681617920685,0.014353758325982291
887,Retail,1,3.128671141137878,3.4670123317274957,0.33834119058961765
903,Retail,1,3.1567756552834756,1.970945784031122,-1.1858298712523536
907,Retail,1,4.135919825128922,3.9103909519923885,-0.22552887313653347
909,Retail,1,3.328537972241618,3.3502299966810387,0.021692024439420532
912,Retail,1,3.514357830230157,3.5083665810180573,-0.005991249212099703
915,Retail,1,3.7324313718977957,3.8114835916052625,0.07905221970746679
920,Retail,1,2.687158341941337,2.690540118692086,0.0033817767507486884
927,Retail,1,2.751681505666836,2.780706726521878,0.02902522085504211
929,Retail,1,2.898882952455717,2.8838481180356106,-0.015034834420106336
930,Retail,1,2.761528861829024,2.8921408497003944,0.13061198787137052
935,Retail,1,3.383331833072506,3.3213753503510914,-0.06195648272141474
938,Retail,1,2.244249956594005,2.293497333819387,0.049247377225382305
941,Retail,1,3.153310285339737,3.163835652362221,0.010525367022483856
944,Retail,1,2.6043056251421683,2.602337007165597,-0.0019686179765714407
947,Retail,1,2.5999390736247268,2.5697428431662193,-0.0301962304585075
957,Retail,1,2.48842451789607,2.190710273025958,-0.2977142448701122
963,Retail,1,3.1180736219761815,3.1464962799540355,0.028422657977853927
978,Retail,1,2.4687904630420023,2.2019781256486617,-0.26681233739334065
979,Retail,1,1.8390986730928591,1.863851527028872,0.024752853936012897
980,Retail,1,3.260277090672285,2.872210249353831,-0.38806684131845426
981,Retail,1,2.4049802204849984,3.0917090999281394,0.686728879443141
986,Retail,1,3.4978808715210405,1.628842065076407,-1.8690388064446335
989,Retail,1,2.3225835849295247,2.3894126253262247,0.06682904039670001
997,Retail,1,4.240774528182572,4.209534756826278,-0.031239771356294632
1000,Retail,1,4.902552424745623,4.747233811176027,-0.15531861356959542
1011,Retail,1,2.979110139663664,3.0249861379796497,0.045875998315985544
1013,Retail,1,2.0876506073045156,2.0215891636542453,-0.06606144365027022
1016,Retail,1,2.110186791424348,2.1500107535602977,0.03982396213594974
1018,Retail,1,4.431324649489095,4.168813244392817,-0.26251140509627824
1024,Retail,1,2.873830729064091,2.670863724307739,-0.20296700475635232
1027,Retail,1,4.601372594073455,3.648963399855243,-0.952409194218212
1033,Retail,1,2.333201323745514,2.75815198240752,0.4249506586620062
1037,Retail,1,2.5602124287627666,2.5605003707731977,0.0002879420104311414
1041,Retail,1,2.492820010485513,2.496613270388342,0.0037932599028289715
1042,Retail,1,3.178119577664945,3.2358908875372503,0.05777130987230539
1061,Retail,1,3.241936334696209,3.3413852601129803,0.09944892541677142
1065,Retail,1,2.479475708168281,2.4982201929714165,0.01874448480313573
1067,Retail,1,3.378637851279758,3.388832946814567,0.010195095534808907
1079,Retail,1,1.8520821147072348,1.8103442299218215,-0.04173788478541329
1087,Retail,1,3.425341013395143,3.445146118286141,0.01980510489099796
1092,Retail,1,4.146084484677459,4.232190913131211,0.0861064284537516
1094,Retail,1,4.423250413555068,4.409569912528918,-0.01368050102615026
1108,Retail,1,2.888649793428822,3.730763546888244,0.8421137534594219
1114,Retail,1,1.8902972215485807,1.7919338106220388,-0.09836341092654188
1117,Retail,1,2.9071303305480356,2.7889477292829143,-0.11818260126512126
1118,Retail,1,2.4544878344661027,2.271611088675818,-0.1828767457902849
1120,Retail,1,3.0612122097587893,3.0191253595963063,-0.042086850162482925
1124,Retail,1,2.4527769601164646,2.4813448246241148,0.028567864507650143
1126,Retail,1,4.577611972526568,4.316053472743575,-0.2615584997829927
1134,Retail,1,3.7583911575623294,3.6918529891583773,-0.0665381684039521
1136,Retail,1,1.7866849748890008,1.4325090500465774,-0.35417592484242344
1138,Retail,1,4.680866836335059,4.518935101442766,-0.16193173489229284
1146,Retail,1,3.0061343668022387,3.1339247604446876,0.12779039364244893
1150,Retail,1,5.1168379856569715,5.203485509742404,0.08664752408543297
1159,Retail,1,2.585435546367386,2.4706699996872885,-0.11476554668009742
1161,Retail,1,2.8518771942997097,2.9037767892424893,0.051899594942779625
1164,Retail,1,3.327986078945414,3.4174155369383565,0.08942945799294266
1169,Retail,1,7.107111314100368,7.2540081385272845,0.14689682442691687
1184,Retail,1,3.0391189616617327,2.980581963805885,-0.05853699785584787
1185,Retail,1,4.879059520528977,4.4215710917183895,-0.4574884288105876
1186,Retail,1,2.807697970164683,2.3334294857433466,-0.4742684844213363
1187,Retail,1,2.455523630060305,2.434374858527219,-0.02114877153308603
1192,Retail,1,4.064638991808154,3.908771621800235,-0.15586737000791917
1197,Retail,1,5.681437990943717,5.068324945973664,-0.6131130449700528
1208,Retail,1,3.941800344760172,3.374295555450872,-0.5675047893093002
1214,Retail,1,5.899445556064144,5.91077326650714,0.011327710442995631
1218,Retail,1,7.277110125889763,6.322084062305385,-0.9550260635843779
1221,Retail,1,4.5127957830758785,4.490233701584802,-0.022562081491076746
1224,Retail,1,4.357493441619454,4.198939217287851,-0.1585542243316027
1228,Retail,1,3.3879150421168367,3.370417372098507,-0.017497670018329803
1232,Retail,1,3.177009512766916,3.2434498627082333,0.06644034994131731
2,Retail,2,5.0180255984498485,4.104350731386999,-0.9136748670628494
5,Retail,2,3.2153929194574857,3.1133698741655538,-0.10202304529193196
12,Retail,2,2.4274717225890354,2.471310044759538,0.043838322170502764
21,Retail,2,5.385291023395427,5.60510325432421,0.21981223092878288
25,Retail,2,3.1280683465504593,3.0362245390354197,-0.09184380751503962
36,Retail,2,2.0050709603263517,1.7929242117884054,-0.21214674853794624
37,Retail,2,2.215943257811017,1.9354635763254846,-0.2804796814855326
49,Retail,2,3.485027824405078,2.5669988511012223,-0.9180289733038558
53,Retail,2,2.599107436156495,2.6865195474554677,0.08741211129897275
56,Retail,2,2.0459128925750565,2.0346312462564233,-0.011281646318633154
64,Retail,2,6.203475238789368,3.0862132664979085,-3.1172619722914594
67,Retail,2,2.8641318796050084,2.903998795927114,0.039866916322105705
69,Retail,2,3.9516225699459415,3.8784443866484173,-0.07317818329752424
72,Retail,2,2.40056597717942,2.533080494232152,0.1325145170527322
74,Retail,2,3.970697470071218,4.115151657734135,0.14445418766291684
77,Retail,2,2.501584888583907,2.518749875929612,0.01716498734570493
84,Retail,2,2.111536191233065,2.053094846208666,-0.058441345024399016
90,Retail,2,3.212137939364232,2.899050703202165,-0.31308723616206713
97,Retail,2,3.107970832812782,2.9923143996630865,-0.11565643314969565
98,Retail,2,3.088896095021928,3.0251764043232487,-0.06371969069867944
99,Retail,2,3.1507007454579243,3.1113407367201753,-0.03936000873774903
109,Retail,2,4.796165636718552,4.4157620351275355,-0.3804036015910164
111,Retail,2,4.673310323769867,4.431427334142304,-0.2418829896275625
117,Retail,2,1.6147446776124956,1.553859838397462,-0.060884839215033626
118,Retail,2,1.3996616197236582,1.454723056187767,0.05506143646410888
120,Retail,2,1.590205309105996,1.6298977201899012,0.0396924110839052
124,Retail,2,2.439396686929916,2.5855531360778667,0.14615644914795078
126,Retail,2,5.35741997426128,4.256834248505587,-1.1005857257556926
130,Retail,2,3.5832607373307552,2.9824125992957686,-0.6008481380349866
144,Retail,2,3.098325164556581,3.1547473532110812,0.05642218865450044
149,Retail,2,2.7504630486960027,2.587123954288281,-0.16333909440772176
150,Retail,2,3.5674270870402465,3.595999448322738,0.02857236128249152
160,Retail,2,2.088884998802002,2.274951856966477,0.18606685816447488
164,Retail,2,2.0878247182267944,2.174107942490668,0.08628322426387358
166,Retail,2,3.0742581569146648,3.3483828754082365,0.2741247184935718
173,Retail,2,2.0344320176064943,2.068002739575502,0.03357072196900779
186,Retail,2,1.9988973020270724,1.9161376106864199,-0.08275969134065253
189,Retail,2,3.8619416760250846,3.648300875566898,-0.21364080045818667
199,Retail,2,5.524269618738086,5.666377782319362,0.14210816358127598
206,Retail,2,3.697296737699345,3.5197547108219354,-0.1775420268774095
208,Retail,2,4.879290051527073,4.9194325312375105,0.04014247971043705
209,Retail,2,2.9565640782505636,3.0586656625053426,0.102101584254779
212,Retail,2,2.351523873589208,2.4323546383445454,0.08083076475533746
213,Retail,2,2.721461481896759,3.083181910583777,0.3617204286870179
220,Retail,2,3.487603082213645,5.247759931047422,1.7601568488337769
223,Retail,2,5.632521059295711,5.877184755256476,0.24466369596076465
234,Retail,2,5.566811573251901,5.06956181999599,-0.49724975325591014
237,Retail,2,4.383398643403752,4.54180552868126,0.15840688527750757
244,Retail,2,2.9379274409627705,4.612720665124259,1.6747932241614887
245,Retail,2,2.906648172124192,2.410163412897873,-0.49648475922631885
251,Retail,2,4.835703038568363,3.6154575810064027,-1.2202454575619606
253,Retail,2,3.8918869499646886,3.833245719864456,-0.05864123010023281
258,Retail,2,4.301796579858591,4.720401196686495,0.4186046168279045
264,Retail,2,2.3521817884020426,2.450211581154811,0.09802979275276824
268,Retail,2,3.7771063112819245,3.882654876469811,0.10554856518788647
269,Retail,2,2.869453662718338,3.128155458701886,0.2587017959835478
270,Retail,2,2.9720654372259165,2.8104313474788043,-0.16163408974711224
273,Retail,2,2.9343252052754503,3.1919770612467047,0.2576518559712544
274,Retail,2,3.403555306517492,3.4315604354997635,0.028005128982271366
280,Retail,2,4.498978333738492,3.28653948574218,-1.212438847996312
283,Retail,2,2.290765385874406,2.551404738615882,0.26063935274147587
292,Retail,2,6.323155688732795,5.044246444721761,-1.2789092440110341
325,Retail,2,2.135362579460219,1.5041828602919782,-0.6311797191682409
329,Retail,2,3.3181610273586135,3.1634142858126557,-0.1547467415459578
330,Retail,2,3.5703316667367035,3.56111286629472,-0.009218800441983532
335,Retail,2,2.867945394751377,3.023068750220557,0.15512335546918
337,Retail,2,3.84728819253424,4.098940477465085,0.2516522849308451
340,Retail,2,2.9515527399128088,2.989471471148291,0.037918731235482284
345,Retail,2,2.3248748809041926,2.326112572607873,0.001237691703680266
356,Retail,2,3.0371616881716648,2.8778927236301057,-0.15926896454155903
360,Retail,2,2.8363416516081266,2.9323913132225856,0.09604966161445905
363,Retail,2,2.656818357553643,2.7022608743142804,0.045442516760637375
364,Retail,2,2.709856789455338,2.758574511327473,0.0487177218721353
366,Retail,2,3.8140470239807263,2.748631710872055,-1.0654153131086712
369,Retail,2,3.2898504859061877,3.41410141501278,0.12425092910659252
373,Retail,2,3.839532471123416,4.024443352843598,0.18491088172018166
382,Retail,2,2.9805602834740013,2.815954085667536,-0.16460619780646546
396,Retail,2,4.301465797462567,4.349230826593914,0.04776502913134628
400,Retail,2,2.7759834714594076,2.6258824296706638,-0.15010104178874384
420,Retail,2,2.624444344577647,2.267255449923309,-0.357188894654338
425,Retail,2,2.2740720826484857,2.3167519354665327,0.04267985281804698
427,Retail,2,2.8423200530566115,2.515952165457146,-0.32636788759946533
428,Retail,2,3.6030399220753715,3.119706072511339,-0.48333384956403247
432,Retail,2,2.4874982706479796,2.280360830106396,-0.20713744054158356
433,Retail,2,1.7128859810222974,3.073903891800687,1.3610179107783897
445,Retail,2,3.3309212733023164,3.357711857979348,0.02679058467703177
446,Retail,2,2.8425952311255474,2.92307536076932,0.08048012964377271
450,Retail,2,3.066624673441465,3.0308890994952065,-0.03573557394625837
462,Retail,2,2.472908853492441,2.50999263691582,0.037083783423379035
464,Retail,2,3.4412605341892712,3.1668474439588827,-0.2744130902303885
468,Retail,2,3.738290623044069,3.5188173729521717,-0.21947325009189722
471,Retail,2,7.994318521050442,8.092618497734412,0.09829997668397006
477,Retail,2,2.1321118154511636,2.4058862014176015,0.2737743859664379
479,Retail,2,2.138775204135044,2.0479707618020244,-0.09080444233301943
480,Retail,2,2.483960893391843,2.355905612472025,-0.12805528091981788
482,Retail,2,3.8839113941725136,2.1553729893294413,-1.7285384048430723
493,Retail,2,1.9135199443045816,2.8748969016971175,0.9613769573925359
497,Retail,2,4.758933337903189,3.1754780946883154,-1.5834552432148734
505,Retail,2,1.9597212830787845,2.015061104333221,0.05533982125443648
506,Retail,2,1.9378622979046658,2.075537383214101,0.13767508530943529
513,Retail,2,2.096810722918748,2.1530270701030334,0.056216347184285365
514,Retail,2,3.825709698657322,4.1277024642368865,0.30199276557956445
519,Retail,2,3.971603924318419,3.5474898421269883,-0.4241140821914309
523,Retail,2,3.626152898246049,3.0753986675962923,-0.5507542306497566
529,Retail,2,4.652439896306456,3.8816763348952064,-0.7707635614112496
550,Retail,2,3.7059847330162654,3.61786796072421,-0.0881167722920555
555,Retail,2,2.6217046668303423,2.557191374680762,-0.06451329214958035
558,Retail,2,2.9583082063989723,2.602196745582354,-0.3561114608166185
560,Retail,2,2.7162622881371803,2.9349574094102264,0.21869512127304613
586,Retail,2,5.444664434435385,5.631625856982582,0.1869614225471974
589,Retail,2,2.9744816172331308,2.6604137156519245,-0.31406790158120623
591,Retail,2,3.3540744836099723,3.2390170873836213,-0.11505739622635103
595,Retail,2,3.042495064834708,3.062593378239198,0.020098313404489865
596,Retail,2,2.813796076950275,2.9288316386127367,0.11503556166246165
600,Retail,2,3.206523090577657,2.999571518761133,-0.20695157181652402
601,Retail,2,5.154355486913724,4.888387871114264,-0.26596761579946016
605,Retail,2,1.9434776934050324,1.9995088850623304,0.056031191657297974
609,Retail,2,3.462859047724711,3.26694434281933,-0.19591470490538132
611,Retail,2,4.025413481281198,3.2533028892170472,-0.7721105920641511
614,Retail,2,5.663353643170614,4.394991194591716,-1.2683624485788982
615,Retail,2,4.2508711658696265,2.5575696547586935,-1.693301511110933
625,Retail,2,2.624730376747647,2.7844431499411253,0.15971277319347843
629,Retail,2,6.122158509422249,5.969018314151934,-0.15314019527031508
633,Retail,2,2.9008472259760376,2.8827869499728473,-0.018060276003190268
634,Retail,2,3.6636292583079495,3.202402043520166,-0.4612272147877836
635,Retail,2,3.649299523714368,3.348806123356428,-0.30049340035794003
642,Retail,2,3.6614809412846983,3.356355119353752,-0.3051258219309463
643,Retail,2,5.909901744256123,3.5889515295446723,-2.3209502147114507
648,Retail,2,4.748330862863369,4.788424560568922,0.0400936977055526
649,Retail,2,2.361972797956094,3.132698041493849,0.770725243537755
657,Retail,2,6.690373439774637,6.248102308636072,-0.44227113113856564
658,Retail,2,3.708262251349306,3.055583935133142,-0.6526783162161642
661,Retail,2,6.115272129003343,5.905247229516964,-0.21002489948637937
674,Retail,2,5.486006225531229,5.279155666701035,-0.20685055883019388
676,Retail,2,2.9409024928510954,3.253013115912408,0.31211062306131243
683,Retail,2,5.865674135437478,4.221176045249898,-1.6444980901875805
691,Retail,2,3.626000900159993,3.6954582925956494,0.0694573924356563
694,Retail,2,2.4387398092390753,2.5564820664587153,0.11774225721964005
707,Retail,2,4.087897825560027,4.132355585862937,0.04445776030290993
717,Retail,2,3.260194381431597,2.7406413166911294,-0.5195530647404674
720,Retail,2,4.005087994064668,4.139037248798173,0.13394925473350483
722,Retail,2,3.872842888232637,3.763539692895458,-0.10930319533717903
726,Retail,2,5.539654485278018,3.4488781141120604,-2.090776371165958
729,Retail,2,3.335645371438578,3.362452408718652,0.026807037280073942
733,Retail,2,2.8897343522980083,2.7866964674237846,-0.10303788487422372
734,Retail,2,2.7181002879118203,2.731398590143323,0.013298302231502745
737,Retail,2,3.341749780135995,3.3791947161638403,0.037444936027845266
740,Retail,2,2.398000523312777,3.3759929876642936,0.9779924643515168
744,Retail,2,1.9765553315550304,1.8950454753956514,-0.081509856159379
755,Retail,2,2.149471489843575,2.45407131263066,0.30459982278708475
765,Retail,2,5.654373712912973,5.1296643145431915,-0.5247093983697813
769,Retail,2,7.965756238974709,7.169698446157381,-0.7960577928173285
773,Retail,2,3.877572899460649,3.8486834674577075,-0.028889432002941362
778,Retail,2,2.832827418357515,3.86115268855196,1.0283252701944452
779,Retail,2,4.01227971074826,4.0457398310657915,0.03346012031753176
784,Retail,2,3.091402978225277,3.0546748649827222,-0.03672811324255498
791,Retail,2,3.223529175304731,3.3494344421984072,0.12590526689367643
798,Retail,2,2.963110643767915,3.152549406502991,0.18943876273507598
799,Retail,2,5.054763462651228,2.5843440499966213,-2.4704194126546066
801,Retail,2,4.072340467175893,3.1821287210000424,-0.8902117461758507
804,Retail,2,3.014945570918149,3.0095786022500537,-0.005366968668095495
805,Retail,2,2.7552427401345403,2.796740304104495,0.041497563969954854
816,Retail,2,3.950895259567149,3.991524169667979,0.040628910100829696
819,Retail,2,3.0638545882457535,3.095943375444367,0.0320887871986133
830,Retail,2,4.1972044825871,3.951144811603025,-0.24605967098407522
832,Retail,2,4.0901739715199685,4.261465589730467,0.17129161821049887
837,Retail,2,3.7555433249515646,3.9055633299576753,0.15002000500611068
843,Retail,2,4.054677333392288,3.7869598016199535,-0.26771753177233437
848,Retail,2,1.241742672853042,1.0518043780914677,-0.18993829476157442
859,Retail,2,2.1497189793141036,2.0537454547980944,-0.09597352451600916
861,Retail,2,2.851434453465016,2.886430249952937,0.03499579648792084
864,Retail,2,2.8187807182220896,3.4957125139246608,0.6769317957025711
866,Retail,2,3.7980491396047533,3.9603757705154394,0.1623266309106861
875,Retail,2,5.747832165415646,5.49287523387298,-0.2549569315426661
878,Retail,2,1.7971099206353847,1.8619155861207892,0.06480566548540456
879,Retail,2,4.857614403466086,4.236841574439446,-0.6207728290266399
887,Retail,2,3.128671141137878,3.613036346756804,0.4843652056189258
903,Retail,2,3.1567756552834756,2.498449486935384,-0.6583261683480917
907,Retail,2,4.135919825128922,3.5662283331325613,-0.5696914919963607
909,Retail,2,3.328537972241618,3.3136740713873314,-0.014863900854286793
912,Retail,2,3.514357830230157,3.4637242825183066,-0.05063354771185047
915,Retail,2,3.7324313718977957,3.8879698139625067,0.155538442064711
920,Retail,2,2.687158341941337,2.767929285007363,0.08077094306602595
927,Retail,2,2.751681505666836,2.8330318201570224,0.08135031449018637
929,Retail,2,2.898882952455717,2.9110738581388462,0.012190905683129305
930,Retail,2,2.761528861829024,1.6234106562421715,-1.1381182055868524
935,Retail,2,3.383331833072506,3.2679404838498765,-0.11539134922262972
938,Retail,2,2.244249956594005,2.337984396327376,0.09373443973337103
941,Retail,2,3.153310285339737,3.1767791704567596,0.02346888511702261
944,Retail,2,2.6043056251421683,2.607253176512155,0.0029475513699868117
947,Retail,2,2.5999390736247268,2.540399638799175,-0.059539434825551574
957,Retail,2,2.48842451789607,2.0195541693655272,-0.468870348530543
963,Retail,2,3.1180736219761815,3.1780525830780126,0.059978961101831096
978,Retail,2,2.4687904630420023,2.0978186347608867,-0.37097182828111563
979,Retail,2,1.8390986730928591,1.8932180915277317,0.05411941843487256
980,Retail,2,3.260277090672285,2.558392132788357,-0.7018849578839279
981,Retail,2,2.4049802204849984,4.035942611295368,1.6309623908103692
986,Retail,2,3.4978808715210405,1.6263964279525076,-1.871484443568533
989,Retail,2,2.3225835849295247,2.4269162080024014,0.10433262307287672
997,Retail,2,4.240774528182572,4.120878837633423,-0.11989569054914906
1000,Retail,2,4.902552424745623,4.594295950064397,-0.30825647468122597
1011,Retail,2,2.979110139663664,3.4353039836159054,0.4561938439522413
1013,Retail,2,2.0876506073045156,1.9567858046921374,-0.1308648026123782
1016,Retail,2,2.110186791424348,2.1931850504257144,0.08299825900136648
1018,Retail,2,4.431324649489095,3.9567991587062363,-0.4745254907828591
1024,Retail,2,2.873830729064091,2.448613019208823,-0.4252177098552683
1027,Retail,2,4.601372594073455,3.3301518582345606,-1.2712207358388943
1033,Retail,2,2.333201323745514,1.408962716077271,-0.9242386076682427
1037,Retail,2,2.5602124287627666,2.5614282472858605,0.0012158185230939367
1041,Retail,2,2.492820010485513,2.478435605820059,-0.014384404665453765
1042,Retail,2,3.178119577664945,3.2877341683793597,0.10961459071441482
1061,Retail,2,3.241936334696209,3.4035634465113436,0.16162711181513467
1065,Retail,2,2.479475708168281,2.6565899451546127,0.17711423698633189
1067,Retail,2,3.378637851279758,3.4056509259133816,0.027013074633623457
1079,Retail,2,1.8520821147072348,1.5841897537986722,-0.2678923609085626
1087,Retail,2,3.425341013395143,3.4614690650095463,0.036128051614403134
1092,Retail,2,4.146084484677459,4.29163789251351,0.14555340783605075
1094,Retail,2,4.423250413555068,4.383845894318295,-0.039404519236772906
1108,Retail,2,2.888649793428822,4.19611133792862,1.3074615444997981
1114,Retail,2,1.8902972215485807,1.7830518521770764,-0.1072453693715043
1117,Retail,2,2.9071303305480356,2.7446687196290553,-0.16246161091898026
1118,Retail,2,2.4544878344661027,2.1653311617641546,-0.2891566727019481
1120,Retail,2,3.0612122097587893,3.0100290334214517,-0.0511831763373376
1124,Retail,2,2.4527769601164646,2.5032449347308066,0.05046797461434194
1126,Retail,2,4.577611972526568,4.131105113477011,-0.4465068590495571
1134,Retail,2,3.7583911575623294,3.6177364968799655,-0.14065466068236399
1136,Retail,2,1.7866849748890008,1.621155604788771,-0.16552937010022983
1138,Retail,2,4.680866836335059,4.192718349052066,-0.4881484872829933
1146,Retail,2,3.0061343668022387,3.1687087338568602,0.16257436705462158
1150,Retail,2,5.1168379856569715,5.177096855277245,0.060258869620273714
1159,Retail,2,2.585435546367386,1.4965771943632316,-1.0888583520041544
1161,Retail,2,2.8518771942997097,2.9581056904815766,0.10622849618186692
1164,Retail,2,3.327986078945414,3.4754807569926554,0.14749467804724148
1169,Retail,2,7.107111314100368,7.261727078348219,0.1546157642478514
1184,Retail,2,3.0391189616617327,3.0432627307720574,0.004143769110324769
1185,Retail,2,4.879059520528977,4.148375859052006,-0.730683661476971
1186,Retail,2,2.807697970164683,2.2345048692267357,-0.5731931009379472
1187,Retail,2,2.455523630060305,2.5912783061974984,0.13575467613719328
1192,Retail,2,4.064638991808154,3.8220798985651916,-0.24255909324296265
1197,Retail,2,5.681437990943717,3.467328080345988,-2.2141099105977293
1208,Retail,2,3.941800344760172,3.2674840187434246,-0.6743163260167475
1214,Retail,2,5.899445556064144,5.87589435670513,-0.023551199359014063
1218,Retail,2,7.277110125889763,4.846505658098518,-2.4306044677912446
1221,Retail,2,4.5127957830758785,4.445789630696316,-0.06700615237956242
1224,Retail,2,4.357493441619454,3.7619335095557664,-0.5955599320636873
1228,Retail,2,3.3879150421168367,3.3472617058880987,-0.04065333622873801
1232,Retail,2,3.177009512766916,3.108130405369324,-0.06887910739759207
2,Retail,3,5.0180255984498485,3.85604383475184,-1.1619817636980083
5,Retail,3,3.2153929194574857,3.0737988569618864,-0.14159406249559936
12,Retail,3,2.4274717225890354,2.5188255966329933,0.0913538740439579
21,Retail,3,5.385291023395427,5.724114428869905,0.33882340547447765
25,Retail,3,3.1280683465504593,3.0128300854170886,-0.11523826113337066
36,Retail,3,2.0050709603263517,1.9297221381860665,-0.07534882214028515
37,Retail,3,2.215943257811017,1.8799643220094602,-0.335978935801557
49,Retail,3,3.485027824405078,2.2100050776409166,-1.2750227467641615
53,Retail,3,2.599107436156495,2.7389001140586666,0.13979267790217165
56,Retail,3,2.0459128925750565,2.023883884825403,-0.022029007749653662
64,Retail,3,6.203475238789368,3.3843865772927937,-2.819088661496574
67,Retail,3,2.8641318796050084,2.9206188115244376,0.05648693191942922
69,Retail,3,3.9516225699459415,3.862380486954685,-0.08924208299125658
72,Retail,3,2.40056597717942,2.6023369519478665,0.20177097476844663
74,Retail,3,3.970697470071218,3.987068004960122,0.016370534888904054
77,Retail,3,2.501584888583907,2.530867497817809,0.029282609233901802
84,Retail,3,2.111536191233065,2.0564789483470856,-0.05505724288597946
90,Retail,3,3.212137939364232,2.908347403318092,-0.30379053604614015
97,Retail,3,3.107970832812782,2.9089889313960753,-0.1989819014167069
98,Retail,3,3.088896095021928,3.0101528956224586,-0.07874319939946961
99,Retail,3,3.1507007454579243,3.0978668642235396,-0.052833881234384705
109,Retail,3,4.796165636718552,4.289173657449316,-0.5069919792692357
111,Retail,3,4.673310323769867,4.319420898550597,-0.35388942521927014
117,Retail,3,1.6147446776124956,1.5232143462419057,-0.09153033137058997
118,Retail,3,1.3996616197236582,1.4839183657552772,0.08425674603161903
120,Retail,3,1.590205309105996,1.666733756437008,0.07652844733101194
124,Retail,3,2.439396686929916,2.624653984695514,0.18525729776559796
126,Retail,3,5.35741997426128,3.687364617361169,-1.6700553569001109
130,Retail,3,3.5832607373307552,2.962237030379816,-0.6210237069509392
144,Retail,3,3.098325164556581,3.2055557654795246,0.10723060092294379
149,Retail,3,2.7504630486960027,2.5477831825295256,-0.20267986616647704
150,Retail,3,3.5674270870402465,3.611409937011592,0.043982849971345495
160,Retail,3,2.088884998802002,2.4069963707922355,0.3181113719902333
164,Retail,3,2.0878247182267944,2.247119032065111,0.15929431383831671
166,Retail,3,3.0742581569146648,3.4377766707066266,0.3635185137919619
173,Retail,3,2.0344320176064943,2.2214182390117685,0.1869862214052742
186,Retail,3,1.9988973020270724,1.8916447806936876,-0.10725252133338481
189,Retail,3,3.8619416760250846,3.5677242503378492,-0.2942174256872354
199,Retail,3,5.524269618738086,5.801366153007246,0.2770965342691598
206,Retail,3,3.697296737699345,3.6593634771636556,-0.03793326053568924
208,Retail,3,4.879290051527073,4.937880668489408,0.05859061696233425
209,Retail,3,2.9565640782505636,3.0444414089534586,0.08787733070289505
212,Retail,3,2.351523873589208,2.5050515534882303,0.15352767989902238
213,Retail,3,2.721461481896759,3.1696176537616307,0.44815617186487167
220,Retail,3,3.487603082213645,5.249688019873881,1.7620849376602363
223,Retail,3,5.632521059295711,5.99950807455378,0.36698701525806854
234,Retail,3,5.566811573251901,4.924428168908743,-0.6423834043431578
237,Retail,3,4.383398643403752,3.245330596908758,-1.1380680464949942
244,Retail,3,2.9379274409627705,4.398363616401227,1.4604361754384563
245,Retail,3,2.906648172124192,2.5256005738206255,-0.3810475983035664
251,Retail,3,4.835703038568363,3.4652769259678395,-1.3704261126005237
253,Retail,3,3.8918869499646886,3.751271727129357,-0.14061522283533145
258,Retail,3,4.301796579858591,4.6417321707257635,0.3399355908671726
264,Retail,3,2.3521817884020426,2.6239328552898447,0.27175106688780204
268,Retail,3,3.7771063112819245,3.936344342295458,0.1592380310135333
269,Retail,3,2.869453662718338,3.2392450545189346,0.3697913918005966
270,Retail,3,2.9720654372259165,2.9009638578562376,-0.07110157936967898
273,Retail,3,2.9343252052754503,3.404663677871266,0.47033847259581574
274,Retail,3,3.403555306517492,3.5321719832726126,0.12861667675512045
280,Retail,3,4.498978333738492,3.316255014232819,-1.1827233195056732
283,Retail,3,2.290765385874406,2.7070621522693585,0.4162967663949524
292,Retail,3,6.323155688732795,2.469733897843663,-3.853421790889132
325,Retail,3,2.135362579460219,1.4215054865834915,-0.7138570928767276
329,Retail,3,3.3181610273586135,3.041879423750492,-0.2762816036081217
330,Retail,3,3.5703316667367035,3.551837121185524,-0.018494545551179353
335,Retail,3,2.867945394751377,3.1087326162071793,0.24078722145580223
337,Retail,3,3.84728819253424,4.239748813117671,0.3924606205834307
340,Retail,3,2.9515527399128088,3.037159415252952,0.08560667534014321
345,Retail,3,2.3248748809041926,2.3310631339107366,0.00618825300654402
356,Retail,3,3.0371616881716648,2.8793152848099237,-0.15784640336174105
360,Retail,3,2.8363416516081266,2.97300413678863,0.1366624851805036
363,Retail,3,2.656818357553643,2.7201090290498877,0.06329067149624468
364,Retail,3,2.709856789455338,2.7978672908846285,0.08801050142929068
366,Retail,3,3.8140470239807263,2.308452842875169,-1.505594181105557
369,Retail,3,3.2898504859061877,3.454006431148861,0.16415594524267352
373,Retail,3,3.839532471123416,4.086656859184701,0.24712438806128478
382,Retail,3,2.9805602834740013,2.6933587505456122,-0.287201532928389
396,Retail,3,4.301465797462567,4.362107326171694,0.060641528709126646
400,Retail,3,2.7759834714594076,2.5458746421674725,-0.2301088292919351
420,Retail,3,2.624444344577647,2.262392843033968,-0.3620515015436787
425,Retail,3,2.2740720826484857,2.3385670003375507,0.06449491768906501
427,Retail,3,2.8423200530566115,2.416418000079334,-0.42590205297727746
428,Retail,3,3.6030399220753715,2.9753620890949435,-0.627677832980428
432,Retail,3,2.4874982706479796,2.2245606477624165,-0.2629376228855631
433,Retail,3,1.7128859810222974,3.84126169764395,2.128375716621653
445,Retail,3,3.3309212733023164,3.284440147659627,-0.046481125642689136
446,Retail,3,2.8425952311255474,2.9449717452959963,0.1023765141704489
450,Retail,3,3.066624673441465,3.0196886837793686,-0.04693598966209622
462,Retail,3,2.472908853492441,2.5504880739917684,0.0775792204993273
464,Retail,3,3.4412605341892712,3.214171664443726,-0.2270888697455451
468,Retail,3,3.738290623044069,3.427939753592449,-0.3103508694516197
471,Retail,3,7.994318521050442,7.577008484479979,-0.41731003657046273
477,Retail,3,2.1321118154511636,2.462118141072213,0.33000632562104926
479,Retail,3,2.138775204135044,3.066776766438653,0.9280015623036091
480,Retail,3,2.483960893391843,2.3579034623549746,-0.12605743103686828
482,Retail,3,3.8839113941725136,2.1819846134851235,-1.7019267806873901
493,Retail,3,1.9135199443045816,2.995648360353754,1.0821284160491724
497,Retail,3,4.758933337903189,3.5350251612685364,-1.2239081766346525
505,Retail,3,1.9597212830787845,2.0497547499011852,0.09003346682240077
506,Retail,3,1.9378622979046658,2.131528132091972,0.1936658341873061
513,Retail,3,2.096810722918748,2.1788916920082526,0.08208096908950457
514,Retail,3,3.825709698657322,4.214090494627921,0.3883807959705994
519,Retail,3,3.971603924318419,3.4898766348956554,-0.48172728942276377
523,Retail,3,3.626152898246049,3.1334301868804646,-0.4927227113655843
529,Retail,3,4.652439896306456,3.611629722975012,-1.0408101733314439
550,Retail,3,3.7059847330162654,3.6026122589611447,-0.10337247405512073
555,Retail,3,2.6217046668303423,2.5252996553440736,-0.09640501148626868
558,Retail,3,2.9583082063989723,2.7310602205932315,-0.2272479858057408
560,Retail,3,2.7162622881371803,2.8725803615933767,0.15631807345619642
586,Retail,3,5.444664434435385,5.3876493346541405,-0.057015099781244416
589,Retail,3,2.9744816172331308,2.7489662861204636,-0.2255153311126672
591,Retail,3,3.3540744836099723,3.229962797341532,-0.12411168626844038
595,Retail,3,3.042495064834708,3.161391464375762,0.11889639954105391
596,Retail,3,2.813796076950275,2.9819003587505524,0.16810428180027737
600,Retail,3,3.206523090577657,3.1101720423475276,-0.09635104823012952
601,Retail,3,5.154355486913724,4.7828103127882695,-0.37154517412545474
605,Retail,3,1.9434776934050324,2.022623306791293,0.0791456133862607
609,Retail,3,3.462859047724711,3.24897748726411,-0.21388156046060125
611,Retail,3,4.025413481281198,3.0665835034206346,-0.9588299778605638
614,Retail,3,5.663353643170614,3.5138432461207643,-2.14951039704985
615,Retail,3,4.2508711658696265,2.9435019042769452,-1.3073692615926813
625,Retail,3,2.624730376747647,2.8438693452951194,0.2191389685474725
629,Retail,3,6.122158509422249,5.900665024472241,-0.22149348495000787
633,Retail,3,2.9008472259760376,2.880424292889561,-0.02042293308647647
634,Retail,3,3.6636292583079495,3.0795064983725826,-0.5841227599353669
635,Retail,3,3.649299523714368,3.0890319496311465,-0.5602675740832215
642,Retail,3,3.6614809412846983,3.215514378545815,-0.44596656273888335
643,Retail,3,5.909901744256123,3.29784950068896,-2.612052243567163
648,Retail,3,4.748330862863369,4.651095184037942,-0.09723567882542739
649,Retail,3,2.361972797956094,3.312471349706099,0.9504985517500053
657,Retail,3,6.690373439774637,5.975760091355634,-0.7146133484190029
658,Retail,3,3.708262251349306,2.776835311930231,-0.9314269394190751
661,Retail,3,6.115272129003343,5.5565294131865315,-0.5587427158168117
674,Retail,3,5.486006225531229,5.143533960246179,-0.3424722652850498
676,Retail,3,2.9409024928510954,3.309543403443314,0.3686409105922186
683,Retail,3,5.865674135437478,3.917382926958308,-1.9482912084791706
691,Retail,3,3.626000900159993,3.7175172965175403,0.09151639635754716
694,Retail,3,2.4387398092390753,2.6283223452985514,0.18958253605947606
707,Retail,3,4.087897825560027,3.77213464392303,-0.31576318163699746
717,Retail,3,3.260194381431597,2.600844874870505,-0.6593495065610919
720,Retail,3,4.005087994064668,4.203692160768869,0.19860416670420022
722,Retail,3,3.872842888232637,3.717091852451306,-0.1557510357813312
726,Retail,3,5.539654485278018,3.2416883921269037,-2.2979660931511146
729,Retail,3,3.335645371438578,3.373438862555661,0.037793491117082745
733,Retail,3,2.8897343522980083,2.7610563422359737,-0.1286780100620346
734,Retail,3,2.7181002879118203,2.7465768474571775,0.028476559545357105
737,Retail,3,3.341749780135995,3.147364573563057,-0.1943852065729379
740,Retail,3,2.398000523312777,3.877610637209165,1.4796101138963884
744,Retail,3,1.9765553315550304,1.9957448577248709,0.019189526169840487
755,Retail,3,2.149471489843575,2.7100726490285894,0.5606011591850142
765,Retail,3,5.654373712912973,4.860730622064227,-0.7936430908487457
769,Retail,3,7.965756238974709,6.620679558289098,-1.3450766806856116
773,Retail,3,3.877572899460649,3.8293152903872008,-0.048257609073448116
778,Retail,3,2.832827418357515,3.865993084656343,1.033165666298828
779,Retail,3,4.01227971074826,4.060847617518208,0.048567906769948266
784,Retail,3,3.091402978225277,3.0104430641189044,-0.08095991410637282
791,Retail,3,3.223529175304731,3.4340292497531593,0.21050007444842844
798,Retail,3,2.963110643767915,3.288689165455531,0.3255785216876159
799,Retail,3,5.054763462651228,2.664954984928802,-2.389808477722426
801,Retail,3,4.072340467175893,3.145344567777992,-0.9269958993979013
804,Retail,3,3.014945570918149,3.1077459695530134,0.09280039863486422
805,Retail,3,2.7552427401345403,2.896227093136554,0.14098435300201384
816,Retail,3,3.950895259567149,4.022745882361549,0.07185062279439958
819,Retail,3,3.0638545882457535,3.1450643623831014,0.08120977413734787
830,Retail,3,4.1972044825871,3.9858675649409716,-0.2113369176461286
832,Retail,3,4.0901739715199685,4.322381313471349,0.23220734195138082
837,Retail,3,3.7555433249515646,3.9591202617446704,0.20357693679310573
843,Retail,3,4.054677333392288,3.8740795959313368,-0.1805977374609511
848,Retail,3,1.241742672853042,1.0058527315869865,-0.23588994126605556
859,Retail,3,2.1497189793141036,2.0329466546498445,-0.11677232466425913
861,Retail,3,2.851434453465016,2.9343333322788228,0.08289887881380675
864,Retail,3,2.8187807182220896,3.6658500124848326,0.8470692942627429
866,Retail,3,3.7980491396047533,3.9475793601524516,0.14953022054769827
875,Retail,3,5.747832165415646,5.346110829602154,-0.4017213358134928
878,Retail,3,1.7971099206353847,2.1088392734199863,0.3117293527846017
879,Retail,3,4.857614403466086,3.8695487768105608,-0.9880656266555254
887,Retail,3,3.128671141137878,3.7613164560747543,0.6326453149368763
903,Retail,3,3.1567756552834756,2.5002376798257684,-0.6565379754577072
907,Retail,3,4.135919825128922,3.147660500950345,-0.9882593241785771
909,Retail,3,3.328537972241618,3.2655601872142195,-0.0629777850273987
912,Retail,3,3.514357830230157,3.45877532551643,-0.055582504713727054
915,Retail,3,3.7324313718977957,3.957327088233403,0.22489571633560734
920,Retail,3,2.687158341941337,2.8607268983860457,0.17356855644470848
927,Retail,3,2.751681505666836,2.961184272072437,0.20950276640560084
929,Retail,3,2.898882952455717,2.7381687757162556,-0.1607141767394613
930,Retail,3,2.761528861829024,1.6344272065862322,-1.1271016552427917
935,Retail,3,3.383331833072506,3.1234472261316175,-0.25988460694088866
938,Retail,3,2.244249956594005,2.3792952299344323,0.13504527334042749
941,Retail,3,3.153310285339737,3.1928704110518584,0.03956012571212142
944,Retail,3,2.6043056251421683,2.616620050339498,0.012314425197329726
947,Retail,3,2.5999390736247268,2.513732184456207,-0.08620688916851993
957,Retail,3,2.48842451789607,1.9209639156318177,-0.5674606022642525
963,Retail,3,3.1180736219761815,3.211452609438558,0.09337898746237627
978,Retail,3,2.4687904630420023,2.074570713278596,-0.3942197497634061
979,Retail,3,1.8390986730928591,1.9217031976506158,0.08260452455775669
980,Retail,3,3.260277090672285,2.4328132640556355,-0.8274638266166496
981,Retail,3,2.4049802204849984,4.121715970298585,1.7167357498135862
986,Retail,3,3.4978808715210405,1.645298452391148,-1.8525824191298925
989,Retail,3,2.3225835849295247,2.448768597525528,0.12618501259600334
997,Retail,3,4.240774528182572,4.021871204334602,-0.21890332384797073
1000,Retail,3,4.902552424745623,4.485134081532722,-0.4174183432129004
1011,Retail,3,2.979110139663664,3.826241431292334,0.8471312916286697
1013,Retail,3,2.0876506073045156,1.9196574887087134,-0.16799311859580213
1016,Retail,3,2.110186791424348,2.2547758814466943,0.14458909002234632
1018,Retail,3,4.431324649489095,3.7883694039591767,-0.6429552455299188
1024,Retail,3,2.873830729064091,2.3397422829837,-0.5340884460803914
1027,Retail,3,4.601372594073455,3.008908464588349,-1.5924641294851059
1033,Retail,3,2.333201323745514,2.152121608650902,-0.18107971509461196
1037,Retail,3,2.5602124287627666,2.5630159147575635,0.0028034859947969615
1041,Retail,3,2.492820010485513,2.4567787635887672,-0.036041246896745704
1042,Retail,3,3.178119577664945,3.4645815894380076,0.28646201177306274
1061,Retail,3,3.241936334696209,3.459257622774721,0.21732128807851225
1065,Retail,3,2.479475708168281,3.2088802947475266,0.7294045865792458
1067,Retail,3,3.378637851279758,3.426552909293733,0.047915058013974665
1079,Retail,3,1.8520821147072348,1.6101079614895024,-0.2419741532177324
1087,Retail,3,3.425341013395143,3.463249034331102,0.03790802093595902
1092,Retail,3,4.146084484677459,4.309327950484361,0.16324346580690197
1094,Retail,3,4.423250413555068,4.350881164673847,-0.07236924888122065
1108,Retail,3,2.888649793428822,4.238367217960642,1.3497174245318195
1114,Retail,3,1.8902972215485807,1.7844121466120941,-0.10588507493648658
1117,Retail,3,2.9071303305480356,2.753206366276432,-0.1539239642716037
1118,Retail,3,2.4544878344661027,2.250479856008557,-0.20400797845754592
1120,Retail,3,3.0612122097587893,3.010362195816131,-0.0508500139426582
1124,Retail,3,2.4527769601164646,2.5359225980826645,0.08314563796619989
1126,Retail,3,4.577611972526568,4.076702822044073,-0.500909150482495
1134,Retail,3,3.7583911575623294,3.7453470946028773,-0.013044062959452152
1136,Retail,3,1.7866849748890008,1.9540259134605928,0.16734093857159205
1138,Retail,3,4.680866836335059,3.7859898296720944,-0.8948770066629645
1146,Retail,3,3.0061343668022387,3.2272883224095663,0.22115395560732765
1150,Retail,3,5.1168379856569715,4.364126492547284,-0.7527114931096879
1159,Retail,3,2.585435546367386,1.43874559028031,-1.146689956087076
1161,Retail,3,2.8518771942997097,3.0014842030720787,0.1496070087723691
1164,Retail,3,3.327986078945414,3.5184907527880265,0.1905046738426126
1169,Retail,3,7.107111314100368,7.2073877650724025,0.10027645097203486
1184,Retail,3,3.0391189616617327,4.06010622010545,1.020987258443717
1185,Retail,3,4.879059520528977,4.0090272631489965,-0.8700322573799806
1186,Retail,3,2.807697970164683,2.203198561139888,-0.604499409024795
1187,Retail,3,2.455523630060305,2.9450047929291117,0.4894811628688065
1192,Retail,3,4.064638991808154,3.79643631892711,-0.26820267288104427
1197,Retail,3,5.681437990943717,3.3265594769129807,-2.3548785140307364
1208,Retail,3,3.941800344760172,3.1409291135046855,-0.8008712312554866
1214,Retail,3,5.899445556064144,5.773769871289529,-0.125675684774615
1218,Retail,3,7.277110125889763,4.7388319511846095,-2.5382781747051535
1221,Retail,3,4.5127957830758785,4.3470611422799905,-0.16573464079588796
1224,Retail,3,4.357493441619454,3.362610190189373,-0.9948832514300809
1228,Retail,3,3.3879150421168367,3.333221562113311,-0.054693480003525696
1232,Retail,3,3.177009512766916,2.9944622549515243,-0.18254725781539172
2,Nightlife Spot,1,5.0180255984498485,5.209607324587676,0.19158172613782742
5,Nightlife Spot,1,3.2153929194574857,3.3355876513114406,0.1201947318539549
12,Nightlife Spot,1,2.4274717225890354,2.6268879046678313,0.19941618207879586
21,Nightlife Spot,1,5.385291023395427,5.362808316379517,-0.02248270701591082
25,Nightlife Spot,1,3.1280683465504593,3.122435529767596,-0.005632816782863426
36,Nightlife Spot,1,2.0050709603263517,2.7025160861847457,0.697445125858394
37,Nightlife Spot,1,2.215943257811017,2.4182055629203836,0.20226230510936638
49,Nightlife Spot,1,3.485027824405078,3.677246804555924,0.19221898015084582
53,Nightlife Spot,1,2.599107436156495,2.40704950354922,-0.1920579326072751
56,Nightlife Spot,1,2.0459128925750565,2.1479766437980863,0.1020637512230298
64,Nightlife Spot,1,6.203475238789368,6.28786565666824,0.08439041787887192
67,Nightlife Spot,1,2.8641318796050084,2.834632474633702,-0.02949940497130621
69,Nightlife Spot,1,3.9516225699459415,5.678680025288515,1.7270574553425737
72,Nightlife Spot,1,2.40056597717942,2.374887915331675,-0.025678061847744793
74,Nightlife Spot,1,3.970697470071218,4.094807372051617,0.1241099019803995
77,Nightlife Spot,1,2.501584888583907,2.5920418854216862,0.09045699683777908
84,Nightlife Spot,1,2.111536191233065,2.1419980655807747,0.03046187434770964
90,Nightlife Spot,1,3.212137939364232,2.347907333848056,-0.8642306055161759
97,Nightlife Spot,1,3.107970832812782,3.368422746463141,0.2604519136503587
98,Nightlife Spot,1,3.088896095021928,3.1120411605092606,0.023145065487332417
99,Nightlife Spot,1,3.1507007454579243,3.2130343676953323,0.062333622237408015
109,Nightlife Spot,1,4.796165636718552,4.888430684303817,0.09226504758526488
111,Nightlife Spot,1,4.673310323769867,4.705868244083528,0.03255792031366145
117,Nightlife Spot,1,1.6147446776124956,1.458098754988903,-0.15664592262359256
118,Nightlife Spot,1,1.3996616197236582,1.4346414967400176,0.034979877016359406
120,Nightlife Spot,1,1.590205309105996,1.6439017606652748,0.053696451559278824
124,Nightlife Spot,1,2.439396686929916,2.7858397901563574,0.34644310322644145
126,Nightlife Spot,1,5.35741997426128,5.830164579112967,0.47274460485168746
130,Nightlife Spot,1,3.5832607373307552,4.188807937341922,0.6055472000111668
144,Nightlife Spot,1,3.098325164556581,3.272497659896519,0.1741724953399384
149,Nightlife Spot,1,2.7504630486960027,3.5604742786724524,0.8100112299764497
150,Nightlife Spot,1,3.5674270870402465,3.6707854791699734,0.10335839212972697
160,Nightlife Spot,1,2.088884998802002,1.9802235483529222,-0.10866145044907993
164,Nightlife Spot,1,2.0878247182267944,2.1176775930057885,0.02985287477899412
166,Nightlife Spot,1,3.0742581569146648,2.8446630367997576,-0.22959512011490713
173,Nightlife Spot,1,2.0344320176064943,2.193035329669849,0.15860331206335454
186,Nightlife Spot,1,1.9988973020270724,2.2606290548915013,0.26173175286442896
189,Nightlife Spot,1,3.8619416760250846,4.005135208012152,0.14319353198706697
199,Nightlife Spot,1,5.524269618738086,5.42987688649565,-0.0943927322424356
206,Nightlife Spot,1,3.697296737699345,3.7339218139537853,0.03662507625444045
208,Nightlife Spot,1,4.879290051527073,4.82368356742424,-0.05560648410283342
209,Nightlife Spot,1,2.9565640782505636,3.7537391559689937,0.7971750777184301
212,Nightlife Spot,1,2.351523873589208,2.418167715601057,0.06664384201184914
213,Nightlife Spot,1,2.721461481896759,2.404634513404833,-0.31682696849192604
220,Nightlife Spot,1,3.487603082213645,3.4606160158500985,-0.026987066363546308
223,Nightlife Spot,1,5.632521059295711,5.584288923991155,-0.0482321353045565
234,Nightlife Spot,1,5.566811573251901,2.181706819692456,-3.3851047535594447
237,Nightlife Spot,1,4.383398643403752,4.46448673070012,0.08108808729636774
244,Nightlife Spot,1,2.9379274409627705,2.917633226052218,-0.020294214910552277
245,Nightlife Spot,1,2.906648172124192,3.4145383845745965,0.5078902124504046
251,Nightlife Spot,1,4.835703038568363,4.807400926619438,-0.028302111948924846
253,Nightlife Spot,1,3.8918869499646886,3.9788557183679574,0.08696876840326873
258,Nightlife Spot,1,4.301796579858591,2.7503550368477665,-1.5514415430108244
264,Nightlife Spot,1,2.3521817884020426,2.4244895910100555,0.07230780260801284
268,Nightlife Spot,1,3.7771063112819245,3.6937368502638064,-0.08336946101811815
269,Nightlife Spot,1,2.869453662718338,2.7327096197517795,-0.1367440429665585
270,Nightlife Spot,1,2.9720654372259165,1.5502985528309798,-1.4217668843949367
273,Nightlife Spot,1,2.9343252052754503,2.9335439370451315,-0.0007812682303187657
274,Nightlife Spot,1,3.403555306517492,3.551860814284063,0.1483055077665707
280,Nightlife Spot,1,4.498978333738492,4.7680562150739485,0.2690778813354564
283,Nightlife Spot,1,2.290765385874406,2.1314302413367914,-0.15933514453761477
292,Nightlife Spot,1,6.323155688732795,6.385562779558107,0.06240709082531204
325,Nightlife Spot,1,2.135362579460219,2.1689186479047016,0.033556068444482445
329,Nightlife Spot,1,3.3181610273586135,3.351350281643471,0.033189254284857306
330,Nightlife Spot,1,3.5703316667367035,3.5926253624811006,0.022293695744397102
335,Nightlife Spot,1,2.867945394751377,2.401037106716122,-0.4669082880352553
337,Nightlife Spot,1,3.84728819253424,3.834754829910622,-0.012533362623617705
340,Nightlife Spot,1,2.9515527399128088,2.9990986536135633,0.04754591370075456
345,Nightlife Spot,1,2.3248748809041926,2.403796526330871,0.07892164542667857
356,Nightlife Spot,1,3.0371616881716648,3.164192662075863,0.12703097390419815
360,Nightlife Spot,1,2.8363416516081266,2.8311489025731786,-0.00519274903494793
363,Nightlife Spot,1,2.656818357553643,2.6642002923011,0.007381934747456853
364,Nightlife Spot,1,2.709856789455338,2.6996345292761292,-0.010222260179208575
366,Nightlife Spot,1,3.8140470239807263,3.919466968136193,0.10541994415546663
369,Nightlife Spot,1,3.2898504859061877,2.9689577811635166,-0.32089270474267106
373,Nightlife Spot,1,3.839532471123416,3.629630962922166,-0.20990150820124986
382,Nightlife Spot,1,2.9805602834740013,3.1088351127857226,0.1282748293117213
396,Nightlife Spot,1,4.301465797462567,4.328592421423744,0.027126623961176932
400,Nightlife Spot,1,2.7759834714594076,2.836271028662548,0.060287557203140274
420,Nightlife Spot,1,2.624444344577647,2.9496636338510767,0.3252192892734298
425,Nightlife Spot,1,2.2740720826484857,2.3212622353788,0.04719015273031424
427,Nightlife Spot,1,2.8423200530566115,2.973080206180878,0.1307601531242666
428,Nightlife Spot,1,3.6030399220753715,3.743848061081509,0.14080813900613753
432,Nightlife Spot,1,2.4874982706479796,2.562540394458512,0.07504212381053232
433,Nightlife Spot,1,1.7128859810222974,1.7267604785646329,0.013874497542335495
445,Nightlife Spot,1,3.3309212733023164,3.9735810179300337,0.6426597446277174
446,Nightlife Spot,1,2.8425952311255474,2.8951638182300545,0.05256858710450718
450,Nightlife Spot,1,3.066624673441465,3.0369765652118303,-0.029648108229634484
462,Nightlife Spot,1,2.472908853492441,2.3772294931261504,-0.09567936036629066
464,Nightlife Spot,1,3.4412605341892712,3.6209674659666033,0.1797069317773321
468,Nightlife Spot,1,3.738290623044069,3.807126903587781,0.06883628054371194
471,Nightlife Spot,1,7.994318521050442,2.774597597442545,-5.2197209236078965
477,Nightlife Spot,1,2.1321118154511636,2.7898704744669938,0.6577586590158302
479,Nightlife Spot,1,2.138775204135044,2.289951839506121,0.15117663537107706
480,Nightlife Spot,1,2.483960893391843,2.8333718617968753,0.3494109684050324
482,Nightlife Spot,1,3.8839113941725136,3.9770714630510255,0.09316006887851191
493,Nightlife Spot,1,1.9135199443045816,1.9486553036827585,0.03513535937817691
497,Nightlife Spot,1,4.758933337903189,4.605686045234599,-0.15324729266859016
505,Nightlife Spot,1,1.9597212830787845,1.69940442317393,-0.2603168599048544
506,Nightlife Spot,1,1.9378622979046658,1.7673323556933886,-0.17052994221127715
513,Nightlife Spot,1,2.096810722918748,2.102576549856238,0.0057658269374898374
514,Nightlife Spot,1,3.825709698657322,3.6236714506985965,-0.2020382479587255
519,Nightlife Spot,1,3.971603924318419,3.1157299729388077,-0.8558739513796114
523,Nightlife Spot,1,3.626152898246049,3.682181574189702,0.05602867594365302
529,Nightlife Spot,1,4.652439896306456,5.080776927772175,0.4283370314657189
550,Nightlife Spot,1,3.7059847330162654,3.883471119211924,0.1774863861956586
555,Nightlife Spot,1,2.6217046668303423,2.484648178043905,-0.1370564887864374
558,Nightlife Spot,1,2.9583082063989723,3.1180216482412906,0.15971344184231828
560,Nightlife Spot,1,2.7162622881371803,2.843714106124553,0.1274518179873727
586,Nightlife Spot,1,5.444664434435385,5.770718286629982,0.3260538521945975
589,Nightlife Spot,1,2.9744816172331308,3.386465926047811,0.4119843088146804
591,Nightlife Spot,1,3.3540744836099723,3.126963616896365,-0.22711086671360725
595,Nightlife Spot,1,3.042495064834708,3.144644990395281,0.1021499255605729
596,Nightlife Spot,1,2.813796076950275,2.895106730022917,0.08131065307264196
600,Nightlife Spot,1,3.206523090577657,3.1287694700903663,-0.07775362048729084
601,Nightlife Spot,1,5.154355486913724,5.4351206884516055,0.2807652015378812
605,Nightlife Spot,1,1.9434776934050324,1.9556792256543813,0.012201532249348945
609,Nightlife Spot,1,3.462859047724711,3.0636841274106197,-0.3991749203140915
611,Nightlife Spot,1,4.025413481281198,4.138148769767902,0.11273528848670367
614,Nightlife Spot,1,5.663353643170614,5.72178890534034,0.05843526216972528
615,Nightlife Spot,1,4.2508711658696265,6.557746130417496,2.3068749645478697
625,Nightlife Spot,1,2.624730376747647,2.521036945412046,-0.10369343133560083
629,Nightlife Spot,1,6.122158509422249,3.562290626647238,-2.559867882775011
633,Nightlife Spot,1,2.9008472259760376,3.0407612166200213,0.1399139906439837
634,Nightlife Spot,1,3.6636292583079495,3.8178617305843314,0.15423247227638193
635,Nightlife Spot,1,3.649299523714368,3.7510358855008348,0.10173636178646683
642,Nightlife Spot,1,3.6614809412846983,3.59023997479201,-0.07124096649268807
643,Nightlife Spot,1,5.909901744256123,5.997869190609378,0.08796744635325471
648,Nightlife Spot,1,4.748330862863369,2.881104921952242,-1.8672259409111271
649,Nightlife Spot,1,2.361972797956094,2.8818867718049344,0.5199139738488405
657,Nightlife Spot,1,6.690373439774637,6.501802983476512,-0.18857045629812497
658,Nightlife Spot,1,3.708262251349306,3.9902212668727044,0.2819590155233982
661,Nightlife Spot,1,6.115272129003343,5.712936664811755,-0.40233546419158817
674,Nightlife Spot,1,5.486006225531229,5.086383035968316,-0.399623189562913
676,Nightlife Spot,1,2.9409024928510954,3.1717041601672964,0.230801667316201
683,Nightlife Spot,1,5.865674135437478,6.03576726754392,0.17009313210644184
691,Nightlife Spot,1,3.626000900159993,3.6301653377847387,0.004164437624745609
694,Nightlife Spot,1,2.4387398092390753,2.256013552131154,-0.18272625710792134
707,Nightlife Spot,1,4.087897825560027,4.121342800377872,0.033444974817844475
717,Nightlife Spot,1,3.260194381431597,3.5964193370245177,0.33622495559292087
720,Nightlife Spot,1,4.005087994064668,3.73976164104794,-0.26532635301672824
722,Nightlife Spot,1,3.872842888232637,3.9681355445264437,0.09529265629380657
726,Nightlife Spot,1,5.539654485278018,5.63124609395274,0.09159160867472149
729,Nightlife Spot,1,3.335645371438578,2.8682040412064813,-0.4674413302320968
733,Nightlife Spot,1,2.8897343522980083,2.865512488728144,-0.024221863569864333
734,Nightlife Spot,1,2.7181002879118203,2.716337929023799,-0.0017623588880213426
737,Nightlife Spot,1,3.341749780135995,3.338860092173208,-0.00288968796278688
740,Nightlife Spot,1,2.398000523312777,2.3151680571577655,-0.08283246615501128
744,Nightlife Spot,1,1.9765553315550304,2.0331913821603016,0.056636050605271215
755,Nightlife Spot,1,2.149471489843575,1.910089990221378,-0.23938149962219724
765,Nightlife Spot,1,5.654373712912973,5.889917267162672,0.2355435542496993
769,Nightlife Spot,1,7.965756238974709,7.946392564664615,-0.019363674310094225
773,Nightlife Spot,1,3.877572899460649,3.919014575075186,0.041441675614537044
778,Nightlife Spot,1,2.832827418357515,3.945918062719911,1.113090644362396
779,Nightlife Spot,1,4.01227971074826,4.064846457580202,0.05256674683194262
784,Nightlife Spot,1,3.091402978225277,3.1071570569799767,0.015754078754699474
791,Nightlife Spot,1,3.223529175304731,3.276519732039442,0.05299055673471109
798,Nightlife Spot,1,2.963110643767915,3.2568050717986505,0.29369442803073564
799,Nightlife Spot,1,5.054763462651228,2.5243258441196104,-2.5304376185316175
801,Nightlife Spot,1,4.072340467175893,2.7862533840961903,-1.2860870830797029
804,Nightlife Spot,1,3.014945570918149,2.8627034578864103,-0.15224211303173885
805,Nightlife Spot,1,2.7552427401345403,2.848691999303229,0.09344925916868885
816,Nightlife Spot,1,3.950895259567149,3.9888035745972346,0.037908315030085404
819,Nightlife Spot,1,3.0638545882457535,3.1428756431828675,0.07902105493711398
830,Nightlife Spot,1,4.1972044825871,4.353545068729877,0.15634058614277713
832,Nightlife Spot,1,4.0901739715199685,4.503681818642392,0.41350784712242383
837,Nightlife Spot,1,3.7555433249515646,3.900224849601284,0.1446815246497195
843,Nightlife Spot,1,4.054677333392288,4.210862657747162,0.1561853243548743
848,Nightlife Spot,1,1.241742672853042,1.1653931580792052,-0.07634951477383689
859,Nightlife Spot,1,2.1497189793141036,2.2062607408497446,0.056541761535640944
861,Nightlife Spot,1,2.851434453465016,2.908890890684644,0.05745643721962779
864,Nightlife Spot,1,2.8187807182220896,2.9041719838553535,0.08539126563326382
866,Nightlife Spot,1,3.7980491396047533,3.733193618057527,-0.0648555215472264
875,Nightlife Spot,1,5.747832165415646,5.659658835212318,-0.08817333020332807
878,Nightlife Spot,1,1.7971099206353847,1.8449609787974017,0.04785105816201707
879,Nightlife Spot,1,4.857614403466086,2.3235900913661034,-2.534024312099983
887,Nightlife Spot,1,3.128671141137878,2.535334109671845,-0.5933370314660329
903,Nightlife Spot,1,3.1567756552834756,3.6012028909396268,0.44442723565615116
907,Nightlife Spot,1,4.135919825128922,4.205875144288596,0.06995531915967401
909,Nightlife Spot,1,3.328537972241618,3.7685414160747395,0.4400034438331213
912,Nightlife Spot,1,3.514357830230157,3.5422892599229048,0.027931429692747756
915,Nightlife Spot,1,3.7324313718977957,3.7906788057647107,0.058247433866915
920,Nightlife Spot,1,2.687158341941337,2.706046246486979,0.01888790454564182
927,Nightlife Spot,1,2.751681505666836,2.823940061296341,0.07225855562950478
929,Nightlife Spot,1,2.898882952455717,3.091869531608611,0.19298657915289397
930,Nightlife Spot,1,2.761528861829024,3.09289631831465,0.33136745648562593
935,Nightlife Spot,1,3.383331833072506,1.837445322783354,-1.5458865102891521
938,Nightlife Spot,1,2.244249956594005,2.16904667712282,-0.07520327947118499
941,Nightlife Spot,1,3.153310285339737,3.180787489278619,0.027477203938881978
944,Nightlife Spot,1,2.6043056251421683,2.706731506549061,0.10242588140689257
947,Nightlife Spot,1,2.5999390736247268,2.6704725745424405,0.07053350091771371
957,Nightlife Spot,1,2.48842451789607,2.3153493696447005,-0.17307514825136971
963,Nightlife Spot,1,3.1180736219761815,3.3761806657479587,0.2581070437717772
978,Nightlife Spot,1,2.4687904630420023,2.81815693961609,0.3493664765740876
979,Nightlife Spot,1,1.8390986730928591,1.755541647987238,-0.08355702510562102
980,Nightlife Spot,1,3.260277090672285,3.207324821040466,-0.05295226963181898
981,Nightlife Spot,1,2.4049802204849984,2.388921058983363,-0.016059161501635444
986,Nightlife Spot,1,3.4978808715210405,1.8131274927360512,-1.6847533787849893
989,Nightlife Spot,1,2.3225835849295247,1.7358291217343647,-0.58675446319516
997,Nightlife Spot,1,4.240774528182572,4.2945459949473035,0.0537714667647311
1000,Nightlife Spot,1,4.902552424745623,3.422744156000742,-1.4798082687448808
1011,Nightlife Spot,1,2.979110139663664,2.622886888460811,-0.35622325120285314
1013,Nightlife Spot,1,2.0876506073045156,1.904425458395419,-0.18322514890909658
1016,Nightlife Spot,1,2.110186791424348,2.074558180538963,-0.03562861088538494
1018,Nightlife Spot,1,4.431324649489095,4.528989314015563,0.0976646645264676
1024,Nightlife Spot,1,2.873830729064091,3.100545112454764,0.22671438339067285
1027,Nightlife Spot,1,4.601372594073455,4.804667911063956,0.20329531699050118
1033,Nightlife Spot,1,2.333201323745514,2.3138897505049036,-0.01931157324061017
1037,Nightlife Spot,1,2.5602124287627666,2.5635685375258994,0.003356108763132859
1041,Nightlife Spot,1,2.492820010485513,2.1104752040733112,-0.3823448064122017
1042,Nightlife Spot,1,3.178119577664945,3.166135537798523,-0.011984039866421714
1061,Nightlife Spot,1,3.241936334696209,3.2602810200954275,0.01834468539921863
1065,Nightlife Spot,1,2.479475708168281,2.3929156039643837,-0.08656010420389704
1067,Nightlife Spot,1,3.378637851279758,3.4302276986181837,0.05158984733842553
1079,Nightlife Spot,1,1.8520821147072348,1.8054482948317618,-0.04663381987547299
1087,Nightlife Spot,1,3.425341013395143,3.4219729749291035,-0.0033680384660397245
1092,Nightlife Spot,1,4.146084484677459,4.615611653185621,0.46952716850816145
1094,Nightlife Spot,1,4.423250413555068,4.129700358637843,-0.2935500549172252
1108,Nightlife Spot,1,2.888649793428822,2.7516466588412407,-0.1370031345875815
1114,Nightlife Spot,1,1.8902972215485807,2.0549044345732446,0.16460721302466386
1117,Nightlife Spot,1,2.9071303305480356,5.308343933651114,2.401213603103078
1118,Nightlife Spot,1,2.4544878344661027,2.436884968849215,-0.01760286561688762
1120,Nightlife Spot,1,3.0612122097587893,3.0452205486796373,-0.015991661079151953
1124,Nightlife Spot,1,2.4527769601164646,2.4320794772367424,-0.020697482879722173
1126,Nightlife Spot,1,4.577611972526568,4.787428430614696,0.20981645808812832
1134,Nightlife Spot,1,3.7583911575623294,3.549009333920922,-0.20938182364140756
1136,Nightlife Spot,1,1.7866849748890008,2.1330867383034877,0.3464017634144869
1138,Nightlife Spot,1,4.680866836335059,4.430879485781054,-0.24998735055400534
1146,Nightlife Spot,1,3.0061343668022387,2.9837611148915753,-0.022373251910663416
1150,Nightlife Spot,1,5.1168379856569715,5.226315292298837,0.10947730664186572
1159,Nightlife Spot,1,2.585435546367386,1.789658858954351,-0.795776687413035
1161,Nightlife Spot,1,2.8518771942997097,3.107909223332796,0.2560320290330864
1164,Nightlife Spot,1,3.327986078945414,3.1363453436543076,-0.19164073529110626
1169,Nightlife Spot,1,7.107111314100368,6.8581614085862626,-0.24894990551410512
1184,Nightlife Spot,1,3.0391189616617327,3.2132488299333906,0.17412986827165788
1185,Nightlife Spot,1,4.879059520528977,5.1776612763670835,0.29860175583810644
1186,Nightlife Spot,1,2.807697970164683,7.038885378395511,4.231187408230828
1187,Nightlife Spot,1,2.455523630060305,3.1834439627963436,0.7279203327360384
1192,Nightlife Spot,1,4.064638991808154,4.250742640102786,0.18610364829463144
1197,Nightlife Spot,1,5.681437990943717,6.112624259648877,0.43118626870515975
1208,Nightlife Spot,1,3.941800344760172,3.6564387202198008,-0.2853616245403714
1214,Nightlife Spot,1,5.899445556064144,5.532603417845147,-0.36684213821899725
1218,Nightlife Spot,1,7.277110125889763,7.5340881342753026,0.2569780083855395
1221,Nightlife Spot,1,4.5127957830758785,4.1887555102268905,-0.32404027284898795
1224,Nightlife Spot,1,4.357493441619454,4.251593965959805,-0.10589947565964852
1228,Nightlife Spot,1,3.3879150421168367,3.673487172309671,0.28557213019283445
1232,Nightlife Spot,1,3.177009512766916,3.4581280117056408,0.28111849893872476
2,Nightlife Spot,2,5.0180255984498485,5.41714966274281,0.39912406429296166
5,Nightlife Spot,2,3.2153929194574857,3.440460709641445,0.22506779018395928
12,Nightlife Spot,2,2.4274717225890354,2.843974669257622,0.41650294666858656
21,Nightlife Spot,2,5.385291023395427,5.362410485540597,-0.022880537854830685
25,Nightlife Spot,2,3.1280683465504593,3.4127155992884544,0.28464725273799507
36,Nightlife Spot,2,2.0050709603263517,3.2366810295105966,1.2316100691842449
37,Nightlife Spot,2,2.215943257811017,2.5354869304303005,0.3195436726192833
49,Nightlife Spot,2,3.485027824405078,3.9932170025118534,0.5081891781067753
53,Nightlife Spot,2,2.599107436156495,2.3200120528498642,-0.27909538330663075
56,Nightlife Spot,2,2.0459128925750565,2.453233985194698,0.40732109261964133
64,Nightlife Spot,2,6.203475238789368,6.3636375740168285,0.1601623352274606
67,Nightlife Spot,2,2.8641318796050084,2.8239560170132374,-0.04017586259177097
69,Nightlife Spot,2,3.9516225699459415,5.044064697813413,1.0924421278674714
72,Nightlife Spot,2,2.40056597717942,2.457533706819743,0.05696772964032304
74,Nightlife Spot,2,3.970697470071218,4.238028589272073,0.26733111920085495
77,Nightlife Spot,2,2.501584888583907,2.704818505625442,0.20323361704153475
84,Nightlife Spot,2,2.111536191233065,3.0133793307741765,0.9018431395411115
90,Nightlife Spot,2,3.212137939364232,2.4374414172032006,-0.7746965221610314
97,Nightlife Spot,2,3.107970832812782,3.4716599957796594,0.36368916296687726
98,Nightlife Spot,2,3.088896095021928,2.9724747763669566,-0.11642131865497163
99,Nightlife Spot,2,3.1507007454579243,3.243011555987315,0.09231081052939061
109,Nightlife Spot,2,4.796165636718552,4.986005354023938,0.18983971730538585
111,Nightlife Spot,2,4.673310323769867,2.803639682575828,-1.869670641194039
117,Nightlife Spot,2,1.6147446776124956,1.481517298377211,-0.13322737923528472
118,Nightlife Spot,2,1.3996616197236582,1.508319199256878,0.10865757953321986
120,Nightlife Spot,2,1.590205309105996,1.6634787578926669,0.07327344878667086
124,Nightlife Spot,2,2.439396686929916,3.043559877317743,0.6041631903878271
126,Nightlife Spot,2,5.35741997426128,6.327895420274999,0.9704754460137188
130,Nightlife Spot,2,3.5832607373307552,4.303982530281035,0.7207217929502794
144,Nightlife Spot,2,3.098325164556581,3.4132364086148828,0.31491124405830195
149,Nightlife Spot,2,2.7504630486960027,2.95426930330347,0.20380625460746726
150,Nightlife Spot,2,3.5674270870402465,3.7964934786337525,0.22906639159350606
160,Nightlife Spot,2,2.088884998802002,1.8942936546450708,-0.19459134415693136
164,Nightlife Spot,2,2.0878247182267944,2.1368176344552565,0.048992916228462136
166,Nightlife Spot,2,3.0742581569146648,2.462886102646827,-0.6113720542678376
173,Nightlife Spot,2,2.0344320176064943,2.288482607381201,0.25405058977470674
186,Nightlife Spot,2,1.9988973020270724,2.493830605996748,0.4949333039696755
189,Nightlife Spot,2,3.8619416760250846,4.129460142302977,0.26751846627789266
199,Nightlife Spot,2,5.524269618738086,5.41955083368291,-0.10471878505517562
206,Nightlife Spot,2,3.697296737699345,3.76844217479961,0.07114543710026533
208,Nightlife Spot,2,4.879290051527073,4.7624629706672525,-0.11682708085982085
209,Nightlife Spot,2,2.9565640782505636,4.208075011285085,1.2515109330345213
212,Nightlife Spot,2,2.351523873589208,2.4763965282443245,0.12487265465511665
213,Nightlife Spot,2,2.721461481896759,2.3834930116489033,-0.3379684702478558
220,Nightlife Spot,2,3.487603082213645,5.200459543399514,1.7128564611858694
223,Nightlife Spot,2,5.632521059295711,5.556803476607902,-0.07571758268780915
234,Nightlife Spot,2,5.566811573251901,2.227355560527118,-3.3394560127247828
237,Nightlife Spot,2,4.383398643403752,4.55375912056366,0.17036047715990765
244,Nightlife Spot,2,2.9379274409627705,3.0685914136574173,0.1306639726946468
245,Nightlife Spot,2,2.906648172124192,4.01957794367401,1.112929771549818
251,Nightlife Spot,2,4.835703038568363,3.9828053888058212,-0.852897649762542
253,Nightlife Spot,2,3.8918869499646886,3.5944296893003065,-0.29745726066438216
258,Nightlife Spot,2,4.301796579858591,2.831420333800468,-1.4703762460581227
264,Nightlife Spot,2,2.3521817884020426,2.710279504940783,0.35809771653874023
268,Nightlife Spot,2,3.7771063112819245,3.6285744166430565,-0.14853189463886807
269,Nightlife Spot,2,2.869453662718338,2.7371777623449796,-0.13227590037335846
270,Nightlife Spot,2,2.9720654372259165,1.300673655740143,-1.6713917814857735
273,Nightlife Spot,2,2.9343252052754503,2.9623774880496754,0.028052282774225112
274,Nightlife Spot,2,3.403555306517492,3.6869114610152396,0.2833561544977474
280,Nightlife Spot,2,4.498978333738492,4.953803522524545,0.45482518878605305
283,Nightlife Spot,2,2.290765385874406,3.0442113741749113,0.7534459883005051
292,Nightlife Spot,2,6.323155688732795,6.316179016304387,-0.006976672428407937
325,Nightlife Spot,2,2.135362579460219,2.197966872957116,0.06260429349689689
329,Nightlife Spot,2,3.3181610273586135,3.3749402729831908,0.05677924562457726
330,Nightlife Spot,2,3.5703316667367035,3.6094105576221764,0.039078890885472894
335,Nightlife Spot,2,2.867945394751377,2.513820267050811,-0.3541251277005659
337,Nightlife Spot,2,3.84728819253424,3.8241262758993666,-0.023161916634873325
340,Nightlife Spot,2,2.9515527399128088,3.0840602321325963,0.13250749221978753
345,Nightlife Spot,2,2.3248748809041926,2.4810011581186857,0.15612627721449313
356,Nightlife Spot,2,3.0371616881716648,3.2256005116287967,0.18843882345713192
360,Nightlife Spot,2,2.8363416516081266,2.833129312598616,-0.0032123390095106785
363,Nightlife Spot,2,2.656818357553643,2.675193861819903,0.018375504266260112
364,Nightlife Spot,2,2.709856789455338,2.68564899070087,-0.02420779875446799
366,Nightlife Spot,2,3.8140470239807263,4.0266461487977505,0.21259912481702425
369,Nightlife Spot,2,3.2898504859061877,2.6816278946602834,-0.6082225912459043
373,Nightlife Spot,2,3.839532471123416,3.42461631865614,-0.414916152467276
382,Nightlife Spot,2,2.9805602834740013,3.31853673988953,0.33797645641552876
396,Nightlife Spot,2,4.301465797462567,4.3500343007959055,0.048568503333338064
400,Nightlife Spot,2,2.7759834714594076,2.9354217603301413,0.15943828887073375
420,Nightlife Spot,2,2.624444344577647,3.2279658977990477,0.6035215532214009
425,Nightlife Spot,2,2.2740720826484857,2.4663049206613055,0.19223283801281976
427,Nightlife Spot,2,2.8423200530566115,3.0030974079746464,0.1607773549180349
428,Nightlife Spot,2,3.6030399220753715,3.8766536346230946,0.27361371254772315
432,Nightlife Spot,2,2.4874982706479796,2.637400882144725,0.14990261149674522
433,Nightlife Spot,2,1.7128859810222974,1.7506986668486069,0.03781268582630948
445,Nightlife Spot,2,3.3309212733023164,4.150022501394593,0.8191012280922769
446,Nightlife Spot,2,2.8425952311255474,2.9761347430385854,0.13353951191303803
450,Nightlife Spot,2,3.066624673441465,3.0029779808196517,-0.0636466926218131
462,Nightlife Spot,2,2.472908853492441,2.4480661146437948,-0.024842738848646295
464,Nightlife Spot,2,3.4412605341892712,3.5997014488273735,0.15844091463810228
468,Nightlife Spot,2,3.738290623044069,3.855390324336968,0.11709970129289893
471,Nightlife Spot,2,7.994318521050442,1.896707234213972,-6.09761128683647
477,Nightlife Spot,2,2.1321118154511636,3.5500859470350408,1.4179741315838772
479,Nightlife Spot,2,2.138775204135044,2.6227345313991313,0.4839593272640874
480,Nightlife Spot,2,2.483960893391843,3.2148519718151136,0.7308910784232707
482,Nightlife Spot,2,3.8839113941725136,4.379488925412142,0.4955775312396282
493,Nightlife Spot,2,1.9135199443045816,2.8843768264412044,0.9708568821366228
497,Nightlife Spot,2,4.758933337903189,4.390326705484799,-0.3686066324183894
505,Nightlife Spot,2,1.9597212830787845,1.566819361379419,-0.39290192169936544
506,Nightlife Spot,2,1.9378622979046658,1.67357984990581,-0.2642824479988557
513,Nightlife Spot,2,2.096810722918748,2.1885273504933274,0.09171662757457932
514,Nightlife Spot,2,3.825709698657322,3.548753900208769,-0.2769557984485531
519,Nightlife Spot,2,3.971603924318419,3.077092341659302,-0.894511582659117
523,Nightlife Spot,2,3.626152898246049,3.703308682494151,0.07715578424810188
529,Nightlife Spot,2,4.652439896306456,5.246793446626621,0.5943535503201653
550,Nightlife Spot,2,3.7059847330162654,4.001035113831525,0.29505038081526
555,Nightlife Spot,2,2.6217046668303423,2.3889940979689737,-0.23271056886136865
558,Nightlife Spot,2,2.9583082063989723,3.3651963072351525,0.4068881008361802
560,Nightlife Spot,2,2.7162622881371803,3.984474841539296,1.2682125534021158
586,Nightlife Spot,2,5.444664434435385,5.978059338485519,0.5333949040501338
589,Nightlife Spot,2,2.9744816172331308,3.7573972215311473,0.7829156042980165
591,Nightlife Spot,2,3.3540744836099723,1.7052807589321604,-1.648793724677812
595,Nightlife Spot,2,3.042495064834708,3.2351354473740086,0.1926403825393006
596,Nightlife Spot,2,2.813796076950275,2.996228129167088,0.18243205221681302
600,Nightlife Spot,2,3.206523090577657,3.2147841851591563,0.008261094581499151
601,Nightlife Spot,2,5.154355486913724,5.473002034265472,0.31864654735174813
605,Nightlife Spot,2,1.9434776934050324,1.967096502765367,0.02361880936033467
609,Nightlife Spot,2,3.462859047724711,3.098216148648024,-0.36464289907668723
611,Nightlife Spot,2,4.025413481281198,4.249657007697924,0.22424352641672574
614,Nightlife Spot,2,5.663353643170614,5.768913492142358,0.10555984897174397
615,Nightlife Spot,2,4.2508711658696265,4.813454046029856,0.5625828801602291
625,Nightlife Spot,2,2.624730376747647,2.4340671853723377,-0.19066319137530918
629,Nightlife Spot,2,6.122158509422249,3.5331882483645622,-2.588970261057687
633,Nightlife Spot,2,2.9008472259760376,2.8887004011722546,-0.01214682480378304
634,Nightlife Spot,2,3.6636292583079495,3.846207428201809,0.18257816989385933
635,Nightlife Spot,2,3.649299523714368,5.093332784889192,1.4440332611748241
642,Nightlife Spot,2,3.6614809412846983,3.9917985265420577,0.33031758525735944
643,Nightlife Spot,2,5.909901744256123,6.031873196198093,0.12197145194197034
648,Nightlife Spot,2,4.748330862863369,2.9888957649925656,-1.7594350978708038
649,Nightlife Spot,2,2.361972797956094,2.7763337237403904,0.4143609257842966
657,Nightlife Spot,2,6.690373439774637,6.392335525292548,-0.29803791448208905
658,Nightlife Spot,2,3.708262251349306,4.3406289642987925,0.6323667129494863
661,Nightlife Spot,2,6.115272129003343,5.464355220111739,-0.6509169088916043
674,Nightlife Spot,2,5.486006225531229,4.67662045734516,-0.8093857681860692
676,Nightlife Spot,2,2.9409024928510954,3.5010673708706035,0.5601648780195081
683,Nightlife Spot,2,5.865674135437478,6.141785581847211,0.2761114464097325
691,Nightlife Spot,2,3.626000900159993,3.56949745947175,-0.05650344068824298
694,Nightlife Spot,2,2.4387398092390753,2.2757420878330383,-0.16299772140603697
707,Nightlife Spot,2,4.087897825560027,4.217225273546809,0.12932744798678186
717,Nightlife Spot,2,3.260194381431597,3.714072021923977,0.45387764049238033
720,Nightlife Spot,2,4.005087994064668,3.4532690343967682,-0.5518189596679002
722,Nightlife Spot,2,3.872842888232637,4.059737655550952,0.18689476731831522
726,Nightlife Spot,2,5.539654485278018,5.668247751894977,0.12859326661695913
729,Nightlife Spot,2,3.335645371438578,2.6312711225058054,-0.7043742489327727
733,Nightlife Spot,2,2.8897343522980083,3.2149406734293144,0.3252063211313061
734,Nightlife Spot,2,2.7181002879118203,5.24084726921698,2.5227469813051595
737,Nightlife Spot,2,3.341749780135995,4.568663878887136,1.2269140987511413
740,Nightlife Spot,2,2.398000523312777,2.338917597960695,-0.059082925352081705
744,Nightlife Spot,2,1.9765553315550304,3.6140160417412277,1.6374607101861973
755,Nightlife Spot,2,2.149471489843575,1.877293778398583,-0.27217771144499214
765,Nightlife Spot,2,5.654373712912973,6.104841184931191,0.450467472018218
769,Nightlife Spot,2,7.965756238974709,7.759373591501282,-0.20638264747342738
773,Nightlife Spot,2,3.877572899460649,3.9663963153407638,0.08882341588011489
778,Nightlife Spot,2,2.832827418357515,3.978847409639397,1.1460199912818823
779,Nightlife Spot,2,4.01227971074826,4.13266039002736,0.12038067927910046
784,Nightlife Spot,2,3.091402978225277,3.1166242502756494,0.025221272050372168
791,Nightlife Spot,2,3.223529175304731,3.341724247289893,0.11819507198516233
798,Nightlife Spot,2,2.963110643767915,3.5546866791839715,0.5915760354160566
799,Nightlife Spot,2,5.054763462651228,2.514378642167706,-2.540384820483522
801,Nightlife Spot,2,4.072340467175893,2.7321980830765433,-1.3401423840993498
804,Nightlife Spot,2,3.014945570918149,2.7897240731089203,-0.22522149780922884
805,Nightlife Spot,2,2.7552427401345403,2.9535540912077916,0.19831135107325126
816,Nightlife Spot,2,3.950895259567149,4.057173789063125,0.1062785294959756
819,Nightlife Spot,2,3.0638545882457535,3.2549578607286715,0.19110327248291803
830,Nightlife Spot,2,4.1972044825871,4.48126826498928,0.2840637824021801
832,Nightlife Spot,2,4.0901739715199685,4.812217318588252,0.7220433470682837
837,Nightlife Spot,2,3.7555433249515646,4.038624743556198,0.28308141860463376
843,Nightlife Spot,2,4.054677333392288,4.404615641152101,0.34993830775981305
848,Nightlife Spot,2,1.241742672853042,1.1645805349306375,-0.07716213792240456
859,Nightlife Spot,2,2.1497189793141036,2.2564653851934384,0.10674640587933482
861,Nightlife Spot,2,2.851434453465016,2.9744561339798397,0.12302168051482365
864,Nightlife Spot,2,2.8187807182220896,3.018128883260609,0.19934816503851938
866,Nightlife Spot,2,3.7980491396047533,3.712229981449128,-0.08581915815562535
875,Nightlife Spot,2,5.747832165415646,5.592892532292299,-0.15493963312334724
878,Nightlife Spot,2,1.7971099206353847,1.9064362736351215,0.10932635299973681
879,Nightlife Spot,2,4.857614403466086,2.4606699615341814,-2.396944441931905
887,Nightlife Spot,2,3.128671141137878,2.226292495293563,-0.902378645844315
903,Nightlife Spot,2,3.1567756552834756,3.6982262281665443,0.5414505728830687
907,Nightlife Spot,2,4.135919825128922,4.285684378968354,0.14976455383943232
909,Nightlife Spot,2,3.328537972241618,3.7648327411756286,0.4362947689340104
912,Nightlife Spot,2,3.514357830230157,3.58808653840754,0.07372870817738297
915,Nightlife Spot,2,3.7324313718977957,3.847751792118765,0.11532042022096922
920,Nightlife Spot,2,2.687158341941337,3.2634153406812265,0.5762569987398893
927,Nightlife Spot,2,2.751681505666836,2.886834610431065,0.13515310476422915
929,Nightlife Spot,2,2.898882952455717,4.426449106043426,1.5275661535877094
930,Nightlife Spot,2,2.761528861829024,4.862881970756034,2.1013531089270097
935,Nightlife Spot,2,3.383331833072506,1.908830398900548,-1.4745014341719582
938,Nightlife Spot,2,2.244249956594005,2.2133392186950793,-0.03091073789892551
941,Nightlife Spot,2,3.153310285339737,3.3486148525341934,0.19530456719445644
944,Nightlife Spot,2,2.6043056251421683,2.722403111339895,0.11809748619772664
947,Nightlife Spot,2,2.5999390736247268,2.7428708337694276,0.14293176014470088
957,Nightlife Spot,2,2.48842451789607,2.6795999692559676,0.19117545135989733
963,Nightlife Spot,2,3.1180736219761815,4.398222208678951,1.2801485867027695
978,Nightlife Spot,2,2.4687904630420023,3.170999879998279,0.7022094169562765
979,Nightlife Spot,2,1.8390986730928591,1.7505436872697842,-0.08855498582307497
980,Nightlife Spot,2,3.260277090672285,3.017389753732774,-0.24288733693951103
981,Nightlife Spot,2,2.4049802204849984,4.1710438092233115,1.7660635887383132
986,Nightlife Spot,2,3.4978808715210405,2.0992902696211084,-1.3985906018999321
989,Nightlife Spot,2,2.3225835849295247,2.0535347469731846,-0.26904883795634005
997,Nightlife Spot,2,4.240774528182572,4.472705945662332,0.23193141747975954
1000,Nightlife Spot,2,4.902552424745623,3.767397837429994,-1.1351545873156286
1011,Nightlife Spot,2,2.979110139663664,2.1262245077966884,-0.8528856318669757
1013,Nightlife Spot,2,2.0876506073045156,1.8500729228948156,-0.23757768440969995
1016,Nightlife Spot,2,2.110186791424348,2.1088249027087937,-0.0013618887155542048
1018,Nightlife Spot,2,4.431324649489095,4.729155366736942,0.29783071724784627
1024,Nightlife Spot,2,2.873830729064091,3.198392644518485,0.3245619154543937
1027,Nightlife Spot,2,4.601372594073455,4.976178776408488,0.3748061823350328
1033,Nightlife Spot,2,2.333201323745514,2.308156856833534,-0.02504446691197959
1037,Nightlife Spot,2,2.5602124287627666,2.574951691723464,0.014739262960697275
1041,Nightlife Spot,2,2.492820010485513,2.4244137924075524,-0.06840621807796055
1042,Nightlife Spot,2,3.178119577664945,3.188403574898045,0.010283997233099917
1061,Nightlife Spot,2,3.241936334696209,6.175780694291316,2.9338443595951067
1065,Nightlife Spot,2,2.479475708168281,2.40051623423927,-0.07895947392901093
1067,Nightlife Spot,2,3.378637851279758,3.4820815824536058,0.10344373117384764
1079,Nightlife Spot,2,1.8520821147072348,1.7141521888321702,-0.13792992587506459
1087,Nightlife Spot,2,3.425341013395143,3.432453862548123,0.007112849152979717
1092,Nightlife Spot,2,4.146084484677459,4.883725201966948,0.737640717289489
1094,Nightlife Spot,2,4.423250413555068,2.7842340105749463,-1.6390164029801215
1108,Nightlife Spot,2,2.888649793428822,2.7845131909013103,-0.10413660252751189
1114,Nightlife Spot,2,1.8902972215485807,2.275008053179498,0.3847108316309171
1117,Nightlife Spot,2,2.9071303305480356,5.411659017812307,2.504528687264272
1118,Nightlife Spot,2,2.4544878344661027,2.381143550300586,-0.07334428416551653
1120,Nightlife Spot,2,3.0612122097587893,3.0415658684800913,-0.01964634127869802
1124,Nightlife Spot,2,2.4527769601164646,2.489435837068596,0.036658876952131436
1126,Nightlife Spot,2,4.577611972526568,3.9376188627102007,-0.6399931098163671
1134,Nightlife Spot,2,3.7583911575623294,3.590589893276678,-0.16780126428565145
1136,Nightlife Spot,2,1.7866849748890008,2.6384523584869437,0.8517673835979429
1138,Nightlife Spot,2,4.680866836335059,4.392536389550389,-0.2883304467846699
1146,Nightlife Spot,2,3.0061343668022387,3.1282616730932675,0.12212730629102886
1150,Nightlife Spot,2,5.1168379856569715,5.3002109490607,0.18337296340372866
1159,Nightlife Spot,2,2.585435546367386,2.2393037942097864,-0.3461317521575995
1161,Nightlife Spot,2,2.8518771942997097,3.2674917866122124,0.41561459231250275
1164,Nightlife Spot,2,3.327986078945414,2.9588784764438762,-0.3691076025015376
1169,Nightlife Spot,2,7.107111314100368,6.170896398926468,-0.9362149151738999
1184,Nightlife Spot,2,3.0391189616617327,3.4829994210221478,0.4438804593604151
1185,Nightlife Spot,2,4.879059520528977,5.189402470787076,0.3103429502580992
1186,Nightlife Spot,2,2.807697970164683,7.715116467993752,4.907418497829069
1187,Nightlife Spot,2,2.455523630060305,3.217938677972948,0.762415047912643
1192,Nightlife Spot,2,4.064638991808154,4.215142906325464,0.1505039145173095
1197,Nightlife Spot,2,5.681437990943717,6.354723945219916,0.6732859542761984
1208,Nightlife Spot,2,3.941800344760172,3.7413227349968308,-0.2004776097633414
1214,Nightlife Spot,2,5.899445556064144,5.2713788501863075,-0.6280667058778366
1218,Nightlife Spot,2,7.277110125889763,7.632464635223279,0.355354509333516
1221,Nightlife Spot,2,4.5127957830758785,3.9694030883981153,-0.5433926946777632
1224,Nightlife Spot,2,4.357493441619454,4.366440709620251,0.008947268000797592
1228,Nightlife Spot,2,3.3879150421168367,2.7796338677183083,-0.6082811743985284
1232,Nightlife Spot,2,3.177009512766916,2.824406488768278,-0.35260302399863797
2,Nightlife Spot,3,5.0180255984498485,5.649455702592245,0.6314301041423969
5,Nightlife Spot,3,3.2153929194574857,3.471823207521884,0.25643028806439805
12,Nightlife Spot,3,2.4274717225890354,2.924547649062006,0.4970759264729705
21,Nightlife Spot,3,5.385291023395427,5.3810225028815,-0.004268520513927676
25,Nightlife Spot,3,3.1280683465504593,3.550274938840924,0.42220659229046476
36,Nightlife Spot,3,2.0050709603263517,3.486782987043234,1.4817120267168824
37,Nightlife Spot,3,2.215943257811017,2.7184869955973343,0.5025437377863171
49,Nightlife Spot,3,3.485027824405078,4.502323284060605,1.0172954596555268
53,Nightlife Spot,3,2.599107436156495,2.2196263539962904,-0.3794810821602046
56,Nightlife Spot,3,2.0459128925750565,3.085208513762859,1.0392956211878026
64,Nightlife Spot,3,6.203475238789368,6.441173554560402,0.23769831577103417
67,Nightlife Spot,3,2.8641318796050084,2.8383993611302927,-0.025732518474715693
69,Nightlife Spot,3,3.9516225699459415,5.390608443779548,1.438985873833606
72,Nightlife Spot,3,2.40056597717942,2.5369043729894813,0.13633839581006146
74,Nightlife Spot,3,3.970697470071218,4.3776519206655005,0.4069544505942826
77,Nightlife Spot,3,2.501584888583907,2.8429757885894684,0.34139090000556127
84,Nightlife Spot,3,2.111536191233065,3.614796686209446,1.5032604949763808
90,Nightlife Spot,3,3.212137939364232,2.475731082984368,-0.736406856379864
97,Nightlife Spot,3,3.107970832812782,3.2894458122806727,0.18147497946789048
98,Nightlife Spot,3,3.088896095021928,2.51450900051843,-0.5743870945034981
99,Nightlife Spot,3,3.1507007454579243,3.2623378154461116,0.11163706998818723
109,Nightlife Spot,3,4.796165636718552,5.080203564751047,0.28403792803249495
111,Nightlife Spot,3,4.673310323769867,3.197198962336352,-1.4761113614335146
117,Nightlife Spot,3,1.6147446776124956,1.5188187780762468,-0.09592589953624886
118,Nightlife Spot,3,1.3996616197236582,1.6021845885428248,0.20252296881916654
120,Nightlife Spot,3,1.590205309105996,1.648345633367817,0.05814032426182103
124,Nightlife Spot,3,2.439396686929916,3.3113087594190453,0.8719120724891294
126,Nightlife Spot,3,5.35741997426128,6.815307297356158,1.4578873230948783
130,Nightlife Spot,3,3.5832607373307552,4.440096223307597,0.8568354859768417
144,Nightlife Spot,3,3.098325164556581,3.672012609272054,0.5736874447154734
149,Nightlife Spot,3,2.7504630486960027,3.533669278876653,0.7832062301806504
150,Nightlife Spot,3,3.5674270870402465,3.880484829574698,0.3130577425344514
160,Nightlife Spot,3,2.088884998802002,1.9050149502720082,-0.183870048529994
164,Nightlife Spot,3,2.0878247182267944,2.1509991110731437,0.06317439284634929
166,Nightlife Spot,3,3.0742581569146648,2.3600909820905107,-0.714167174824154
173,Nightlife Spot,3,2.0344320176064943,2.472563708660111,0.4381316910536168
186,Nightlife Spot,3,1.9988973020270724,2.70784675400067,0.7089494519735975
189,Nightlife Spot,3,3.8619416760250846,4.272206108678203,0.4102644326531184
199,Nightlife Spot,3,5.524269618738086,5.400044539698768,-0.12422507903931823
206,Nightlife Spot,3,3.697296737699345,3.8111622930950713,0.1138655553957264
208,Nightlife Spot,3,4.879290051527073,4.692830406599574,-0.1864596449274991
209,Nightlife Spot,3,2.9565640782505636,4.533808947607584,1.5772448693570205
212,Nightlife Spot,3,2.351523873589208,2.5262454217813763,0.17472154819216845
213,Nightlife Spot,3,2.721461481896759,2.391445964830365,-0.3300155170663941
220,Nightlife Spot,3,3.487603082213645,5.128333560848797,1.6407304786351524
223,Nightlife Spot,3,5.632521059295711,5.5409762492395025,-0.09154481005620863
234,Nightlife Spot,3,5.566811573251901,2.35769881983634,-3.2091127534155603
237,Nightlife Spot,3,4.383398643403752,4.658561334549898,0.27516269114614555
244,Nightlife Spot,3,2.9379274409627705,3.2403572837694616,0.30242984280669116
245,Nightlife Spot,3,2.906648172124192,4.305383294042178,1.3987351219179862
251,Nightlife Spot,3,4.835703038568363,6.339552622663317,1.5038495840949535
253,Nightlife Spot,3,3.8918869499646886,3.6886050012739204,-0.2032819486907682
258,Nightlife Spot,3,4.301796579858591,2.8781509153400933,-1.4236456645184976
264,Nightlife Spot,3,2.3521817884020426,3.1829459711245427,0.8307641827225001
268,Nightlife Spot,3,3.7771063112819245,3.602872473752776,-0.17423383752914834
269,Nightlife Spot,3,2.869453662718338,2.7629909273172837,-0.10646273540105433
270,Nightlife Spot,3,2.9720654372259165,1.3577601134091721,-1.6143053238167444
273,Nightlife Spot,3,2.9343252052754503,3.0184878913654183,0.08416268608996802
274,Nightlife Spot,3,3.403555306517492,3.8392741532040393,0.43571884668654715
280,Nightlife Spot,3,4.498978333738492,5.018408106838952,0.5194297731004598
283,Nightlife Spot,3,2.290765385874406,2.8971862333694127,0.6064208474950066
292,Nightlife Spot,3,6.323155688732795,4.195610339628473,-2.127545349104322
325,Nightlife Spot,3,2.135362579460219,2.226062504055089,0.09069992459486986
329,Nightlife Spot,3,3.3181610273586135,3.3979100633617687,0.0797490360031552
330,Nightlife Spot,3,3.5703316667367035,3.6211715851072546,0.05083991837055102
335,Nightlife Spot,3,2.867945394751377,3.3304109324655347,0.46246553771415755
337,Nightlife Spot,3,3.84728819253424,3.7971657745786045,-0.050122417955635434
340,Nightlife Spot,3,2.9515527399128088,3.2151126019369505,0.2635598620241417
345,Nightlife Spot,3,2.3248748809041926,2.53683985440024,0.21196497349604737
356,Nightlife Spot,3,3.0371616881716648,3.282951248958894,0.24578956078722936
360,Nightlife Spot,3,2.8363416516081266,2.833369577022137,-0.0029720745859895814
363,Nightlife Spot,3,2.656818357553643,2.6893063527210215,0.032487995167378436
364,Nightlife Spot,3,2.709856789455338,2.6445518139048714,-0.06530497555046644
366,Nightlife Spot,3,3.8140470239807263,4.139930990399597,0.3258839664188704
369,Nightlife Spot,3,3.2898504859061877,2.579971035413349,-0.7098794504928385
373,Nightlife Spot,3,3.839532471123416,3.349001511435045,-0.4905309596883711
382,Nightlife Spot,3,2.9805602834740013,3.515795630998634,0.5352353475246328
396,Nightlife Spot,3,4.301465797462567,4.367606485495816,0.0661406880332489
400,Nightlife Spot,3,2.7759834714594076,3.21872324187936,0.44273977041995227
420,Nightlife Spot,3,2.624444344577647,3.4221708031865736,0.7977264586089268
425,Nightlife Spot,3,2.2740720826484857,2.8422390513384026,0.5681669686899169
427,Nightlife Spot,3,2.8423200530566115,3.0146433246444526,0.1723232715878411
428,Nightlife Spot,3,3.6030399220753715,4.000460151982155,0.3974202299067837
432,Nightlife Spot,3,2.4874982706479796,2.7103189562439494,0.2228206855959698
433,Nightlife Spot,3,1.7128859810222974,1.793076141867325,0.0801901608450275
445,Nightlife Spot,3,3.3309212733023164,4.157854587872368,0.8269333145700517
446,Nightlife Spot,3,2.8425952311255474,3.1022785860446485,0.2596833549191011
450,Nightlife Spot,3,3.066624673441465,2.9669340095708963,-0.09969066387056857
462,Nightlife Spot,3,2.472908853492441,2.607513951608742,0.13460509811630095
464,Nightlife Spot,3,3.4412605341892712,3.6239493654486323,0.18268883125936108
468,Nightlife Spot,3,3.738290623044069,3.854009129419035,0.11571850637496617
471,Nightlife Spot,3,7.994318521050442,2.0659149479082815,-5.928403573142161
477,Nightlife Spot,3,2.1321118154511636,3.7995284775397526,1.667416662088589
479,Nightlife Spot,3,2.138775204135044,3.0303435081102963,0.8915683039752524
480,Nightlife Spot,3,2.483960893391843,3.4115739874823587,0.9276130940905158
482,Nightlife Spot,3,3.8839113941725136,4.974578959146308,1.0906675649737947
493,Nightlife Spot,3,1.9135199443045816,3.4892326288569646,1.575712684552383
497,Nightlife Spot,3,4.758933337903189,4.164516653680495,-0.5944166842226934
505,Nightlife Spot,3,1.9597212830787845,1.5430700896701093,-0.4166511934086752
506,Nightlife Spot,3,1.9378622979046658,1.6391917963241887,-0.29867050158047714
513,Nightlife Spot,3,2.096810722918748,2.2620831655693543,0.16527244265060625
514,Nightlife Spot,3,3.825709698657322,3.5265715121177568,-0.29913818653956525
519,Nightlife Spot,3,3.971603924318419,3.0665437329920513,-0.9050601913263678
523,Nightlife Spot,3,3.626152898246049,3.718710858982316,0.09255796073626721
529,Nightlife Spot,3,4.652439896306456,5.316827288843161,0.664387392536705
550,Nightlife Spot,3,3.7059847330162654,4.061912944629902,0.3559282116136364
555,Nightlife Spot,3,2.6217046668303423,2.329875994224433,-0.2918286726059094
558,Nightlife Spot,3,2.9583082063989723,3.7385287891104713,0.780220582711499
560,Nightlife Spot,3,2.7162622881371803,4.355304448643948,1.6390421605067678
586,Nightlife Spot,3,5.444664434435385,6.053431831131785,0.6087673966964005
589,Nightlife Spot,3,2.9744816172331308,4.095539797392374,1.1210581801592432
591,Nightlife Spot,3,3.3540744836099723,1.6969578719397302,-1.657116611670242
595,Nightlife Spot,3,3.042495064834708,3.3084327910405333,0.26593772620582534
596,Nightlife Spot,3,2.813796076950275,3.0122937221709316,0.1984976452206566
600,Nightlife Spot,3,3.206523090577657,3.2779432413724248,0.0714201507947676
601,Nightlife Spot,3,5.154355486913724,5.437992610101702,0.28363712318797774
605,Nightlife Spot,3,1.9434776934050324,1.9769826524843337,0.03350495907930129
609,Nightlife Spot,3,3.462859047724711,3.1096702810918817,-0.3531887666328295
611,Nightlife Spot,3,4.025413481281198,4.36515753307306,0.33974405179186196
614,Nightlife Spot,3,5.663353643170614,5.822951548506398,0.15959790533578389
615,Nightlife Spot,3,4.2508711658696265,2.0126684838421003,-2.2382026820275263
625,Nightlife Spot,3,2.624730376747647,2.3810577082010096,-0.24367266854663727
629,Nightlife Spot,3,6.122158509422249,3.5374515928190533,-2.5847069166031957
633,Nightlife Spot,3,2.9008472259760376,3.234787989617048,0.33394076364101055
634,Nightlife Spot,3,3.6636292583079495,4.000648209310922,0.33701895100297286
635,Nightlife Spot,3,3.649299523714368,6.923534294129094,3.2742347704147257
642,Nightlife Spot,3,3.6614809412846983,3.976489548560439,0.31500860727574054
643,Nightlife Spot,3,5.909901744256123,6.053948108692842,0.14404636443671937
648,Nightlife Spot,3,4.748330862863369,3.105498762796653,-1.6428321000667165
649,Nightlife Spot,3,2.361972797956094,2.6951088036394326,0.3331360056833388
657,Nightlife Spot,3,6.690373439774637,6.277441682209248,-0.41293175756538947
658,Nightlife Spot,3,3.708262251349306,4.718473133167286,1.0102108818179794
661,Nightlife Spot,3,6.115272129003343,5.161677230555641,-0.9535948984477018
674,Nightlife Spot,3,5.486006225531229,3.6960116501571325,-1.7899945753740965
676,Nightlife Spot,3,2.9409024928510954,3.778093261555843,0.8371907687047475
683,Nightlife Spot,3,5.865674135437478,6.21901327722632,0.3533391417888412
691,Nightlife Spot,3,3.626000900159993,3.5049080908910417,-0.12109280926895138
694,Nightlife Spot,3,2.4387398092390753,2.9232245950884455,0.48448478584937016
707,Nightlife Spot,3,4.087897825560027,4.315878724211289,0.22798089865126148
717,Nightlife Spot,3,3.260194381431597,3.8086660486660886,0.5484716672344918
720,Nightlife Spot,3,4.005087994064668,3.0306211440789177,-0.9744668499857507
722,Nightlife Spot,3,3.872842888232637,4.235579574971191,0.36273668673855397
726,Nightlife Spot,3,5.539654485278018,5.687524101569814,0.1478696162917954
729,Nightlife Spot,3,3.335645371438578,2.578209298831122,-0.7574360726074563
733,Nightlife Spot,3,2.8897343522980083,3.419780324572103,0.5300459722740944
734,Nightlife Spot,3,2.7181002879118203,5.296584848014522,2.5784845601027016
737,Nightlife Spot,3,3.341749780135995,4.652699931205008,1.3109501510690134
740,Nightlife Spot,3,2.398000523312777,2.3844956829133537,-0.013504840399423124
744,Nightlife Spot,3,1.9765553315550304,3.6750167426253526,1.6984614110703222
755,Nightlife Spot,3,2.149471489843575,1.8958050678302638,-0.25366642201331135
765,Nightlife Spot,3,5.654373712912973,6.269059598719414,0.6146858858064412
769,Nightlife Spot,3,7.965756238974709,7.769387546862942,-0.19636869211176755
773,Nightlife Spot,3,3.877572899460649,4.0295814680877715,0.15200856862712264
778,Nightlife Spot,3,2.832827418357515,4.049432827094024,1.216605408736509
779,Nightlife Spot,3,4.01227971074826,4.209462184941021,0.19718247419276125
784,Nightlife Spot,3,3.091402978225277,3.2671938378875645,0.17579085966228725
791,Nightlife Spot,3,3.223529175304731,3.419776455159962,0.19624727985523105
798,Nightlife Spot,3,2.963110643767915,3.7909962525000354,0.8278856087321205
799,Nightlife Spot,3,5.054763462651228,2.4992972488887624,-2.5554662137624655
801,Nightlife Spot,3,4.072340467175893,2.723897446131291,-1.3484430210446021
804,Nightlife Spot,3,3.014945570918149,2.9601857055781142,-0.05475986534003496
805,Nightlife Spot,3,2.7552427401345403,4.301886777789735,1.546644037655195
816,Nightlife Spot,3,3.950895259567149,4.152769710352042,0.20187445078489308
819,Nightlife Spot,3,3.0638545882457535,3.3912988832717135,0.32744429502595995
830,Nightlife Spot,3,4.1972044825871,4.582455796208687,0.3852513136215867
832,Nightlife Spot,3,4.0901739715199685,3.9649508022815585,-0.12522316923841004
837,Nightlife Spot,3,3.7555433249515646,4.2157889063597445,0.46024558140817984
843,Nightlife Spot,3,4.054677333392288,4.710587774422438,0.6559104410301497
848,Nightlife Spot,3,1.241742672853042,1.1958363151085138,-0.045906357744528226
859,Nightlife Spot,3,2.1497189793141036,2.2998776792396116,0.150158699925508
861,Nightlife Spot,3,2.851434453465016,3.0509747038078014,0.19954025034278544
864,Nightlife Spot,3,2.8187807182220896,3.1422015922145565,0.3234208739924669
866,Nightlife Spot,3,3.7980491396047533,3.7290768235884104,-0.0689723160163429
875,Nightlife Spot,3,5.747832165415646,2.8713244088687464,-2.8765077565469
878,Nightlife Spot,3,1.7971099206353847,2.0085450179370414,0.21143509730165677
879,Nightlife Spot,3,4.857614403466086,2.4990327842390485,-2.3585816192270377
887,Nightlife Spot,3,3.128671141137878,2.22844731930113,-0.900223821836748
903,Nightlife Spot,3,3.1567756552834756,3.7460962689027406,0.589320613619265
907,Nightlife Spot,3,4.135919825128922,4.373891483782394,0.23797165865347214
909,Nightlife Spot,3,3.328537972241618,3.789241375613182,0.4607034033715638
912,Nightlife Spot,3,3.514357830230157,3.6901633882952014,0.1758055580650444
915,Nightlife Spot,3,3.7324313718977957,3.765302705751753,0.03287133385395746
920,Nightlife Spot,3,2.687158341941337,4.181265539933975,1.4941071979926375
927,Nightlife Spot,3,2.751681505666836,3.0436817349608596,0.2920002292940236
929,Nightlife Spot,3,2.898882952455717,7.000625009742839,4.101742057287122
930,Nightlife Spot,3,2.761528861829024,5.161473761046874,2.3999448992178505
935,Nightlife Spot,3,3.383331833072506,2.0064549251576356,-1.3768769079148706
938,Nightlife Spot,3,2.244249956594005,2.369100700148418,0.12485074355441306
941,Nightlife Spot,3,3.153310285339737,3.5760173051817876,0.4227070198420506
944,Nightlife Spot,3,2.6043056251421683,4.228452688693244,1.6241470635510753
947,Nightlife Spot,3,2.5999390736247268,2.9830523126060764,0.38311323898134964
957,Nightlife Spot,3,2.48842451789607,2.7412702867114063,0.25284576881533605
963,Nightlife Spot,3,3.1180736219761815,5.364192198630926,2.2461185766547445
978,Nightlife Spot,3,2.4687904630420023,3.757945786060443,1.2891553230184405
979,Nightlife Spot,3,1.8390986730928591,1.7644161203697912,-0.0746825527230679
980,Nightlife Spot,3,3.260277090672285,5.088983130200772,1.8287060395284866
981,Nightlife Spot,3,2.4049802204849984,4.241803163179913,1.8368229426949148
986,Nightlife Spot,3,3.4978808715210405,2.3315931407929114,-1.1662877307281292
989,Nightlife Spot,3,2.3225835849295247,2.377345800049505,0.05476221511998025
997,Nightlife Spot,3,4.240774528182572,4.733717402697574,0.49294287451500196
1000,Nightlife Spot,3,4.902552424745623,3.858844357154456,-1.0437080675911665
1011,Nightlife Spot,3,2.979110139663664,1.8115959449179666,-1.1675141947456975
1013,Nightlife Spot,3,2.0876506073045156,1.8656345957719298,-0.22201601153258577
1016,Nightlife Spot,3,2.110186791424348,2.158167353142209,0.047980561717861026
1018,Nightlife Spot,3,4.431324649489095,5.199083311129372,0.7677586616402765
1024,Nightlife Spot,3,2.873830729064091,3.3532094204479757,0.47937869138388445
1027,Nightlife Spot,3,4.601372594073455,5.123299325237518,0.5219267311640632
1033,Nightlife Spot,3,2.333201323745514,2.3103848883366376,-0.022816435408876234
1037,Nightlife Spot,3,2.5602124287627666,2.5875394061594856,0.027326977396719077
1041,Nightlife Spot,3,2.492820010485513,2.6998074304612762,0.2069874199757633
1042,Nightlife Spot,3,3.178119577664945,3.306677947310704,0.12855836964575929
1061,Nightlife Spot,3,3.241936334696209,6.083118985989981,2.841182651293772
1065,Nightlife Spot,3,2.479475708168281,2.494040026832452,0.014564318664171072
1067,Nightlife Spot,3,3.378637851279758,3.5181106711730976,0.13947281989333948
1079,Nightlife Spot,3,1.8520821147072348,1.7893100161654405,-0.06277209854179433
1087,Nightlife Spot,3,3.425341013395143,3.460284547110703,0.034943533715559916
1092,Nightlife Spot,3,4.146084484677459,3.0481442011464726,-1.0979402835309866
1094,Nightlife Spot,3,4.423250413555068,3.2251119704284994,-1.1981384431265685
1108,Nightlife Spot,3,2.888649793428822,2.813362921213023,-0.07528687221579933
1114,Nightlife Spot,3,1.8902972215485807,2.49847668706197,0.6081794655133894
1117,Nightlife Spot,3,2.9071303305480356,5.545391721724219,2.638261391176183
1118,Nightlife Spot,3,2.4544878344661027,2.384828083144956,-0.06965975132114677
1120,Nightlife Spot,3,3.0612122097587893,3.0493645087754366,-0.011847700983352638
1124,Nightlife Spot,3,2.4527769601164646,6.510994480125463,4.0582175200089985
1126,Nightlife Spot,3,4.577611972526568,3.9612172966468377,-0.6163946758797301
1134,Nightlife Spot,3,3.7583911575623294,3.6426201064311092,-0.11577105113122022
1136,Nightlife Spot,3,1.7866849748890008,3.026060583316566,1.2393756084275651
1138,Nightlife Spot,3,4.680866836335059,4.3433804655025705,-0.33748637083248845
1146,Nightlife Spot,3,3.0061343668022387,3.697040137822285,0.6909057710200464
1150,Nightlife Spot,3,5.1168379856569715,5.367021091511722,0.25018310585475056
1159,Nightlife Spot,3,2.585435546367386,2.3658337696500586,-0.21960177671732728
1161,Nightlife Spot,3,2.8518771942997097,3.2993266583141327,0.4474494640144231
1164,Nightlife Spot,3,3.327986078945414,2.9333176191124872,-0.39466845983292664
1169,Nightlife Spot,3,7.107111314100368,2.0719630460133827,-5.035148268086985
1184,Nightlife Spot,3,3.0391189616617327,3.8428981167971497,0.803779155135417
1185,Nightlife Spot,3,4.879059520528977,5.04184775451535,0.16278823398637332
1186,Nightlife Spot,3,2.807697970164683,7.8559880643932845,5.0482900942286015
1187,Nightlife Spot,3,2.455523630060305,3.4439854003294674,0.9884617702691623
1192,Nightlife Spot,3,4.064638991808154,4.162322248307621,0.09768325649946696
1197,Nightlife Spot,3,5.681437990943717,6.516457497691784,0.8350195067480666
1208,Nightlife Spot,3,3.941800344760172,3.803877732997534,-0.13792261176263798
1214,Nightlife Spot,3,5.899445556064144,5.183953378708583,-0.7154921773555607
1218,Nightlife Spot,3,7.277110125889763,7.672324780789877,0.39521465490011387
1221,Nightlife Spot,3,4.5127957830758785,3.9472493073224344,-0.5655464757534441
1224,Nightlife Spot,3,4.357493441619454,4.963219004416219,0.6057255627967653
1228,Nightlife Spot,3,3.3879150421168367,3.2569783578396505,-0.1309366842771862
1232,Nightlife Spot,3,3.177009512766916,2.9002098796685076,-0.2767996330984084
2,Community and Government,1,5.0180255984498485,4.801400420650618,-0.21662517779923096
5,Community and Government,1,3.2153929194574857,3.1259151919934416,-0.08947772746404414
12,Community and Government,1,2.4274717225890354,2.5128115165642493,0.08533979397521385
21,Community and Government,1,5.385291023395427,5.456862654204732,0.07157163080930484
25,Community and Government,1,3.1280683465504593,3.205071866790436,0.07700352023997681
36,Community and Government,1,2.0050709603263517,2.214477284016188,0.20940632368983625
37,Community and Government,1,2.215943257811017,2.3236177729208736,0.10767451510985637
49,Community and Government,1,3.485027824405078,2.914158601799179,-0.5708692226058991
53,Community and Government,1,2.599107436156495,2.518834822660063,-0.08027261349643178
56,Community and Government,1,2.0459128925750565,2.0967842714567135,0.05087137888165705
64,Community and Government,1,6.203475238789368,5.931648045464987,-0.27182719332438054
67,Community and Government,1,2.8641318796050084,2.880404196383037,0.01627231677802854
69,Community and Government,1,3.9516225699459415,5.696967849268501,1.7453452793225592
72,Community and Government,1,2.40056597717942,2.401059841167089,0.0004938639876690409
74,Community and Government,1,3.970697470071218,4.520362690446945,0.5496652203757275
77,Community and Government,1,2.501584888583907,2.5462775716917303,0.04469268310782315
84,Community and Government,1,2.111536191233065,2.1990418734477455,0.08750568221468047
90,Community and Government,1,3.212137939364232,4.2366593658368235,1.0245214264725915
97,Community and Government,1,3.107970832812782,3.193168220209973,0.08519738739719074
98,Community and Government,1,3.088896095021928,3.1368774053269606,0.04798131030503239
99,Community and Government,1,3.1507007454579243,2.8617755621061125,-0.28892518335181183
109,Community and Government,1,4.796165636718552,5.069873189474297,0.2737075527557451
111,Community and Government,1,4.673310323769867,4.764147180203079,0.09083685643321182
117,Community and Government,1,1.6147446776124956,1.4759491229092438,-0.13879555470325178
118,Community and Government,1,1.3996616197236582,1.4336672504307146,0.03400563070705642
120,Community and Government,1,1.590205309105996,1.663358287441806,0.07315297833581003
124,Community and Government,1,2.439396686929916,4.166089917721376,1.7266932307914598
126,Community and Government,1,5.35741997426128,4.888544672769688,-0.4688753014915914
130,Community and Government,1,3.5832607373307552,3.9855971335523788,0.40233639622162354
144,Community and Government,1,3.098325164556581,3.095044536272223,-0.0032806282843576007
149,Community and Government,1,2.7504630486960027,3.662856718586105,0.9123936698901023
150,Community and Government,1,3.5674270870402465,3.599742984781348,0.03231589774110155
160,Community and Government,1,2.088884998802002,2.098391892188232,0.009506893386229898
164,Community and Government,1,2.0878247182267944,1.9866967825505613,-0.10112793567623313
166,Community and Government,1,3.0742581569146648,3.1702072238955084,0.0959490669808436
173,Community and Government,1,2.0344320176064943,1.9863781549209962,-0.04805386268549805
186,Community and Government,1,1.9988973020270724,2.055071351058965,0.05617404903189249
189,Community and Government,1,3.8619416760250846,3.7800842985310767,-0.0818573774940079
199,Community and Government,1,5.524269618738086,5.550341465455657,0.02607184671757068
206,Community and Government,1,3.697296737699345,3.5484146555645313,-0.14888208213481358
208,Community and Government,1,4.879290051527073,4.921260843079708,0.04197079155263417
209,Community and Government,1,2.9565640782505636,3.302910143701081,0.3463460654505175
212,Community and Government,1,2.351523873589208,2.2935524380709222,-0.05797143551828565
213,Community and Government,1,2.721461481896759,2.6594006149593197,-0.062060866937439396
220,Community and Government,1,3.487603082213645,5.1892244549409465,1.7016213727273017
223,Community and Government,1,5.632521059295711,5.662942628684743,0.03042156938903151
234,Community and Government,1,5.566811573251901,5.98876228703632,0.42195071378441984
237,Community and Government,1,4.383398643403752,4.560602419671727,0.1772037762679748
244,Community and Government,1,2.9379274409627705,5.31187796186231,2.3739505208995393
245,Community and Government,1,2.906648172124192,2.7184101318937817,-0.18823804023041024
251,Community and Government,1,4.835703038568363,4.66667799731788,-0.16902504125048345
253,Community and Government,1,3.8918869499646886,3.9521108782156995,0.06022392825101086
258,Community and Government,1,4.301796579858591,4.397460829191802,0.09566424933321116
264,Community and Government,1,2.3521817884020426,2.7551804149122248,0.40299862651018215
268,Community and Government,1,3.7771063112819245,3.8090178429506203,0.03191153166869576
269,Community and Government,1,2.869453662718338,2.894519083783142,0.025065421064804028
270,Community and Government,1,2.9720654372259165,3.635441119647951,0.6633756824220343
273,Community and Government,1,2.9343252052754503,2.9186916437557477,-0.01563356151970252
274,Community and Government,1,3.403555306517492,3.399992372994879,-0.0035629335226130543
280,Community and Government,1,4.498978333738492,4.718584722531697,0.2196063887932045
283,Community and Government,1,2.290765385874406,2.1248300902613675,-0.16593529561303866
292,Community and Government,1,6.323155688732795,6.537515306388556,0.21435961765576117
325,Community and Government,1,2.135362579460219,1.9969916872846443,-0.13837089217557486
329,Community and Government,1,3.3181610273586135,3.257160475815059,-0.06100055154355433
330,Community and Government,1,3.5703316667367035,3.53373648526426,-0.03659518147244345
335,Community and Government,1,2.867945394751377,2.5084314869586786,-0.35951390779269854
337,Community and Government,1,3.84728819253424,3.7459670011045185,-0.1013211914297214
340,Community and Government,1,2.9515527399128088,2.9152187041072053,-0.03633403580560346
345,Community and Government,1,2.3248748809041926,2.3790964842654603,0.05422160336126769
356,Community and Government,1,3.0371616881716648,2.9315915707647493,-0.10557011740691546
360,Community and Government,1,2.8363416516081266,2.831786909536076,-0.004554742072050644
363,Community and Government,1,2.656818357553643,2.6830142302116515,0.02619587265800849
364,Community and Government,1,2.709856789455338,2.7529700299297684,0.04311324047443055
366,Community and Government,1,3.8140470239807263,4.0061957277691995,0.19214870378847326
369,Community and Government,1,3.2898504859061877,3.4130146130151227,0.12316412710893498
373,Community and Government,1,3.839532471123416,3.8002208801393165,-0.03931159098409953
382,Community and Government,1,2.9805602834740013,2.9010207796451875,-0.0795395038288138
396,Community and Government,1,4.301465797462567,4.188529153993731,-0.1129366434688368
400,Community and Government,1,2.7759834714594076,2.627957305504447,-0.14802616595496065
420,Community and Government,1,2.624444344577647,2.30499590147887,-0.31944844309877674
425,Community and Government,1,2.2740720826484857,2.268411564651074,-0.005660517997411851
427,Community and Government,1,2.8423200530566115,2.7364240936339987,-0.10589595942261276
428,Community and Government,1,3.6030399220753715,3.475445484860186,-0.1275944372151856
432,Community and Government,1,2.4874982706479796,2.509202549144154,0.02170427849617429
433,Community and Government,1,1.7128859810222974,1.730690649925803,0.017804668903505627
445,Community and Government,1,3.3309212733023164,3.8500312827827092,0.5191100094803929
446,Community and Government,1,2.8425952311255474,2.92710126203684,0.08450603091129283
450,Community and Government,1,3.066624673441465,3.1407293983971387,0.07410472495567388
462,Community and Government,1,2.472908853492441,2.649340919221501,0.17643206572906012
464,Community and Government,1,3.4412605341892712,3.773070162108115,0.33180962791884383
468,Community and Government,1,3.738290623044069,3.8151787904676664,0.0768881674235975
471,Community and Government,1,7.994318521050442,7.596100586365255,-0.39821793468518685
477,Community and Government,1,2.1321118154511636,2.2173401282229763,0.08522831277181275
479,Community and Government,1,2.138775204135044,2.0711645314664024,-0.0676106726686414
480,Community and Government,1,2.483960893391843,2.475902213140767,-0.008058680251076034
482,Community and Government,1,3.8839113941725136,3.8678299080688507,-0.01608148610366289
493,Community and Government,1,1.9135199443045816,1.9204653996748497,0.006945455370268139
497,Community and Government,1,4.758933337903189,4.9741411712421595,0.21520783333897064
505,Community and Government,1,1.9597212830787845,1.7950473296697391,-0.16467395340904534
506,Community and Government,1,1.9378622979046658,1.8747641811948466,-0.06309811670981924
513,Community and Government,1,2.096810722918748,2.069022961551017,-0.02778776136773109
514,Community and Government,1,3.825709698657322,4.167829312279862,0.34211961362253973
519,Community and Government,1,3.971603924318419,5.397862321616635,1.4262583972982155
523,Community and Government,1,3.626152898246049,3.321658223575684,-0.30449467467036495
529,Community and Government,1,4.652439896306456,4.359842514309488,-0.29259738199696805
550,Community and Government,1,3.7059847330162654,3.438241420510538,-0.26774331250572736
555,Community and Government,1,2.6217046668303423,2.6138596187724437,-0.007845048057898651
558,Community and Government,1,2.9583082063989723,2.5866989660503767,-0.37160924034859555
560,Community and Government,1,2.7162622881371803,3.286128501771292,0.5698662136341115
586,Community and Government,1,5.444664434435385,5.351210289965546,-0.09345414446983913
589,Community and Government,1,2.9744816172331308,2.722245419732185,-0.2522361975009457
591,Community and Government,1,3.3540744836099723,3.8544383428992957,0.5003638592893234
595,Community and Government,1,3.042495064834708,3.080743676699604,0.03824861186489592
596,Community and Government,1,2.813796076950275,2.9082248910054167,0.0944288140551417
600,Community and Government,1,3.206523090577657,4.449874229601781,1.2433511390241234
601,Community and Government,1,5.154355486913724,5.581630993802927,0.42727550688920246
605,Community and Government,1,1.9434776934050324,1.922871897874686,-0.02060579553034647
609,Community and Government,1,3.462859047724711,4.620000650108102,1.1571416023833905
611,Community and Government,1,4.025413481281198,3.77828967537702,-0.24712380590417826
614,Community and Government,1,5.663353643170614,5.753661389275784,0.09030774610516978
615,Community and Government,1,4.2508711658696265,6.272639224681683,2.0217680588120563
625,Community and Government,1,2.624730376747647,2.6194863945475473,-0.005243982200099584
629,Community and Government,1,6.122158509422249,5.195771255706322,-0.9263872537159275
633,Community and Government,1,2.9008472259760376,2.919929427237797,0.019082201261759302
634,Community and Government,1,3.6636292583079495,4.829164974118555,1.1655357158106057
635,Community and Government,1,3.649299523714368,3.3939888839111374,-0.25531063980323054
642,Community and Government,1,3.6614809412846983,3.7517502159023555,0.09026927461765721
643,Community and Government,1,5.909901744256123,5.247449465034786,-0.6624522792213368
648,Community and Government,1,4.748330862863369,4.9310056120490025,0.1826747491856331
649,Community and Government,1,2.361972797956094,3.061515023902423,0.6995422259463293
657,Community and Government,1,6.690373439774637,6.846266560943897,0.15589312116925935
658,Community and Government,1,3.708262251349306,3.466963809311901,-0.24129844203740536
661,Community and Government,1,6.115272129003343,6.3398894817203,0.22461735271695726
674,Community and Government,1,5.486006225531229,5.642743508062522,0.15673728253129315
676,Community and Government,1,2.9409024928510954,2.892057037342157,-0.048845455508938596
683,Community and Government,1,5.865674135437478,5.891388843839717,0.025714708402238884
691,Community and Government,1,3.626000900159993,4.565428763589155,0.9394278634291622
694,Community and Government,1,2.4387398092390753,2.398011347216724,-0.04072846202235114
707,Community and Government,1,4.087897825560027,4.097424392732416,0.009526567172388312
717,Community and Government,1,3.260194381431597,3.479733170564266,0.219538789132669
720,Community and Government,1,4.005087994064668,3.6703818160502086,-0.3347061780144598
722,Community and Government,1,3.872842888232637,3.856259285808501,-0.016583602424136146
726,Community and Government,1,5.539654485278018,4.873990658394641,-0.6656638268833772
729,Community and Government,1,3.335645371438578,3.7890224415973406,0.4533770701587625
733,Community and Government,1,2.8897343522980083,3.072462518368522,0.1827281660705138
734,Community and Government,1,2.7181002879118203,2.832018778022233,0.11391849011041266
737,Community and Government,1,3.341749780135995,3.3783485459528744,0.036598765816879375
740,Community and Government,1,2.398000523312777,2.2808423076916458,-0.11715821562113105
744,Community and Government,1,1.9765553315550304,2.044314156585228,0.06775882503019748
755,Community and Government,1,2.149471489843575,2.247935384457265,0.09846389461368998
765,Community and Government,1,5.654373712912973,5.883175104913613,0.22880139200064065
769,Community and Government,1,7.965756238974709,8.93760818547807,0.9718519465033602
773,Community and Government,1,3.877572899460649,3.8483256809202677,-0.029247218540381148
778,Community and Government,1,2.832827418357515,3.8443771875127077,1.011549769155193
779,Community and Government,1,4.01227971074826,3.9853661065019197,-0.02691360424634004
784,Community and Government,1,3.091402978225277,3.3245878420509847,0.23318486382570747
791,Community and Government,1,3.223529175304731,3.392488683747449,0.16895950844271823
798,Community and Government,1,2.963110643767915,2.9729929125567542,0.009882268788839355
799,Community and Government,1,5.054763462651228,5.2630868823174595,0.20832341966623158
801,Community and Government,1,4.072340467175893,4.670311804279379,0.5979713371034858
804,Community and Government,1,3.014945570918149,3.304723521088054,0.28977795016990493
805,Community and Government,1,2.7552427401345403,2.9592311520022236,0.20398841186768335
816,Community and Government,1,3.950895259567149,3.9688570529708436,0.017961793403694415
819,Community and Government,1,3.0638545882457535,3.0662633137059285,0.0024087254601750097
830,Community and Government,1,4.1972044825871,4.098239625086009,-0.09896485750109107
832,Community and Government,1,4.0901739715199685,4.403535977308822,0.31336200578885354
837,Community and Government,1,3.7555433249515646,3.9770152459554113,0.22147192100384672
843,Community and Government,1,4.054677333392288,3.6511421134450117,-0.40353521994727615
848,Community and Government,1,1.241742672853042,1.261654673605467,0.01991200075242494
859,Community and Government,1,2.1497189793141036,2.0960020611117733,-0.053716918202330266
861,Community and Government,1,2.851434453465016,2.807875499576309,-0.04355895388870712
864,Community and Government,1,2.8187807182220896,2.77358339555359,-0.04519732266849985
866,Community and Government,1,3.7980491396047533,3.9284843236570697,0.13043518405231636
875,Community and Government,1,5.747832165415646,5.907286218639445,0.1594540532237989
878,Community and Government,1,1.7971099206353847,1.8716262432762065,0.07451632264082186
879,Community and Government,1,4.857614403466086,5.069406759338053,0.21179235587196654
887,Community and Government,1,3.128671141137878,3.5169039717520834,0.3882328306142053
903,Community and Government,1,3.1567756552834756,3.5017143521556013,0.34493869687212575
907,Community and Government,1,4.135919825128922,3.9815009248958457,-0.15441890023307625
909,Community and Government,1,3.328537972241618,3.2576872061454396,-0.07085076609617857
912,Community and Government,1,3.514357830230157,3.5323592472876615,0.018001417057504465
915,Community and Government,1,3.7324313718977957,3.9588800181685606,0.2264486462707649
920,Community and Government,1,2.687158341941337,2.684153904067447,-0.0030044378738902644
927,Community and Government,1,2.751681505666836,2.8772350643420634,0.12555355867522744
929,Community and Government,1,2.898882952455717,3.213590450144748,0.31470749768903117
930,Community and Government,1,2.761528861829024,2.959773850658353,0.19824498882932895
935,Community and Government,1,3.383331833072506,4.3693385403391645,0.9860067072666583
938,Community and Government,1,2.244249956594005,2.2766185167231012,0.03236856012909639
941,Community and Government,1,3.153310285339737,3.150936232008773,-0.0023740533309641876
944,Community and Government,1,2.6043056251421683,2.610725543563543,0.006419918421374682
947,Community and Government,1,2.5999390736247268,2.6087318784764815,0.00879280485175471
957,Community and Government,1,2.48842451789607,2.7767893899718112,0.288364872075741
963,Community and Government,1,3.1180736219761815,3.0571429533031775,-0.06093066867300401
978,Community and Government,1,2.4687904630420023,3.0023916658751775,0.5336012028331751
979,Community and Government,1,1.8390986730928591,1.701313713633303,-0.13778495945955616
980,Community and Government,1,3.260277090672285,3.9247361454153684,0.6644590547430833
981,Community and Government,1,2.4049802204849984,2.523571228621794,0.11859100813679557
986,Community and Government,1,3.4978808715210405,3.7322205640353974,0.23433969251435682
989,Community and Government,1,2.3225835849295247,2.521492912633103,0.1989093277035785
997,Community and Government,1,4.240774528182572,3.5945780502445763,-0.6461964779379961
1000,Community and Government,1,4.902552424745623,5.207344447839208,0.30479202309358566
1011,Community and Government,1,2.979110139663664,5.045633864812558,2.066523725148894
1013,Community and Government,1,2.0876506073045156,2.2225332797517248,0.1348826724472092
1016,Community and Government,1,2.110186791424348,2.1165682057973623,0.006381414373014316
1018,Community and Government,1,4.431324649489095,4.155605120793162,-0.27571952869593375
1024,Community and Government,1,2.873830729064091,3.161233300984129,0.2874025719200377
1027,Community and Government,1,4.601372594073455,4.6591672058278935,0.05779461175443856
1033,Community and Government,1,2.333201323745514,2.3736265276826467,0.04042520393713289
1037,Community and Government,1,2.5602124287627666,2.5631385012967107,0.0029260725339441684
1041,Community and Government,1,2.492820010485513,2.307825201424187,-0.18499480906132604
1042,Community and Government,1,3.178119577664945,3.177901211326306,-0.00021836633863880905
1061,Community and Government,1,3.241936334696209,3.4104463995671663,0.16851006487095743
1065,Community and Government,1,2.479475708168281,2.5508095830101243,0.0713338748418435
1067,Community and Government,1,3.378637851279758,3.3384506756564734,-0.04018717562328478
1079,Community and Government,1,1.8520821147072348,1.6292278125845099,-0.22285430212272495
1087,Community and Government,1,3.425341013395143,3.3806422172323005,-0.04469879616284267
1092,Community and Government,1,4.146084484677459,4.472297112623792,0.3262126279463331
1094,Community and Government,1,4.423250413555068,4.543406555107195,0.12015614155212706
1108,Community and Government,1,2.888649793428822,3.0545932336909445,0.16594344026212227
1114,Community and Government,1,1.8902972215485807,1.7940563203522266,-0.09624090119635409
1117,Community and Government,1,2.9071303305480356,3.1210110924278007,0.21388076187976512
1118,Community and Government,1,2.4544878344661027,3.234496761449777,0.7800089269836743
1120,Community and Government,1,3.0612122097587893,3.2067988694633756,0.14558665970458629
1124,Community and Government,1,2.4527769601164646,2.519652551625271,0.0668755915088064
1126,Community and Government,1,4.577611972526568,5.646868417797298,1.0692564452707298
1134,Community and Government,1,3.7583911575623294,3.925406122868636,0.16701496530630644
1136,Community and Government,1,1.7866849748890008,1.6431044406072786,-0.14358053428172224
1138,Community and Government,1,4.680866836335059,4.979864112914194,0.29899727657913466
1146,Community and Government,1,3.0061343668022387,3.245736796193849,0.23960242939161036
1150,Community and Government,1,5.1168379856569715,5.144138870931773,0.027300885274801345
1159,Community and Government,1,2.585435546367386,3.0731417458454695,0.4877061994780836
1161,Community and Government,1,2.8518771942997097,2.704069048536348,-0.14780814576336176
1164,Community and Government,1,3.327986078945414,3.3069324660892527,-0.02105361285616114
1169,Community and Government,1,7.107111314100368,7.054906320419794,-0.05220499368057396
1184,Community and Government,1,3.0391189616617327,2.7583767116440443,-0.2807422500176884
1185,Community and Government,1,4.879059520528977,6.129792091086208,1.250732570557231
1186,Community and Government,1,2.807697970164683,3.7048127179857304,0.8971147478210475
1187,Community and Government,1,2.455523630060305,2.3098508530114836,-0.14567277704882153
1192,Community and Government,1,4.064638991808154,4.884489390838686,0.8198503990305319
1197,Community and Government,1,5.681437990943717,5.522696908932131,-0.158741082011586
1208,Community and Government,1,3.941800344760172,4.121408925097398,0.17960858033722626
1214,Community and Government,1,5.899445556064144,6.190057542225097,0.2906119861609531
1218,Community and Government,1,7.277110125889763,7.318985105798018,0.04187497990825495
1221,Community and Government,1,4.5127957830758785,4.847175101747419,0.3343793186715409
1224,Community and Government,1,4.357493441619454,4.580009102067841,0.2225156604483871
1228,Community and Government,1,3.3879150421168367,3.501022401363377,0.11310735924654036
1232,Community and Government,1,3.177009512766916,4.010071741557441,0.8330622287905252
2,Community and Government,2,5.0180255984498485,3.734121657842874,-1.2839039406069745
5,Community and Government,2,3.2153929194574857,5.275595146117343,2.0602022266598574
12,Community and Government,2,2.4274717225890354,2.597771982459829,0.17030025987079345
21,Community and Government,2,5.385291023395427,5.518392695221768,0.13310167182634025
25,Community and Government,2,3.1280683465504593,3.925723031171901,0.7976546846214418
36,Community and Government,2,2.0050709603263517,3.114598525244449,1.1095275649180971
37,Community and Government,2,2.215943257811017,2.3418925739239533,0.12594931611293614
49,Community and Government,2,3.485027824405078,1.6109952055040118,-1.8740326189010663
53,Community and Government,2,2.599107436156495,2.5047472492195673,-0.09436018693692771
56,Community and Government,2,2.0459128925750565,2.093761729731364,0.0478488371563075
64,Community and Government,2,6.203475238789368,4.140545625457534,-2.062929613331834
67,Community and Government,2,2.8641318796050084,2.898157317816905,0.03402543821189674
69,Community and Government,2,3.9516225699459415,5.686486499135439,1.7348639291894976
72,Community and Government,2,2.40056597717942,2.3863915783665752,-0.014174398812844657
74,Community and Government,2,3.970697470071218,4.8109325969691845,0.8402351268979666
77,Community and Government,2,2.501584888583907,2.574516056185155,0.07293116760124807
84,Community and Government,2,2.111536191233065,2.3363845498751274,0.22484835864206243
90,Community and Government,2,3.212137939364232,4.251914318225493,1.0397763788612613
97,Community and Government,2,3.107970832812782,3.6422299840581953,0.5342591512454131
98,Community and Government,2,3.088896095021928,3.1833091086663643,0.0944130136444361
99,Community and Government,2,3.1507007454579243,2.6616766263815292,-0.4890241190763951
109,Community and Government,2,4.796165636718552,5.308618708972336,0.5124530722537841
111,Community and Government,2,4.673310323769867,4.831501556432112,0.15819123266224544
117,Community and Government,2,1.6147446776124956,1.413471539620134,-0.20127313799236157
118,Community and Government,2,1.3996616197236582,1.4680932032611018,0.06843158353744361
120,Community and Government,2,1.590205309105996,1.7240545562441172,0.13384924713812119
124,Community and Government,2,2.439396686929916,4.230200833466727,1.7908041465368107
126,Community and Government,2,5.35741997426128,3.0255696459131833,-2.3318503283480965
130,Community and Government,2,3.5832607373307552,3.970027381135553,0.38676664380479764
144,Community and Government,2,3.098325164556581,3.0796017112466103,-0.018723453309970495
149,Community and Government,2,2.7504630486960027,4.305884770628646,1.5554217219326434
150,Community and Government,2,3.5674270870402465,3.6544360232773476,0.08700893623710115
160,Community and Government,2,2.088884998802002,2.0862565412340137,-0.0026284575679884625
164,Community and Government,2,2.0878247182267944,1.8784084156876824,-0.20941630253911203
166,Community and Government,2,3.0742581569146648,3.17023365230758,0.09597549539291528
173,Community and Government,2,2.0344320176064943,4.789741183330069,2.7553091657235744
186,Community and Government,2,1.9988973020270724,2.1233412113983894,0.124443909371317
189,Community and Government,2,3.8619416760250846,3.731888599998841,-0.13005307602624372
199,Community and Government,2,5.524269618738086,6.096460834983489,0.572191216245403
206,Community and Government,2,3.697296737699345,3.417283596631853,-0.28001314106749176
208,Community and Government,2,4.879290051527073,4.973926488133449,0.09463643660637544
209,Community and Government,2,2.9565640782505636,3.1852390886647104,0.22867501041414684
212,Community and Government,2,2.351523873589208,2.2392752996491083,-0.11224857394009957
213,Community and Government,2,2.721461481896759,2.6370419575924586,-0.08441952430430044
220,Community and Government,2,3.487603082213645,5.072876373383412,1.5852732911697673
223,Community and Government,2,5.632521059295711,5.696345981671523,0.06382492237581161
234,Community and Government,2,5.566811573251901,5.734835279706521,0.16802370645462084
237,Community and Government,2,4.383398643403752,4.795704610801737,0.41230596739798475
244,Community and Government,2,2.9379274409627705,5.1469586769012565,2.209031235938486
245,Community and Government,2,2.906648172124192,4.781315055459484,1.8746668833352924
251,Community and Government,2,4.835703038568363,4.778715305939047,-0.05698773262931667
253,Community and Government,2,3.8918869499646886,3.928482850100698,0.03659590013600944
258,Community and Government,2,4.301796579858591,4.065697908486213,-0.23609867137237828
264,Community and Government,2,2.3521817884020426,3.2327828088568364,0.8806010204547938
268,Community and Government,2,3.7771063112819245,3.824348382881648,0.04724207159972327
269,Community and Government,2,2.869453662718338,4.570060392560128,1.7006067298417902
270,Community and Government,2,2.9720654372259165,4.112124018282236,1.1400585810563193
273,Community and Government,2,2.9343252052754503,3.328609773372692,0.39428456809724155
274,Community and Government,2,3.403555306517492,3.8788201841811523,0.4752648776636601
280,Community and Government,2,4.498978333738492,5.835802553725969,1.3368242199874771
283,Community and Government,2,2.290765385874406,2.5192632598848723,0.22849787401046617
292,Community and Government,2,6.323155688732795,6.750389436433739,0.427233747700944
325,Community and Government,2,2.135362579460219,1.8350287188162486,-0.3003338606439705
329,Community and Government,2,3.3181610273586135,3.176495039107154,-0.14166598825145948
330,Community and Government,2,3.5703316667367035,3.487099863207264,-0.08323180352943949
335,Community and Government,2,2.867945394751377,2.83178267596863,-0.03616271878274713
337,Community and Government,2,3.84728819253424,3.66696147246864,-0.18032672006560002
340,Community and Government,2,2.9515527399128088,2.8863365703401005,-0.06521616957270826
345,Community and Government,2,2.3248748809041926,2.652936755868493,0.3280618749643005
356,Community and Government,2,3.0371616881716648,3.66595453819776,0.6287928500260951
360,Community and Government,2,2.8363416516081266,2.8478750085857754,0.01153335697764879
363,Community and Government,2,2.656818357553643,2.695389331903094,0.03857097434945089
364,Community and Government,2,2.709856789455338,2.8186866102869774,0.10882982083163961
366,Community and Government,2,3.8140470239807263,4.307262034901696,0.4932150109209701
369,Community and Government,2,3.2898504859061877,3.5486555845385688,0.2588050986323811
373,Community and Government,2,3.839532471123416,3.711057756916306,-0.1284747142071101
382,Community and Government,2,2.9805602834740013,2.9755008710700532,-0.005059412403948027
396,Community and Government,2,4.301465797462567,4.0647910974667205,-0.2366746999958469
400,Community and Government,2,2.7759834714594076,2.4714369301316075,-0.3045465413278001
420,Community and Government,2,2.624444344577647,2.2011879626855926,-0.4232563818920543
425,Community and Government,2,2.2740720826484857,2.260692760479126,-0.013379322169359664
427,Community and Government,2,2.8423200530566115,2.60380988231354,-0.23851017074307146
428,Community and Government,2,3.6030399220753715,3.35174976066465,-0.2512901614107217
432,Community and Government,2,2.4874982706479796,2.530958214043898,0.04345994339591863
433,Community and Government,2,1.7128859810222974,1.759950169076249,0.04706418805395152
445,Community and Government,2,3.3309212733023164,4.253188398398244,0.9222671250959276
446,Community and Government,2,2.8425952311255474,2.965367441988998,0.12277221086345058
450,Community and Government,2,3.066624673441465,3.198280868566564,0.13165619512509918
462,Community and Government,2,2.472908853492441,4.29131006699226,1.8184012134998189
464,Community and Government,2,3.4412605341892712,4.140922134049053,0.6996615998597822
468,Community and Government,2,3.738290623044069,3.865365698088177,0.1270750750441083
471,Community and Government,2,7.994318521050442,7.482982977395265,-0.5113355436551767
477,Community and Government,2,2.1321118154511636,2.099991397246777,-0.0321204182043866
479,Community and Government,2,2.138775204135044,2.298376429647723,0.15960122551267908
480,Community and Government,2,2.483960893391843,2.5904644602635525,0.10650356687170959
482,Community and Government,2,3.8839113941725136,4.124863256964467,0.24095186279195335
493,Community and Government,2,1.9135199443045816,2.31020203613617,0.3966820918315883
497,Community and Government,2,4.758933337903189,5.867312041642088,1.1083787037388992
505,Community and Government,2,1.9597212830787845,1.654594186231479,-0.30512709684730543
506,Community and Government,2,1.9378622979046658,1.8260114973264194,-0.11185080057824637
513,Community and Government,2,2.096810722918748,2.0927939483420457,-0.004016774576702353
514,Community and Government,2,3.825709698657322,4.360090065552553,0.5343803668952312
519,Community and Government,2,3.971603924318419,5.881753821479141,1.9101498971607223
523,Community and Government,2,3.626152898246049,2.970384813492199,-0.6557680847538498
529,Community and Government,2,4.652439896306456,3.918954350080098,-0.7334855462263579
550,Community and Government,2,3.7059847330162654,3.295961647812649,-0.4100230852036164
555,Community and Government,2,2.6217046668303423,2.6067471269363924,-0.014957539893949878
558,Community and Government,2,2.9583082063989723,2.719002664447985,-0.23930554195098708
560,Community and Government,2,2.7162622881371803,3.671992134004548,0.9557298458673675
586,Community and Government,2,5.444664434435385,4.2216369356001335,-1.2230274988352514
589,Community and Government,2,2.9744816172331308,2.665849951895921,-0.30863166533720987
591,Community and Government,2,3.3540744836099723,5.191966211288186,1.8378917276782136
595,Community and Government,2,3.042495064834708,3.1022286620222115,0.059733597187503484
596,Community and Government,2,2.813796076950275,2.9674000059066135,0.15360392895633845
600,Community and Government,2,3.206523090577657,4.563924760303696,1.3574016697260385
601,Community and Government,2,5.154355486913724,5.922666927540529,0.768311440626805
605,Community and Government,2,1.9434776934050324,1.87329964397796,-0.07017804942707251
609,Community and Government,2,3.462859047724711,5.244714737810447,1.7818556900857354
611,Community and Government,2,4.025413481281198,3.4492139423375976,-0.5761995389436008
614,Community and Government,2,5.663353643170614,5.84834329957856,0.18498965640794562
615,Community and Government,2,4.2508711658696265,5.617136643155517,1.3662654772858902
625,Community and Government,2,2.624730376747647,2.6029104628084676,-0.02181991393917926
629,Community and Government,2,6.122158509422249,4.6603408015386485,-1.4618177078836005
633,Community and Government,2,2.9008472259760376,3.014870622812321,0.11402339683628337
634,Community and Government,2,3.6636292583079495,4.725943377069185,1.0623141187612353
635,Community and Government,2,3.649299523714368,3.2482211210556664,-0.40107840265870154
642,Community and Government,2,3.6614809412846983,3.838817497051747,0.17733655576704876
643,Community and Government,2,5.909901744256123,3.885216939221599,-2.024684805034524
648,Community and Government,2,4.748330862863369,4.916947590089612,0.16861672722624288
649,Community and Government,2,2.361972797956094,3.0664642690284123,0.7044914710723185
657,Community and Government,2,6.690373439774637,7.021059715698065,0.33068627592342814
658,Community and Government,2,3.708262251349306,4.449389046586131,0.7411267952368252
661,Community and Government,2,6.115272129003343,6.25889158776354,0.1436194587601971
674,Community and Government,2,5.486006225531229,5.886760663306412,0.40075443777518327
676,Community and Government,2,2.9409024928510954,2.9568663057556375,0.015963812904542074
683,Community and Government,2,5.865674135437478,5.879836364714075,0.014162229276596605
691,Community and Government,2,3.626000900159993,5.2547879538243905,1.6287870536643974
694,Community and Government,2,2.4387398092390753,2.324433525195789,-0.11430628404328624
707,Community and Government,2,4.087897825560027,4.466676421713569,0.37877859615354126
717,Community and Government,2,3.260194381431597,3.393917519055633,0.13372313762403643
720,Community and Government,2,4.005087994064668,3.5482043786386805,-0.4568836154259879
722,Community and Government,2,3.872842888232637,3.915932658029666,0.04308976979702894
726,Community and Government,2,5.539654485278018,3.609884608967718,-1.9297698763103002
729,Community and Government,2,3.335645371438578,4.770689121359175,1.435043749920597
733,Community and Government,2,2.8897343522980083,3.312900609633474,0.42316625733546553
734,Community and Government,2,2.7181002879118203,2.8911985181499142,0.1730982302380939
737,Community and Government,2,3.341749780135995,3.12248277145117,-0.21926700868482518
740,Community and Government,2,2.398000523312777,2.4935690158295434,0.09556849251676658
744,Community and Government,2,1.9765553315550304,2.360268913903361,0.38371358234833064
755,Community and Government,2,2.149471489843575,2.621498511402384,0.4720270215588087
765,Community and Government,2,5.654373712912973,3.472962340062831,-2.1814113728501416
769,Community and Government,2,7.965756238974709,9.214978471356783,1.249222232382074
773,Community and Government,2,3.877572899460649,3.828668683885988,-0.04890421557466107
778,Community and Government,2,2.832827418357515,3.9552964321525907,1.122469013795076
779,Community and Government,2,4.01227971074826,3.7551209566673593,-0.2571587540809004
784,Community and Government,2,3.091402978225277,5.0291970565934525,1.9377940783681753
791,Community and Government,2,3.223529175304731,3.587801720731227,0.3642725454264961
798,Community and Government,2,2.963110643767915,3.3580301246603446,0.3949194808924297
799,Community and Government,2,5.054763462651228,5.305219737728142,0.2504562750769139
801,Community and Government,2,4.072340467175893,4.853044001485827,0.780703534309934
804,Community and Government,2,3.014945570918149,4.041821219056672,1.0268756481385228
805,Community and Government,2,2.7552427401345403,3.1486543447892794,0.3934116046547391
816,Community and Government,2,3.950895259567149,4.0033565873783505,0.052461327811201386
819,Community and Government,2,3.0638545882457535,3.1035712112889344,0.03971662304318091
830,Community and Government,2,4.1972044825871,3.913887175143631,-0.28331730744346917
832,Community and Government,2,4.0901739715199685,4.817070635249813,0.7268966637298444
837,Community and Government,2,3.7555433249515646,4.015363609518028,0.2598202845664632
843,Community and Government,2,4.054677333392288,3.4847991550195956,-0.5698781783726923
848,Community and Government,2,1.241742672853042,1.3229873723667973,0.08124469951375524
859,Community and Government,2,2.1497189793141036,2.021606083992518,-0.12811289532158554
861,Community and Government,2,2.851434453465016,2.7844439583666745,-0.06699049509834154
864,Community and Government,2,2.8187807182220896,2.7595109535713007,-0.059269764650788925
866,Community and Government,2,3.7980491396047533,4.045620075913319,0.24757093630856541
875,Community and Government,2,5.747832165415646,6.051527518966145,0.3036953535504985
878,Community and Government,2,1.7971099206353847,2.159742633175309,0.36263271253992446
879,Community and Government,2,4.857614403466086,5.1233679583547564,0.26575355488867025
887,Community and Government,2,3.128671141137878,3.5439926541095574,0.4153215129716794
903,Community and Government,2,3.1567756552834756,3.4463236524574032,0.28954799717392765
907,Community and Government,2,4.135919825128922,3.835786962643965,-0.30013286248495685
909,Community and Government,2,3.328537972241618,3.2816357908764298,-0.04690218136518842
912,Community and Government,2,3.514357830230157,3.544495906701724,0.030138076471566855
915,Community and Government,2,3.7324313718977957,4.032392448939895,0.29996107704209907
920,Community and Government,2,2.687158341941337,2.6876908586761807,0.0005325167348435578
927,Community and Government,2,2.751681505666836,3.1255174726695465,0.3738359670027105
929,Community and Government,2,2.898882952455717,3.292077875020685,0.39319492256496824
930,Community and Government,2,2.761528861829024,3.3832912836116975,0.6217624217826736
935,Community and Government,2,3.383331833072506,4.674099996814643,1.290768163742137
938,Community and Government,2,2.244249956594005,2.297797069941365,0.053547113347359954
941,Community and Government,2,3.153310285339737,3.1437966522952707,-0.009513633044466285
944,Community and Government,2,2.6043056251421683,2.7560835102634256,0.15177788512125723
947,Community and Government,2,2.5999390736247268,2.5989198363841304,-0.0010192372405963823
957,Community and Government,2,2.48842451789607,5.199870433085024,2.7114459151889534
963,Community and Government,2,3.1180736219761815,3.005015317813794,-0.11305830416238738
978,Community and Government,2,2.4687904630420023,3.2885382455577643,0.819747782515762
979,Community and Government,2,1.8390986730928591,2.319071551066409,0.4799728779735499
980,Community and Government,2,3.260277090672285,4.55093568890537,1.290658598233085
981,Community and Government,2,2.4049802204849984,2.6326477220194304,0.22766750153443205
986,Community and Government,2,3.4978808715210405,4.031065249308131,0.5331843777870908
989,Community and Government,2,2.3225835849295247,2.5734621686877643,0.2508785837582397
997,Community and Government,2,4.240774528182572,4.131235967215069,-0.10953856096750325
1000,Community and Government,2,4.902552424745623,5.663418212202255,0.7608657874566322
1011,Community and Government,2,2.979110139663664,5.93532811279328,2.9562179731296157
1013,Community and Government,2,2.0876506073045156,2.4803916383323426,0.392741031027827
1016,Community and Government,2,2.110186791424348,2.10137353333164,-0.008813258092708054
1018,Community and Government,2,4.431324649489095,4.043647606235007,-0.38767704325408836
1024,Community and Government,2,2.873830729064091,3.4984048527203804,0.6245741236562892
1027,Community and Government,2,4.601372594073455,4.28643280653681,-0.31493978753664464
1033,Community and Government,2,2.333201323745514,2.429677330385623,0.09647600664010936
1037,Community and Government,2,2.5602124287627666,2.5685812882292787,0.008368859466512113
1041,Community and Government,2,2.492820010485513,2.2268746890197773,-0.2659453214657357
1042,Community and Government,2,3.178119577664945,3.2708224035120095,0.09270282584706457
1061,Community and Government,2,3.241936334696209,3.439023999805013,0.19708766510880427
1065,Community and Government,2,2.479475708168281,2.5413976375513387,0.06192192938305796
1067,Community and Government,2,3.378637851279758,3.2997770250242255,-0.07886082625553259
1079,Community and Government,2,1.8520821147072348,1.6797981914825246,-0.1722839232247102
1087,Community and Government,2,3.425341013395143,3.2979532486799314,-0.12738776471521174
1092,Community and Government,2,4.146084484677459,4.883359922910436,0.7372754382329765
1094,Community and Government,2,4.423250413555068,4.623066789124825,0.19981637556975684
1108,Community and Government,2,2.888649793428822,3.1117671243002176,0.2231173308713954
1114,Community and Government,2,1.8902972215485807,1.7944086465372737,-0.09588857501130699
1117,Community and Government,2,2.9071303305480356,3.4519888929688864,0.5448585624208508
1118,Community and Government,2,2.4544878344661027,3.893648235535066,1.4391604010689631
1120,Community and Government,2,3.0612122097587893,5.462138755961432,2.4009265462026423
1124,Community and Government,2,2.4527769601164646,2.5146742940630276,0.06189733394656294
1126,Community and Government,2,4.577611972526568,5.68265186142036,1.105039888893792
1134,Community and Government,2,3.7583911575623294,3.985557043212207,0.22716588564987772
1136,Community and Government,2,1.7866849748890008,1.9260507880458968,0.139365813156896
1138,Community and Government,2,4.680866836335059,4.960185136708236,0.27931830037317695
1146,Community and Government,2,3.0061343668022387,3.268974699374347,0.26284033257210826
1150,Community and Government,2,5.1168379856569715,5.088699322331244,-0.028138663325727897
1159,Community and Government,2,2.585435546367386,3.5923030892203047,1.0068675428529188
1161,Community and Government,2,2.8518771942997097,2.626179651311894,-0.22569754298781586
1164,Community and Government,2,3.327986078945414,3.220774520028031,-0.10721155891738299
1169,Community and Government,2,7.107111314100368,6.817458462404185,-0.28965285169618227
1184,Community and Government,2,3.0391189616617327,4.6679726474841585,1.6288536858224258
1185,Community and Government,2,4.879059520528977,6.935155456218766,2.0560959356897888
1186,Community and Government,2,2.807697970164683,3.658599122047586,0.850901151882903
1187,Community and Government,2,2.455523630060305,2.3933889019554346,-0.06213472810487053
1192,Community and Government,2,4.064638991808154,5.778586650280845,1.7139476584726907
1197,Community and Government,2,5.681437990943717,3.7044813561305507,-1.9769566348131664
1208,Community and Government,2,3.941800344760172,4.023924939287122,0.08212459452694976
1214,Community and Government,2,5.899445556064144,6.404137148870981,0.5046915928068367
1218,Community and Government,2,7.277110125889763,6.7488790640491345,-0.5282310618406285
1221,Community and Government,2,4.5127957830758785,5.0260315649018,0.5132357818259212
1224,Community and Government,2,4.357493441619454,4.713813449202517,0.35632000758306326
1228,Community and Government,2,3.3879150421168367,3.6251786681156295,0.2372636259987928
1232,Community and Government,2,3.177009512766916,4.262497996089809,1.0854884833228926
2,Community and Government,3,5.0180255984498485,4.361743755773708,-0.6562818426761403
5,Community and Government,3,3.2153929194574857,5.255032909826872,2.0396399903693867
12,Community and Government,3,2.4274717225890354,2.655046412454975,0.22757468986593965
21,Community and Government,3,5.385291023395427,5.57157621687118,0.18628519347575256
25,Community and Government,3,3.1280683465504593,4.228043190033018,1.099974843482559
36,Community and Government,3,2.0050709603263517,3.4189507203451432,1.4138797600187916
37,Community and Government,3,2.215943257811017,2.4018184709996797,0.1858752131886625
49,Community and Government,3,3.485027824405078,3.6755270013721235,0.19049917696704544
53,Community and Government,3,2.599107436156495,2.4802704979322137,-0.11883693822428132
56,Community and Government,3,2.0459128925750565,2.1501647071538725,0.10425181457881605
64,Community and Government,3,6.203475238789368,4.746235436346093,-1.457239802443275
67,Community and Government,3,2.8641318796050084,2.917015149314619,0.05288326970961066
69,Community and Government,3,3.9516225699459415,6.079399947547479,2.1277773776015376
72,Community and Government,3,2.40056597717942,2.4401954997322135,0.03962952255279362
74,Community and Government,3,3.970697470071218,5.04260766590509,1.0719101958338717
77,Community and Government,3,2.501584888583907,2.5758479013837015,0.0742630127997943
84,Community and Government,3,2.111536191233065,3.7222305277603533,1.6106943365272883
90,Community and Government,3,3.212137939364232,4.232483734421651,1.0203457950574188
97,Community and Government,3,3.107970832812782,4.121017741026489,1.013046908213707
98,Community and Government,3,3.088896095021928,3.1850878329877785,0.09619173796585034
99,Community and Government,3,3.1507007454579243,3.331878180699391,0.1811774352414668
109,Community and Government,3,4.796165636718552,5.470338148393312,0.6741725116747599
111,Community and Government,3,4.673310323769867,4.847009920308776,0.17369959653890898
117,Community and Government,3,1.6147446776124956,2.2794920233310396,0.664747345718544
118,Community and Government,3,1.3996616197236582,1.4871706308021464,0.08750901107848819
120,Community and Government,3,1.590205309105996,1.7432583556822863,0.15305304657629026
124,Community and Government,3,2.439396686929916,4.426555724738039,1.987159037808123
126,Community and Government,3,5.35741997426128,3.759759639628593,-1.5976603346326868
130,Community and Government,3,3.5832607373307552,4.237676963136009,0.6544162258052535
144,Community and Government,3,3.098325164556581,3.0691682344931666,-0.029156930063414244
149,Community and Government,3,2.7504630486960027,4.916211491960303,2.1657484432643006
150,Community and Government,3,3.5674270870402465,3.690215491216378,0.12278840417613157
160,Community and Government,3,2.088884998802002,2.061517095509874,-0.027367903292128126
164,Community and Government,3,2.0878247182267944,1.864215632204183,-0.22360908602261143
166,Community and Government,3,3.0742581569146648,3.0543864510539707,-0.01987170586069409
173,Community and Government,3,2.0344320176064943,4.862323303848411,2.827891286241917
186,Community and Government,3,1.9988973020270724,3.7019018133484756,1.7030045113214032
189,Community and Government,3,3.8619416760250846,3.7980020414688873,-0.06393963455619733
199,Community and Government,3,5.524269618738086,7.0358340797252215,1.5115644609871355
206,Community and Government,3,3.697296737699345,3.5627293645676605,-0.13456737313168432
208,Community and Government,3,4.879290051527073,5.03452617191248,0.1552361203854069
209,Community and Government,3,2.9565640782505636,3.305100696443347,0.34853661819278337
212,Community and Government,3,2.351523873589208,2.2184997669821627,-0.13302410660704522
213,Community and Government,3,2.721461481896759,2.594323211025755,-0.12713827087100427
220,Community and Government,3,3.487603082213645,4.530781657689287,1.0431785754756424
223,Community and Government,3,5.632521059295711,5.637414282503612,0.004893223207901087
234,Community and Government,3,5.566811573251901,5.655893257849845,0.08908168459794474
237,Community and Government,3,4.383398643403752,4.97538682990403,0.5919881865002781
244,Community and Government,3,2.9379274409627705,5.193590729806031,2.2556632888432606
245,Community and Government,3,2.906648172124192,4.869358737896306,1.962710565772114
251,Community and Government,3,4.835703038568363,4.956941794693929,0.12123875612556567
253,Community and Government,3,3.8918869499646886,4.1075994702051535,0.21571252024046483
258,Community and Government,3,4.301796579858591,4.322085572923126,0.020288993064535354
264,Community and Government,3,2.3521817884020426,3.6051748889596733,1.2529931005576307
268,Community and Government,3,3.7771063112819245,5.020060985034128,1.2429546737522035
269,Community and Government,3,2.869453662718338,4.601952556238585,1.7324988935202468
270,Community and Government,3,2.9720654372259165,4.698285060141534,1.7262196229156173
273,Community and Government,3,2.9343252052754503,6.487723632814673,3.5533984275392223
274,Community and Government,3,3.403555306517492,4.076432638024391,0.672877331506899
280,Community and Government,3,4.498978333738492,6.270953250540698,1.7719749168022059
283,Community and Government,3,2.290765385874406,3.265371260471997,0.9746058745975907
292,Community and Government,3,6.323155688732795,6.924230186744383,0.6010744980115881
325,Community and Government,3,2.135362579460219,1.652529929557951,-0.48283264990226815
329,Community and Government,3,3.3181610273586135,3.0707762391935676,-0.24738478816504594
330,Community and Government,3,3.5703316667367035,3.431864518001272,-0.13846714873543142
335,Community and Government,3,2.867945394751377,2.7042281860322683,-0.16371720871910878
337,Community and Government,3,3.84728819253424,3.6248723024794476,-0.22241589005479234
340,Community and Government,3,2.9515527399128088,2.853228697557278,-0.09832404235553094
345,Community and Government,3,2.3248748809041926,3.735137517145584,1.4102626362413915
356,Community and Government,3,3.0371616881716648,5.343055486177942,2.3058937980062773
360,Community and Government,3,2.8363416516081266,2.8750667811996036,0.038725129591477
363,Community and Government,3,2.656818357553643,2.6968115924639133,0.03999323491027029
364,Community and Government,3,2.709856789455338,4.324339230217765,1.6144824407624272
366,Community and Government,3,3.8140470239807263,3.923617215738621,0.10957019175789462
369,Community and Government,3,3.2898504859061877,3.654236917234737,0.3643864313285494
373,Community and Government,3,3.839532471123416,3.6258645478765805,-0.21366792324683548
382,Community and Government,3,2.9805602834740013,5.526211076196401,2.5456507927224
396,Community and Government,3,4.301465797462567,3.943528430638974,-0.35793736682359345
400,Community and Government,3,2.7759834714594076,2.3798276557810216,-0.396155815678386
420,Community and Government,3,2.624444344577647,2.211153757648287,-0.4132905869293597
425,Community and Government,3,2.2740720826484857,2.2489931228301114,-0.02507895981837427
427,Community and Government,3,2.8423200530566115,2.519651589914722,-0.32266846314188946
428,Community and Government,3,3.6030399220753715,3.229712161334219,-0.3733277607411525
432,Community and Government,3,2.4874982706479796,2.552345506578158,0.06484723593017838
433,Community and Government,3,1.7128859810222974,1.802773636959226,0.0898876559369286
445,Community and Government,3,3.3309212733023164,4.747154744970014,1.4162334716676974
446,Community and Government,3,2.8425952311255474,2.991883317811596,0.14928808668604887
450,Community and Government,3,3.066624673441465,3.2218608676063862,0.1552361941649214
462,Community and Government,3,2.472908853492441,4.7754017691018955,2.3024929156094545
464,Community and Government,3,3.4412605341892712,4.818943220345802,1.3776826861565308
468,Community and Government,3,3.738290623044069,3.8902970986741727,0.15200647563010383
471,Community and Government,3,7.994318521050442,7.405534223022583,-0.5887842980278588
477,Community and Government,3,2.1321118154511636,2.014996026274858,-0.11711578917630572
479,Community and Government,3,2.138775204135044,2.6782378298994005,0.5394626257643567
480,Community and Government,3,2.483960893391843,2.560378409068242,0.0764175156763991
482,Community and Government,3,3.8839113941725136,4.490475370002765,0.6065639758302517
493,Community and Government,3,1.9135199443045816,2.8985604334821895,0.9850404891776079
497,Community and Government,3,4.758933337903189,7.000303577971279,2.2413702400680897
505,Community and Government,3,1.9597212830787845,1.5484697108591046,-0.4112515722196799
506,Community and Government,3,1.9378622979046658,1.8230622820434474,-0.11480001586121835
513,Community and Government,3,2.096810722918748,2.146383048026445,0.04957232510769716
514,Community and Government,3,3.825709698657322,6.038477433578864,2.2127677349215418
519,Community and Government,3,3.971603924318419,6.152761824877371,2.1811579005589516
523,Community and Government,3,3.626152898246049,3.031403117299276,-0.5947497809467728
529,Community and Government,3,4.652439896306456,3.4812122002482404,-1.1712276960582155
550,Community and Government,3,3.7059847330162654,3.2778073543829733,-0.4281773786332921
555,Community and Government,3,2.6217046668303423,2.634396947363098,0.012692280532755618
558,Community and Government,3,2.9583082063989723,2.732877084816033,-0.2254311215829392
560,Community and Government,3,2.7162622881371803,3.792159461124117,1.0758971729869367
586,Community and Government,3,5.444664434435385,5.306209579623204,-0.13845485481218134
589,Community and Government,3,2.9744816172331308,4.898943305680192,1.9244616884470616
591,Community and Government,3,3.3540744836099723,5.669908119363,2.3158336357530276
595,Community and Government,3,3.042495064834708,4.376684726030964,1.3341896611962563
596,Community and Government,3,2.813796076950275,2.9859199141640165,0.17212383721374147
600,Community and Government,3,3.206523090577657,4.59844977864904,1.3919266880713828
601,Community and Government,3,5.154355486913724,6.599832684109577,1.4454771971958529
605,Community and Government,3,1.9434776934050324,1.8073009355312257,-0.13617675787380668
609,Community and Government,3,3.462859047724711,5.3336680726716175,1.8708090249469063
611,Community and Government,3,4.025413481281198,3.0578770044912953,-0.9675364767899031
614,Community and Government,3,5.663353643170614,6.029465388383835,0.366111745213221
615,Community and Government,3,4.2508711658696265,5.305143756473527,1.0542725906039
625,Community and Government,3,2.624730376747647,2.5751541221220164,-0.04957625462563042
629,Community and Government,3,6.122158509422249,4.489337393425393,-1.6328211159968564
633,Community and Government,3,2.9008472259760376,4.581124925858861,1.680277699882823
634,Community and Government,3,3.6636292583079495,4.7445339094355194,1.08090465112757
635,Community and Government,3,3.649299523714368,2.5309670065528747,-1.1183325171614933
642,Community and Government,3,3.6614809412846983,4.049884512968351,0.3884035716836527
643,Community and Government,3,5.909901744256123,3.1917984439402582,-2.718103300315865
648,Community and Government,3,4.748330862863369,5.035764447343888,0.28743358448051826
649,Community and Government,3,2.361972797956094,3.2516342183845945,0.8896614204285007
657,Community and Government,3,6.690373439774637,7.152869128716902,0.46249568894226467
658,Community and Government,3,3.708262251349306,4.589869352871675,0.881607101522369
661,Community and Government,3,6.115272129003343,5.745203916403263,-0.3700682126000805
674,Community and Government,3,5.486006225531229,6.118254781262647,0.6322485557314179
676,Community and Government,3,2.9409024928510954,3.602082651361575,0.6611801585104797
683,Community and Government,3,5.865674135437478,4.500394048404574,-1.3652800870329047
691,Community and Government,3,3.626000900159993,5.609479155195276,1.9834782550352825
694,Community and Government,3,2.4387398092390753,2.309374872895333,-0.12936493634374235
707,Community and Government,3,4.087897825560027,5.206458253353934,1.1185604277939065
717,Community and Government,3,3.260194381431597,3.3382044867301692,0.07801010529857244
720,Community and Government,3,4.005087994064668,4.148000705514511,0.14291271144984297
722,Community and Government,3,3.872842888232637,3.30617750676144,-0.5666653814711973
726,Community and Government,3,5.539654485278018,3.1011304234966124,-2.438524061781406
729,Community and Government,3,3.335645371438578,5.507962044334395,2.1723166728958168
733,Community and Government,3,2.8897343522980083,3.5196267913455577,0.6298924390475493
734,Community and Government,3,2.7181002879118203,3.2655727122422267,0.5474724243304063
737,Community and Government,3,3.341749780135995,3.0767391452440482,-0.26501063489194676
740,Community and Government,3,2.398000523312777,3.3920984495807165,0.9940979262679397
744,Community and Government,3,1.9765553315550304,2.5505378890738823,0.573982557518852
755,Community and Government,3,2.149471489843575,4.546371542336896,2.396900052493321
765,Community and Government,3,5.654373712912973,3.6981370604158155,-1.9562366524971573
769,Community and Government,3,7.965756238974709,8.866546165722243,0.9007899267475334
773,Community and Government,3,3.877572899460649,3.824144576985855,-0.05342832247479379
778,Community and Government,3,2.832827418357515,2.668009461457115,-0.16481795690040002
779,Community and Government,3,4.01227971074826,4.082499394380523,0.0702196836322635
784,Community and Government,3,3.091402978225277,5.236404956696557,2.1450019784712797
791,Community and Government,3,3.223529175304731,3.785549210307998,0.5620200350032674
798,Community and Government,3,2.963110643767915,3.5215032321454522,0.5583925883775374
799,Community and Government,3,5.054763462651228,5.324938059303692,0.27017459665246424
801,Community and Government,3,4.072340467175893,5.072760326804337,1.000419859628444
804,Community and Government,3,3.014945570918149,4.6738225409597245,1.6588769700415753
805,Community and Government,3,2.7552427401345403,3.366366086659516,0.6111233465249759
816,Community and Government,3,3.950895259567149,4.0513155931563105,0.10042033358916136
819,Community and Government,3,3.0638545882457535,3.1172216905271455,0.053367102281391965
830,Community and Government,3,4.1972044825871,3.772851805896159,-0.42435267669094134
832,Community and Government,3,4.0901739715199685,3.764178794386325,-0.32599517713364357
837,Community and Government,3,3.7555433249515646,4.139419609088087,0.3838762841365222
843,Community and Government,3,4.054677333392288,3.578991148220595,-0.4756861851716927
848,Community and Government,3,1.241742672853042,1.3904102823874611,0.14866760953441904
859,Community and Government,3,2.1497189793141036,1.9343847021153997,-0.2153342771987039
861,Community and Government,3,2.851434453465016,2.909593634189391,0.05815918072437487
864,Community and Government,3,2.8187807182220896,3.153119099514338,0.33433838129224824
866,Community and Government,3,3.7980491396047533,4.154596785624955,0.3565476460202017
875,Community and Government,3,5.747832165415646,6.3124712157616525,0.5646390503460061
878,Community and Government,3,1.7971099206353847,5.749458321436125,3.95234840080074
879,Community and Government,3,4.857614403466086,5.172011712824928,0.31439730935884214
887,Community and Government,3,3.128671141137878,3.597892334026591,0.4692211928887131
903,Community and Government,3,3.1567756552834756,4.280558578190472,1.123782922906996
907,Community and Government,3,4.135919825128922,3.6819009363422124,-0.4540188887867096
909,Community and Government,3,3.328537972241618,3.3264564956202833,-0.0020814766213348435
912,Community and Government,3,3.514357830230157,3.522028251876601,0.007670421646444048
915,Community and Government,3,3.7324313718977957,3.770596521233967,0.03816514933617121
920,Community and Government,3,2.687158341941337,3.392970073059666,0.7058117311183287
927,Community and Government,3,2.751681505666836,3.3907559354432535,0.6390744297764175
929,Community and Government,3,2.898882952455717,3.343632527284826,0.44474957482910904
930,Community and Government,3,2.761528861829024,3.6894310548543867,0.9279021930253628
935,Community and Government,3,3.383331833072506,4.880095024303403,1.4967631912308965
938,Community and Government,3,2.244249956594005,2.290455216397158,0.046205259803153265
941,Community and Government,3,3.153310285339737,3.1335831935931333,-0.019727091746603698
944,Community and Government,3,2.6043056251421683,3.072493863528341,0.46818823838617263
947,Community and Government,3,2.5999390736247268,2.6297286269490616,0.02978955332433486
957,Community and Government,3,2.48842451789607,5.231965451523639,2.7435409336275685
963,Community and Government,3,3.1180736219761815,2.9653736292855775,-0.15269999269060408
978,Community and Government,3,2.4687904630420023,3.4251887500488727,0.9563982870068704
979,Community and Government,3,1.8390986730928591,3.375144980961219,1.53604630786836
980,Community and Government,3,3.260277090672285,4.751755576880877,1.4914784862085915
981,Community and Government,3,2.4049802204849984,2.7717665563666554,0.366786335881657
986,Community and Government,3,3.4978808715210405,4.256397558300416,0.7585166867793758
989,Community and Government,3,2.3225835849295247,2.432599111187574,0.11001552625804933
997,Community and Government,3,4.240774528182572,4.660832276848588,0.4200577486660153
1000,Community and Government,3,4.902552424745623,5.718632386463632,0.8160799617180095
1011,Community and Government,3,2.979110139663664,6.084730634472425,3.105620494808761
1013,Community and Government,3,2.0876506073045156,2.881788992010004,0.7941383847054886
1016,Community and Government,3,2.110186791424348,2.0864693285703346,-0.023717462854013327
1018,Community and Government,3,4.431324649489095,3.6538845887641758,-0.7774400607249197
1024,Community and Government,3,2.873830729064091,3.7695219606456565,0.8956912315815653
1027,Community and Government,3,4.601372594073455,4.607814755608163,0.006442161534708113
1033,Community and Government,3,2.333201323745514,3.9096576640866396,1.5764563403411258
1037,Community and Government,3,2.5602124287627666,2.5764147558666304,0.016202327103863823
1041,Community and Government,3,2.492820010485513,2.118684952713247,-0.37413505777226597
1042,Community and Government,3,3.178119577664945,4.5128234661402145,1.3347038884752696
1061,Community and Government,3,3.241936334696209,3.1465512618333618,-0.09538507286284714
1065,Community and Government,3,2.479475708168281,2.6567982284730824,0.17732252030480167
1067,Community and Government,3,3.378637851279758,3.2615148929315567,-0.11712295834820141
1079,Community and Government,3,1.8520821147072348,1.7673699042928481,-0.0847122104143867
1087,Community and Government,3,3.425341013395143,3.166483039303162,-0.2588579740919812
1092,Community and Government,3,4.146084484677459,5.042931114709233,0.8968466300317735
1094,Community and Government,3,4.423250413555068,4.673598533143517,0.25034811958844916
1108,Community and Government,3,2.888649793428822,3.1054082970972834,0.21675850366846117
1114,Community and Government,3,1.8902972215485807,1.8257875918730262,-0.06450962967555451
1117,Community and Government,3,2.9071303305480356,3.9932273397104816,1.086097009162446
1118,Community and Government,3,2.4544878344661027,4.036908328631057,1.5824204941649542
1120,Community and Government,3,3.0612122097587893,5.4241684791958855,2.3629562694370962
1124,Community and Government,3,2.4527769601164646,2.8708616481778817,0.4180846880614171
1126,Community and Government,3,4.577611972526568,5.638393835246985,1.0607818627204173
1134,Community and Government,3,3.7583911575623294,3.999575851826361,0.24118469426403166
1136,Community and Government,3,1.7866849748890008,3.064917926041435,1.2782329511524342
1138,Community and Government,3,4.680866836335059,4.94516414172546,0.26429730539040097
1146,Community and Government,3,3.0061343668022387,3.9774853759125675,0.9713510091103288
1150,Community and Government,3,5.1168379856569715,4.829326958871559,-0.2875110267854124
1159,Community and Government,3,2.585435546367386,4.072118435045759,1.4866828886783732
1161,Community and Government,3,2.8518771942997097,2.5498175264641576,-0.30205966783555205
1164,Community and Government,3,3.327986078945414,3.0822923258677397,-0.24569375307767416
1169,Community and Government,3,7.107111314100368,6.625035525308862,-0.4820757887915059
1184,Community and Government,3,3.0391189616617327,5.022747952582295,1.983628990920562
1185,Community and Government,3,4.879059520528977,7.439251981544624,2.560192461015647
1186,Community and Government,3,2.807697970164683,3.6639517016910794,0.8562537315263965
1187,Community and Government,3,2.455523630060305,4.135371360276406,1.679847730216101
1192,Community and Government,3,4.064638991808154,5.857005306886503,1.7923663150783486
1197,Community and Government,3,5.681437990943717,3.2954941287988158,-2.3859438621449014
1208,Community and Government,3,3.941800344760172,4.009944769070234,0.06814442431006196
1214,Community and Government,3,5.899445556064144,6.319238536918183,0.41979298085403904
1218,Community and Government,3,7.277110125889763,4.30430322960039,-2.972806896289373
1221,Community and Government,3,4.5127957830758785,4.96527677929971,0.45248099622383187
1224,Community and Government,3,4.357493441619454,4.780426024569628,0.42293258295017466
1228,Community and Government,3,3.3879150421168367,3.7299916292815825,0.34207658716474576
1232,Community and Government,3,3.177009512766916,4.302087275722071,1.1250777629551552
2,Travel and Transportation,1,5.0180255984498485,4.935032362842832,-0.08299323560701666
5,Travel and Transportation,1,3.2153929194574857,3.4178798587742936,0.20248693931680783
12,Travel and Transportation,1,2.4274717225890354,2.4323532817770532,0.004881559188017803
21,Travel and Transportation,1,5.385291023395427,5.21073930708328,-0.1745517163121475
25,Travel and Transportation,1,3.1280683465504593,3.370265034225965,0.24219668767550573
36,Travel and Transportation,1,2.0050709603263517,1.7677595914998236,-0.23731136882652804
37,Travel and Transportation,1,2.215943257811017,1.8945218971906026,-0.3214213606204146
49,Travel and Transportation,1,3.485027824405078,4.390131645430162,0.9051038210250839
53,Travel and Transportation,1,2.599107436156495,3.530475633267468,0.9313681971109729
56,Travel and Transportation,1,2.0459128925750565,2.036899215416324,-0.00901367715873258
64,Travel and Transportation,1,6.203475238789368,5.5738322676728895,-0.6296429711164784
67,Travel and Transportation,1,2.8641318796050084,2.9018051111536964,0.03767323154868807
69,Travel and Transportation,1,3.9516225699459415,3.9587337558911235,0.007111185945182008
72,Travel and Transportation,1,2.40056597717942,3.4878847848310057,1.0873188076515858
74,Travel and Transportation,1,3.970697470071218,4.480589839282353,0.5098923692111352
77,Travel and Transportation,1,2.501584888583907,2.562790556884373,0.06120566830046581
84,Travel and Transportation,1,2.111536191233065,1.9742730479478365,-0.13726314328522848
90,Travel and Transportation,1,3.212137939364232,4.4295390749884636,1.2174011356242316
97,Travel and Transportation,1,3.107970832812782,3.118767764635942,0.010796931823159994
98,Travel and Transportation,1,3.088896095021928,3.2434562883386007,0.15456019331667248
99,Travel and Transportation,1,3.1507007454579243,3.364322027967914,0.21362128250998946
109,Travel and Transportation,1,4.796165636718552,5.151948712889002,0.35578307617045013
111,Travel and Transportation,1,4.673310323769867,4.860924734632849,0.1876144108629818
117,Travel and Transportation,1,1.6147446776124956,2.0408289049968595,0.4260842273843639
118,Travel and Transportation,1,1.3996616197236582,1.8761811198293326,0.47651950010567434
120,Travel and Transportation,1,1.590205309105996,1.7163195304825432,0.12611422137654715
124,Travel and Transportation,1,2.439396686929916,2.833704968180368,0.3943082812504519
126,Travel and Transportation,1,5.35741997426128,6.123791495714717,0.7663715214534372
130,Travel and Transportation,1,3.5832607373307552,3.1227800415268705,-0.46048069580388473
144,Travel and Transportation,1,3.098325164556581,3.531307358769043,0.4329821942124621
149,Travel and Transportation,1,2.7504630486960027,2.8213313749710096,0.07086832627500694
150,Travel and Transportation,1,3.5674270870402465,3.7099012418102717,0.14247415477002523
160,Travel and Transportation,1,2.088884998802002,1.75704525428206,-0.33183974451994214
164,Travel and Transportation,1,2.0878247182267944,2.170834234218134,0.08300951599133954
166,Travel and Transportation,1,3.0742581569146648,4.320826204695068,1.2465680477804035
173,Travel and Transportation,1,2.0344320176064943,2.564554888076929,0.5301228704704348
186,Travel and Transportation,1,1.9988973020270724,1.7538002565386988,-0.24509704548837363
189,Travel and Transportation,1,3.8619416760250846,4.40573047312948,0.5437887971043951
199,Travel and Transportation,1,5.524269618738086,5.630693215779991,0.10642359704190518
206,Travel and Transportation,1,3.697296737699345,3.5887379570939437,-0.10855878060540114
208,Travel and Transportation,1,4.879290051527073,4.995703161198969,0.11641310967189522
209,Travel and Transportation,1,2.9565640782505636,3.8435072619572175,0.8869431837066539
212,Travel and Transportation,1,2.351523873589208,2.757788826170534,0.406264952581326
213,Travel and Transportation,1,2.721461481896759,3.685956457470256,0.9644949755734968
220,Travel and Transportation,1,3.487603082213645,4.2363092619459,0.7487061797322552
223,Travel and Transportation,1,5.632521059295711,5.763475287658197,0.13095422836248627
234,Travel and Transportation,1,5.566811573251901,5.940604917882072,0.37379334463017155
237,Travel and Transportation,1,4.383398643403752,4.315998432352128,-0.0674002110516243
244,Travel and Transportation,1,2.9379274409627705,5.302229132621557,2.3643016916587865
245,Travel and Transportation,1,2.906648172124192,2.842570309453042,-0.06407786267114979
251,Travel and Transportation,1,4.835703038568363,4.932777089126008,0.0970740505576444
253,Travel and Transportation,1,3.8918869499646886,4.080081039968829,0.18819409000414034
258,Travel and Transportation,1,4.301796579858591,4.493982639217477,0.19218605935888622
264,Travel and Transportation,1,2.3521817884020426,4.237748368387231,1.8855665799851882
268,Travel and Transportation,1,3.7771063112819245,5.026520724733084,1.2494144134511593
269,Travel and Transportation,1,2.869453662718338,5.0210994921277905,2.1516458294094525
270,Travel and Transportation,1,2.9720654372259165,4.607408146955406,1.635342709729489
273,Travel and Transportation,1,2.9343252052754503,2.8192926599066452,-0.11503254536880503
274,Travel and Transportation,1,3.403555306517492,4.717111599471802,1.3135562929543099
280,Travel and Transportation,1,4.498978333738492,4.8363869076658945,0.3374085739274024
283,Travel and Transportation,1,2.290765385874406,2.9321978018425803,0.6414324159681741
292,Travel and Transportation,1,6.323155688732795,6.815294043390338,0.4921383546575431
325,Travel and Transportation,1,2.135362579460219,1.9684966595968583,-0.16686591986336086
329,Travel and Transportation,1,3.3181610273586135,3.3835612011980807,0.06540017383946717
330,Travel and Transportation,1,3.5703316667367035,3.6283598635944694,0.058028196857765835
335,Travel and Transportation,1,2.867945394751377,3.4961743720241443,0.6282289772727672
337,Travel and Transportation,1,3.84728819253424,3.699135086589504,-0.14815310594473585
340,Travel and Transportation,1,2.9515527399128088,3.055426651109352,0.10387391119654321
345,Travel and Transportation,1,2.3248748809041926,2.5160927185724717,0.19121783766827916
356,Travel and Transportation,1,3.0371616881716648,4.256687468961836,1.2195257807901712
360,Travel and Transportation,1,2.8363416516081266,2.8218974553163148,-0.014444196291811817
363,Travel and Transportation,1,2.656818357553643,2.648712362357799,-0.008105995195843985
364,Travel and Transportation,1,2.709856789455338,2.5377051407372697,-0.1721516487180681
366,Travel and Transportation,1,3.8140470239807263,3.6184491778186403,-0.19559784616208598
369,Travel and Transportation,1,3.2898504859061877,3.6145486082029112,0.32469812229672357
373,Travel and Transportation,1,3.839532471123416,4.4455019803999365,0.6059695092765205
382,Travel and Transportation,1,2.9805602834740013,2.530344524316053,-0.4502157591579481
396,Travel and Transportation,1,4.301465797462567,4.420355244839527,0.11888944737695972
400,Travel and Transportation,1,2.7759834714594076,2.896126285548066,0.12014281408865823
420,Travel and Transportation,1,2.624444344577647,2.656473711814937,0.032029367237289996
425,Travel and Transportation,1,2.2740720826484857,2.296955680047742,0.022883597399256494
427,Travel and Transportation,1,2.8423200530566115,3.1054676411041324,0.2631475880475209
428,Travel and Transportation,1,3.6030399220753715,3.6203305454531853,0.01729062337781384
432,Travel and Transportation,1,2.4874982706479796,2.40779362938095,-0.0797046412670297
433,Travel and Transportation,1,1.7128859810222974,1.6987120991666629,-0.014173881855634507
445,Travel and Transportation,1,3.3309212733023164,3.7372693643507984,0.406348091048482
446,Travel and Transportation,1,2.8425952311255474,2.9379537981004016,0.09535856697485423
450,Travel and Transportation,1,3.066624673441465,3.2320143171714024,0.16538964372993759
462,Travel and Transportation,1,2.472908853492441,4.171693427460639,1.6987845739681977
464,Travel and Transportation,1,3.4412605341892712,4.288347790630025,0.8470872564407541
468,Travel and Transportation,1,3.738290623044069,4.028767877754548,0.29047725471047947
471,Travel and Transportation,1,7.994318521050442,8.124015875559156,0.1296973545087141
477,Travel and Transportation,1,2.1321118154511636,2.5348651073285433,0.40275329187737974
479,Travel and Transportation,1,2.138775204135044,2.373471708530012,0.23469650439496803
480,Travel and Transportation,1,2.483960893391843,2.6594389263178195,0.17547803292597663
482,Travel and Transportation,1,3.8839113941725136,3.6388778816992837,-0.2450335124732299
493,Travel and Transportation,1,1.9135199443045816,2.9251128976534693,1.0115929533488877
497,Travel and Transportation,1,4.758933337903189,4.983821817964515,0.22488848006132578
505,Travel and Transportation,1,1.9597212830787845,2.627738802478305,0.6680175193995206
506,Travel and Transportation,1,1.9378622979046658,2.675053296196087,0.7371909982914211
513,Travel and Transportation,1,2.096810722918748,2.614093636089555,0.5172829131708068
514,Travel and Transportation,1,3.825709698657322,3.5188884795760615,-0.3068212190812605
519,Travel and Transportation,1,3.971603924318419,4.783113347346486,0.8115094230280668
523,Travel and Transportation,1,3.626152898246049,3.381121375163879,-0.24503152308217002
529,Travel and Transportation,1,4.652439896306456,4.821238459201657,0.16879856289520134
550,Travel and Transportation,1,3.7059847330162654,3.9434062316705107,0.23742149865424533
555,Travel and Transportation,1,2.6217046668303423,2.748811741086267,0.1271070742559246
558,Travel and Transportation,1,2.9583082063989723,3.260247528007011,0.3019393216080388
560,Travel and Transportation,1,2.7162622881371803,3.697119583685969,0.9808572955487889
586,Travel and Transportation,1,5.444664434435385,5.741255401131433,0.2965909666960478
589,Travel and Transportation,1,2.9744816172331308,3.1306873807921214,0.15620576355899063
591,Travel and Transportation,1,3.3540744836099723,4.751769269797929,1.397694786187957
595,Travel and Transportation,1,3.042495064834708,3.7947963577883597,0.7523012929536517
596,Travel and Transportation,1,2.813796076950275,3.3206687913381563,0.5068727143878813
600,Travel and Transportation,1,3.206523090577657,4.71212046478696,1.5055973742093025
601,Travel and Transportation,1,5.154355486913724,5.518046817127709,0.36369133021398437
605,Travel and Transportation,1,1.9434776934050324,1.9567362460596789,0.013258552654646483
609,Travel and Transportation,1,3.462859047724711,4.574204858402865,1.111345810678154
611,Travel and Transportation,1,4.025413481281198,3.8153489141240415,-0.21006456715715682
614,Travel and Transportation,1,5.663353643170614,5.411898125036138,-0.25145551813447664
615,Travel and Transportation,1,4.2508711658696265,4.037347042671458,-0.2135241231981686
625,Travel and Transportation,1,2.624730376747647,3.2349567712007907,0.6102263944531439
629,Travel and Transportation,1,6.122158509422249,7.0739622448149895,0.9518037353927404
633,Travel and Transportation,1,2.9008472259760376,2.9659275408395978,0.06508031486356014
634,Travel and Transportation,1,3.6636292583079495,4.126432366905303,0.4628031085973534
635,Travel and Transportation,1,3.649299523714368,4.357995961676402,0.7086964379620344
642,Travel and Transportation,1,3.6614809412846983,3.8552590209302227,0.1937780796455244
643,Travel and Transportation,1,5.909901744256123,5.480086412846635,-0.4298153314094879
648,Travel and Transportation,1,4.748330862863369,4.9441637451424985,0.1958328822791291
649,Travel and Transportation,1,2.361972797956094,4.333676647855644,1.9717038498995505
657,Travel and Transportation,1,6.690373439774637,6.881551471761389,0.19117803198675176
658,Travel and Transportation,1,3.708262251349306,4.406304123907174,0.6980418725578676
661,Travel and Transportation,1,6.115272129003343,6.447644478893025,0.332372349889682
674,Travel and Transportation,1,5.486006225531229,5.720164671136226,0.2341584456049972
676,Travel and Transportation,1,2.9409024928510954,3.130764177438315,0.18986168458721941
683,Travel and Transportation,1,5.865674135437478,5.75462509529664,-0.1110490401408386
691,Travel and Transportation,1,3.626000900159993,3.552430810801638,-0.07357008935835507
694,Travel and Transportation,1,2.4387398092390753,2.2148557790704926,-0.22388403016858271
707,Travel and Transportation,1,4.087897825560027,4.331717588556068,0.2438197629960408
717,Travel and Transportation,1,3.260194381431597,3.3476139208475155,0.08741953941591873
720,Travel and Transportation,1,4.005087994064668,4.545602863618772,0.5405148695541033
722,Travel and Transportation,1,3.872842888232637,4.380826587366839,0.5079836991342015
726,Travel and Transportation,1,5.539654485278018,5.134526245829216,-0.4051282394488025
729,Travel and Transportation,1,3.335645371438578,4.77288018035203,1.437234808913452
733,Travel and Transportation,1,2.8897343522980083,3.351286580754558,0.46155222845654986
734,Travel and Transportation,1,2.7181002879118203,2.8343470936046713,0.11624680569285095
737,Travel and Transportation,1,3.341749780135995,3.738648769458637,0.3968989893226418
740,Travel and Transportation,1,2.398000523312777,2.2837556850134244,-0.11424483829935239
744,Travel and Transportation,1,1.9765553315550304,2.13789597912444,0.1613406475694097
755,Travel and Transportation,1,2.149471489843575,4.654792412361129,2.5053209225175537
765,Travel and Transportation,1,5.654373712912973,5.584722036461481,-0.06965167645149162
769,Travel and Transportation,1,7.965756238974709,8.555329459679957,0.5895732207052475
773,Travel and Transportation,1,3.877572899460649,4.0288006206485605,0.1512277211879116
778,Travel and Transportation,1,2.832827418357515,4.032997262317149,1.2001698439596344
779,Travel and Transportation,1,4.01227971074826,4.075253116752365,0.06297340600410539
784,Travel and Transportation,1,3.091402978225277,3.228091833627798,0.13668885540252074
791,Travel and Transportation,1,3.223529175304731,3.159518298236879,-0.0640108770678518
798,Travel and Transportation,1,2.963110643767915,3.1843536577202345,0.2212430139523196
799,Travel and Transportation,1,5.054763462651228,5.276667017818159,0.22190355516693128
801,Travel and Transportation,1,4.072340467175893,4.6747299104434905,0.6023894432675974
804,Travel and Transportation,1,3.014945570918149,3.075154639277179,0.06020906835902995
805,Travel and Transportation,1,2.7552427401345403,2.804784062678041,0.049541322543500854
816,Travel and Transportation,1,3.950895259567149,3.967353029647154,0.01645777008000504
819,Travel and Transportation,1,3.0638545882457535,3.8728190559901656,0.8089644677444121
830,Travel and Transportation,1,4.1972044825871,4.134292697912426,-0.06291178467467429
832,Travel and Transportation,1,4.0901739715199685,4.360576248238406,0.2704022767184373
837,Travel and Transportation,1,3.7555433249515646,3.8338826326555235,0.07833930770395892
843,Travel and Transportation,1,4.054677333392288,4.37047049868024,0.3157931652879524
848,Travel and Transportation,1,1.241742672853042,1.0773045946821984,-0.16443807817084366
859,Travel and Transportation,1,2.1497189793141036,2.0488322574009525,-0.10088672191315107
861,Travel and Transportation,1,2.851434453465016,2.80848096090014,-0.042953492564875795
864,Travel and Transportation,1,2.8187807182220896,2.7377217110083203,-0.08105900721376935
866,Travel and Transportation,1,3.7980491396047533,3.85559278403431,0.05754364442955673
875,Travel and Transportation,1,5.747832165415646,5.981431334678089,0.23359916926244306
878,Travel and Transportation,1,1.7971099206353847,1.784493332115572,-0.012616588519812622
879,Travel and Transportation,1,4.857614403466086,5.204763236460308,0.34714883299422183
887,Travel and Transportation,1,3.128671141137878,2.5282502817277788,-0.6004208594100993
903,Travel and Transportation,1,3.1567756552834756,3.961153690704637,0.8043780354211614
907,Travel and Transportation,1,4.135919825128922,3.936665852761198,-0.1992539723677238
909,Travel and Transportation,1,3.328537972241618,3.0181499036310866,-0.3103880686105316
912,Travel and Transportation,1,3.514357830230157,3.8681488496791037,0.35379101944894664
915,Travel and Transportation,1,3.7324313718977957,3.8614128801443406,0.12898150824654486
920,Travel and Transportation,1,2.687158341941337,2.8990124944623714,0.21185415252103423
927,Travel and Transportation,1,2.751681505666836,2.7879027278820327,0.03622122221519675
929,Travel and Transportation,1,2.898882952455717,2.908666245848879,0.009783293393161863
930,Travel and Transportation,1,2.761528861829024,3.314969323929255,0.5534404621002311
935,Travel and Transportation,1,3.383331833072506,3.481975668612268,0.09864383553976186
938,Travel and Transportation,1,2.244249956594005,3.25695007894993,1.012700122355925
941,Travel and Transportation,1,3.153310285339737,3.160483566889217,0.007173281549480048
944,Travel and Transportation,1,2.6043056251421683,2.639350801239014,0.035045176096845765
947,Travel and Transportation,1,2.5999390736247268,2.2536365191201444,-0.34630255450458236
957,Travel and Transportation,1,2.48842451789607,3.0201889713009415,0.5317644534048713
963,Travel and Transportation,1,3.1180736219761815,2.8812399448968447,-0.2368336770793369
978,Travel and Transportation,1,2.4687904630420023,2.4737065464690144,0.004916083427012108
979,Travel and Transportation,1,1.8390986730928591,1.6755832069244836,-0.16351546616837553
980,Travel and Transportation,1,3.260277090672285,3.6968522831463444,0.4365751924740593
981,Travel and Transportation,1,2.4049802204849984,3.1399199063701624,0.734939685885164
986,Travel and Transportation,1,3.4978808715210405,3.404432125424457,-0.0934487460965836
989,Travel and Transportation,1,2.3225835849295247,3.131486562251493,0.8089029773219685
997,Travel and Transportation,1,4.240774528182572,3.5891026977637366,-0.6516718304188358
1000,Travel and Transportation,1,4.902552424745623,5.156871961628342,0.25431953688271935
1011,Travel and Transportation,1,2.979110139663664,6.900429069894644,3.9213189302309797
1013,Travel and Transportation,1,2.0876506073045156,2.199543001470125,0.11189239416560959
1016,Travel and Transportation,1,2.110186791424348,4.38278009998333,2.2725933085589825
1018,Travel and Transportation,1,4.431324649489095,4.8498613875899,0.41853673810080494
1024,Travel and Transportation,1,2.873830729064091,2.6928263127335295,-0.18100441633056175
1027,Travel and Transportation,1,4.601372594073455,4.471683533856911,-0.1296890602165437
1033,Travel and Transportation,1,2.333201323745514,2.2111618647908706,-0.12203945895464319
1037,Travel and Transportation,1,2.5602124287627666,2.57888153123526,0.01866910247249365
1041,Travel and Transportation,1,2.492820010485513,3.299126931048251,0.8063069205627382
1042,Travel and Transportation,1,3.178119577664945,4.110303860699284,0.9321842830343394
1061,Travel and Transportation,1,3.241936334696209,3.3197928100618457,0.07785647536563678
1065,Travel and Transportation,1,2.479475708168281,2.2899928599209494,-0.18948284824733141
1067,Travel and Transportation,1,3.378637851279758,3.358853229121583,-0.019784622158175225
1079,Travel and Transportation,1,1.8520821147072348,3.2581084145417147,1.40602629983448
1087,Travel and Transportation,1,3.425341013395143,3.4990624623891753,0.0737214489940321
1092,Travel and Transportation,1,4.146084484677459,4.274462952429495,0.12837846775203587
1094,Travel and Transportation,1,4.423250413555068,4.576216899812096,0.1529664862570277
1108,Travel and Transportation,1,2.888649793428822,5.2584732576069735,2.3698234641781513
1114,Travel and Transportation,1,1.8902972215485807,2.115267148965601,0.22496992741702027
1117,Travel and Transportation,1,2.9071303305480356,2.8780622735077808,-0.029068057040254835
1118,Travel and Transportation,1,2.4544878344661027,2.8197003761512027,0.3652125416851
1120,Travel and Transportation,1,3.0612122097587893,3.0807004400131244,0.019488230254335104
1124,Travel and Transportation,1,2.4527769601164646,2.5283321047759557,0.07555514465949109
1126,Travel and Transportation,1,4.577611972526568,5.118746822906479,0.5411348503799109
1134,Travel and Transportation,1,3.7583911575623294,3.913638331241632,0.15524717367930263
1136,Travel and Transportation,1,1.7866849748890008,1.4723330783693056,-0.3143518965196952
1138,Travel and Transportation,1,4.680866836335059,4.874538624758119,0.19367178842306032
1146,Travel and Transportation,1,3.0061343668022387,3.2197268694731997,0.21359250267096108
1150,Travel and Transportation,1,5.1168379856569715,4.937356453433315,-0.17948153222365626
1159,Travel and Transportation,1,2.585435546367386,3.1078399279521616,0.5224043815847756
1161,Travel and Transportation,1,2.8518771942997097,3.681627716887761,0.8297505225880513
1164,Travel and Transportation,1,3.327986078945414,3.8936072706249245,0.5656211916795106
1169,Travel and Transportation,1,7.107111314100368,7.47617941527499,0.36906810117462197
1184,Travel and Transportation,1,3.0391189616617327,3.154536226207987,0.11541726454625412
1185,Travel and Transportation,1,4.879059520528977,5.78677473808296,0.9077152175539833
1186,Travel and Transportation,1,2.807697970164683,2.7323281531936443,-0.07536981697103862
1187,Travel and Transportation,1,2.455523630060305,4.404181385758221,1.948657755697916
1192,Travel and Transportation,1,4.064638991808154,4.538101977352369,0.47346298554421473
1197,Travel and Transportation,1,5.681437990943717,5.667984468862415,-0.013453522081301905
1208,Travel and Transportation,1,3.941800344760172,3.85866844676392,-0.08313189799625231
1214,Travel and Transportation,1,5.899445556064144,6.159560032633043,0.26011447656889874
1218,Travel and Transportation,1,7.277110125889763,6.7287452075789735,-0.5483649183107895
1221,Travel and Transportation,1,4.5127957830758785,4.7587628973609615,0.245967114285083
1224,Travel and Transportation,1,4.357493441619454,4.247021696851915,-0.11047174476753874
1228,Travel and Transportation,1,3.3879150421168367,3.59346322589099,0.20554818377415351
1232,Travel and Transportation,1,3.177009512766916,3.937927288129199,0.7609177753622829
2,Travel and Transportation,2,5.0180255984498485,4.847499423557986,-0.1705261748918625
5,Travel and Transportation,2,3.2153929194574857,3.6640036575413673,0.4486107380838815
12,Travel and Transportation,2,2.4274717225890354,2.4585276892592764,0.03105596667024102
21,Travel and Transportation,2,5.385291023395427,5.145777527662914,-0.23951349573251335
25,Travel and Transportation,2,3.1280683465504593,3.462020676948754,0.33395233039829453
36,Travel and Transportation,2,2.0050709603263517,1.7958607481924238,-0.20921021213392788
37,Travel and Transportation,2,2.215943257811017,2.566153321533039,0.350210063722022
49,Travel and Transportation,2,3.485027824405078,4.727264237627202,1.2422364132221242
53,Travel and Transportation,2,2.599107436156495,3.8148851354353,1.2157776992788052
56,Travel and Transportation,2,2.0459128925750565,2.068639504775799,0.02272661220074257
64,Travel and Transportation,2,6.203475238789368,3.683274845368547,-2.520200393420821
67,Travel and Transportation,2,2.8641318796050084,2.9908738755445077,0.1267419959394993
69,Travel and Transportation,2,3.9516225699459415,4.066945022542146,0.11532245259620488
72,Travel and Transportation,2,2.40056597717942,4.1629639277247446,1.7623979505453247
74,Travel and Transportation,2,3.970697470071218,4.641586723602953,0.670889253531735
77,Travel and Transportation,2,2.501584888583907,2.5784135493815343,0.07682866079762718
84,Travel and Transportation,2,2.111536191233065,2.012944843801221,-0.09859134743184406
90,Travel and Transportation,2,3.212137939364232,4.7743641986053955,1.5622262592411635
97,Travel and Transportation,2,3.107970832812782,3.2053999390517447,0.0974291062389625
98,Travel and Transportation,2,3.088896095021928,3.385463527171681,0.2965674321497529
99,Travel and Transportation,2,3.1507007454579243,3.4335939424101296,0.2828931969522053
109,Travel and Transportation,2,4.796165636718552,5.48642199211174,0.6902563553931884
111,Travel and Transportation,2,4.673310323769867,5.058381568986798,0.38507124521693115
117,Travel and Transportation,2,1.6147446776124956,2.2319452359630167,0.6172005583505211
118,Travel and Transportation,2,1.3996616197236582,2.1061111156049206,0.7064494958812624
120,Travel and Transportation,2,1.590205309105996,1.859010131744132,0.2688048226381361
124,Travel and Transportation,2,2.439396686929916,3.555830372611297,1.1164336856813812
126,Travel and Transportation,2,5.35741997426128,6.1672857986878995,0.8098658244266197
130,Travel and Transportation,2,3.5832607373307552,3.0555372561192606,-0.5277234812114946
144,Travel and Transportation,2,3.098325164556581,4.139390794390677,1.0410656298340966
149,Travel and Transportation,2,2.7504630486960027,2.8115483567600856,0.061085308064082966
150,Travel and Transportation,2,3.5674270870402465,3.7248507348683235,0.15742364782807705
160,Travel and Transportation,2,2.088884998802002,2.1338415397651502,0.04495654096314805
164,Travel and Transportation,2,2.0878247182267944,2.305055456614562,0.21723073838776763
166,Travel and Transportation,2,3.0742581569146648,4.633849501088893,1.559591344174228
173,Travel and Transportation,2,2.0344320176064943,5.191365051226304,3.15693303361981
186,Travel and Transportation,2,1.9988973020270724,2.07022676607182,0.07132946404474771
189,Travel and Transportation,2,3.8619416760250846,4.7248215800692615,0.8628799040441768
199,Travel and Transportation,2,5.524269618738086,5.972309673476024,0.4480400547379384
206,Travel and Transportation,2,3.697296737699345,3.514935879541882,-0.18236085815746295
208,Travel and Transportation,2,4.879290051527073,5.19315864788593,0.3138685963588568
209,Travel and Transportation,2,2.9565640782505636,3.833370164546097,0.8768060862955336
212,Travel and Transportation,2,2.351523873589208,3.1311350870018435,0.7796112134126356
213,Travel and Transportation,2,2.721461481896759,4.691096604850755,1.9696351229539961
220,Travel and Transportation,2,3.487603082213645,5.645751653602554,2.1581485713889093
223,Travel and Transportation,2,5.632521059295711,5.74112382645983,0.10860276716411921
234,Travel and Transportation,2,5.566811573251901,6.357918075400404,0.7911065021485033
237,Travel and Transportation,2,4.383398643403752,4.1973147473361205,-0.18608389606763165
244,Travel and Transportation,2,2.9379274409627705,5.508580944667998,2.570653503705228
245,Travel and Transportation,2,2.906648172124192,4.812322508659755,1.9056743365355633
251,Travel and Transportation,2,4.835703038568363,4.946412477898884,0.11070943933052035
253,Travel and Transportation,2,3.8918869499646886,4.379276173979001,0.4873892240143123
258,Travel and Transportation,2,4.301796579858591,4.602073279337199,0.3002766994786077
264,Travel and Transportation,2,2.3521817884020426,4.554825571582129,2.2026437831800867
268,Travel and Transportation,2,3.7771063112819245,5.475438840422204,1.6983325291402798
269,Travel and Transportation,2,2.869453662718338,5.794677407865618,2.92522374514728
270,Travel and Transportation,2,2.9720654372259165,4.5893282278830085,1.617262790657092
273,Travel and Transportation,2,2.9343252052754503,2.800960717914548,-0.13336448736090212
274,Travel and Transportation,2,3.403555306517492,4.954404284805866,1.550848978288374
280,Travel and Transportation,2,4.498978333738492,5.870569440023679,1.3715911062851873
283,Travel and Transportation,2,2.290765385874406,3.068994738145597,0.7782293522711909
292,Travel and Transportation,2,6.323155688732795,7.280401987928235,0.9572462991954396
325,Travel and Transportation,2,2.135362579460219,1.804987649069697,-0.3303749303905221
329,Travel and Transportation,2,3.3181610273586135,3.3964996349857017,0.07833860762708822
330,Travel and Transportation,2,3.5703316667367035,3.741899052132961,0.1715673853962576
335,Travel and Transportation,2,2.867945394751377,5.4193672467021905,2.5514218519508134
337,Travel and Transportation,2,3.84728819253424,3.7653729075753093,-0.08191528495893063
340,Travel and Transportation,2,2.9515527399128088,3.1869799271160826,0.23542718720327382
345,Travel and Transportation,2,2.3248748809041926,2.5984573818189842,0.27358250091479164
356,Travel and Transportation,2,3.0371616881716648,4.674713885236234,1.6375521970645694
360,Travel and Transportation,2,2.8363416516081266,2.8803138026031005,0.04397215099497398
363,Travel and Transportation,2,2.656818357553643,2.6268111570184813,-0.030007200535161704
364,Travel and Transportation,2,2.709856789455338,2.460988756775169,-0.24886803268016866
366,Travel and Transportation,2,3.8140470239807263,3.3750499002994125,-0.4389971236813137
369,Travel and Transportation,2,3.2898504859061877,4.0571877525685185,0.7673372666623308
373,Travel and Transportation,2,3.839532471123416,5.186084022382323,1.3465515512589068
382,Travel and Transportation,2,2.9805602834740013,2.6124456444098345,-0.36811463906416675
396,Travel and Transportation,2,4.301465797462567,4.5593980589399665,0.2579322614773991
400,Travel and Transportation,2,2.7759834714594076,2.950714507516653,0.1747310360572456
420,Travel and Transportation,2,2.624444344577647,2.6776496850392126,0.053205340461565775
425,Travel and Transportation,2,2.2740720826484857,2.3685629798634276,0.09449089721494186
427,Travel and Transportation,2,2.8423200530566115,2.352088291545583,-0.49023176151102854
428,Travel and Transportation,2,3.6030399220753715,3.6306137621724375,0.027573840097065982
432,Travel and Transportation,2,2.4874982706479796,2.3344498270377,-0.1530484436102797
433,Travel and Transportation,2,1.7128859810222974,1.8539628525028244,0.14107687148052706
445,Travel and Transportation,2,3.3309212733023164,4.288853034458392,0.9579317611560758
446,Travel and Transportation,2,2.8425952311255474,2.977459823813191,0.13486459268764373
450,Travel and Transportation,2,3.066624673441465,3.391131538409593,0.3245068649681282
462,Travel and Transportation,2,2.472908853492441,4.725777749040683,2.2528688955482417
464,Travel and Transportation,2,3.4412605341892712,4.412020192689068,0.9707596584997971
468,Travel and Transportation,2,3.738290623044069,4.284615552108123,0.5463249290640544
471,Travel and Transportation,2,7.994318521050442,8.575093699969031,0.5807751789185893
477,Travel and Transportation,2,2.1321118154511636,2.7711749450382634,0.6390631295870999
479,Travel and Transportation,2,2.138775204135044,2.8778440423037566,0.7390688381687127
480,Travel and Transportation,2,2.483960893391843,2.7403770673957317,0.25641617400388883
482,Travel and Transportation,2,3.8839113941725136,3.2045116400000544,-0.6793997541724592
493,Travel and Transportation,2,1.9135199443045816,3.1833780846109567,1.2698581403063751
497,Travel and Transportation,2,4.758933337903189,2.9599106771405936,-1.7990226607625952
505,Travel and Transportation,2,1.9597212830787845,2.769263209572019,0.8095419264932344
506,Travel and Transportation,2,1.9378622979046658,2.8343345621713545,0.8964722642666887
513,Travel and Transportation,2,2.096810722918748,2.7357500515423245,0.6389393286235765
514,Travel and Transportation,2,3.825709698657322,3.4779537273742647,-0.34775597128305735
519,Travel and Transportation,2,3.971603924318419,4.718604412979946,0.7470004886615271
523,Travel and Transportation,2,3.626152898246049,3.24073392134452,-0.38541897690152904
529,Travel and Transportation,2,4.652439896306456,4.268928762296206,-0.3835111340102495
550,Travel and Transportation,2,3.7059847330162654,4.058343689391593,0.352358956375328
555,Travel and Transportation,2,2.6217046668303423,2.8707181572994482,0.24901349046910592
558,Travel and Transportation,2,2.9583082063989723,3.2755577242376037,0.3172495178386314
560,Travel and Transportation,2,2.7162622881371803,3.7658378017316334,1.0495755135944531
586,Travel and Transportation,2,5.444664434435385,6.013491693157684,0.5688272587222993
589,Travel and Transportation,2,2.9744816172331308,3.047149092837941,0.07266747560481024
591,Travel and Transportation,2,3.3540744836099723,4.939277909118438,1.5852034255084657
595,Travel and Transportation,2,3.042495064834708,4.221863964463044,1.1793688996283356
596,Travel and Transportation,2,2.813796076950275,3.591624315780426,0.7778282388301512
600,Travel and Transportation,2,3.206523090577657,4.822559451798334,1.6160363612206767
601,Travel and Transportation,2,5.154355486913724,5.871617949760488,0.7172624628467634
605,Travel and Transportation,2,1.9434776934050324,2.006840723324679,0.06336302991964682
609,Travel and Transportation,2,3.462859047724711,4.578527757778385,1.115668710053674
611,Travel and Transportation,2,4.025413481281198,3.6609242832669775,-0.36448919801422086
614,Travel and Transportation,2,5.663353643170614,4.8693235430519195,-0.7940301001186949
615,Travel and Transportation,2,4.2508711658696265,2.9752126981585487,-1.2756584677110778
625,Travel and Transportation,2,2.624730376747647,3.371899456076258,0.7471690793286112
629,Travel and Transportation,2,6.122158509422249,7.316778270678661,1.194619761256412
633,Travel and Transportation,2,2.9008472259760376,3.009873148632707,0.10902592265666922
634,Travel and Transportation,2,3.6636292583079495,4.2939995181038935,0.630370259795944
635,Travel and Transportation,2,3.649299523714368,4.577304001970248,0.9280044782558798
642,Travel and Transportation,2,3.6614809412846983,4.009242102273534,0.3477611609888358
643,Travel and Transportation,2,5.909901744256123,5.135308629669543,-0.7745931145865796
648,Travel and Transportation,2,4.748330862863369,5.086341765712891,0.33801090284952195
649,Travel and Transportation,2,2.361972797956094,5.038392911824324,2.6764201138682298
657,Travel and Transportation,2,6.690373439774637,7.071762285489722,0.3813888457150849
658,Travel and Transportation,2,3.708262251349306,3.8009008012236203,0.09263854987431408
661,Travel and Transportation,2,6.115272129003343,6.653726573802793,0.5384544447994495
674,Travel and Transportation,2,5.486006225531229,5.93398058728231,0.44797436175108096
676,Travel and Transportation,2,2.9409024928510954,3.0843322824097505,0.14342978955865515
683,Travel and Transportation,2,5.865674135437478,4.4890426761065445,-1.376631459330934
691,Travel and Transportation,2,3.626000900159993,3.7246630548035524,0.09866215464355932
694,Travel and Transportation,2,2.4387398092390753,2.499069578636531,0.060329769397455824
707,Travel and Transportation,2,4.087897825560027,4.691051803236858,0.6031539776768309
717,Travel and Transportation,2,3.260194381431597,3.615353342564066,0.35515896113246903
720,Travel and Transportation,2,4.005087994064668,4.6222784610471335,0.617190466982465
722,Travel and Transportation,2,3.872842888232637,4.662977170769284,0.7901342825366466
726,Travel and Transportation,2,5.539654485278018,4.818936960330163,-0.7207175249478555
729,Travel and Transportation,2,3.335645371438578,7.195140732693871,3.859495361255293
733,Travel and Transportation,2,2.8897343522980083,3.3987783022903475,0.5090439499923392
734,Travel and Transportation,2,2.7181002879118203,2.9513170801548063,0.23321679224298597
737,Travel and Transportation,2,3.341749780135995,4.183389215704179,0.841639435568184
740,Travel and Transportation,2,2.398000523312777,2.2907283392568933,-0.10727218405588346
744,Travel and Transportation,2,1.9765553315550304,2.1286436437869423,0.15208831223191188
755,Travel and Transportation,2,2.149471489843575,5.400352417740232,3.2508809278966564
765,Travel and Transportation,2,5.654373712912973,5.669225204397383,0.014851491484410673
769,Travel and Transportation,2,7.965756238974709,8.960921427488154,0.9951651885134449
773,Travel and Transportation,2,3.877572899460649,4.206621420805253,0.32904852134460416
778,Travel and Transportation,2,2.832827418357515,3.4229311732352854,0.5901037548777706
779,Travel and Transportation,2,4.01227971074826,4.117696790539546,0.10541707979128656
784,Travel and Transportation,2,3.091402978225277,3.3052815934484734,0.21387861522319618
791,Travel and Transportation,2,3.223529175304731,3.2519557293866113,0.02842655408188044
798,Travel and Transportation,2,2.963110643767915,3.175748383943432,0.2126377401755173
799,Travel and Transportation,2,5.054763462651228,5.590991329095601,0.5362278664443734
801,Travel and Transportation,2,4.072340467175893,4.5151902612383115,0.4428497940624183
804,Travel and Transportation,2,3.014945570918149,5.79345150341597,2.778505932497821
805,Travel and Transportation,2,2.7552427401345403,2.903389868516943,0.14814712838240274
816,Travel and Transportation,2,3.950895259567149,3.9862769939394815,0.035381734372332385
819,Travel and Transportation,2,3.0638545882457535,3.883520627732312,0.8196660394865587
830,Travel and Transportation,2,4.1972044825871,4.101133348946622,-0.09607113364047848
832,Travel and Transportation,2,4.0901739715199685,5.215505387659263,1.1253314161392947
837,Travel and Transportation,2,3.7555433249515646,3.8651440619457413,0.10960073699417672
843,Travel and Transportation,2,4.054677333392288,4.498015236847249,0.44333790345496116
848,Travel and Transportation,2,1.241742672853042,1.057308372617078,-0.18443430023596408
859,Travel and Transportation,2,2.1497189793141036,1.955029678696039,-0.19468930061806455
861,Travel and Transportation,2,2.851434453465016,2.795922087657494,-0.055512365807521835
864,Travel and Transportation,2,2.8187807182220896,2.743746424839225,-0.07503429338286471
866,Travel and Transportation,2,3.7980491396047533,3.864165211196755,0.06611607159200172
875,Travel and Transportation,2,5.747832165415646,6.187763809066511,0.4399316436508647
878,Travel and Transportation,2,1.7971099206353847,1.821540928985152,0.024431008349767414
879,Travel and Transportation,2,4.857614403466086,5.455514961929869,0.5979005584637829
887,Travel and Transportation,2,3.128671141137878,2.3898841345196153,-0.7387870066182627
903,Travel and Transportation,2,3.1567756552834756,1.8749027637165838,-1.2818728915668918
907,Travel and Transportation,2,4.135919825128922,3.753878108744831,-0.3820417163840908
909,Travel and Transportation,2,3.328537972241618,3.2748611312083837,-0.053676841033234446
912,Travel and Transportation,2,3.514357830230157,5.267873455359461,1.753515625129304
915,Travel and Transportation,2,3.7324313718977957,4.12764938799002,0.39521801609222384
920,Travel and Transportation,2,2.687158341941337,2.979272849895473,0.29211450795413585
927,Travel and Transportation,2,2.751681505666836,3.0055888380385487,0.2539073323717127
929,Travel and Transportation,2,2.898882952455717,2.9189320246500783,0.02004907219436136
930,Travel and Transportation,2,2.761528861829024,3.6028618099356375,0.8413329481066136
935,Travel and Transportation,2,3.383331833072506,3.661315629740436,0.2779837966679297
938,Travel and Transportation,2,2.244249956594005,3.6463197542421515,1.4020697976481467
941,Travel and Transportation,2,3.153310285339737,3.171163239967833,0.017852954628096107
944,Travel and Transportation,2,2.6043056251421683,2.6681891434262863,0.06388351828411798
947,Travel and Transportation,2,2.5999390736247268,2.291162943756069,-0.30877612986865755
957,Travel and Transportation,2,2.48842451789607,3.3948560789840574,0.9064315610879872
963,Travel and Transportation,2,3.1180736219761815,2.7433325423554917,-0.3747410796206898
978,Travel and Transportation,2,2.4687904630420023,2.5668538338807085,0.0980633708387062
979,Travel and Transportation,2,1.8390986730928591,1.967083315847557,0.12798464275469779
980,Travel and Transportation,2,3.260277090672285,4.0189322302627595,0.7586551395904744
981,Travel and Transportation,2,2.4049802204849984,4.201225674751226,1.796245454266228
986,Travel and Transportation,2,3.4978808715210405,3.4764201383568754,-0.02146073316416519
989,Travel and Transportation,2,2.3225835849295247,3.5227977232901724,1.2002141383606477
997,Travel and Transportation,2,4.240774528182572,4.1194293986681085,-0.12134512951446386
1000,Travel and Transportation,2,4.902552424745623,5.414253924724123,0.5117014999784999
1011,Travel and Transportation,2,2.979110139663664,7.357462834205354,4.3783526945416895
1013,Travel and Transportation,2,2.0876506073045156,2.3100813072417954,0.22243069993727982
1016,Travel and Transportation,2,2.110186791424348,4.959172066894796,2.848985275470448
1018,Travel and Transportation,2,4.431324649489095,5.078847459935787,0.6475228104466915
1024,Travel and Transportation,2,2.873830729064091,2.62467141235886,-0.24915931670523106
1027,Travel and Transportation,2,4.601372594073455,4.363865829232809,-0.2375067648406457
1033,Travel and Transportation,2,2.333201323745514,1.6853278289243256,-0.6478734948211882
1037,Travel and Transportation,2,2.5602124287627666,2.6138997160488007,0.05368728728603411
1041,Travel and Transportation,2,2.492820010485513,3.6871022958996833,1.1942822854141704
1042,Travel and Transportation,2,3.178119577664945,4.505554825693577,1.3274352480286318
1061,Travel and Transportation,2,3.241936334696209,3.4137856229193355,0.17184928822312662
1065,Travel and Transportation,2,2.479475708168281,2.2065976602947854,-0.27287804787349534
1067,Travel and Transportation,2,3.378637851279758,3.546831723758004,0.1681938724782457
1079,Travel and Transportation,2,1.8520821147072348,3.9278473112173593,2.0757651965101243
1087,Travel and Transportation,2,3.425341013395143,3.52582283599938,0.10048182260423699
1092,Travel and Transportation,2,4.146084484677459,4.5343766443054285,0.38829215962796937
1094,Travel and Transportation,2,4.423250413555068,4.696327995162137,0.27307758160706896
1108,Travel and Transportation,2,2.888649793428822,5.513038748569436,2.6243889551406134
1114,Travel and Transportation,2,1.8902972215485807,2.2365924680734546,0.34629524652487387
1117,Travel and Transportation,2,2.9071303305480356,2.9319901532446693,0.02485982269663367
1118,Travel and Transportation,2,2.4544878344661027,3.127256005454801,0.6727681709886983
1120,Travel and Transportation,2,3.0612122097587893,3.0934045294399857,0.0321923196811964
1124,Travel and Transportation,2,2.4527769601164646,2.6035182599940403,0.15074129987757567
1126,Travel and Transportation,2,4.577611972526568,5.691304102946019,1.1136921304194516
1134,Travel and Transportation,2,3.7583911575623294,4.068853414167028,0.3104622566046982
1136,Travel and Transportation,2,1.7866849748890008,4.511174115114557,2.7244891402255558
1138,Travel and Transportation,2,4.680866836335059,5.062740965383645,0.38187412904858586
1146,Travel and Transportation,2,3.0061343668022387,3.2781291765291996,0.2719948097269609
1150,Travel and Transportation,2,5.1168379856569715,4.703333375209651,-0.4135046104473208
1159,Travel and Transportation,2,2.585435546367386,3.3784200953796786,0.7929845490122926
1161,Travel and Transportation,2,2.8518771942997097,3.6731745613205424,0.8212973670208328
1164,Travel and Transportation,2,3.327986078945414,4.265185412821752,0.9371993338763378
1169,Travel and Transportation,2,7.107111314100368,7.740648438282459,0.6335371241820917
1184,Travel and Transportation,2,3.0391189616617327,4.669417558291821,1.6302985966300882
1185,Travel and Transportation,2,4.879059520528977,6.399721071591717,1.52066155106274
1186,Travel and Transportation,2,2.807697970164683,3.1502273750550076,0.3425294048903247
1187,Travel and Transportation,2,2.455523630060305,4.927550824388767,2.472027194328462
1192,Travel and Transportation,2,4.064638991808154,4.953335198851041,0.8886962070428863
1197,Travel and Transportation,2,5.681437990943717,5.365914393828906,-0.3155235971148116
1208,Travel and Transportation,2,3.941800344760172,3.916383380675003,-0.025416964085169358
1214,Travel and Transportation,2,5.899445556064144,6.387556424008491,0.4881108679443473
1218,Travel and Transportation,2,7.277110125889763,6.229987903175571,-1.0471222227141919
1221,Travel and Transportation,2,4.5127957830758785,4.9725495217740106,0.4597537386981321
1224,Travel and Transportation,2,4.357493441619454,4.137544083743755,-0.21994935787569858
1228,Travel and Transportation,2,3.3879150421168367,3.9961634938263346,0.6082484517094979
1232,Travel and Transportation,2,3.177009512766916,4.5598669259881595,1.3828574132212434
2,Travel and Transportation,3,5.0180255984498485,4.777664886178305,-0.24036071227154387
5,Travel and Transportation,3,3.2153929194574857,4.249122647491809,1.0337297280343236
12,Travel and Transportation,3,2.4274717225890354,2.5348751652134647,0.10740344262442925
21,Travel and Transportation,3,5.385291023395427,5.143467426443241,-0.24182359695218647
25,Travel and Transportation,3,3.1280683465504593,3.7338451063185705,0.6057767597681112
36,Travel and Transportation,3,2.0050709603263517,2.0463217248569867,0.04125076453063503
37,Travel and Transportation,3,2.215943257811017,2.688449890203727,0.47250663239270985
49,Travel and Transportation,3,3.485027824405078,2.6245381737199387,-0.8604896506851394
53,Travel and Transportation,3,2.599107436156495,3.8808828210014266,1.2817753848449316
56,Travel and Transportation,3,2.0459128925750565,2.1109815487268464,0.06506865615178992
64,Travel and Transportation,3,6.203475238789368,3.952633119920628,-2.2508421188687397
67,Travel and Transportation,3,2.8641318796050084,3.1717233995794105,0.30759151997440215
69,Travel and Transportation,3,3.9516225699459415,4.5777800733468155,0.626157503400874
72,Travel and Transportation,3,2.40056597717942,4.6044137590346494,2.2038477818552296
74,Travel and Transportation,3,3.970697470071218,4.82213516060328,0.8514376905320624
77,Travel and Transportation,3,2.501584888583907,2.593048162769049,0.09146327418514177
84,Travel and Transportation,3,2.111536191233065,2.026840069582203,-0.08469612165086193
90,Travel and Transportation,3,3.212137939364232,4.938893288908645,1.7267553495444128
97,Travel and Transportation,3,3.107970832812782,3.5403511523587943,0.4323803195460121
98,Travel and Transportation,3,3.088896095021928,3.563276033094792,0.4743799380728637
99,Travel and Transportation,3,3.1507007454579243,3.560854557818022,0.4101538123600976
109,Travel and Transportation,3,4.796165636718552,5.808566589984077,1.0124009532655247
111,Travel and Transportation,3,4.673310323769867,5.258481782211791,0.5851714584419243
117,Travel and Transportation,3,1.6147446776124956,2.407323835089084,0.7925791574765884
118,Travel and Transportation,3,1.3996616197236582,2.3148739801003355,0.9152123603766773
120,Travel and Transportation,3,1.590205309105996,2.0428174935206065,0.4526121844146105
124,Travel and Transportation,3,2.439396686929916,3.9223916575755253,1.4829949706456094
126,Travel and Transportation,3,5.35741997426128,2.27791330652557,-3.0795066677357097
130,Travel and Transportation,3,3.5832607373307552,3.07748329927416,-0.5057774380565951
144,Travel and Transportation,3,3.098325164556581,3.7800335504844718,0.681708385927891
149,Travel and Transportation,3,2.7504630486960027,2.8033164162371538,0.05285336754115111
150,Travel and Transportation,3,3.5674270870402465,3.751179976571298,0.18375288953105162
160,Travel and Transportation,3,2.088884998802002,4.949026252562945,2.8601412537609425
164,Travel and Transportation,3,2.0878247182267944,2.318084269250761,0.23025955102396667
166,Travel and Transportation,3,3.0742581569146648,4.792408618485994,1.7181504615713292
173,Travel and Transportation,3,2.0344320176064943,5.42749713038323,3.393065112776736
186,Travel and Transportation,3,1.9988973020270724,2.5567394369815597,0.5578421349544873
189,Travel and Transportation,3,3.8619416760250846,4.897538998407441,1.0355973223823565
199,Travel and Transportation,3,5.524269618738086,7.714545621782647,2.190276003044561
206,Travel and Transportation,3,3.697296737699345,3.467559241627419,-0.22973749607192584
208,Travel and Transportation,3,4.879290051527073,5.473232279673567,0.5939422281464939
209,Travel and Transportation,3,2.9565640782505636,3.8042496173943623,0.8476855391437987
212,Travel and Transportation,3,2.351523873589208,3.2780221864919894,0.9264983129027815
213,Travel and Transportation,3,2.721461481896759,4.796001738241215,2.074540256344456
220,Travel and Transportation,3,3.487603082213645,5.946634827561056,2.459031745347411
223,Travel and Transportation,3,5.632521059295711,5.889593887470828,0.2570728281751169
234,Travel and Transportation,3,5.566811573251901,6.802222977812511,1.2354114045606108
237,Travel and Transportation,3,4.383398643403752,3.949540439149641,-0.43385820425411126
244,Travel and Transportation,3,2.9379274409627705,5.735984051548917,2.798056610586147
245,Travel and Transportation,3,2.906648172124192,5.200683945950438,2.294035773826246
251,Travel and Transportation,3,4.835703038568363,5.173143799784061,0.33744076121569755
253,Travel and Transportation,3,3.8918869499646886,4.8363894503567355,0.9445025003920469
258,Travel and Transportation,3,4.301796579858591,5.036485166166077,0.7346885863074863
264,Travel and Transportation,3,2.3521817884020426,4.734098251522424,2.381916463120381
268,Travel and Transportation,3,3.7771063112819245,5.673989588684214,1.8968832774022895
269,Travel and Transportation,3,2.869453662718338,6.315292351300448,3.4458386885821097
270,Travel and Transportation,3,2.9720654372259165,4.623703057464923,1.6516376202390068
273,Travel and Transportation,3,2.9343252052754503,2.7908370089785675,-0.1434881962968828
274,Travel and Transportation,3,3.403555306517492,5.305822343439507,1.902267036922015
280,Travel and Transportation,3,4.498978333738492,7.465200418056486,2.9662220843179936
283,Travel and Transportation,3,2.290765385874406,3.1277381097469,0.8369727238724938
292,Travel and Transportation,3,6.323155688732795,7.612360763020472,1.2892050742876773
325,Travel and Transportation,3,2.135362579460219,1.683867323450953,-0.4514952560092662
329,Travel and Transportation,3,3.3181610273586135,3.3567670308681548,0.03860600350954124
330,Travel and Transportation,3,3.5703316667367035,3.834294521452459,0.2639628547157553
335,Travel and Transportation,3,2.867945394751377,5.698063612654391,2.8301182179030135
337,Travel and Transportation,3,3.84728819253424,5.921954035914503,2.074665843380263
340,Travel and Transportation,3,2.9515527399128088,3.294812653772616,0.34325991385980714
345,Travel and Transportation,3,2.3248748809041926,4.666036969931863,2.3411620890276703
356,Travel and Transportation,3,3.0371616881716648,4.859253155433464,1.8220914672617994
360,Travel and Transportation,3,2.8363416516081266,2.985883987035113,0.14954233542698647
363,Travel and Transportation,3,2.656818357553643,2.5878016604566776,-0.06901669709696545
364,Travel and Transportation,3,2.709856789455338,6.174646756328434,3.464789966873096
366,Travel and Transportation,3,3.8140470239807263,3.2863235097245886,-0.5277235142561376
369,Travel and Transportation,3,3.2898504859061877,4.367166049869662,1.0773155639634746
373,Travel and Transportation,3,3.839532471123416,5.459718376845331,1.6201859057219146
382,Travel and Transportation,3,2.9805602834740013,3.0747829454639453,0.094222661989944
396,Travel and Transportation,3,4.301465797462567,4.685895689667294,0.3844298922047269
400,Travel and Transportation,3,2.7759834714594076,2.980062974529644,0.20407950307023626
420,Travel and Transportation,3,2.624444344577647,2.6996994751254144,0.07525513054776756
425,Travel and Transportation,3,2.2740720826484857,2.495675526398695,0.22160344375020946
427,Travel and Transportation,3,2.8423200530566115,2.6053721000440895,-0.23694795301252203
428,Travel and Transportation,3,3.6030399220753715,3.639537944386185,0.03649802231081356
432,Travel and Transportation,3,2.4874982706479796,2.2715301144159694,-0.21596815623201016
433,Travel and Transportation,3,1.7128859810222974,2.0019813119318126,0.2890953309095152
445,Travel and Transportation,3,3.3309212733023164,4.763744016648799,1.4328227433464824
446,Travel and Transportation,3,2.8425952311255474,3.1032272306686437,0.26063199954309635
450,Travel and Transportation,3,3.066624673441465,3.5828026223685194,0.5161779489270546
462,Travel and Transportation,3,2.472908853492441,5.2003332417558354,2.7274243882633944
464,Travel and Transportation,3,3.4412605341892712,4.483831713092276,1.042571178903005
468,Travel and Transportation,3,3.738290623044069,4.487007620738874,0.7487169976948049
471,Travel and Transportation,3,7.994318521050442,9.11527897243597,1.1209604513855282
477,Travel and Transportation,3,2.1321118154511636,2.775640172204513,0.6435283567533494
479,Travel and Transportation,3,2.138775204135044,5.636309674194621,3.497534470059577
480,Travel and Transportation,3,2.483960893391843,3.012043363702551,0.5280824703107081
482,Travel and Transportation,3,3.8839113941725136,3.0738142042781096,-0.810097189894404
493,Travel and Transportation,3,1.9135199443045816,4.15807899467759,2.244559050373008
497,Travel and Transportation,3,4.758933337903189,7.121327524616732,2.3623941867135434
505,Travel and Transportation,3,1.9597212830787845,2.8814147652679347,0.9216934821891503
506,Travel and Transportation,3,1.9378622979046658,2.9312051245320685,0.9933428266274027
513,Travel and Transportation,3,2.096810722918748,2.827297708486234,0.7304869855674858
514,Travel and Transportation,3,3.825709698657322,3.4610874542282284,-0.36462224442909363
519,Travel and Transportation,3,3.971603924318419,4.695936293443626,0.7243323691252073
523,Travel and Transportation,3,3.626152898246049,3.149388636752147,-0.47676426149390183
529,Travel and Transportation,3,4.652439896306456,2.584625154947055,-2.067814741359401
550,Travel and Transportation,3,3.7059847330162654,4.169704059540975,0.4637193265247097
555,Travel and Transportation,3,2.6217046668303423,2.985669565798575,0.3639648989682325
558,Travel and Transportation,3,2.9583082063989723,4.798392880498318,1.8400846740993453
560,Travel and Transportation,3,2.7162622881371803,3.8559286510764696,1.1396663629392894
586,Travel and Transportation,3,5.444664434435385,5.573381852218674,0.12871741778328882
589,Travel and Transportation,3,2.9744816172331308,2.9959502396658007,0.021468622432669893
591,Travel and Transportation,3,3.3540744836099723,5.339527113407632,1.9854526297976598
595,Travel and Transportation,3,3.042495064834708,4.728777953954344,1.686282889119636
596,Travel and Transportation,3,2.813796076950275,3.6755162387898537,0.8617201618395787
600,Travel and Transportation,3,3.206523090577657,5.002170228164916,1.7956471375872587
601,Travel and Transportation,3,5.154355486913724,6.221850842388622,1.0674953554748976
605,Travel and Transportation,3,1.9434776934050324,2.0615240362095575,0.11804634280452508
609,Travel and Transportation,3,3.462859047724711,4.761363549544084,1.298504501819373
611,Travel and Transportation,3,4.025413481281198,3.5572817567669777,-0.4681317245142207
614,Travel and Transportation,3,5.663353643170614,4.490982067285872,-1.1723715758847426
615,Travel and Transportation,3,4.2508711658696265,3.7334342438913324,-0.5174369219782942
625,Travel and Transportation,3,2.624730376747647,3.475665579008528,0.8509352022608812
629,Travel and Transportation,3,6.122158509422249,7.511056984636284,1.3888984752140345
633,Travel and Transportation,3,2.9008472259760376,3.140675379290599,0.2398281533145612
634,Travel and Transportation,3,3.6636292583079495,4.43099133597052,0.7673620776625709
635,Travel and Transportation,3,3.649299523714368,4.705893372958167,1.0565938492437992
642,Travel and Transportation,3,3.6614809412846983,4.170157561073655,0.5086766197889565
643,Travel and Transportation,3,5.909901744256123,4.898268028314897,-1.011633715941226
648,Travel and Transportation,3,4.748330862863369,5.373188893761627,0.6248580308982579
649,Travel and Transportation,3,2.361972797956094,5.767742702035942,3.4057699040798486
657,Travel and Transportation,3,6.690373439774637,7.259357033480626,0.5689835937059886
658,Travel and Transportation,3,3.708262251349306,3.9484460753377504,0.24018382398844418
661,Travel and Transportation,3,6.115272129003343,6.800758095759188,0.685485966755845
674,Travel and Transportation,3,5.486006225531229,6.142893235106018,0.6568870095747892
676,Travel and Transportation,3,2.9409024928510954,5.378377000196071,2.4374745073449757
683,Travel and Transportation,3,5.865674135437478,3.326669540473656,-2.5390045949638225
691,Travel and Transportation,3,3.626000900159993,3.736049108858512,0.11004820869851883
694,Travel and Transportation,3,2.4387398092390753,2.6129263528247324,0.1741865435856571
707,Travel and Transportation,3,4.087897825560027,4.867186302565948,0.7792884770059203
717,Travel and Transportation,3,3.260194381431597,3.947060228206112,0.686865846774515
720,Travel and Transportation,3,4.005087994064668,4.675221542069612,0.6701335480049435
722,Travel and Transportation,3,3.872842888232637,3.7327151789271724,-0.1401277093054647
726,Travel and Transportation,3,5.539654485278018,4.612890574400686,-0.926763910877332
729,Travel and Transportation,3,3.335645371438578,6.1595841279072285,2.8239387564686504
733,Travel and Transportation,3,2.8897343522980083,3.4352297229812296,0.5454953706832213
734,Travel and Transportation,3,2.7181002879118203,3.089052065409523,0.3709517774977025
737,Travel and Transportation,3,3.341749780135995,4.585660279908417,1.2439104997724222
740,Travel and Transportation,3,2.398000523312777,2.3131027510918782,-0.08489777222089856
744,Travel and Transportation,3,1.9765553315550304,2.1562622526159574,0.179706921060927
755,Travel and Transportation,3,2.149471489843575,6.0280137722292935,3.8785422823857183
765,Travel and Transportation,3,5.654373712912973,3.5483743547599182,-2.1059993581530545
769,Travel and Transportation,3,7.965756238974709,9.251416632770948,1.2856603937962383
773,Travel and Transportation,3,3.877572899460649,4.1501197477919805,0.2725468483313316
778,Travel and Transportation,3,2.832827418357515,3.847164195722435,1.0143367773649201
779,Travel and Transportation,3,4.01227971074826,4.656330790986283,0.6440510802380235
784,Travel and Transportation,3,3.091402978225277,2.6927886595816775,-0.39861431864359975
791,Travel and Transportation,3,3.223529175304731,3.426506277253074,0.20297710194834329
798,Travel and Transportation,3,2.963110643767915,3.17564382775494,0.21253318398702525
799,Travel and Transportation,3,5.054763462651228,6.005332174152823,0.950568711501595
801,Travel and Transportation,3,4.072340467175893,4.538136975062561,0.46579650788666793
804,Travel and Transportation,3,3.014945570918149,5.69447755078472,2.679531979866571
805,Travel and Transportation,3,2.7552427401345403,3.0525951861745795,0.2973524460400392
816,Travel and Transportation,3,3.950895259567149,4.00531969142424,0.05442443185709056
819,Travel and Transportation,3,3.0638545882457535,3.9903893530433585,0.926534764797605
830,Travel and Transportation,3,4.1972044825871,4.089785954858295,-0.10741852772880556
832,Travel and Transportation,3,4.0901739715199685,5.838710103547619,1.7485361320276507
837,Travel and Transportation,3,3.7555433249515646,3.9287855282417103,0.17324220329014572
843,Travel and Transportation,3,4.054677333392288,4.495788441389138,0.44111110799684994
848,Travel and Transportation,3,1.241742672853042,1.0720693273101225,-0.16967334554291957
859,Travel and Transportation,3,2.1497189793141036,1.9189766616007455,-0.23074231771335807
861,Travel and Transportation,3,2.851434453465016,2.7875546019414994,-0.0638798515235166
864,Travel and Transportation,3,2.8187807182220896,2.7641267756996766,-0.05465394252241307
866,Travel and Transportation,3,3.7980491396047533,3.8469305519830566,0.048881412378303235
875,Travel and Transportation,3,5.747832165415646,6.375745555886156,0.6279133904705096
878,Travel and Transportation,3,1.7971099206353847,1.8558466872959258,0.05873676666054117
879,Travel and Transportation,3,4.857614403466086,5.70425239119073,0.8466379877246437
887,Travel and Transportation,3,3.128671141137878,2.3506175621788676,-0.7780535789590104
903,Travel and Transportation,3,3.1567756552834756,1.8841863737764992,-1.2725892815069764
907,Travel and Transportation,3,4.135919825128922,3.5968931824064656,-0.5390266427224564
909,Travel and Transportation,3,3.328537972241618,3.710528249676212,0.381990277434594
912,Travel and Transportation,3,3.514357830230157,5.218137015488441,1.7037791852582842
915,Travel and Transportation,3,3.7324313718977957,4.326915547170234,0.5944841752724384
920,Travel and Transportation,3,2.687158341941337,3.0435373307401075,0.3563789887987703
927,Travel and Transportation,3,2.751681505666836,3.4954528428538887,0.7437713371870527
929,Travel and Transportation,3,2.898882952455717,3.042538165228052,0.14365521277233517
930,Travel and Transportation,3,2.761528861829024,3.7982773413990687,1.0367484795700448
935,Travel and Transportation,3,3.383331833072506,4.154104869232766,0.7707730361602598
938,Travel and Transportation,3,2.244249956594005,3.7997904759947456,1.5555405194007408
941,Travel and Transportation,3,3.153310285339737,3.2335296301615672,0.08021934482183024
944,Travel and Transportation,3,2.6043056251421683,2.699890409642523,0.09558478450035457
947,Travel and Transportation,3,2.5999390736247268,2.342693554709069,-0.2572455189156577
957,Travel and Transportation,3,2.48842451789607,3.769389676080176,1.280965158184106
963,Travel and Transportation,3,3.1180736219761815,2.685646297111121,-0.43242732486506075
978,Travel and Transportation,3,2.4687904630420023,2.82424865535841,0.35545819231640774
979,Travel and Transportation,3,1.8390986730928591,2.36927435068287,0.530175677590011
980,Travel and Transportation,3,3.260277090672285,4.286257863536166,1.025980772863881
981,Travel and Transportation,3,2.4049802204849984,4.7228110975825945,2.317830877097596
986,Travel and Transportation,3,3.4978808715210405,3.312495350084014,-0.18538552143702658
989,Travel and Transportation,3,2.3225835849295247,3.7778438838118156,1.455260298882291
997,Travel and Transportation,3,4.240774528182572,3.91063284469826,-0.3301416834843125
1000,Travel and Transportation,3,4.902552424745623,5.662463129164323,0.7599107044186999
1011,Travel and Transportation,3,2.979110139663664,7.834774117230186,4.855663977566522
1013,Travel and Transportation,3,2.0876506073045156,2.414442209741134,0.3267916024366184
1016,Travel and Transportation,3,2.110186791424348,5.264214725100314,3.154027933675966
1018,Travel and Transportation,3,4.431324649489095,2.9881191061182104,-1.443205543370885
1024,Travel and Transportation,3,2.873830729064091,2.880184869992246,0.006354140928154894
1027,Travel and Transportation,3,4.601372594073455,4.405859689688518,-0.19551290438493663
1033,Travel and Transportation,3,2.333201323745514,1.330720525693943,-1.0024807980515709
1037,Travel and Transportation,3,2.5602124287627666,2.6704408249684417,0.11022839620567515
1041,Travel and Transportation,3,2.492820010485513,3.987172779050791,1.4943527685652782
1042,Travel and Transportation,3,3.178119577664945,4.901979986675753,1.7238604090108085
1061,Travel and Transportation,3,3.241936334696209,3.491440086445339,0.2495037517491303
1065,Travel and Transportation,3,2.479475708168281,2.1524269369515183,-0.32704877121676246
1067,Travel and Transportation,3,3.378637851279758,3.7958479957714353,0.41721014449167715
1079,Travel and Transportation,3,1.8520821147072348,4.458973546997918,2.6068914322906833
1087,Travel and Transportation,3,3.425341013395143,3.539077090047506,0.11373607665236296
1092,Travel and Transportation,3,4.146084484677459,4.931851638189258,0.7857671535117987
1094,Travel and Transportation,3,4.423250413555068,4.7962193421500405,0.37296892859497266
1108,Travel and Transportation,3,2.888649793428822,5.7041709028828995,2.8155211094540773
1114,Travel and Transportation,3,1.8902972215485807,2.266630399127728,0.3763331775791472
1117,Travel and Transportation,3,2.9071303305480356,3.078272095141995,0.17114176459395924
1118,Travel and Transportation,3,2.4544878344661027,3.36896809144259,0.9144802569764874
1120,Travel and Transportation,3,3.0612122097587893,3.1120990630198104,0.05088685326102116
1124,Travel and Transportation,3,2.4527769601164646,2.6760012346356,0.2232242745191355
1126,Travel and Transportation,3,4.577611972526568,6.126032480203171,1.548420507676603
1134,Travel and Transportation,3,3.7583911575623294,4.371704724848566,0.6133135672862369
1136,Travel and Transportation,3,1.7866849748890008,4.538551950534586,2.7518669756455854
1138,Travel and Transportation,3,4.680866836335059,5.251024568466994,0.5701577321319347
1146,Travel and Transportation,3,3.0061343668022387,4.773856194175654,1.767721827373415
1150,Travel and Transportation,3,5.1168379856569715,4.507087266228112,-0.6097507194288596
1159,Travel and Transportation,3,2.585435546367386,3.6143715930921054,1.0289360467247195
1161,Travel and Transportation,3,2.8518771942997097,3.7108303088377563,0.8589531145380467
1164,Travel and Transportation,3,3.327986078945414,4.569842871639764,1.2418567926943505
1169,Travel and Transportation,3,7.107111314100368,7.943564646671871,0.8364533325715033
1184,Travel and Transportation,3,3.0391189616617327,4.879481410803798,1.8403624491420656
1185,Travel and Transportation,3,4.879059520528977,6.812075358733217,1.9330158382042395
1186,Travel and Transportation,3,2.807697970164683,3.489072900179495,0.6813749300148122
1187,Travel and Transportation,3,2.455523630060305,5.314945672299617,2.8594220422393115
1192,Travel and Transportation,3,4.064638991808154,5.322525601180658,1.2578866093725036
1197,Travel and Transportation,3,5.681437990943717,5.166705004009248,-0.5147329869344688
1208,Travel and Transportation,3,3.941800344760172,4.046153480355139,0.10435313559496695
1214,Travel and Transportation,3,5.899445556064144,6.582824019067424,0.6833784630032795
1218,Travel and Transportation,3,7.277110125889763,6.115090400976252,-1.1620197249135114
1221,Travel and Transportation,3,4.5127957830758785,5.154930858556753,0.6421350754808746
1224,Travel and Transportation,3,4.357493441619454,4.144909574568372,-0.212583867051082
1228,Travel and Transportation,3,3.3879150421168367,4.3461616860376395,0.9582466439208028
1232,Travel and Transportation,3,3.177009512766916,4.952494437023065,1.7754849242561486
2,Business and Professional Services,1,5.0180255984498485,4.73768726998563,-0.2803383284642189
5,Business and Professional Services,1,3.2153929194574857,3.338676889594466,0.12328397013698034
12,Business and Professional Services,1,2.4274717225890354,2.427354512945411,-0.00011720964362460506
21,Business and Professional Services,1,5.385291023395427,5.461330485259379,0.07603946186395127
25,Business and Professional Services,1,3.1280683465504593,3.1644860643570953,0.03641771780663605
36,Business and Professional Services,1,2.0050709603263517,2.00276692573067,-0.0023040345956815145
37,Business and Professional Services,1,2.215943257811017,2.3548399307717887,0.13889667296077146
49,Business and Professional Services,1,3.485027824405078,3.4890324910464035,0.004004666641325372
53,Business and Professional Services,1,2.599107436156495,2.6768738094810596,0.0777663733245646
56,Business and Professional Services,1,2.0459128925750565,2.056006611296703,0.01009371872164655
64,Business and Professional Services,1,6.203475238789368,5.690013376224755,-0.513461862564613
67,Business and Professional Services,1,2.8641318796050084,2.8925352630623773,0.028403383457368925
69,Business and Professional Services,1,3.9516225699459415,3.976334634015115,0.02471206406917359
72,Business and Professional Services,1,2.40056597717942,2.4092552818743775,0.008689304694957656
74,Business and Professional Services,1,3.970697470071218,3.4148170786228453,-0.5558803914483725
77,Business and Professional Services,1,2.501584888583907,2.4940600266213906,-0.00752486196251656
84,Business and Professional Services,1,2.111536191233065,2.09624909033797,-0.015287100895095218
90,Business and Professional Services,1,3.212137939364232,2.5260642405906655,-0.6860736987735665
97,Business and Professional Services,1,3.107970832812782,3.034406250592804,-0.07356458221997819
98,Business and Professional Services,1,3.088896095021928,3.1052314753019,0.016335380279971723
99,Business and Professional Services,1,3.1507007454579243,3.161063441303807,0.010362695845882453
109,Business and Professional Services,1,4.796165636718552,4.4968100888736995,-0.2993555478448524
111,Business and Professional Services,1,4.673310323769867,4.622651534829702,-0.05065878894016507
117,Business and Professional Services,1,1.6147446776124956,1.7471978073397856,0.13245312972728995
118,Business and Professional Services,1,1.3996616197236582,1.420243334153861,0.020581714430202735
120,Business and Professional Services,1,1.590205309105996,1.6209753384427135,0.030770029336717464
124,Business and Professional Services,1,2.439396686929916,2.426381136083977,-0.013015550845938861
126,Business and Professional Services,1,5.35741997426128,5.1004226884924195,-0.2569972857688603
130,Business and Professional Services,1,3.5832607373307552,3.6879411156508795,0.10468037832012422
144,Business and Professional Services,1,3.098325164556581,3.194526560538506,0.09620139598192523
149,Business and Professional Services,1,2.7504630486960027,2.8877482930056706,0.13728524430966793
150,Business and Professional Services,1,3.5674270870402465,3.597445292381475,0.030018205341228565
160,Business and Professional Services,1,2.088884998802002,1.988111815881068,-0.10077318292093418
164,Business and Professional Services,1,2.0878247182267944,2.099690210898614,0.011865492671819577
166,Business and Professional Services,1,3.0742581569146648,3.1298128761516626,0.05555471923699784
173,Business and Professional Services,1,2.0344320176064943,2.4865573046361495,0.45212528702965527
186,Business and Professional Services,1,1.9988973020270724,1.868268081626364,-0.13062922040070846
189,Business and Professional Services,1,3.8619416760250846,3.9691094531940196,0.107167777168935
199,Business and Professional Services,1,5.524269618738086,5.531521549867,0.007251931128913647
206,Business and Professional Services,1,3.697296737699345,3.5252255996734476,-0.17207113802589724
208,Business and Professional Services,1,4.879290051527073,4.889682518967082,0.010392467440008879
209,Business and Professional Services,1,2.9565640782505636,2.4343584423374,-0.5222056359131635
212,Business and Professional Services,1,2.351523873589208,2.4116988669568102,0.06017499336760235
213,Business and Professional Services,1,2.721461481896759,2.7081602607135498,-0.01330122118320931
220,Business and Professional Services,1,3.487603082213645,5.34631274757769,1.858709665364045
223,Business and Professional Services,1,5.632521059295711,5.412881300166282,-0.21963975912942946
234,Business and Professional Services,1,5.566811573251901,5.081549479053878,-0.48526209419802235
237,Business and Professional Services,1,4.383398643403752,4.316848265739333,-0.06655037766441918
244,Business and Professional Services,1,2.9379274409627705,4.4434951149758,1.5055676740130295
245,Business and Professional Services,1,2.906648172124192,3.6821022719677026,0.7754540998435107
251,Business and Professional Services,1,4.835703038568363,4.8093670479686565,-0.026335990599706705
253,Business and Professional Services,1,3.8918869499646886,3.5959782728267484,-0.2959086771379402
258,Business and Professional Services,1,4.301796579858591,3.9856853094494435,-0.3161112704091473
264,Business and Professional Services,1,2.3521817884020426,2.5558942332236834,0.20371244482164075
268,Business and Professional Services,1,3.7771063112819245,3.809813794865015,0.03270748358309028
269,Business and Professional Services,1,2.869453662718338,3.1844166292347365,0.31496296651639843
270,Business and Professional Services,1,2.9720654372259165,3.137994278165812,0.16592884093989557
273,Business and Professional Services,1,2.9343252052754503,2.8659565444082706,-0.06836866086717963
274,Business and Professional Services,1,3.403555306517492,3.3671713003373496,-0.03638400618014259
280,Business and Professional Services,1,4.498978333738492,4.430435636768129,-0.06854269697036308
283,Business and Professional Services,1,2.290765385874406,2.342042774613459,0.05127738873905274
292,Business and Professional Services,1,6.323155688732795,6.210523419624651,-0.11263226910814428
325,Business and Professional Services,1,2.135362579460219,1.8924169960409527,-0.24294558341926642
329,Business and Professional Services,1,3.3181610273586135,3.32280908349343,0.004648056134816336
330,Business and Professional Services,1,3.5703316667367035,3.582381372877885,0.012049706141181282
335,Business and Professional Services,1,2.867945394751377,3.1228862825443793,0.25494088779300217
337,Business and Professional Services,1,3.84728819253424,3.806197175719258,-0.04109101681498206
340,Business and Professional Services,1,2.9515527399128088,2.965130775785683,0.013578035872874317
345,Business and Professional Services,1,2.3248748809041926,2.4344104719319035,0.10953559102771093
356,Business and Professional Services,1,3.0371616881716648,2.9784199744244755,-0.058741713747189284
360,Business and Professional Services,1,2.8363416516081266,2.885082847271744,0.048741195663617454
363,Business and Professional Services,1,2.656818357553643,2.6736317805500924,0.01681342299644939
364,Business and Professional Services,1,2.709856789455338,2.6911744995221243,-0.018682289933213525
366,Business and Professional Services,1,3.8140470239807263,3.944072941057534,0.13002591707680766
369,Business and Professional Services,1,3.2898504859061877,3.324926420816327,0.035075934910139495
373,Business and Professional Services,1,3.839532471123416,3.858602511358608,0.01907004023519221
382,Business and Professional Services,1,2.9805602834740013,2.9777654241788802,-0.0027948592951210216
396,Business and Professional Services,1,4.301465797462567,4.329324097067023,0.027858299604455183
400,Business and Professional Services,1,2.7759834714594076,2.7002015619120057,-0.07578190954740194
420,Business and Professional Services,1,2.624444344577647,2.3996213454199635,-0.22482299915768333
425,Business and Professional Services,1,2.2740720826484857,2.2523557179866684,-0.021716364661817256
427,Business and Professional Services,1,2.8423200530566115,2.8922012264582055,0.04988117340159404
428,Business and Professional Services,1,3.6030399220753715,3.3594104413742247,-0.24362948070114676
432,Business and Professional Services,1,2.4874982706479796,2.3759857344387445,-0.11151253620923507
433,Business and Professional Services,1,1.7128859810222974,1.6875321459825268,-0.025353835039770622
445,Business and Professional Services,1,3.3309212733023164,3.1168507556163036,-0.2140705176860127
446,Business and Professional Services,1,2.8425952311255474,2.80235926458451,-0.04023596654103745
450,Business and Professional Services,1,3.066624673441465,3.1172218805199323,0.05059720707846749
462,Business and Professional Services,1,2.472908853492441,2.8110257247563224,0.33811687126388135
464,Business and Professional Services,1,3.4412605341892712,3.536833784677472,0.09557325048820076
468,Business and Professional Services,1,3.738290623044069,3.776680057752852,0.0383894347087832
471,Business and Professional Services,1,7.994318521050442,7.17898971064016,-0.815328810410282
477,Business and Professional Services,1,2.1321118154511636,2.123398900944598,-0.008712914506565639
479,Business and Professional Services,1,2.138775204135044,2.1122813938378684,-0.026493810297175457
480,Business and Professional Services,1,2.483960893391843,2.5195194634181437,0.035558570026300806
482,Business and Professional Services,1,3.8839113941725136,3.9748471040861606,0.09093570991364697
493,Business and Professional Services,1,1.9135199443045816,2.0110073185010187,0.09748737419643705
497,Business and Professional Services,1,4.758933337903189,4.855099162765473,0.09616582486228431
505,Business and Professional Services,1,1.9597212830787845,2.0549016073982767,0.0951803243194922
506,Business and Professional Services,1,1.9378622979046658,2.003721978074936,0.06585968017027
513,Business and Professional Services,1,2.096810722918748,2.1242041971109282,0.02739347419218019
514,Business and Professional Services,1,3.825709698657322,3.9134144748459243,0.08770477618860228
519,Business and Professional Services,1,3.971603924318419,4.578981947726816,0.6073780234083967
523,Business and Professional Services,1,3.626152898246049,3.3000083166468754,-0.3261445815991735
529,Business and Professional Services,1,4.652439896306456,4.792451416215194,0.14001151990873772
550,Business and Professional Services,1,3.7059847330162654,3.7800701652016295,0.07408543218536412
555,Business and Professional Services,1,2.6217046668303423,2.456003039867528,-0.16570162696281443
558,Business and Professional Services,1,2.9583082063989723,2.7270817766827786,-0.23122642971619367
560,Business and Professional Services,1,2.7162622881371803,2.9247322649533007,0.20846997681612045
586,Business and Professional Services,1,5.444664434435385,4.8256151359261,-0.6190492985092853
589,Business and Professional Services,1,2.9744816172331308,3.656468887174615,0.6819872699414842
591,Business and Professional Services,1,3.3540744836099723,3.668936351506564,0.31486186789659154
595,Business and Professional Services,1,3.042495064834708,3.0902496190298177,0.047754554195109655
596,Business and Professional Services,1,2.813796076950275,2.846106371358662,0.03231029440838684
600,Business and Professional Services,1,3.206523090577657,3.300115565428208,0.093592474850551
601,Business and Professional Services,1,5.154355486913724,4.675836123391147,-0.47851936352257685
605,Business and Professional Services,1,1.9434776934050324,1.9681352029055246,0.02465750950049217
609,Business and Professional Services,1,3.462859047724711,3.958916692512357,0.4960576447876459
611,Business and Professional Services,1,4.025413481281198,3.7000292461714057,-0.32538423510979264
614,Business and Professional Services,1,5.663353643170614,5.630532034289325,-0.0328216088812896
615,Business and Professional Services,1,4.2508711658696265,3.975068743135137,-0.27580242273448974
625,Business and Professional Services,1,2.624730376747647,2.726225991171274,0.10149561442362698
629,Business and Professional Services,1,6.122158509422249,4.814008588343109,-1.3081499210791403
633,Business and Professional Services,1,2.9008472259760376,2.8727065871376176,-0.028140638838419996
634,Business and Professional Services,1,3.6636292583079495,3.493029281637349,-0.17059997667060056
635,Business and Professional Services,1,3.649299523714368,3.816411688892593,0.16711216517822525
642,Business and Professional Services,1,3.6614809412846983,3.5151763790937514,-0.1463045621909469
643,Business and Professional Services,1,5.909901744256123,5.199688189046001,-0.7102135552101219
648,Business and Professional Services,1,4.748330862863369,4.453208528153896,-0.2951223347094736
649,Business and Professional Services,1,2.361972797956094,2.429662143498921,0.06768934554282735
657,Business and Professional Services,1,6.690373439774637,6.3771608454183095,-0.31321259435632776
658,Business and Professional Services,1,3.708262251349306,3.731965297737414,0.02370304638810783
661,Business and Professional Services,1,6.115272129003343,5.2901298907474565,-0.8251422382558866
674,Business and Professional Services,1,5.486006225531229,5.0718288707021175,-0.41417735482911144
676,Business and Professional Services,1,2.9409024928510954,2.998281132664535,0.05737863981343949
683,Business and Professional Services,1,5.865674135437478,5.409602931533069,-0.4560712039044095
691,Business and Professional Services,1,3.626000900159993,3.93487398160179,0.30887308144179704
694,Business and Professional Services,1,2.4387398092390753,2.2176988361750203,-0.221040973064055
707,Business and Professional Services,1,4.087897825560027,4.132698410108797,0.044800584548769784
717,Business and Professional Services,1,3.260194381431597,3.216320009868058,-0.043874371563538794
720,Business and Professional Services,1,4.005087994064668,4.042469490359574,0.0373814962949055
722,Business and Professional Services,1,3.872842888232637,3.9766025900026656,0.10375970177002847
726,Business and Professional Services,1,5.539654485278018,4.847795655573034,-0.6918588297049846
729,Business and Professional Services,1,3.335645371438578,3.6817564173695096,0.34611104593093156
733,Business and Professional Services,1,2.8897343522980083,2.940279743916867,0.05054539161885874
734,Business and Professional Services,1,2.7181002879118203,2.6414815345483156,-0.07661875336350477
737,Business and Professional Services,1,3.341749780135995,2.550626165291521,-0.7911236148444738
740,Business and Professional Services,1,2.398000523312777,2.279927556216473,-0.11807296709630366
744,Business and Professional Services,1,1.9765553315550304,1.9534950917157756,-0.02306023983925476
755,Business and Professional Services,1,2.149471489843575,2.4687345910889285,0.3192631012453533
765,Business and Professional Services,1,5.654373712912973,5.656683980435906,0.0023102675229331737
769,Business and Professional Services,1,7.965756238974709,6.048445879737195,-1.917310359237514
773,Business and Professional Services,1,3.877572899460649,3.884996904461258,0.007424005000609135
778,Business and Professional Services,1,2.832827418357515,2.7012193149887525,-0.13160810336876239
779,Business and Professional Services,1,4.01227971074826,4.01467008932263,0.002390378574370189
784,Business and Professional Services,1,3.091402978225277,3.0915555963778703,0.00015261815259304257
791,Business and Professional Services,1,3.223529175304731,3.2406615811324526,0.017132405827721797
798,Business and Professional Services,1,2.963110643767915,2.991802408005647,0.02869176423773201
799,Business and Professional Services,1,5.054763462651228,4.6190557733972595,-0.4357076892539684
801,Business and Professional Services,1,4.072340467175893,4.054651170880031,-0.017689296295862356
804,Business and Professional Services,1,3.014945570918149,3.3915767630622553,0.3766311921441061
805,Business and Professional Services,1,2.7552427401345403,2.8693851313643286,0.11414239122978831
816,Business and Professional Services,1,3.950895259567149,3.94844874865529,-0.00244651091185899
819,Business and Professional Services,1,3.0638545882457535,2.245204009558797,-0.8186505786869565
830,Business and Professional Services,1,4.1972044825871,4.041374324470392,-0.15583015811670808
832,Business and Professional Services,1,4.0901739715199685,3.8669241802557224,-0.22324979126424616
837,Business and Professional Services,1,3.7555433249515646,3.5024611576466995,-0.2530821673048651
843,Business and Professional Services,1,4.054677333392288,4.051516021151858,-0.0031613122404294813
848,Business and Professional Services,1,1.241742672853042,1.2945296854352444,0.05278701258220231
859,Business and Professional Services,1,2.1497189793141036,2.133171896357962,-0.0165470829561416
861,Business and Professional Services,1,2.851434453465016,2.7941450262985144,-0.05728942716650165
864,Business and Professional Services,1,2.8187807182220896,2.7373150947531983,-0.0814656234688913
866,Business and Professional Services,1,3.7980491396047533,3.9041716917567744,0.10612255215202104
875,Business and Professional Services,1,5.747832165415646,5.383578153421375,-0.3642540119942712
878,Business and Professional Services,1,1.7971099206353847,1.8169838785158423,0.01987395788045765
879,Business and Professional Services,1,4.857614403466086,4.4328873740725605,-0.4247270293935257
887,Business and Professional Services,1,3.128671141137878,3.074352813075219,-0.05431832806265913
903,Business and Professional Services,1,3.1567756552834756,3.4318561019639446,0.27508044668046905
907,Business and Professional Services,1,4.135919825128922,3.9379228149643035,-0.19799701016461846
909,Business and Professional Services,1,3.328537972241618,2.5581039845146787,-0.7704339877269395
912,Business and Professional Services,1,3.514357830230157,3.5373454019616353,0.02298757173147825
915,Business and Professional Services,1,3.7324313718977957,3.6428068300423453,-0.08962454185545043
920,Business and Professional Services,1,2.687158341941337,2.6572753040568537,-0.029883037884483432
927,Business and Professional Services,1,2.751681505666836,2.5922925735338733,-0.15938893213296268
929,Business and Professional Services,1,2.898882952455717,2.7545896372253993,-0.14429331523031763
930,Business and Professional Services,1,2.761528861829024,2.806115996407242,0.04458713457821828
935,Business and Professional Services,1,3.383331833072506,3.341816711789853,-0.04151512128265322
938,Business and Professional Services,1,2.244249956594005,2.254788855608476,0.010538899014471248
941,Business and Professional Services,1,3.153310285339737,3.1485832763920514,-0.004727008947685629
944,Business and Professional Services,1,2.6043056251421683,2.5559784129866387,-0.0483272121555296
947,Business and Professional Services,1,2.5999390736247268,2.590105628316962,-0.009833445307764865
957,Business and Professional Services,1,2.48842451789607,2.187967493054465,-0.3004570248416054
963,Business and Professional Services,1,3.1180736219761815,3.0736199737154752,-0.0444536482607063
978,Business and Professional Services,1,2.4687904630420023,2.2575429596998884,-0.21124750334211395
979,Business and Professional Services,1,1.8390986730928591,2.0319334410054455,0.19283476791258636
980,Business and Professional Services,1,3.260277090672285,2.4547384356493946,-0.8055386550228905
981,Business and Professional Services,1,2.4049802204849984,2.2545277438704776,-0.15045247661452077
986,Business and Professional Services,1,3.4978808715210405,3.454580202078044,-0.04330066944299649
989,Business and Professional Services,1,2.3225835849295247,2.4501967154417117,0.12761313051218703
997,Business and Professional Services,1,4.240774528182572,3.9008315195322845,-0.3399430086502879
1000,Business and Professional Services,1,4.902552424745623,4.383180237208537,-0.519372187537086
1011,Business and Professional Services,1,2.979110139663664,4.094364251352943,1.1152541116892785
1013,Business and Professional Services,1,2.0876506073045156,1.9839035521425676,-0.10374705516194793
1016,Business and Professional Services,1,2.110186791424348,2.1464304634599234,0.036243672035575436
1018,Business and Professional Services,1,4.431324649489095,4.397219779509867,-0.03410486997922835
1024,Business and Professional Services,1,2.873830729064091,2.7521668124954823,-0.12166391656860887
1027,Business and Professional Services,1,4.601372594073455,4.5589698897752395,-0.042402704298215355
1033,Business and Professional Services,1,2.333201323745514,2.4879304110120826,0.15472908726656875
1037,Business and Professional Services,1,2.5602124287627666,2.5643972966144704,0.0041848678517038
1041,Business and Professional Services,1,2.492820010485513,2.675388114904038,0.18256810441852522
1042,Business and Professional Services,1,3.178119577664945,3.2498863139285756,0.07176673626363073
1061,Business and Professional Services,1,3.241936334696209,3.1877531876341774,-0.054183147062031534
1065,Business and Professional Services,1,2.479475708168281,2.727161946825145,0.24768623865686434
1067,Business and Professional Services,1,3.378637851279758,3.3885737246478325,0.009935873368074333
1079,Business and Professional Services,1,1.8520821147072348,2.0538232250928714,0.20174111038563658
1087,Business and Professional Services,1,3.425341013395143,3.417374940057252,-0.007966073337891011
1092,Business and Professional Services,1,4.146084484677459,3.9368033933064095,-0.20928109137104967
1094,Business and Professional Services,1,4.423250413555068,4.44401959993145,0.020769186376382365
1108,Business and Professional Services,1,2.888649793428822,2.9692846186922908,0.08063482526346855
1114,Business and Professional Services,1,1.8902972215485807,1.8802645659668387,-0.010032655581742045
1117,Business and Professional Services,1,2.9071303305480356,2.796670022450083,-0.11046030809795271
1118,Business and Professional Services,1,2.4544878344661027,2.376669790042784,-0.07781804442331897
1120,Business and Professional Services,1,3.0612122097587893,3.173873603142372,0.11266139338358272
1124,Business and Professional Services,1,2.4527769601164646,2.5505633312714506,0.09778637115498601
1126,Business and Professional Services,1,4.577611972526568,3.93249298357218,-0.6451189889543878
1134,Business and Professional Services,1,3.7583911575623294,3.547476306354638,-0.21091485120769127
1136,Business and Professional Services,1,1.7866849748890008,1.6681460889562603,-0.11853888593274053
1138,Business and Professional Services,1,4.680866836335059,3.8997988925833766,-0.7810679437516823
1146,Business and Professional Services,1,3.0061343668022387,3.193626235013531,0.18749186821129227
1150,Business and Professional Services,1,5.1168379856569715,5.0819039276485825,-0.034934058008389
1159,Business and Professional Services,1,2.585435546367386,2.7503428383890602,0.1649072920216743
1161,Business and Professional Services,1,2.8518771942997097,3.13968599897194,0.28780880467223025
1164,Business and Professional Services,1,3.327986078945414,3.36577248790178,0.0377864089563662
1169,Business and Professional Services,1,7.107111314100368,6.353337645789572,-0.7537736683107958
1184,Business and Professional Services,1,3.0391189616617327,2.9320214387975785,-0.1070975228641542
1185,Business and Professional Services,1,4.879059520528977,3.8122734524911963,-1.0667860680377808
1186,Business and Professional Services,1,2.807697970164683,2.465924287216528,-0.3417736829481548
1187,Business and Professional Services,1,2.455523630060305,2.8612508720882213,0.4057272420279161
1192,Business and Professional Services,1,4.064638991808154,3.754181155065367,-0.31045783674278704
1197,Business and Professional Services,1,5.681437990943717,5.407189455423117,-0.27424853552060036
1208,Business and Professional Services,1,3.941800344760172,4.151006816856663,0.2092064720964908
1214,Business and Professional Services,1,5.899445556064144,5.1758501049517385,-0.7235954511124056
1218,Business and Professional Services,1,7.277110125889763,6.877209791434204,-0.39990033445555895
1221,Business and Professional Services,1,4.5127957830758785,3.9334136992396025,-0.579382083836276
1224,Business and Professional Services,1,4.357493441619454,3.959063294649661,-0.3984301469697926
1228,Business and Professional Services,1,3.3879150421168367,3.291595566837191,-0.09631947527964568
1232,Business and Professional Services,1,3.177009512766916,2.941906891234508,-0.23510262153240813
2,Business and Professional Services,2,5.0180255984498485,4.344283808585164,-0.6737417898646845
5,Business and Professional Services,2,3.2153929194574857,3.444919509510084,0.22952659005259823
12,Business and Professional Services,2,2.4274717225890354,2.426828590934331,-0.0006431316547046428
21,Business and Professional Services,2,5.385291023395427,5.541790638694756,0.156499615299329
25,Business and Professional Services,2,3.1280683465504593,3.187170207166874,0.05910186061641465
36,Business and Professional Services,2,2.0050709603263517,1.9413746025873393,-0.06369635773901239
37,Business and Professional Services,2,2.215943257811017,2.4368647727549404,0.2209215149439232
49,Business and Professional Services,2,3.485027824405078,3.2349596377285943,-0.2500681866764838
53,Business and Professional Services,2,2.599107436156495,2.7763388526779513,0.17723141652145635
56,Business and Professional Services,2,2.0459128925750565,2.044411876445416,-0.0015010161296404867
64,Business and Professional Services,2,6.203475238789368,5.237205169625172,-0.9662700691641959
67,Business and Professional Services,2,2.8641318796050084,2.914096795999728,0.04996491639471978
69,Business and Professional Services,2,3.9516225699459415,4.3379970222522015,0.38637445230626
72,Business and Professional Services,2,2.40056597717942,2.408558723024782,0.007992745845362137
74,Business and Professional Services,2,3.970697470071218,3.8174601404291892,-0.15323732964202863
77,Business and Professional Services,2,2.501584888583907,2.488346634888049,-0.01323825369585796
84,Business and Professional Services,2,2.111536191233065,2.077843167043633,-0.03369302418943221
90,Business and Professional Services,2,3.212137939364232,5.15435626809104,1.942218328726808
97,Business and Professional Services,2,3.107970832812782,2.9891691633284196,-0.11880166948436255
98,Business and Professional Services,2,3.088896095021928,3.102675552467272,0.013779457445343812
99,Business and Professional Services,2,3.1507007454579243,3.13214081705227,-0.018559928405654347
109,Business and Professional Services,2,4.796165636718552,4.341946178543098,-0.45421945817545417
111,Business and Professional Services,2,4.673310323769867,4.5888408129755565,-0.08446951079431031
117,Business and Professional Services,2,1.6147446776124956,1.870322767176018,0.25557808956352246
118,Business and Professional Services,2,1.3996616197236582,1.4566858546721644,0.05702423494850617
120,Business and Professional Services,2,1.590205309105996,1.6512360692202455,0.06103076011424946
124,Business and Professional Services,2,2.439396686929916,2.4421544922541107,0.002757805324194784
126,Business and Professional Services,2,5.35741997426128,3.8312200714350526,-1.5261999028262272
130,Business and Professional Services,2,3.5832607373307552,3.7422759135616688,0.15901517623091355
144,Business and Professional Services,2,3.098325164556581,3.285135624102286,0.1868104595457054
149,Business and Professional Services,2,2.7504630486960027,3.0230696072451497,0.27260655854914706
150,Business and Professional Services,2,3.5674270870402465,3.609740747294117,0.04231366025387073
160,Business and Professional Services,2,2.088884998802002,1.8984656690651882,-0.19041932973681397
164,Business and Professional Services,2,2.0878247182267944,2.1061861604498286,0.018361442223034263
166,Business and Professional Services,2,3.0742581569146648,3.2619304944889356,0.18767233757427082
173,Business and Professional Services,2,2.0344320176064943,3.2242878640160866,1.1898558464095923
186,Business and Professional Services,2,1.9988973020270724,1.679069283096624,-0.3198280189304483
189,Business and Professional Services,2,3.8619416760250846,3.2926107711135053,-0.5693309049115793
199,Business and Professional Services,2,5.524269618738086,5.6092707720409845,0.08500115330289848
206,Business and Professional Services,2,3.697296737699345,3.4358320912992344,-0.26146464640011047
208,Business and Professional Services,2,4.879290051527073,4.908683473633927,0.02939342210685325
209,Business and Professional Services,2,2.9565640782505636,2.236798913729111,-0.7197651645214527
212,Business and Professional Services,2,2.351523873589208,2.450338142089371,0.09881426850016295
213,Business and Professional Services,2,2.721461481896759,2.6575224756272884,-0.06393900626947069
220,Business and Professional Services,2,3.487603082213645,5.4937363983275125,2.0061333161138677
223,Business and Professional Services,2,5.632521059295711,4.882002547728074,-0.7505185115676367
234,Business and Professional Services,2,5.566811573251901,4.806972879994962,-0.7598386932569383
237,Business and Professional Services,2,4.383398643403752,4.332003806908872,-0.05139483649487975
244,Business and Professional Services,2,2.9379274409627705,4.2970732801188545,1.359145839156084
245,Business and Professional Services,2,2.906648172124192,3.700134858991411,0.7934866868672192
251,Business and Professional Services,2,4.835703038568363,4.253667348465001,-0.5820356901033623
253,Business and Professional Services,2,3.8918869499646886,3.412439780584706,-0.47944716937998244
258,Business and Professional Services,2,4.301796579858591,3.7782948642906344,-0.5235017155679564
264,Business and Professional Services,2,2.3521817884020426,2.55033438422598,0.19815259582393718
268,Business and Professional Services,2,3.7771063112819245,3.8557534931030557,0.07864718182113117
269,Business and Professional Services,2,2.869453662718338,3.362146401891892,0.49269273917355383
270,Business and Professional Services,2,2.9720654372259165,3.223624236674799,0.2515587994488824
273,Business and Professional Services,2,2.9343252052754503,2.8156759662050677,-0.1186492390703826
274,Business and Professional Services,2,3.403555306517492,3.460871407495752,0.057316100978259676
280,Business and Professional Services,2,4.498978333738492,4.473196292027203,-0.02578204171128906
283,Business and Professional Services,2,2.290765385874406,2.400207863145564,0.10944247727115775
292,Business and Professional Services,2,6.323155688732795,6.10679292927246,-0.21636275946033479
325,Business and Professional Services,2,2.135362579460219,1.6420914475292578,-0.4932711319309613
329,Business and Professional Services,2,3.3181610273586135,3.3299915412044485,0.011830513845835
330,Business and Professional Services,2,3.5703316667367035,3.5918874144649338,0.021555747728230212
335,Business and Professional Services,2,2.867945394751377,3.384629918022645,0.5166845232712678
337,Business and Professional Services,2,3.84728819253424,3.766445523014676,-0.08084266951956387
340,Business and Professional Services,2,2.9515527399128088,2.984813565419472,0.033260825506663316
345,Business and Professional Services,2,2.3248748809041926,2.4056591472555264,0.08078426635133384
356,Business and Professional Services,2,3.0371616881716648,3.3925253600340612,0.3553636718623965
360,Business and Professional Services,2,2.8363416516081266,2.916263337623132,0.07992168601500538
363,Business and Professional Services,2,2.656818357553643,2.687567347978401,0.03074899042475776
364,Business and Professional Services,2,2.709856789455338,2.696186941899361,-0.013669847555976666
366,Business and Professional Services,2,3.8140470239807263,4.038728001130145,0.22468097714941848
369,Business and Professional Services,2,3.2898504859061877,3.364501783366398,0.07465129746021049
373,Business and Professional Services,2,3.839532471123416,3.8724875167384654,0.03295504561504936
382,Business and Professional Services,2,2.9805602834740013,3.056360868182429,0.07580058470842754
396,Business and Professional Services,2,4.301465797462567,4.35061877851685,0.04915298105428256
400,Business and Professional Services,2,2.7759834714594076,2.6788147759923993,-0.09716869546700835
420,Business and Professional Services,2,2.624444344577647,2.314204340635452,-0.31024000394219486
425,Business and Professional Services,2,2.2740720826484857,2.236013770279323,-0.038058312369162905
427,Business and Professional Services,2,2.8423200530566115,2.912746896072177,0.07042684301556568
428,Business and Professional Services,2,3.6030399220753715,3.1765621513586457,-0.42647777071672577
432,Business and Professional Services,2,2.4874982706479796,2.2775738085918382,-0.20992446205614135
433,Business and Professional Services,2,1.7128859810222974,1.693356185762372,-0.019529795259925375
445,Business and Professional Services,2,3.3309212733023164,3.0239002098864445,-0.3070210634158719
446,Business and Professional Services,2,2.8425952311255474,2.7253300740049884,-0.11726515712055896
450,Business and Professional Services,2,3.066624673441465,3.17301708845139,0.10639241500992513
462,Business and Professional Services,2,2.472908853492441,3.101130357716732,0.6282215042242911
464,Business and Professional Services,2,3.4412605341892712,3.5997349948804462,0.158474460691175
468,Business and Professional Services,2,3.738290623044069,3.818031082024576,0.07974045898050708
471,Business and Professional Services,2,7.994318521050442,6.6120568845656695,-1.3822616364847722
477,Business and Professional Services,2,2.1321118154511636,2.026531549425148,-0.10558026602601567
479,Business and Professional Services,2,2.138775204135044,2.3638737972987887,0.2250985931637448
480,Business and Professional Services,2,2.483960893391843,2.5295960904165433,0.045635197024700425
482,Business and Professional Services,2,3.8839113941725136,4.072759465320168,0.18884807114765412
493,Business and Professional Services,2,1.9135199443045816,2.272408952152715,0.35888900784813327
497,Business and Professional Services,2,4.758933337903189,4.927113400326773,0.16818006242358408
505,Business and Professional Services,2,1.9597212830787845,2.1567878104574647,0.19706652737868025
506,Business and Professional Services,2,1.9378622979046658,2.0597299471122845,0.12186764920761872
513,Business and Professional Services,2,2.096810722918748,2.158588167571399,0.06177744465265089
514,Business and Professional Services,2,3.825709698657322,3.82767054606311,0.0019608474057881686
519,Business and Professional Services,2,3.971603924318419,5.08331202334152,1.111708099023101
523,Business and Professional Services,2,3.626152898246049,3.0622818436656187,-0.5638710545804302
529,Business and Professional Services,2,4.652439896306456,4.902563809055861,0.25012391274940526
550,Business and Professional Services,2,3.7059847330162654,3.8198031617099604,0.11381842869369496
555,Business and Professional Services,2,2.6217046668303423,2.3237733728510315,-0.29793129397931084
558,Business and Professional Services,2,2.9583082063989723,2.72202571468721,-0.23628249171176208
560,Business and Professional Services,2,2.7162622881371803,2.9651970841754105,0.2489347960382302
586,Business and Professional Services,2,5.444664434435385,4.385261830285179,-1.0594026041502058
589,Business and Professional Services,2,2.9744816172331308,3.809840942244451,0.83535932501132
591,Business and Professional Services,2,3.3540744836099723,3.8313035090367036,0.4772290254267313
595,Business and Professional Services,2,3.042495064834708,3.168479769618331,0.1259847047836229
596,Business and Professional Services,2,2.813796076950275,2.873203951670723,0.05940787472044784
600,Business and Professional Services,2,3.206523090577657,3.342846480680706,0.13632339010304895
601,Business and Professional Services,2,5.154355486913724,4.310131557934263,-0.8442239289794609
605,Business and Professional Services,2,1.9434776934050324,1.9697450352993988,0.026267341894366414
609,Business and Professional Services,2,3.462859047724711,4.133068165301202,0.6702091175764906
611,Business and Professional Services,2,4.025413481281198,3.437408978808925,-0.5880045024722733
614,Business and Professional Services,2,5.663353643170614,5.422789023590954,-0.24056461957966047
615,Business and Professional Services,2,4.2508711658696265,4.034281833982192,-0.2165893318874348
625,Business and Professional Services,2,2.624730376747647,2.8367573111820423,0.21202693443439546
629,Business and Professional Services,2,6.122158509422249,4.402758099417211,-1.7194004100050382
633,Business and Professional Services,2,2.9008472259760376,2.865202411931635,-0.03564481404440256
634,Business and Professional Services,2,3.6636292583079495,3.3208018693851913,-0.3428273889227582
635,Business and Professional Services,2,3.649299523714368,3.9284993464546876,0.2791998227403196
642,Business and Professional Services,2,3.6614809412846983,3.137587825719626,-0.5238931155650723
643,Business and Professional Services,2,5.909901744256123,4.482208242756148,-1.4276935014999754
648,Business and Professional Services,2,4.748330862863369,4.26436310542466,-0.4839677574387098
649,Business and Professional Services,2,2.361972797956094,2.4478344320369168,0.08586163408082292
657,Business and Professional Services,2,6.690373439774637,6.037510194920429,-0.652863244854208
658,Business and Professional Services,2,3.708262251349306,3.9633627108470666,0.2551004594977604
661,Business and Professional Services,2,6.115272129003343,3.8063967982795903,-2.308875330723753
674,Business and Professional Services,2,5.486006225531229,4.465831438862105,-1.0201747866691235
676,Business and Professional Services,2,2.9409024928510954,3.0475254681066755,0.10662297525558007
683,Business and Professional Services,2,5.865674135437478,5.00516431596693,-0.8605098194705487
691,Business and Professional Services,2,3.626000900159993,4.3316291168336445,0.7056282166736514
694,Business and Professional Services,2,2.4387398092390753,2.1648439016775827,-0.2738959075614926
707,Business and Professional Services,2,4.087897825560027,4.221910213061993,0.13401238750196587
717,Business and Professional Services,2,3.260194381431597,2.4304173151183948,-0.829777066313202
720,Business and Professional Services,2,4.005087994064668,4.056554208900414,0.051466214835745205
722,Business and Professional Services,2,3.872842888232637,4.100318905471418,0.2274760172387813
726,Business and Professional Services,2,5.539654485278018,4.186729707801492,-1.3529247774765265
729,Business and Professional Services,2,3.335645371438578,3.897349017423185,0.5617036459846068
733,Business and Professional Services,2,2.8897343522980083,2.9247045909891045,0.03497023869109617
734,Business and Professional Services,2,2.7181002879118203,2.827867571324118,0.1097672834122978
737,Business and Professional Services,2,3.341749780135995,2.2463167021188553,-1.0954330780171397
740,Business and Professional Services,2,2.398000523312777,2.454923801351929,0.05692327803915198
744,Business and Professional Services,2,1.9765553315550304,1.9504083946812827,-0.026146936873747695
755,Business and Professional Services,2,2.149471489843575,2.726220086799748,0.5767485969561728
765,Business and Professional Services,2,5.654373712912973,5.181410065427595,-0.47296364748537734
769,Business and Professional Services,2,7.965756238974709,5.324684478765734,-2.641071760208975
773,Business and Professional Services,2,3.877572899460649,3.893929080541841,0.0163561810811923
778,Business and Professional Services,2,2.832827418357515,2.6934117441073577,-0.1394156742501571
779,Business and Professional Services,2,4.01227971074826,4.0269947789662695,0.01471506821800972
784,Business and Professional Services,2,3.091402978225277,3.0955251497893133,0.004122171564036048
791,Business and Professional Services,2,3.223529175304731,3.287265259001463,0.06373608369673223
798,Business and Professional Services,2,2.963110643767915,3.0538604601529107,0.0907498163849958
799,Business and Professional Services,2,5.054763462651228,4.432386306785398,-0.6223771558658298
801,Business and Professional Services,2,4.072340467175893,4.077699631109436,0.005359163933542632
804,Business and Professional Services,2,3.014945570918149,3.620849341202099,0.6059037702839496
805,Business and Professional Services,2,2.7552427401345403,3.2876458106637187,0.5324030705291785
816,Business and Professional Services,2,3.950895259567149,3.9468587204234087,-0.00403653914374047
819,Business and Professional Services,2,3.0638545882457535,2.291071810207582,-0.7727827780381715
830,Business and Professional Services,2,4.1972044825871,3.8990883688933713,-0.2981161136937289
832,Business and Professional Services,2,4.0901739715199685,3.763977086379592,-0.3261968851403765
837,Business and Professional Services,2,3.7555433249515646,3.3185445102399695,-0.4369988147115951
843,Business and Professional Services,2,4.054677333392288,4.1044489269936495,0.04977159360136163
848,Business and Professional Services,2,1.241742672853042,1.391153874388274,0.14941120153523202
859,Business and Professional Services,2,2.1497189793141036,2.132097205526036,-0.017621773788067507
861,Business and Professional Services,2,2.851434453465016,2.800479948414334,-0.05095450505068211
864,Business and Professional Services,2,2.8187807182220896,2.8405542594184725,0.021773541196382862
866,Business and Professional Services,2,3.7980491396047533,3.9817221024260396,0.1836729628212863
875,Business and Professional Services,2,5.747832165415646,5.084306106328345,-0.6635260590873013
878,Business and Professional Services,2,1.7971099206353847,1.8033705726337805,0.006260651998395872
879,Business and Professional Services,2,4.857614403466086,4.256190176200376,-0.60142422726571
887,Business and Professional Services,2,3.128671141137878,2.931190330381619,-0.19748081075625912
903,Business and Professional Services,2,3.1567756552834756,3.7026855415811264,0.5459098862976508
907,Business and Professional Services,2,4.135919825128922,3.7275183871304782,-0.40840143799844375
909,Business and Professional Services,2,3.328537972241618,2.5357967090809463,-0.7927412631606718
912,Business and Professional Services,2,3.514357830230157,3.538563877147655,0.024206046917497837
915,Business and Professional Services,2,3.7324313718977957,3.5858694325977454,-0.14656193930005035
920,Business and Professional Services,2,2.687158341941337,2.682414210374075,-0.004744131567262055
927,Business and Professional Services,2,2.751681505666836,2.7319557803374748,-0.019725725329361232
929,Business and Professional Services,2,2.898882952455717,2.7383110858142783,-0.16057186664143863
930,Business and Professional Services,2,2.761528861829024,2.8349562789259317,0.07342741709690781
935,Business and Professional Services,2,3.383331833072506,3.3206509221713403,-0.0626809109011659
938,Business and Professional Services,2,2.244249956594005,2.2810087702573085,0.03675881366330369
941,Business and Professional Services,2,3.153310285339737,3.143083583110493,-0.010226702229243934
944,Business and Professional Services,2,2.6043056251421683,2.524938715234829,-0.07936690990733952
947,Business and Professional Services,2,2.5999390736247268,2.559879001521378,-0.04006007210334861
957,Business and Professional Services,2,2.48842451789607,3.2946243281750407,0.8061998102789705
963,Business and Professional Services,2,3.1180736219761815,3.02492625892645,-0.0931473630497317
978,Business and Professional Services,2,2.4687904630420023,2.2317911428288446,-0.23699932021315773
979,Business and Professional Services,2,1.8390986730928591,2.215170542636894,0.37607186954403504
980,Business and Professional Services,2,3.260277090672285,2.4422365325507918,-0.8180405581214933
981,Business and Professional Services,2,2.4049802204849984,2.207122602544815,-0.19785761794018342
986,Business and Professional Services,2,3.4978808715210405,3.4882463239373127,-0.009634547583727837
989,Business and Professional Services,2,2.3225835849295247,2.602499452982113,0.2799158680525884
997,Business and Professional Services,2,4.240774528182572,3.741246733617308,-0.4995277945652643
1000,Business and Professional Services,2,4.902552424745623,3.9800288338048455,-0.9225235909407772
1011,Business and Professional Services,2,2.979110139663664,4.2612276661992246,1.2821175265355604
1013,Business and Professional Services,2,2.0876506073045156,1.848809425324004,-0.23884118198051163
1016,Business and Professional Services,2,2.110186791424348,2.438001353189989,0.32781456176564117
1018,Business and Professional Services,2,4.431324649489095,3.8331034785240465,-0.5982211709650489
1024,Business and Professional Services,2,2.873830729064091,2.6587887525243934,-0.2150419765396978
1027,Business and Professional Services,2,4.601372594073455,4.278768562348698,-0.32260403172475716
1033,Business and Professional Services,2,2.333201323745514,2.7854153664838144,0.45221404273830057
1037,Business and Professional Services,2,2.5602124287627666,2.5705701403255112,0.010357711562744676
1041,Business and Professional Services,2,2.492820010485513,2.791066479162059,0.29824646867654625
1042,Business and Professional Services,2,3.178119577664945,3.3329607946908295,0.1548412170258846
1061,Business and Professional Services,2,3.241936334696209,3.09727523288291,-0.14466110181329883
1065,Business and Professional Services,2,2.479475708168281,3.3673184423514284,0.8878427341831476
1067,Business and Professional Services,2,3.378637851279758,3.3954546061177533,0.016816754837995163
1079,Business and Professional Services,2,1.8520821147072348,2.2232294868540334,0.3711473721467986
1087,Business and Professional Services,2,3.425341013395143,3.409409968225882,-0.01593104516926136
1092,Business and Professional Services,2,4.146084484677459,3.8306621654689272,-0.3154223192085319
1094,Business and Professional Services,2,4.423250413555068,4.4683945780095735,0.04514416445450564
1108,Business and Professional Services,2,2.888649793428822,3.643090231064953,0.7544404376361307
1114,Business and Professional Services,2,1.8902972215485807,1.8786246862458735,-0.011672535302707177
1117,Business and Professional Services,2,2.9071303305480356,2.8662073939571653,-0.04092293659087032
1118,Business and Professional Services,2,2.4544878344661027,2.6046508007057296,0.15016296623962688
1120,Business and Professional Services,2,3.0612122097587893,3.6575260756647374,0.5963138659059481
1124,Business and Professional Services,2,2.4527769601164646,2.6583593806440255,0.20558242052756093
1126,Business and Professional Services,2,4.577611972526568,3.7621146350272303,-0.8154973374993375
1134,Business and Professional Services,2,3.7583911575623294,3.4010538709607867,-0.35733728660154274
1136,Business and Professional Services,2,1.7866849748890008,1.7131186014581599,-0.07356637343084094
1138,Business and Professional Services,2,4.680866836335059,3.5541646486533014,-1.1267021876817576
1146,Business and Professional Services,2,3.0061343668022387,3.2688202161059006,0.2626858493036619
1150,Business and Professional Services,2,5.1168379856569715,4.892850437213895,-0.2239875484430769
1159,Business and Professional Services,2,2.585435546367386,2.7678458604833005,0.18241031411591457
1161,Business and Professional Services,2,2.8518771942997097,3.2365289043048104,0.3846517100051008
1164,Business and Professional Services,2,3.327986078945414,3.3943738985564593,0.06638781961104545
1169,Business and Professional Services,2,7.107111314100368,5.217013900338222,-1.8900974137621454
1184,Business and Professional Services,2,3.0391189616617327,2.8348489163313033,-0.20427004533042936
1185,Business and Professional Services,2,4.879059520528977,3.5164357662897197,-1.3626237542392574
1186,Business and Professional Services,2,2.807697970164683,2.7478961813280893,-0.059801788836593595
1187,Business and Professional Services,2,2.455523630060305,2.8075533076028547,0.35202967754254955
1192,Business and Professional Services,2,4.064638991808154,3.7456209787757255,-0.3190180130324287
1197,Business and Professional Services,2,5.681437990943717,4.435790462464222,-1.2456475284794948
1208,Business and Professional Services,2,3.941800344760172,4.183555350949785,0.24175500618961276
1214,Business and Professional Services,2,5.899445556064144,3.792871333279919,-2.106574222784225
1218,Business and Professional Services,2,7.277110125889763,6.14900677709654,-1.128103348793223
1221,Business and Professional Services,2,4.5127957830758785,2.9984174845388756,-1.514378298537003
1224,Business and Professional Services,2,4.357493441619454,3.5718381128749357,-0.785655328744518
1228,Business and Professional Services,2,3.3879150421168367,3.023252455227123,-0.36466258688971376
1232,Business and Professional Services,2,3.177009512766916,2.8738132127772893,-0.3031962999896267
2,Business and Professional Services,3,5.0180255984498485,4.062738580994723,-0.9552870174551256
5,Business and Professional Services,3,3.2153929194574857,3.482161785992247,0.2667688665347612
12,Business and Professional Services,3,2.4274717225890354,2.427222345429505,-0.0002493771595304395
21,Business and Professional Services,3,5.385291023395427,5.6262501368924696,0.24095911349704213
25,Business and Professional Services,3,3.1280683465504593,3.206185413422646,0.07811706687218667
36,Business and Professional Services,3,2.0050709603263517,1.8864188752661974,-0.11865208506015423
37,Business and Professional Services,3,2.215943257811017,2.4895996184853004,0.2736563606742832
49,Business and Professional Services,3,3.485027824405078,2.8839912975256747,-0.6010365268794033
53,Business and Professional Services,3,2.599107436156495,2.8919075571519985,0.29280012099550357
56,Business and Professional Services,3,2.0459128925750565,2.053763912157758,0.007851019582701735
64,Business and Professional Services,3,6.203475238789368,4.980990612148085,-1.2224846266412825
67,Business and Professional Services,3,2.8641318796050084,2.931646896397047,0.06751501679203864
69,Business and Professional Services,3,3.9516225699459415,4.5052842925151175,0.553661722569176
72,Business and Professional Services,3,2.40056597717942,2.4603730670253716,0.05980708984595173
74,Business and Professional Services,3,3.970697470071218,3.8608164655510766,-0.10988100452014127
77,Business and Professional Services,3,2.501584888583907,2.4843631833182656,-0.017221705265641596
84,Business and Professional Services,3,2.111536191233065,2.0640942028117752,-0.04744198842128977
90,Business and Professional Services,3,3.212137939364232,5.157008316378631,1.9448703770143991
97,Business and Professional Services,3,3.107970832812782,2.9632072785859913,-0.14476355422679088
98,Business and Professional Services,3,3.088896095021928,3.090326928560894,0.0014308335389658922
99,Business and Professional Services,3,3.1507007454579243,5.397526978987547,2.2468262335296227
109,Business and Professional Services,3,4.796165636718552,4.274745665558536,-0.5214199711600163
111,Business and Professional Services,3,4.673310323769867,4.574311697876185,-0.09899862589368169
117,Business and Professional Services,3,1.6147446776124956,1.9750752349134926,0.36033055730099695
118,Business and Professional Services,3,1.3996616197236582,1.514509092626972,0.11484747290331376
120,Business and Professional Services,3,1.590205309105996,1.6787078153961803,0.0885025062901843
124,Business and Professional Services,3,2.439396686929916,2.431415725292955,-0.007980961636961048
126,Business and Professional Services,3,5.35741997426128,3.961423183063361,-1.395996791197919
130,Business and Professional Services,3,3.5832607373307552,3.7627570804139365,0.1794963430831813
144,Business and Professional Services,3,3.098325164556581,3.3317436940799308,0.23341852952334996
149,Business and Professional Services,3,2.7504630486960027,3.1236883688014565,0.37322532010545384
150,Business and Professional Services,3,3.5674270870402465,3.602869269991876,0.0354421829516296
160,Business and Professional Services,3,2.088884998802002,1.8152326053039016,-0.27365239349810055
164,Business and Professional Services,3,2.0878247182267944,2.1067126683785347,0.018887950151740274
166,Business and Professional Services,3,3.0742581569146648,3.4912380913174124,0.4169799344027476
173,Business and Professional Services,3,2.0344320176064943,3.379495266512758,1.3450632489062637
186,Business and Professional Services,3,1.9988973020270724,1.6669424332941474,-0.331954868732925
189,Business and Professional Services,3,3.8619416760250846,3.757401280160113,-0.10454039586497155
199,Business and Professional Services,3,5.524269618738086,5.681370856093714,0.15710123735562842
206,Business and Professional Services,3,3.697296737699345,3.439505291649789,-0.25779144604955606
208,Business and Professional Services,3,4.879290051527073,4.936280678836728,0.05699062730965476
209,Business and Professional Services,3,2.9565640782505636,2.2346323451929466,-0.7219317330576169
212,Business and Professional Services,3,2.351523873589208,2.486261312093246,0.1347374385040383
213,Business and Professional Services,3,2.721461481896759,2.5647380429735698,-0.1567234389231893
220,Business and Professional Services,3,3.487603082213645,4.990539525358525,1.50293644314488
223,Business and Professional Services,3,5.632521059295711,4.687784812137726,-0.9447362471579854
234,Business and Professional Services,3,5.566811573251901,4.5702265853086725,-0.996584987943228
237,Business and Professional Services,3,4.383398643403752,4.449372967838334,0.06597432443458207
244,Business and Professional Services,3,2.9379274409627705,4.121298667827345,1.1833712268645744
245,Business and Professional Services,3,2.906648172124192,3.7337500533909127,0.8271018812667208
251,Business and Professional Services,3,4.835703038568363,4.086786116721269,-0.7489169218470941
253,Business and Professional Services,3,3.8918869499646886,3.266918163205641,-0.6249687867590477
258,Business and Professional Services,3,4.301796579858591,3.6933649704285236,-0.6084316094300672
264,Business and Professional Services,3,2.3521817884020426,2.559832357442625,0.20765056904058232
268,Business and Professional Services,3,3.7771063112819245,3.898347014899029,0.12124070361710437
269,Business and Professional Services,3,2.869453662718338,3.4824402681866156,0.6129866054682775
270,Business and Professional Services,3,2.9720654372259165,3.277621681874728,0.3055562446488116
273,Business and Professional Services,3,2.9343252052754503,4.0686490582018475,1.1343238529263973
274,Business and Professional Services,3,3.403555306517492,3.4828289776068653,0.07927367108937311
280,Business and Professional Services,3,4.498978333738492,4.491231713408245,-0.007746620330246756
283,Business and Professional Services,3,2.290765385874406,2.4538079551462086,0.1630425692718025
292,Business and Professional Services,3,6.323155688732795,5.968921944765706,-0.3542337439670895
325,Business and Professional Services,3,2.135362579460219,1.496135154870735,-0.6392274245894842
329,Business and Professional Services,3,3.3181610273586135,3.335755960425713,0.017594933067099472
330,Business and Professional Services,3,3.5703316667367035,3.599930237503359,0.029598570766655286
335,Business and Professional Services,3,2.867945394751377,3.6105991607117365,0.7426537659603594
337,Business and Professional Services,3,3.84728819253424,3.7202098167188544,-0.1270783758153855
340,Business and Professional Services,3,2.9515527399128088,2.997223807286293,0.04567106737348414
345,Business and Professional Services,3,2.3248748809041926,3.0841875757765176,0.759312694872325
356,Business and Professional Services,3,3.0371616881716648,3.539277329300784,0.5021156411291194
360,Business and Professional Services,3,2.8363416516081266,2.934196414564214,0.09785476295608753
363,Business and Professional Services,3,2.656818357553643,2.700224942613583,0.043406585059940106
364,Business and Professional Services,3,2.709856789455338,2.7006215831161327,-0.00923520633920516
366,Business and Professional Services,3,3.8140470239807263,3.9211433980231707,0.10709637404244443
369,Business and Professional Services,3,3.2898504859061877,3.4178372814566584,0.12798679555047077
373,Business and Professional Services,3,3.839532471123416,3.8762438860859483,0.036711414962532274
382,Business and Professional Services,3,2.9805602834740013,3.127708371563924,0.14714808808992252
396,Business and Professional Services,3,4.301465797462567,4.369499477180312,0.06803367971774499
400,Business and Professional Services,3,2.7759834714594076,2.6565223385636294,-0.1194611328957782
420,Business and Professional Services,3,2.624444344577647,2.2706724667442266,-0.35377187783342023
425,Business and Professional Services,3,2.2740720826484857,2.220621379929483,-0.05345070271900276
427,Business and Professional Services,3,2.8423200530566115,2.9176267762486683,0.07530672319205678
428,Business and Professional Services,3,3.6030399220753715,3.0398665314043525,-0.563173390671019
432,Business and Professional Services,3,2.4874982706479796,2.2121587355872716,-0.27533953506070796
433,Business and Professional Services,3,1.7128859810222974,2.038033464467932,0.3251474834456347
445,Business and Professional Services,3,3.3309212733023164,2.959830967665675,-0.37109030563664147
446,Business and Professional Services,3,2.8425952311255474,2.73064869864337,-0.11194653248217756
450,Business and Professional Services,3,3.066624673441465,3.2329495928499115,0.16632491940844663
462,Business and Professional Services,3,2.472908853492441,3.1887613788114497,0.7158525253190087
464,Business and Professional Services,3,3.4412605341892712,3.631816922355175,0.1905563881659038
468,Business and Professional Services,3,3.738290623044069,3.862016084252856,0.12372546120878702
471,Business and Professional Services,3,7.994318521050442,6.308726136445079,-1.6855923846053624
477,Business and Professional Services,3,2.1321118154511636,2.000471836356439,-0.1316399790947247
479,Business and Professional Services,3,2.138775204135044,2.719383593858928,0.5806083897238841
480,Business and Professional Services,3,2.483960893391843,2.5249521609106944,0.040991267518851515
482,Business and Professional Services,3,3.8839113941725136,4.146812716389318,0.2629013222168046
493,Business and Professional Services,3,1.9135199443045816,2.273356968039769,0.35983702373518733
497,Business and Professional Services,3,4.758933337903189,4.980036585933135,0.2211032480299462
505,Business and Professional Services,3,1.9597212830787845,2.252973633746765,0.2932523506679807
506,Business and Professional Services,3,1.9378622979046658,2.189201870369938,0.2513395724652723
513,Business and Professional Services,3,2.096810722918748,2.2133513244300334,0.11654060151128531
514,Business and Professional Services,3,3.825709698657322,3.571061664922167,-0.2546480337351551
519,Business and Professional Services,3,3.971603924318419,5.265339529162058,1.293735604843639
523,Business and Professional Services,3,3.626152898246049,2.980491750780205,-0.645661147465844
529,Business and Professional Services,3,4.652439896306456,4.987902786487622,0.3354628901811658
550,Business and Professional Services,3,3.7059847330162654,3.8399336325820483,0.13394889956578293
555,Business and Professional Services,3,2.6217046668303423,2.234314648620854,-0.3873900182094885
558,Business and Professional Services,3,2.9583082063989723,3.24198903430149,0.2836808279025176
560,Business and Professional Services,3,2.7162622881371803,2.9890034350071724,0.27274114686999207
586,Business and Professional Services,3,5.444664434435385,4.225198556639106,-1.2194658777962788
589,Business and Professional Services,3,2.9744816172331308,3.9112155904248445,0.9367339731917137
591,Business and Professional Services,3,3.3540744836099723,3.971187816537056,0.6171133329270839
595,Business and Professional Services,3,3.042495064834708,3.20006116017609,0.157566095341382
596,Business and Professional Services,3,2.813796076950275,2.920597290229659,0.10680121327938386
600,Business and Professional Services,3,3.206523090577657,3.396766204900261,0.190243114322604
601,Business and Professional Services,3,5.154355486913724,4.156893109460187,-0.9974623774535374
605,Business and Professional Services,3,1.9434776934050324,1.9616999368961296,0.018222243491097245
609,Business and Professional Services,3,3.462859047724711,4.226174337461522,0.763315289736811
611,Business and Professional Services,3,4.025413481281198,3.2479654829976585,-0.7774479982835398
614,Business and Professional Services,3,5.663353643170614,4.643014833347799,-1.0203388098228157
615,Business and Professional Services,3,4.2508711658696265,4.2129297790233124,-0.037941386846314096
625,Business and Professional Services,3,2.624730376747647,2.912020842405104,0.2872904656574571
629,Business and Professional Services,3,6.122158509422249,4.4723872714497475,-1.6497712379725016
633,Business and Professional Services,3,2.9008472259760376,2.86622770419169,-0.03461952178434746
634,Business and Professional Services,3,3.6636292583079495,3.2670039372570407,-0.39662532105090875
635,Business and Professional Services,3,3.649299523714368,4.025079062021712,0.3757795383073441
642,Business and Professional Services,3,3.6614809412846983,3.1597729007427247,-0.5017080405419736
643,Business and Professional Services,3,5.909901744256123,4.082399522768994,-1.827502221487129
648,Business and Professional Services,3,4.748330862863369,4.109211346121354,-0.6391195167420154
649,Business and Professional Services,3,2.361972797956094,2.553362946122494,0.1913901481664002
657,Business and Professional Services,3,6.690373439774637,5.130467476867292,-1.5599059629073455
658,Business and Professional Services,3,3.708262251349306,4.005900815966795,0.29763856461748883
661,Business and Professional Services,3,6.115272129003343,3.429303524786562,-2.685968604216781
674,Business and Professional Services,3,5.486006225531229,3.850749561923002,-1.635256663608227
676,Business and Professional Services,3,2.9409024928510954,3.0864400700104877,0.1455375771593923
683,Business and Professional Services,3,5.865674135437478,4.701254899097966,-1.164419236339512
691,Business and Professional Services,3,3.626000900159993,4.656903948651225,1.0309030484912318
694,Business and Professional Services,3,2.4387398092390753,2.177027695562745,-0.2617121136763303
707,Business and Professional Services,3,4.087897825560027,4.30202627976394,0.21412845420391236
717,Business and Professional Services,3,3.260194381431597,2.3464044846382137,-0.9137898967933831
720,Business and Professional Services,3,4.005087994064668,4.051677106666961,0.046589112602292815
722,Business and Professional Services,3,3.872842888232637,4.089357026428875,0.21651413819623766
726,Business and Professional Services,3,5.539654485278018,3.8695663576527264,-1.670088127625292
729,Business and Professional Services,3,3.335645371438578,4.035054054583902,0.6994086831453243
733,Business and Professional Services,3,2.8897343522980083,2.9168241974643374,0.027089845166329063
734,Business and Professional Services,3,2.7181002879118203,2.9002173971120886,0.18211710920026825
737,Business and Professional Services,3,3.341749780135995,2.1297695830857726,-1.2119801970502224
740,Business and Professional Services,3,2.398000523312777,2.6821469123636184,0.28414638905084155
744,Business and Professional Services,3,1.9765553315550304,1.938599155916263,-0.03795617563876741
755,Business and Professional Services,3,2.149471489843575,2.84873355133642,0.6992620614928446
765,Business and Professional Services,3,5.654373712912973,3.455131521222209,-2.1992421916907636
769,Business and Professional Services,3,7.965756238974709,5.090450284623945,-2.8753059543507637
773,Business and Professional Services,3,3.877572899460649,3.944642197424815,0.06706929796416627
778,Business and Professional Services,3,2.832827418357515,2.72342514527526,-0.10940227308225481
779,Business and Professional Services,3,4.01227971074826,4.05414819649188,0.041868485743620454
784,Business and Professional Services,3,3.091402978225277,3.108502166593742,0.0170991883684648
791,Business and Professional Services,3,3.223529175304731,3.3536853868216605,0.1301562115169297
798,Business and Professional Services,3,2.963110643767915,3.036120440973982,0.07300979720606726
799,Business and Professional Services,3,5.054763462651228,4.331768747906546,-0.722994714744682
801,Business and Professional Services,3,4.072340467175893,4.066208972431173,-0.006131494744719745
804,Business and Professional Services,3,3.014945570918149,3.614057354103345,0.599111783185196
805,Business and Professional Services,3,2.7552427401345403,3.713220405579633,0.9579776654450929
816,Business and Professional Services,3,3.950895259567149,3.9416337400690464,-0.009261519498102722
819,Business and Professional Services,3,3.0638545882457535,2.307196165806139,-0.7566584224396147
830,Business and Professional Services,3,4.1972044825871,3.828208627216679,-0.3689958553704211
832,Business and Professional Services,3,4.0901739715199685,3.701930124504753,-0.3882438470152154
837,Business and Professional Services,3,3.7555433249515646,3.239502987182022,-0.5160403377695428
843,Business and Professional Services,3,4.054677333392288,4.14571817109129,0.09104083769900218
848,Business and Professional Services,3,1.241742672853042,1.4842313787987504,0.24248870594570837
859,Business and Professional Services,3,2.1497189793141036,2.133761797963024,-0.015957181351079708
861,Business and Professional Services,3,2.851434453465016,2.8774452702322293,0.026010816767213285
864,Business and Professional Services,3,2.8187807182220896,3.1997337999597564,0.38095308173766673
866,Business and Professional Services,3,3.7980491396047533,4.049750406663956,0.2517012670592029
875,Business and Professional Services,3,5.747832165415646,4.9669868079773645,-0.7808453574382819
878,Business and Professional Services,3,1.7971099206353847,1.7944402425489714,-0.002669678086413274
879,Business and Professional Services,3,4.857614403466086,4.150808166892458,-0.7068062365736285
887,Business and Professional Services,3,3.128671141137878,2.872754216576325,-0.2559169245615531
903,Business and Professional Services,3,3.1567756552834756,3.704727908415557,0.5479522531320815
907,Business and Professional Services,3,4.135919825128922,3.5115845692049916,-0.6243352559239304
909,Business and Professional Services,3,3.328537972241618,2.5003489793139577,-0.8281889929276605
912,Business and Professional Services,3,3.514357830230157,3.522359346178207,0.008001515948049764
915,Business and Professional Services,3,3.7324313718977957,3.550607350782625,-0.1818240211151707
920,Business and Professional Services,3,2.687158341941337,2.8170397251356585,0.1298813831943213
927,Business and Professional Services,3,2.751681505666836,2.8973166851112895,0.14563517944445348
929,Business and Professional Services,3,2.898882952455717,2.7539969012318073,-0.14488605122390963
930,Business and Professional Services,3,2.761528861829024,2.868318928328151,0.10679006649912726
935,Business and Professional Services,3,3.383331833072506,3.3049925534656066,-0.07833927960689957
938,Business and Professional Services,3,2.244249956594005,2.3384930389565692,0.0942430823625644
941,Business and Professional Services,3,3.153310285339737,3.1377775223316853,-0.015532763008051731
944,Business and Professional Services,3,2.6043056251421683,2.5028914202002612,-0.10141420494190712
947,Business and Professional Services,3,2.5999390736247268,2.5102707784789593,-0.08966829514576746
957,Business and Professional Services,3,2.48842451789607,3.495809272335336,1.0073847544392658
963,Business and Professional Services,3,3.1180736219761815,2.971001507068465,-0.14707211490771632
978,Business and Professional Services,3,2.4687904630420023,2.262639445563588,-0.20615101747841447
979,Business and Professional Services,3,1.8390986730928591,2.314937393720028,0.47583872062716903
980,Business and Professional Services,3,3.260277090672285,2.4480964949033464,-0.8121805957689388
981,Business and Professional Services,3,2.4049802204849984,2.1841981862809177,-0.2207820342040807
986,Business and Professional Services,3,3.4978808715210405,3.53583392790134,0.037953056380299444
989,Business and Professional Services,3,2.3225835849295247,2.7818245107585726,0.45924092582904796
997,Business and Professional Services,3,4.240774528182572,3.7233930517254916,-0.5173814764570808
1000,Business and Professional Services,3,4.902552424745623,3.7692959789096454,-1.1332564458359773
1011,Business and Professional Services,3,2.979110139663664,4.310768353347999,1.3316582136843351
1013,Business and Professional Services,3,2.0876506073045156,2.1040198619919224,0.016369254687406798
1016,Business and Professional Services,3,2.110186791424348,2.799882468130729,0.6896956767063811
1018,Business and Professional Services,3,4.431324649489095,3.8373193824663394,-0.594005267022756
1024,Business and Professional Services,3,2.873830729064091,2.627392245555242,-0.24643848350884934
1027,Business and Professional Services,3,4.601372594073455,4.130457321508219,-0.4709152725652359
1033,Business and Professional Services,3,2.333201323745514,3.344094457744516,1.0108931339990024
1037,Business and Professional Services,3,2.5602124287627666,2.579198348060343,0.018985919297576537
1041,Business and Professional Services,3,2.492820010485513,2.826575606942564,0.3337555964570509
1042,Business and Professional Services,3,3.178119577664945,3.3852782500247094,0.20715867235976448
1061,Business and Professional Services,3,3.241936334696209,3.13647314659246,-0.10546318810374888
1065,Business and Professional Services,3,2.479475708168281,4.561390612509367,2.0819149043410863
1067,Business and Professional Services,3,3.378637851279758,3.4009740863538784,0.022336235074120303
1079,Business and Professional Services,3,1.8520821147072348,2.340785510067415,0.48870339536018004
1087,Business and Professional Services,3,3.425341013395143,3.3947676113629393,-0.030573402032203933
1092,Business and Professional Services,3,4.146084484677459,3.770496715216212,-0.37558776946124706
1094,Business and Professional Services,3,4.423250413555068,4.4961564305626815,0.07290601700761368
1108,Business and Professional Services,3,2.888649793428822,4.817690352616089,1.9290405591872668
1114,Business and Professional Services,3,1.8902972215485807,1.876400599365661,-0.01389662218291976
1117,Business and Professional Services,3,2.9071303305480356,2.9509228962431386,0.043792565695103036
1118,Business and Professional Services,3,2.4544878344661027,2.7002527561159555,0.24576492164985275
1120,Business and Professional Services,3,3.0612122097587893,5.52315681694636,2.4619446071875704
1124,Business and Professional Services,3,2.4527769601164646,2.7036963704508357,0.25091941033437104
1126,Business and Professional Services,3,4.577611972526568,3.6813001162634658,-0.8963118562631021
1134,Business and Professional Services,3,3.7583911575623294,3.3085827004508643,-0.4498084571114651
1136,Business and Professional Services,3,1.7866849748890008,1.7764832731717854,-0.01020170171721535
1138,Business and Professional Services,3,4.680866836335059,3.551544875764047,-1.129321960571012
1146,Business and Professional Services,3,3.0061343668022387,2.7977573105741325,-0.2083770562281062
1150,Business and Professional Services,3,5.1168379856569715,4.626940310431414,-0.48989767522555727
1159,Business and Professional Services,3,2.585435546367386,2.7945500338366087,0.2091144874692228
1161,Business and Professional Services,3,2.8518771942997097,3.131682268368213,0.2798050740685034
1164,Business and Professional Services,3,3.327986078945414,3.429409278822706,0.10142319987729209
1169,Business and Professional Services,3,7.107111314100368,4.667708020689708,-2.4394032934106598
1184,Business and Professional Services,3,3.0391189616617327,2.296952295752357,-0.7421666659093757
1185,Business and Professional Services,3,4.879059520528977,3.3757551268161174,-1.5033043937128596
1186,Business and Professional Services,3,2.807697970164683,2.9277471882889463,0.12004921812426339
1187,Business and Professional Services,3,2.455523630060305,2.783915274382596,0.32839164432229095
1192,Business and Professional Services,3,4.064638991808154,3.7481141918581304,-0.3165247999500238
1197,Business and Professional Services,3,5.681437990943717,4.1156231313400395,-1.5658148596036776
1208,Business and Professional Services,3,3.941800344760172,4.192419198635383,0.25061885387521077
1214,Business and Professional Services,3,5.899445556064144,3.026126894946767,-2.873318661117377
1218,Business and Professional Services,3,7.277110125889763,5.776752555312659,-1.500357570577104
1221,Business and Professional Services,3,4.5127957830758785,2.7263198861903,-1.7864758968855785
1224,Business and Professional Services,3,4.357493441619454,3.419233949575576,-0.9382594920438776
1228,Business and Professional Services,3,3.3879150421168367,2.916227322548263,-0.4716877195685738
1232,Business and Professional Services,3,3.177009512766916,2.8234530433097236,-0.35355646945719243
2,Landmarks and Outdoors,1,5.0180255984498485,4.8942249580465536,-0.12380064040329497
5,Landmarks and Outdoors,1,3.2153929194574857,3.317723012696769,0.10233009323928322
12,Landmarks and Outdoors,1,2.4274717225890354,2.448025381263287,0.02055365867425163
21,Landmarks and Outdoors,1,5.385291023395427,5.435864349654947,0.050573326259519824
25,Landmarks and Outdoors,1,3.1280683465504593,3.276242365870126,0.14817401931966678
36,Landmarks and Outdoors,1,2.0050709603263517,2.137620598326091,0.1325496379997393
37,Landmarks and Outdoors,1,2.215943257811017,2.533456815319612,0.3175135575085948
49,Landmarks and Outdoors,1,3.485027824405078,3.6709539842211267,0.18592615981604865
53,Landmarks and Outdoors,1,2.599107436156495,2.6597634563043964,0.06065602014790139
56,Landmarks and Outdoors,1,2.0459128925750565,2.0801512587542383,0.034238366179181856
64,Landmarks and Outdoors,1,6.203475238789368,5.807343269531806,-0.3961319692575618
67,Landmarks and Outdoors,1,2.8641318796050084,2.8960947012187646,0.03196282161375619
69,Landmarks and Outdoors,1,3.9516225699459415,5.2338255295315586,1.282202959585617
72,Landmarks and Outdoors,1,2.40056597717942,2.420019906892382,0.019453929712962115
74,Landmarks and Outdoors,1,3.970697470071218,4.365499613868145,0.3948021437969267
77,Landmarks and Outdoors,1,2.501584888583907,2.5311887546367204,0.029603866052813288
84,Landmarks and Outdoors,1,2.111536191233065,2.142101194549583,0.030565003316517902
90,Landmarks and Outdoors,1,3.212137939364232,4.060832724925905,0.8486947855616727
97,Landmarks and Outdoors,1,3.107970832812782,3.143142209697956,0.0351713768851738
98,Landmarks and Outdoors,1,3.088896095021928,3.175888084761178,0.08699198973924993
99,Landmarks and Outdoors,1,3.1507007454579243,3.0279656416503453,-0.12273510380757902
109,Landmarks and Outdoors,1,4.796165636718552,4.9904401598689825,0.1942745231504306
111,Landmarks and Outdoors,1,4.673310323769867,4.753647598924882,0.08033727515501532
117,Landmarks and Outdoors,1,1.6147446776124956,1.6961478696883432,0.08140319207584756
118,Landmarks and Outdoors,1,1.3996616197236582,1.459640884865884,0.059979265142225735
120,Landmarks and Outdoors,1,1.590205309105996,1.6655515075109815,0.07534619840498546
124,Landmarks and Outdoors,1,2.439396686929916,3.8303741163905705,1.3909774294606545
126,Landmarks and Outdoors,1,5.35741997426128,5.339141995741497,-0.018277978519782856
130,Landmarks and Outdoors,1,3.5832607373307552,3.657700800644556,0.07444006331380093
144,Landmarks and Outdoors,1,3.098325164556581,3.137818552395942,0.039493387839361294
149,Landmarks and Outdoors,1,2.7504630486960027,3.0616725759299657,0.311209527233963
150,Landmarks and Outdoors,1,3.5674270870402465,3.6268318639344037,0.05940477689415724
160,Landmarks and Outdoors,1,2.088884998802002,1.9400624177994985,-0.14882258100250367
164,Landmarks and Outdoors,1,2.0878247182267944,2.0350282761108858,-0.052796442115908615
166,Landmarks and Outdoors,1,3.0742581569146648,3.3050977352490514,0.23083957833438662
173,Landmarks and Outdoors,1,2.0344320176064943,2.304031820064975,0.2695998024584809
186,Landmarks and Outdoors,1,1.9988973020270724,2.0570774180849023,0.05818011605782991
189,Landmarks and Outdoors,1,3.8619416760250846,3.9627345366895863,0.10079286066450166
199,Landmarks and Outdoors,1,5.524269618738086,5.886399157151407,0.3621295384133214
206,Landmarks and Outdoors,1,3.697296737699345,3.5788774776099337,-0.11841926008941117
208,Landmarks and Outdoors,1,4.879290051527073,4.938119107820729,0.05882905629365531
209,Landmarks and Outdoors,1,2.9565640782505636,2.816001733681533,-0.14056234456903072
212,Landmarks and Outdoors,1,2.351523873589208,2.388152154155975,0.036628280566767035
213,Landmarks and Outdoors,1,2.721461481896759,2.6320512346201173,-0.08941024727664182
220,Landmarks and Outdoors,1,3.487603082213645,5.327956093501326,1.8403530112876814
223,Landmarks and Outdoors,1,5.632521059295711,6.105332856949763,0.47281179765405223
234,Landmarks and Outdoors,1,5.566811573251901,5.496883711626982,-0.06992786162491882
237,Landmarks and Outdoors,1,4.383398643403752,4.59714296189583,0.2137443184920782
244,Landmarks and Outdoors,1,2.9379274409627705,5.0121013150269444,2.074173874064174
245,Landmarks and Outdoors,1,2.906648172124192,2.5497174337735524,-0.3569307383506395
251,Landmarks and Outdoors,1,4.835703038568363,4.659298899609828,-0.17640413895853513
253,Landmarks and Outdoors,1,3.8918869499646886,3.7398332613884824,-0.15205368857620627
258,Landmarks and Outdoors,1,4.301796579858591,4.120483203872623,-0.18131337598596797
264,Landmarks and Outdoors,1,2.3521817884020426,2.737011447023783,0.38482965862174057
268,Landmarks and Outdoors,1,3.7771063112819245,3.7618010616170565,-0.015305249664868015
269,Landmarks and Outdoors,1,2.869453662718338,2.8849620480666847,0.015508385348346643
270,Landmarks and Outdoors,1,2.9720654372259165,3.652285395381153,0.6802199581552366
273,Landmarks and Outdoors,1,2.9343252052754503,2.931612024905423,-0.002713180370027324
274,Landmarks and Outdoors,1,3.403555306517492,3.386052286954311,-0.017503019563181343
280,Landmarks and Outdoors,1,4.498978333738492,4.565812279818465,0.0668339460799725
283,Landmarks and Outdoors,1,2.290765385874406,2.3293331031129005,0.03856771723849439
292,Landmarks and Outdoors,1,6.323155688732795,6.213805187406766,-0.10935050132602875
325,Landmarks and Outdoors,1,2.135362579460219,2.043409254121477,-0.09195332533874234
329,Landmarks and Outdoors,1,3.3181610273586135,3.34018649956018,0.022025472201566476
330,Landmarks and Outdoors,1,3.5703316667367035,3.569703114443784,-0.0006285522929196929
335,Landmarks and Outdoors,1,2.867945394751377,2.972610535707816,0.10466514095643875
337,Landmarks and Outdoors,1,3.84728819253424,3.705665140477077,-0.14162305205716308
340,Landmarks and Outdoors,1,2.9515527399128088,2.9337085773051035,-0.017844162607705272
345,Landmarks and Outdoors,1,2.3248748809041926,2.3718659742606816,0.04699109335648899
356,Landmarks and Outdoors,1,3.0371616881716648,3.1229363922776043,0.08577470410593957
360,Landmarks and Outdoors,1,2.8363416516081266,2.8378574248552164,0.0015157732470898466
363,Landmarks and Outdoors,1,2.656818357553643,2.670776617495796,0.013958259942152829
364,Landmarks and Outdoors,1,2.709856789455338,2.704010984577752,-0.005845804877585792
366,Landmarks and Outdoors,1,3.8140470239807263,3.6838617236266273,-0.13018530035409892
369,Landmarks and Outdoors,1,3.2898504859061877,3.4837776449199716,0.19392715901378388
373,Landmarks and Outdoors,1,3.839532471123416,3.8506022811476055,0.011069810024189497
382,Landmarks and Outdoors,1,2.9805602834740013,2.997591802852533,0.017031519378531534
396,Landmarks and Outdoors,1,4.301465797462567,4.258643067861455,-0.04282272960111211
400,Landmarks and Outdoors,1,2.7759834714594076,2.742594919919325,-0.03338855154008247
420,Landmarks and Outdoors,1,2.624444344577647,2.364781023666777,-0.2596633209108701
425,Landmarks and Outdoors,1,2.2740720826484857,2.2514535560171023,-0.022618526631383418
427,Landmarks and Outdoors,1,2.8423200530566115,2.882355185605782,0.04003513254917035
428,Landmarks and Outdoors,1,3.6030399220753715,3.509943559863664,-0.09309636221170736
432,Landmarks and Outdoors,1,2.4874982706479796,2.5842777416630813,0.09677947101510176
433,Landmarks and Outdoors,1,1.7128859810222974,1.7493383019079705,0.03645232088567307
445,Landmarks and Outdoors,1,3.3309212733023164,3.182621021986516,-0.1483002513158005
446,Landmarks and Outdoors,1,2.8425952311255474,2.911121243754748,0.06852601262920066
450,Landmarks and Outdoors,1,3.066624673441465,3.1839928287133596,0.11736815527189481
462,Landmarks and Outdoors,1,2.472908853492441,2.736037362889032,0.26312850939659116
464,Landmarks and Outdoors,1,3.4412605341892712,3.781833613181428,0.34057307899215683
468,Landmarks and Outdoors,1,3.738290623044069,3.8933972800085073,0.15510665696443837
471,Landmarks and Outdoors,1,7.994318521050442,7.649384799752604,-0.3449337212978376
477,Landmarks and Outdoors,1,2.1321118154511636,2.1550356058822495,0.022923790431085944
479,Landmarks and Outdoors,1,2.138775204135044,2.0861972123181514,-0.05257799181689249
480,Landmarks and Outdoors,1,2.483960893391843,2.5975401302219003,0.11357923683005744
482,Landmarks and Outdoors,1,3.8839113941725136,3.8435329292896445,-0.040378464882869114
493,Landmarks and Outdoors,1,1.9135199443045816,1.9045642426147524,-0.008955701689829176
497,Landmarks and Outdoors,1,4.758933337903189,5.139682012503894,0.3807486746007047
505,Landmarks and Outdoors,1,1.9597212830787845,2.0499198792196776,0.0901985961408931
506,Landmarks and Outdoors,1,1.9378622979046658,2.066692472264872,0.12883017436020605
513,Landmarks and Outdoors,1,2.096810722918748,2.154851744466017,0.05804102154726909
514,Landmarks and Outdoors,1,3.825709698657322,3.6716665260289334,-0.15404317262838862
519,Landmarks and Outdoors,1,3.971603924318419,4.887148784830602,0.915544860512183
523,Landmarks and Outdoors,1,3.626152898246049,3.3695947266612656,-0.25655817158478333
529,Landmarks and Outdoors,1,4.652439896306456,4.643148999045302,-0.009290897261154285
550,Landmarks and Outdoors,1,3.7059847330162654,3.658268804165112,-0.0477159288511535
555,Landmarks and Outdoors,1,2.6217046668303423,2.640407033730173,0.018702366899830736
558,Landmarks and Outdoors,1,2.9583082063989723,3.0219168539619394,0.06360864756296714
560,Landmarks and Outdoors,1,2.7162622881371803,3.3873109145777347,0.6710486264405544
586,Landmarks and Outdoors,1,5.444664434435385,5.943854164430181,0.4991897299947965
589,Landmarks and Outdoors,1,2.9744816172331308,2.763047431474302,-0.21143418575882889
591,Landmarks and Outdoors,1,3.3540744836099723,4.022649849401981,0.6685753657920088
595,Landmarks and Outdoors,1,3.042495064834708,3.0836007638734957,0.04110569903878769
596,Landmarks and Outdoors,1,2.813796076950275,2.9050062069378657,0.0912101299875907
600,Landmarks and Outdoors,1,3.206523090577657,4.011228646528883,0.8047055559512257
601,Landmarks and Outdoors,1,5.154355486913724,5.379195439395169,0.22483995248144506
605,Landmarks and Outdoors,1,1.9434776934050324,1.9423207598654362,-0.0011569335395962277
609,Landmarks and Outdoors,1,3.462859047724711,4.373802652871433,0.9109436051467217
611,Landmarks and Outdoors,1,4.025413481281198,3.800411651778706,-0.22500182950249226
614,Landmarks and Outdoors,1,5.663353643170614,5.9397101104146355,0.2763564672440211
615,Landmarks and Outdoors,1,4.2508711658696265,6.139697918156366,1.8888267522867395
625,Landmarks and Outdoors,1,2.624730376747647,2.709102611784031,0.08437223503638425
629,Landmarks and Outdoors,1,6.122158509422249,5.5274504002970595,-0.5947081091251896
633,Landmarks and Outdoors,1,2.9008472259760376,2.8804643442955147,-0.020382881680522935
634,Landmarks and Outdoors,1,3.6636292583079495,4.195757089950492,0.5321278316425424
635,Landmarks and Outdoors,1,3.649299523714368,3.624781864854355,-0.024517658860013114
642,Landmarks and Outdoors,1,3.6614809412846983,3.7259719035218026,0.06449096223710438
643,Landmarks and Outdoors,1,5.909901744256123,5.412393011399187,-0.49750873285693586
648,Landmarks and Outdoors,1,4.748330862863369,4.744076373776172,-0.004254489087196944
649,Landmarks and Outdoors,1,2.361972797956094,2.2646435402818805,-0.0973292576742133
657,Landmarks and Outdoors,1,6.690373439774637,6.861914485198458,0.17154104542382065
658,Landmarks and Outdoors,1,3.708262251349306,3.700622892687286,-0.007639358662020257
661,Landmarks and Outdoors,1,6.115272129003343,6.269116257710419,0.15384412870707553
674,Landmarks and Outdoors,1,5.486006225531229,5.772067623295955,0.28606139776472617
676,Landmarks and Outdoors,1,2.9409024928510954,3.0062104684022146,0.06530797555111922
683,Landmarks and Outdoors,1,5.865674135437478,6.193845577703144,0.3281714422656652
691,Landmarks and Outdoors,1,3.626000900159993,4.513707657708084,0.8877067575480906
694,Landmarks and Outdoors,1,2.4387398092390753,2.3211590042305525,-0.11758080500852275
707,Landmarks and Outdoors,1,4.087897825560027,4.408976492592068,0.32107866703204024
717,Landmarks and Outdoors,1,3.260194381431597,2.976318568442064,-0.2838758129895327
720,Landmarks and Outdoors,1,4.005087994064668,4.042877417383128,0.03778942331845947
722,Landmarks and Outdoors,1,3.872842888232637,3.9440920262883883,0.07124913805575117
726,Landmarks and Outdoors,1,5.539654485278018,5.041846064165291,-0.49780842111272694
729,Landmarks and Outdoors,1,3.335645371438578,4.216574681042316,0.8809293096037383
733,Landmarks and Outdoors,1,2.8897343522980083,3.161965056438776,0.27223070414076744
734,Landmarks and Outdoors,1,2.7181002879118203,2.7285534137621794,0.010453125850359068
737,Landmarks and Outdoors,1,3.341749780135995,2.9461871923251364,-0.3955625878108586
740,Landmarks and Outdoors,1,2.398000523312777,2.340024770296648,-0.057975753016128895
744,Landmarks and Outdoors,1,1.9765553315550304,2.00983459079593,0.033279259240899695
755,Landmarks and Outdoors,1,2.149471489843575,2.1448302153026395,-0.004641274540935658
765,Landmarks and Outdoors,1,5.654373712912973,5.597111493645665,-0.05726221926730801
769,Landmarks and Outdoors,1,7.965756238974709,7.939789705543935,-0.025966533430774597
773,Landmarks and Outdoors,1,3.877572899460649,3.8713126681409227,-0.006260231319726195
778,Landmarks and Outdoors,1,2.832827418357515,2.8029087121704004,-0.029918706187114452
779,Landmarks and Outdoors,1,4.01227971074826,3.993251513470322,-0.019028197277937586
784,Landmarks and Outdoors,1,3.091402978225277,2.914824931966576,-0.176578046258701
791,Landmarks and Outdoors,1,3.223529175304731,3.2443357370679973,0.02080656176326645
798,Landmarks and Outdoors,1,2.963110643767915,3.0103450815740653,0.04723443780615044
799,Landmarks and Outdoors,1,5.054763462651228,5.135045537684798,0.08028207503356999
801,Landmarks and Outdoors,1,4.072340467175893,4.281840155552289,0.209499688376396
804,Landmarks and Outdoors,1,3.014945570918149,3.1548739348710226,0.13992836395287345
805,Landmarks and Outdoors,1,2.7552427401345403,2.7712098342257825,0.015967094091242195
816,Landmarks and Outdoors,1,3.950895259567149,3.9527489137356437,0.0018536541684945895
819,Landmarks and Outdoors,1,3.0638545882457535,2.203414683443504,-0.8604399048022495
830,Landmarks and Outdoors,1,4.1972044825871,4.039678723686542,-0.1575257589005581
832,Landmarks and Outdoors,1,4.0901739715199685,3.781901244159651,-0.3082727273603174
837,Landmarks and Outdoors,1,3.7555433249515646,3.80894351181915,0.0534001868675853
843,Landmarks and Outdoors,1,4.054677333392288,4.065602365279585,0.010925031887297543
848,Landmarks and Outdoors,1,1.241742672853042,1.2015371737909146,-0.04020549906212745
859,Landmarks and Outdoors,1,2.1497189793141036,2.0860833400723235,-0.06363563924178006
861,Landmarks and Outdoors,1,2.851434453465016,2.798161325798981,-0.05327312766603498
864,Landmarks and Outdoors,1,2.8187807182220896,2.761229042756298,-0.05755167546579143
866,Landmarks and Outdoors,1,3.7980491396047533,3.9180417602345523,0.11999262062979899
875,Landmarks and Outdoors,1,5.747832165415646,5.899814772081595,0.15198260666594887
878,Landmarks and Outdoors,1,1.7971099206353847,1.8182871963075062,0.021177275672121576
879,Landmarks and Outdoors,1,4.857614403466086,4.851665418312777,-0.005948985153309216
887,Landmarks and Outdoors,1,3.128671141137878,3.222754617972199,0.09408347683432083
903,Landmarks and Outdoors,1,3.1567756552834756,4.12643470344968,0.9696590481662049
907,Landmarks and Outdoors,1,4.135919825128922,4.04743513447549,-0.08848469065343156
909,Landmarks and Outdoors,1,3.328537972241618,2.9880848256949974,-0.34045314654662073
912,Landmarks and Outdoors,1,3.514357830230157,3.5907880134666565,0.07643018323649953
915,Landmarks and Outdoors,1,3.7324313718977957,3.637370237659482,-0.09506113423831364
920,Landmarks and Outdoors,1,2.687158341941337,2.6770510110412276,-0.010107330900109623
927,Landmarks and Outdoors,1,2.751681505666836,2.716641155263622,-0.03504035040321396
929,Landmarks and Outdoors,1,2.898882952455717,2.8782989374099177,-0.02058401504579921
930,Landmarks and Outdoors,1,2.761528861829024,3.0134613885309047,0.2519325267018808
935,Landmarks and Outdoors,1,3.383331833072506,3.464487628453094,0.08115579538058793
938,Landmarks and Outdoors,1,2.244249956594005,2.2989954643678323,0.05474550777382747
941,Landmarks and Outdoors,1,3.153310285339737,3.149111363421573,-0.004198921918164178
944,Landmarks and Outdoors,1,2.6043056251421683,2.5547467472021514,-0.0495588779400169
947,Landmarks and Outdoors,1,2.5999390736247268,2.581767933968741,-0.018171139655985602
957,Landmarks and Outdoors,1,2.48842451789607,3.1284212585603535,0.6399967406642832
963,Landmarks and Outdoors,1,3.1180736219761815,2.970793564520574,-0.14728005745560768
978,Landmarks and Outdoors,1,2.4687904630420023,2.6521739879683324,0.18338352492633003
979,Landmarks and Outdoors,1,1.8390986730928591,1.8069383991501364,-0.032160273942722695
980,Landmarks and Outdoors,1,3.260277090672285,3.641867825847907,0.3815907351756218
981,Landmarks and Outdoors,1,2.4049802204849984,2.351910002768075,-0.05307021771692355
986,Landmarks and Outdoors,1,3.4978808715210405,3.545319912611146,0.04743904109010533
989,Landmarks and Outdoors,1,2.3225835849295247,2.8473364506242973,0.5247528656947726
997,Landmarks and Outdoors,1,4.240774528182572,3.724245273653387,-0.5165292545291855
1000,Landmarks and Outdoors,1,4.902552424745623,5.100283242320758,0.19773081757513555
1011,Landmarks and Outdoors,1,2.979110139663664,4.528400189568217,1.5492900499045525
1013,Landmarks and Outdoors,1,2.0876506073045156,2.2155691435748377,0.12791853627032213
1016,Landmarks and Outdoors,1,2.110186791424348,2.1239891288656065,0.013802337441258583
1018,Landmarks and Outdoors,1,4.431324649489095,4.417042091662684,-0.014282557826411413
1024,Landmarks and Outdoors,1,2.873830729064091,3.2200924352116935,0.3462617061476023
1027,Landmarks and Outdoors,1,4.601372594073455,4.288613603233015,-0.31275899084043957
1033,Landmarks and Outdoors,1,2.333201323745514,2.5479871567661956,0.21478583302068177
1037,Landmarks and Outdoors,1,2.5602124287627666,2.569237408716961,0.009024979954194379
1041,Landmarks and Outdoors,1,2.492820010485513,2.7722609697180083,0.27944095923249535
1042,Landmarks and Outdoors,1,3.178119577664945,3.1520116735929533,-0.026107904071991594
1061,Landmarks and Outdoors,1,3.241936334696209,3.284261133883134,0.04232479918692489
1065,Landmarks and Outdoors,1,2.479475708168281,2.4988097396087023,0.019334031440421562
1067,Landmarks and Outdoors,1,3.378637851279758,3.3661178644283383,-0.012519986851419862
1079,Landmarks and Outdoors,1,1.8520821147072348,2.076384109005061,0.22430199429782616
1087,Landmarks and Outdoors,1,3.425341013395143,3.413428073023306,-0.011912940371836989
1092,Landmarks and Outdoors,1,4.146084484677459,3.9142784285142533,-0.23180605616320582
1094,Landmarks and Outdoors,1,4.423250413555068,4.601389830897083,0.178139417342015
1108,Landmarks and Outdoors,1,2.888649793428822,3.6584897989923997,0.7698400055635775
1114,Landmarks and Outdoors,1,1.8902972215485807,1.8249435670241003,-0.06535365452448039
1117,Landmarks and Outdoors,1,2.9071303305480356,3.1282006472320876,0.22107031668405197
1118,Landmarks and Outdoors,1,2.4544878344661027,2.4719744563401713,0.017486621874068575
1120,Landmarks and Outdoors,1,3.0612122097587893,3.518314572903152,0.4571023631443629
1124,Landmarks and Outdoors,1,2.4527769601164646,2.534866600628696,0.08208964051223155
1126,Landmarks and Outdoors,1,4.577611972526568,4.269046667521672,-0.30856530500489576
1134,Landmarks and Outdoors,1,3.7583911575623294,3.7880806372207196,0.029689479658390194
1136,Landmarks and Outdoors,1,1.7866849748890008,1.5689707745119061,-0.21771420037709466
1138,Landmarks and Outdoors,1,4.680866836335059,4.890532740727699,0.2096659043926401
1146,Landmarks and Outdoors,1,3.0061343668022387,3.168753981766728,0.1626196149644894
1150,Landmarks and Outdoors,1,5.1168379856569715,5.062037514092435,-0.054800471564536046
1159,Landmarks and Outdoors,1,2.585435546367386,2.9886792967264215,0.4032437503590356
1161,Landmarks and Outdoors,1,2.8518771942997097,2.9981626104730754,0.14628541617336577
1164,Landmarks and Outdoors,1,3.327986078945414,3.410073730825309,0.08208765187989497
1169,Landmarks and Outdoors,1,7.107111314100368,6.842066464807105,-0.2650448492932629
1184,Landmarks and Outdoors,1,3.0391189616617327,2.8978291905582125,-0.14128977110352015
1185,Landmarks and Outdoors,1,4.879059520528977,5.553610545133925,0.6745510246049475
1186,Landmarks and Outdoors,1,2.807697970164683,3.649990351083021,0.8422923809183382
1187,Landmarks and Outdoors,1,2.455523630060305,2.1304421429046037,-0.3250814871557015
1192,Landmarks and Outdoors,1,4.064638991808154,4.2674124892959835,0.20277349748782925
1197,Landmarks and Outdoors,1,5.681437990943717,5.513320187104908,-0.16811780383880937
1208,Landmarks and Outdoors,1,3.941800344760172,3.998576531957869,0.05677618719769706
1214,Landmarks and Outdoors,1,5.899445556064144,5.927479319386675,0.028033763322531158
1218,Landmarks and Outdoors,1,7.277110125889763,7.574441351530341,0.297331225640578
1221,Landmarks and Outdoors,1,4.5127957830758785,4.494863402120892,-0.017932380954986726
1224,Landmarks and Outdoors,1,4.357493441619454,4.334908910255558,-0.022584531363896154
1228,Landmarks and Outdoors,1,3.3879150421168367,3.500765207511789,0.1128501653949523
1232,Landmarks and Outdoors,1,3.177009512766916,3.1178835340906286,-0.05912597867628744
2,Landmarks and Outdoors,2,5.0180255984498485,4.406484074820925,-0.6115415236289232
5,Landmarks and Outdoors,2,3.2153929194574857,4.069658249436659,0.8542653299791736
12,Landmarks and Outdoors,2,2.4274717225890354,2.481055062482525,0.05358333989348951
21,Landmarks and Outdoors,2,5.385291023395427,5.4984546534331535,0.11316363003772612
25,Landmarks and Outdoors,2,3.1280683465504593,3.5036904337300117,0.37562208717955237
36,Landmarks and Outdoors,2,2.0050709603263517,2.19822625294893,0.19315529262257813
37,Landmarks and Outdoors,2,2.215943257811017,2.8085647367496738,0.5926214789386566
49,Landmarks and Outdoors,2,3.485027824405078,3.565269974381354,0.08024214997627599
53,Landmarks and Outdoors,2,2.599107436156495,2.7284017839246504,0.1292943477681554
56,Landmarks and Outdoors,2,2.0459128925750565,2.1052605256647676,0.05934763308971114
64,Landmarks and Outdoors,2,6.203475238789368,4.219850727583228,-1.9836245112061395
67,Landmarks and Outdoors,2,2.8641318796050084,2.943758901443185,0.07962702183817649
69,Landmarks and Outdoors,2,3.9516225699459415,5.834850620056678,1.8832280501107368
72,Landmarks and Outdoors,2,2.40056597717942,2.400720205019398,0.00015422783997820488
74,Landmarks and Outdoors,2,3.970697470071218,4.317807859764912,0.347110389693694
77,Landmarks and Outdoors,2,2.501584888583907,2.5493373013264993,0.04775241274259212
84,Landmarks and Outdoors,2,2.111536191233065,2.1607231758866874,0.04918698465362237
90,Landmarks and Outdoors,2,3.212137939364232,4.077141974853927,0.8650040354896946
97,Landmarks and Outdoors,2,3.107970832812782,3.2622840413531318,0.15431320854034958
98,Landmarks and Outdoors,2,3.088896095021928,3.2437727290985867,0.15487663407665853
99,Landmarks and Outdoors,2,3.1507007454579243,4.987359034630245,1.8366582891723207
109,Landmarks and Outdoors,2,4.796165636718552,5.203302156927375,0.40713652020882307
111,Landmarks and Outdoors,2,4.673310323769867,4.824480562765618,0.15117023899575166
117,Landmarks and Outdoors,2,1.6147446776124956,1.8739636126690047,0.25921893505650906
118,Landmarks and Outdoors,2,1.3996616197236582,1.5334223304834431,0.1337607107597849
120,Landmarks and Outdoors,2,1.590205309105996,1.7686347853220323,0.17842947621603633
124,Landmarks and Outdoors,2,2.439396686929916,3.796132177213371,1.3567354902834552
126,Landmarks and Outdoors,2,5.35741997426128,5.263855164953677,-0.09356480930760291
130,Landmarks and Outdoors,2,3.5832607373307552,3.7684171680466854,0.18515643071593013
144,Landmarks and Outdoors,2,3.098325164556581,3.168790772451533,0.07046560789495215
149,Landmarks and Outdoors,2,2.7504630486960027,3.344400444339374,0.5939373956433713
150,Landmarks and Outdoors,2,3.5674270870402465,3.6630003960774973,0.09557330903725081
160,Landmarks and Outdoors,2,2.088884998802002,1.8092621376625146,-0.27962286113948753
164,Landmarks and Outdoors,2,2.0878247182267944,1.9801734389003376,-0.1076512793264568
166,Landmarks and Outdoors,2,3.0742581569146648,3.4788825740569767,0.4046244171423119
173,Landmarks and Outdoors,2,2.0344320176064943,3.6920782630416733,1.657646245435179
186,Landmarks and Outdoors,2,1.9988973020270724,2.0844060021426287,0.08550870011555634
189,Landmarks and Outdoors,2,3.8619416760250846,4.006342018503231,0.14440034247814637
199,Landmarks and Outdoors,2,5.524269618738086,6.081073199938851,0.5568035812007652
206,Landmarks and Outdoors,2,3.697296737699345,3.4484446728300893,-0.2488520648692556
208,Landmarks and Outdoors,2,4.879290051527073,5.02418340075238,0.14489334922530617
209,Landmarks and Outdoors,2,2.9565640782505636,2.6379650203547245,-0.3185990578958391
212,Landmarks and Outdoors,2,2.351523873589208,2.403962261131708,0.0524383875425003
213,Landmarks and Outdoors,2,2.721461481896759,2.5873910302004886,-0.13407045169627052
220,Landmarks and Outdoors,2,3.487603082213645,5.512399670602131,2.0247965883884866
223,Landmarks and Outdoors,2,5.632521059295711,6.549770795080384,0.9172497357846732
234,Landmarks and Outdoors,2,5.566811573251901,5.382099720983315,-0.18471185226858555
237,Landmarks and Outdoors,2,4.383398643403752,4.791363008226126,0.40796436482237386
244,Landmarks and Outdoors,2,2.9379274409627705,4.920604254128284,1.9826768131655133
245,Landmarks and Outdoors,2,2.906648172124192,4.317275589607114,1.4106274174829219
251,Landmarks and Outdoors,2,4.835703038568363,4.506843966837904,-0.32885907173045936
253,Landmarks and Outdoors,2,3.8918869499646886,3.6317320735326257,-0.2601548764320629
258,Landmarks and Outdoors,2,4.301796579858591,4.007644047938033,-0.2941525319205578
264,Landmarks and Outdoors,2,2.3521817884020426,3.4821524853586125,1.12997069695657
268,Landmarks and Outdoors,2,3.7771063112819245,3.7120587050257647,-0.0650476062561598
269,Landmarks and Outdoors,2,2.869453662718338,3.6283911622616856,0.7589374995433475
270,Landmarks and Outdoors,2,2.9720654372259165,3.8715845270337006,0.8995190898077841
273,Landmarks and Outdoors,2,2.9343252052754503,2.841954864711403,-0.09237034056404747
274,Landmarks and Outdoors,2,3.403555306517492,3.6246751567422093,0.22111985022471714
280,Landmarks and Outdoors,2,4.498978333738492,5.0681016228394675,0.5691232891009754
283,Landmarks and Outdoors,2,2.290765385874406,2.4395336815475037,0.14876829567309757
292,Landmarks and Outdoors,2,6.323155688732795,6.199182228238692,-0.12397346049410274
325,Landmarks and Outdoors,2,2.135362579460219,1.9171857060115243,-0.21817687344869485
329,Landmarks and Outdoors,2,3.3181610273586135,3.3486731348034264,0.03051210744481292
330,Landmarks and Outdoors,2,3.5703316667367035,3.562686895140269,-0.00764477159643473
335,Landmarks and Outdoors,2,2.867945394751377,3.0633891524091035,0.19544375765772637
337,Landmarks and Outdoors,2,3.84728819253424,3.5911906105492566,-0.25609758198498334
340,Landmarks and Outdoors,2,2.9515527399128088,2.9280531522801403,-0.02349958763266846
345,Landmarks and Outdoors,2,2.3248748809041926,2.468001627634943,0.1431267467307502
356,Landmarks and Outdoors,2,3.0371616881716648,4.166849705385774,1.129688017214109
360,Landmarks and Outdoors,2,2.8363416516081266,2.8549977878134687,0.018656136205342122
363,Landmarks and Outdoors,2,2.656818357553643,2.6878599733313826,0.031041615777739562
364,Landmarks and Outdoors,2,2.709856789455338,2.7179454463268806,0.00808865687154281
366,Landmarks and Outdoors,2,3.8140470239807263,3.4961455297813586,-0.31790149419936764
369,Landmarks and Outdoors,2,3.2898504859061877,3.729149927450626,0.43929944154443845
373,Landmarks and Outdoors,2,3.839532471123416,3.81171442196743,-0.027818049155985847
382,Landmarks and Outdoors,2,2.9805602834740013,3.25361830917301,0.27305802569900894
396,Landmarks and Outdoors,2,4.301465797462567,4.213541480001453,-0.0879243174611144
400,Landmarks and Outdoors,2,2.7759834714594076,2.7999358547965447,0.023952383337137118
420,Landmarks and Outdoors,2,2.624444344577647,2.266584217481189,-0.35786012709645787
425,Landmarks and Outdoors,2,2.2740720826484857,2.2526754527737385,-0.02139662987474722
427,Landmarks and Outdoors,2,2.8423200530566115,2.7199605433192104,-0.12235950973740106
428,Landmarks and Outdoors,2,3.6030399220753715,3.4197399704514218,-0.18329995162394974
432,Landmarks and Outdoors,2,2.4874982706479796,2.7156378079124153,0.2281395372644357
433,Landmarks and Outdoors,2,1.7128859810222974,1.888519812250588,0.17563383122829057
445,Landmarks and Outdoors,2,3.3309212733023164,3.113406000770219,-0.21751527253209746
446,Landmarks and Outdoors,2,2.8425952311255474,2.879047363431697,0.03645213230614974
450,Landmarks and Outdoors,2,3.066624673441465,3.307737622627876,0.24111294918641102
462,Landmarks and Outdoors,2,2.472908853492441,3.4105096248693494,0.9376007713769083
464,Landmarks and Outdoors,2,3.4412605341892712,4.029717701677233,0.5884571674879622
468,Landmarks and Outdoors,2,3.738290623044069,4.021252164572033,0.28296154152796404
471,Landmarks and Outdoors,2,7.994318521050442,7.426097648843408,-0.5682208722070339
477,Landmarks and Outdoors,2,2.1321118154511636,2.0516061372286414,-0.08050567822252219
479,Landmarks and Outdoors,2,2.138775204135044,2.1395018303005924,0.0007266261655485273
480,Landmarks and Outdoors,2,2.483960893391843,2.639387157941581,0.15542626454973796
482,Landmarks and Outdoors,2,3.8839113941725136,3.985344229781345,0.10143283560883143
493,Landmarks and Outdoors,2,1.9135199443045816,1.9313543934525648,0.017834449147983156
497,Landmarks and Outdoors,2,4.758933337903189,5.643614820905914,0.8846814830027254
505,Landmarks and Outdoors,2,1.9597212830787845,2.169161884388379,0.2094406013095944
506,Landmarks and Outdoors,2,1.9378622979046658,2.187824935167262,0.24996263726259604
513,Landmarks and Outdoors,2,2.096810722918748,2.2113680842644143,0.1145573613456663
514,Landmarks and Outdoors,2,3.825709698657322,4.245894752629145,0.4201850539718226
519,Landmarks and Outdoors,2,3.971603924318419,5.301872705943602,1.3302687816251826
523,Landmarks and Outdoors,2,3.626152898246049,3.0423611255467393,-0.5837917726993096
529,Landmarks and Outdoors,2,4.652439896306456,4.532831704195759,-0.11960819211069662
550,Landmarks and Outdoors,2,3.7059847330162654,3.647259819199868,-0.05872491381639744
555,Landmarks and Outdoors,2,2.6217046668303423,2.65019514635876,0.028490479528417545
558,Landmarks and Outdoors,2,2.9583082063989723,2.8509530566313623,-0.10735514976760996
560,Landmarks and Outdoors,2,2.7162622881371803,3.5684426771918423,0.852180389054662
586,Landmarks and Outdoors,2,5.444664434435385,6.399621582574919,0.9549571481395338
589,Landmarks and Outdoors,2,2.9744816172331308,2.7529587509272195,-0.22152286630591123
591,Landmarks and Outdoors,2,3.3540744836099723,4.784966475218402,1.43089199160843
595,Landmarks and Outdoors,2,3.042495064834708,3.4105471137023,0.3680520488675918
596,Landmarks and Outdoors,2,2.813796076950275,3.0074340365496166,0.1936379595993416
600,Landmarks and Outdoors,2,3.206523090577657,4.2722317133389325,1.0657086227612753
601,Landmarks and Outdoors,2,5.154355486913724,5.562795256314596,0.40843976940087146
605,Landmarks and Outdoors,2,1.9434776934050324,1.9455781402335146,0.0021004468284822053
609,Landmarks and Outdoors,2,3.462859047724711,4.62085225583049,1.157993208105779
611,Landmarks and Outdoors,2,4.025413481281198,3.5133119100072028,-0.5121015712739956
614,Landmarks and Outdoors,2,5.663353643170614,6.293919647707222,0.6305660045366075
615,Landmarks and Outdoors,2,4.2508711658696265,6.617531954788652,2.3666607889190256
625,Landmarks and Outdoors,2,2.624730376747647,2.8449734510266707,0.2202430742790238
629,Landmarks and Outdoors,2,6.122158509422249,4.292232487403419,-1.8299260220188298
633,Landmarks and Outdoors,2,2.9008472259760376,2.8634797329415704,-0.03736749303446718
634,Landmarks and Outdoors,2,3.6636292583079495,4.245693393859166,0.5820641355512164
635,Landmarks and Outdoors,2,3.649299523714368,6.7402091311481485,3.0909096074337805
642,Landmarks and Outdoors,2,3.6614809412846983,3.687734368527262,0.02625342724256363
643,Landmarks and Outdoors,2,5.909901744256123,4.517768799685786,-1.3921329445703368
648,Landmarks and Outdoors,2,4.748330862863369,4.701197585031246,-0.04713327783212318
649,Landmarks and Outdoors,2,2.361972797956094,2.317403246099721,-0.04456955185637268
657,Landmarks and Outdoors,2,6.690373439774637,7.063235450358945,0.3728620105843081
658,Landmarks and Outdoors,2,3.708262251349306,3.691383390363108,-0.016878860986198063
661,Landmarks and Outdoors,2,6.115272129003343,6.01788554936817,-0.09738657963517294
674,Landmarks and Outdoors,2,5.486006225531229,5.89413560911515,0.4081293835839208
676,Landmarks and Outdoors,2,2.9409024928510954,3.2080121772764225,0.2671096844253271
683,Landmarks and Outdoors,2,5.865674135437478,6.483886897257774,0.6182127618202955
691,Landmarks and Outdoors,2,3.626000900159993,4.976864904543293,1.3508640043832996
694,Landmarks and Outdoors,2,2.4387398092390753,2.2327929878324495,-0.2059468214066258
707,Landmarks and Outdoors,2,4.087897825560027,4.660848331826017,0.5729505062659896
717,Landmarks and Outdoors,2,3.260194381431597,2.7610319943527095,-0.49916238707888727
720,Landmarks and Outdoors,2,4.005087994064668,4.094258726408141,0.08917073234347228
722,Landmarks and Outdoors,2,3.872842888232637,4.034305803918023,0.1614629156853855
726,Landmarks and Outdoors,2,5.539654485278018,4.1602929764967165,-1.3793615087813018
729,Landmarks and Outdoors,2,3.335645371438578,5.049360693658057,1.7137153222194792
733,Landmarks and Outdoors,2,2.8897343522980083,3.265483952719138,0.3757496004211296
734,Landmarks and Outdoors,2,2.7181002879118203,2.8165830096775233,0.09848272176570294
737,Landmarks and Outdoors,2,3.341749780135995,2.6724654274244743,-0.6692843527115206
740,Landmarks and Outdoors,2,2.398000523312777,2.2864381002390255,-0.1115624230737513
744,Landmarks and Outdoors,2,1.9765553315550304,2.0786581583846364,0.10210282682960603
755,Landmarks and Outdoors,2,2.149471489843575,2.4742930127218603,0.32482152287828514
765,Landmarks and Outdoors,2,5.654373712912973,3.3323729581742185,-2.3220007547387542
769,Landmarks and Outdoors,2,7.965756238974709,7.772492952775185,-0.1932632861995245
773,Landmarks and Outdoors,2,3.877572899460649,3.869039516719105,-0.008533382741543694
778,Landmarks and Outdoors,2,2.832827418357515,2.6801471754225403,-0.1526802429349745
779,Landmarks and Outdoors,2,4.01227971074826,3.9144778863622385,-0.09780182438602125
784,Landmarks and Outdoors,2,3.091402978225277,4.827299855955913,1.735896877730636
791,Landmarks and Outdoors,2,3.223529175304731,3.3008476991752667,0.07731852387053584
798,Landmarks and Outdoors,2,2.963110643767915,3.030686197078617,0.06757555331070231
799,Landmarks and Outdoors,2,5.054763462651228,5.1139267333224385,0.05916327067121063
801,Landmarks and Outdoors,2,4.072340467175893,4.263564534762809,0.19122406758691568
804,Landmarks and Outdoors,2,3.014945570918149,3.588877946409254,0.573932375491105
805,Landmarks and Outdoors,2,2.7552427401345403,2.8067691419064227,0.05152640177188239
816,Landmarks and Outdoors,2,3.950895259567149,3.9469200010505325,-0.00397525851661662
819,Landmarks and Outdoors,2,3.0638545882457535,2.334689205464522,-0.7291653827812317
830,Landmarks and Outdoors,2,4.1972044825871,3.9064544842444815,-0.2907499983426187
832,Landmarks and Outdoors,2,4.0901739715199685,3.532270687558798,-0.5579032839611706
837,Landmarks and Outdoors,2,3.7555433249515646,3.909951774545267,0.15440844959370237
843,Landmarks and Outdoors,2,4.054677333392288,4.488286371549247,0.43360903815695906
848,Landmarks and Outdoors,2,1.241742672853042,1.3131831996794672,0.0714405268264251
859,Landmarks and Outdoors,2,2.1497189793141036,2.0114840922170254,-0.1382348870970782
861,Landmarks and Outdoors,2,2.851434453465016,2.7969823447435616,-0.05445210872145445
864,Landmarks and Outdoors,2,2.8187807182220896,2.7766376607202723,-0.04214305750181735
866,Landmarks and Outdoors,2,3.7980491396047533,3.986134751256806,0.18808561165205262
875,Landmarks and Outdoors,2,5.747832165415646,6.006945818525448,0.25911365310980194
878,Landmarks and Outdoors,2,1.7971099206353847,2.3233346662490293,0.5262247456136446
879,Landmarks and Outdoors,2,4.857614403466086,4.796557951323198,-0.06105645214288824
887,Landmarks and Outdoors,2,3.128671141137878,3.1444521451579885,0.01578100402011051
903,Landmarks and Outdoors,2,3.1567756552834756,4.676257721393698,1.5194820661102226
907,Landmarks and Outdoors,2,4.135919825128922,4.000104329196395,-0.13581549593252706
909,Landmarks and Outdoors,2,3.328537972241618,2.9618138561669607,-0.3667241160746575
912,Landmarks and Outdoors,2,3.514357830230157,3.6483958162491437,0.13403798601898664
915,Landmarks and Outdoors,2,3.7324313718977957,3.553217780237805,-0.17921359165999062
920,Landmarks and Outdoors,2,2.687158341941337,2.684369823635423,-0.0027885183059139784
927,Landmarks and Outdoors,2,2.751681505666836,2.709060933997441,-0.04262057166939481
929,Landmarks and Outdoors,2,2.898882952455717,2.809674939572748,-0.08920801288296909
930,Landmarks and Outdoors,2,2.761528861829024,3.252810233511749,0.4912813716827249
935,Landmarks and Outdoors,2,3.383331833072506,3.69871830165296,0.3153864685804537
938,Landmarks and Outdoors,2,2.244249956594005,2.369973016732094,0.12572306013808898
941,Landmarks and Outdoors,2,3.153310285339737,3.1468007138005802,-0.0065095715391567666
944,Landmarks and Outdoors,2,2.6043056251421683,2.5489707846722376,-0.05533484046993076
947,Landmarks and Outdoors,2,2.5999390736247268,2.5591908609187177,-0.040748212706009035
957,Landmarks and Outdoors,2,2.48842451789607,5.387924416521178,2.899499898625108
963,Landmarks and Outdoors,2,3.1180736219761815,2.8684653004083813,-0.24960832156780022
978,Landmarks and Outdoors,2,2.4687904630420023,2.7394644338999417,0.2706739708579393
979,Landmarks and Outdoors,2,1.8390986730928591,1.784439240100375,-0.0546594329924841
980,Landmarks and Outdoors,2,3.260277090672285,3.69903540512974,0.4387583144574547
981,Landmarks and Outdoors,2,2.4049802204849984,2.3535787420500283,-0.051401478434970116
986,Landmarks and Outdoors,2,3.4978808715210405,3.6213443993728616,0.12346352785182102
989,Landmarks and Outdoors,2,2.3225835849295247,3.2178971654171584,0.8953135804876338
997,Landmarks and Outdoors,2,4.240774528182572,4.05589395076187,-0.18488057742070207
1000,Landmarks and Outdoors,2,4.902552424745623,4.882743404636063,-0.01980902010955976
1011,Landmarks and Outdoors,2,2.979110139663664,5.827379884862434,2.8482697451987695
1013,Landmarks and Outdoors,2,2.0876506073045156,2.3666821221325463,0.2790315148280307
1016,Landmarks and Outdoors,2,2.110186791424348,2.0841324737642095,-0.026054317660138437
1018,Landmarks and Outdoors,2,4.431324649489095,4.151678729782388,-0.2796459197067076
1024,Landmarks and Outdoors,2,2.873830729064091,3.356143126560604,0.4823123974965129
1027,Landmarks and Outdoors,2,4.601372594073455,3.8246546925606273,-0.7767179015128276
1033,Landmarks and Outdoors,2,2.333201323745514,2.958133877976094,0.6249325542305804
1037,Landmarks and Outdoors,2,2.5602124287627666,2.5872949751822714,0.027082546419504805
1041,Landmarks and Outdoors,2,2.492820010485513,2.9153136169895038,0.4224936065039908
1042,Landmarks and Outdoors,2,3.178119577664945,3.3220474231256336,0.1439278454606887
1061,Landmarks and Outdoors,2,3.241936334696209,3.3084292940800752,0.06649295938386635
1065,Landmarks and Outdoors,2,2.479475708168281,2.7581884660125615,0.27871275784428073
1067,Landmarks and Outdoors,2,3.378637851279758,3.3702113974933443,-0.008426453786413823
1079,Landmarks and Outdoors,2,1.8520821147072348,2.4977459279512004,0.6456638132439656
1087,Landmarks and Outdoors,2,3.425341013395143,3.3808668662882035,-0.04447414710693964
1092,Landmarks and Outdoors,2,4.146084484677459,3.7551995792867765,-0.39088490539068266
1094,Landmarks and Outdoors,2,4.423250413555068,4.714702224010255,0.29145181045518687
1108,Landmarks and Outdoors,2,2.888649793428822,4.9998096004263,2.1111598069974775
1114,Landmarks and Outdoors,2,1.8902972215485807,1.804115007881936,-0.0861822136666448
1117,Landmarks and Outdoors,2,2.9071303305480356,3.310809251341027,0.4036789207929914
1118,Landmarks and Outdoors,2,2.4544878344661027,2.6525927548070074,0.19810492034090466
1120,Landmarks and Outdoors,2,3.0612122097587893,5.553975221236051,2.492763011477262
1124,Landmarks and Outdoors,2,2.4527769601164646,2.628809011959647,0.17603205184318238
1126,Landmarks and Outdoors,2,4.577611972526568,4.218157076824932,-0.3594548957016359
1134,Landmarks and Outdoors,2,3.7583911575623294,3.756584515114307,-0.001806642448022533
1136,Landmarks and Outdoors,2,1.7866849748890008,2.493567989311367,0.7068830144223663
1138,Landmarks and Outdoors,2,4.680866836335059,4.766703040836476,0.08583620450141716
1146,Landmarks and Outdoors,2,3.0061343668022387,3.433412084369013,0.42727771756677413
1150,Landmarks and Outdoors,2,5.1168379856569715,4.987342204534427,-0.12949578112254478
1159,Landmarks and Outdoors,2,2.585435546367386,3.2482049553845442,0.6627694090171583
1161,Landmarks and Outdoors,2,2.8518771942997097,4.118874604959217,1.2669974106595072
1164,Landmarks and Outdoors,2,3.327986078945414,3.453521583966734,0.12553550502132005
1169,Landmarks and Outdoors,2,7.107111314100368,6.311725038710317,-0.7953862753900509
1184,Landmarks and Outdoors,2,3.0391189616617327,4.233436233656549,1.1943172719948167
1185,Landmarks and Outdoors,2,4.879059520528977,6.008738317551229,1.129678797022252
1186,Landmarks and Outdoors,2,2.807697970164683,3.798271076468315,0.990573106303632
1187,Landmarks and Outdoors,2,2.455523630060305,2.43868780382622,-0.016835826234085083
1192,Landmarks and Outdoors,2,4.064638991808154,4.401965580780489,0.3373265889723349
1197,Landmarks and Outdoors,2,5.681437990943717,5.002504187331648,-0.6789338036120691
1208,Landmarks and Outdoors,2,3.941800344760172,3.9219619410443967,-0.0198384037157755
1214,Landmarks and Outdoors,2,5.899445556064144,5.759582882103172,-0.1398626739609723
1218,Landmarks and Outdoors,2,7.277110125889763,3.7867985186648245,-3.4903116072249385
1221,Landmarks and Outdoors,2,4.5127957830758785,4.338436897677125,-0.17435888539875322
1224,Landmarks and Outdoors,2,4.357493441619454,4.265721301131894,-0.09177214048756
1228,Landmarks and Outdoors,2,3.3879150421168367,3.6269864875222084,0.23907144540537173
1232,Landmarks and Outdoors,2,3.177009512766916,3.3246800544111696,0.14767054164425364
2,Landmarks and Outdoors,3,5.0180255984498485,3.596385538523368,-1.4216400599264807
5,Landmarks and Outdoors,3,3.2153929194574857,4.5092687886159455,1.2938758691584598
12,Landmarks and Outdoors,3,2.4274717225890354,2.5343844963876694,0.10691277379863395
21,Landmarks and Outdoors,3,5.385291023395427,5.579746676705566,0.19445565331013892
25,Landmarks and Outdoors,3,3.1280683465504593,3.643063441403794,0.5149950948533348
36,Landmarks and Outdoors,3,2.0050709603263517,2.3590249401945513,0.35395397986819965
37,Landmarks and Outdoors,3,2.215943257811017,4.446372587567556,2.2304293297565385
49,Landmarks and Outdoors,3,3.485027824405078,3.001055960022578,-0.48397186438250017
53,Landmarks and Outdoors,3,2.599107436156495,2.803537825331471,0.20443038917497613
56,Landmarks and Outdoors,3,2.0459128925750565,2.1545903757050953,0.10867748313003878
64,Landmarks and Outdoors,3,6.203475238789368,3.8937672466335997,-2.309707992155768
67,Landmarks and Outdoors,3,2.8641318796050084,3.0061273591307396,0.14199547952573122
69,Landmarks and Outdoors,3,3.9516225699459415,5.936829075339591,1.9852065053936494
72,Landmarks and Outdoors,3,2.40056597717942,2.700641011115279,0.3000750339358591
74,Landmarks and Outdoors,3,3.970697470071218,4.24600856306121,0.275311092989992
77,Landmarks and Outdoors,3,2.501584888583907,2.5551461738110897,0.05356128522718251
84,Landmarks and Outdoors,3,2.111536191233065,2.2074262817880674,0.09589009055500242
90,Landmarks and Outdoors,3,3.212137939364232,4.101294415675139,0.889156476310907
97,Landmarks and Outdoors,3,3.107970832812782,3.3506689650244255,0.24269813221164327
98,Landmarks and Outdoors,3,3.088896095021928,3.297652655046814,0.20875656002488574
99,Landmarks and Outdoors,3,3.1507007454579243,5.103772222287574,1.95307147682965
109,Landmarks and Outdoors,3,4.796165636718552,5.450315204528267,0.6541495678097151
111,Landmarks and Outdoors,3,4.673310323769867,4.892227553450745,0.21891722968087812
117,Landmarks and Outdoors,3,1.6147446776124956,2.156724854686628,0.5419801770741322
118,Landmarks and Outdoors,3,1.3996616197236582,1.597305704983759,0.1976440852601007
120,Landmarks and Outdoors,3,1.590205309105996,1.8886259177679448,0.29842060866194875
124,Landmarks and Outdoors,3,2.439396686929916,3.8396737489075337,1.4002770619776177
126,Landmarks and Outdoors,3,5.35741997426128,2.9461017433100642,-2.4113182309512156
130,Landmarks and Outdoors,3,3.5832607373307552,4.0047839520391335,0.4215232147083783
144,Landmarks and Outdoors,3,3.098325164556581,3.2086182339062894,0.11029306934970862
149,Landmarks and Outdoors,3,2.7504630486960027,3.6041629829105677,0.853699934214565
150,Landmarks and Outdoors,3,3.5674270870402465,3.6942866100673752,0.12685952302712877
160,Landmarks and Outdoors,3,2.088884998802002,1.770519710076879,-0.31836528872512315
164,Landmarks and Outdoors,3,2.0878247182267944,1.9651637513447269,-0.12266096688206751
166,Landmarks and Outdoors,3,3.0742581569146648,3.581604172084323,0.507346015169658
173,Landmarks and Outdoors,3,2.0344320176064943,4.312238217313986,2.277806199707492
186,Landmarks and Outdoors,3,1.9988973020270724,3.0536316092269944,1.054734307199922
189,Landmarks and Outdoors,3,3.8619416760250846,3.496389605306425,-0.36555207071865947
199,Landmarks and Outdoors,3,5.524269618738086,6.242265159540033,0.7179955408019474
206,Landmarks and Outdoors,3,3.697296737699345,3.4356240741831723,-0.2616726635161726
208,Landmarks and Outdoors,3,4.879290051527073,5.144840102841298,0.26555005131422416
209,Landmarks and Outdoors,3,2.9565640782505636,2.6973781404507053,-0.2591859377998582
212,Landmarks and Outdoors,3,2.351523873589208,2.4040042813997022,0.052480407810494345
213,Landmarks and Outdoors,3,2.721461481896759,2.8942763477084066,0.1728148658116475
220,Landmarks and Outdoors,3,3.487603082213645,5.3109034565567885,1.8233003743431437
223,Landmarks and Outdoors,3,5.632521059295711,6.938432407211312,1.3059113479156013
234,Landmarks and Outdoors,3,5.566811573251901,5.271870988829104,-0.2949405844227968
237,Landmarks and Outdoors,3,4.383398643403752,4.998119645424033,0.6147210020202811
244,Landmarks and Outdoors,3,2.9379274409627705,4.82180894269427,1.8838815017314996
245,Landmarks and Outdoors,3,2.906648172124192,4.494466967731045,1.5878187956068528
251,Landmarks and Outdoors,3,4.835703038568363,4.4180283271963425,-0.4176747113720207
253,Landmarks and Outdoors,3,3.8918869499646886,3.5570453222336833,-0.33484162773100534
258,Landmarks and Outdoors,3,4.301796579858591,3.859974584497784,-0.4418219953608067
264,Landmarks and Outdoors,3,2.3521817884020426,3.6054174756157016,1.253235687213659
268,Landmarks and Outdoors,3,3.7771063112819245,4.736268732894617,0.9591624216126924
269,Landmarks and Outdoors,3,2.869453662718338,4.312428759219685,1.442975096501347
270,Landmarks and Outdoors,3,2.9720654372259165,3.9519504785134205,0.979885041287504
273,Landmarks and Outdoors,3,2.9343252052754503,7.060802619443347,4.126477414167897
274,Landmarks and Outdoors,3,3.403555306517492,3.928911001217588,0.5253556947000959
280,Landmarks and Outdoors,3,4.498978333738492,5.556300461296684,1.0573221275581917
283,Landmarks and Outdoors,3,2.290765385874406,2.4446869415575296,0.1539215556831235
292,Landmarks and Outdoors,3,6.323155688732795,6.200047470752665,-0.12310821798013016
325,Landmarks and Outdoors,3,2.135362579460219,1.7675512811446912,-0.36781129831552795
329,Landmarks and Outdoors,3,3.3181610273586135,3.3440938827299362,0.025932855371322727
330,Landmarks and Outdoors,3,3.5703316667367035,3.55141551789906,-0.018916148837643476
335,Landmarks and Outdoors,3,2.867945394751377,3.126869280303814,0.25892388555243695
337,Landmarks and Outdoors,3,3.84728819253424,3.5179559462962926,-0.3293322462379473
340,Landmarks and Outdoors,3,2.9515527399128088,2.9363321911177476,-0.015220548795061184
345,Landmarks and Outdoors,3,2.3248748809041926,3.4316705260332077,1.106795645129015
356,Landmarks and Outdoors,3,3.0371616881716648,4.601431508101153,1.5642698199294882
360,Landmarks and Outdoors,3,2.8363416516081266,2.919253347485834,0.08291169587770764
363,Landmarks and Outdoors,3,2.656818357553643,2.6712484416277533,0.014430084074110283
364,Landmarks and Outdoors,3,2.709856789455338,5.005187938814355,2.2953311493590176
366,Landmarks and Outdoors,3,3.8140470239807263,4.6510122704303125,0.8369652464495863
369,Landmarks and Outdoors,3,3.2898504859061877,3.965153551249516,0.6753030653433285
373,Landmarks and Outdoors,3,3.839532471123416,3.731733533845339,-0.10779893727807721
382,Landmarks and Outdoors,3,2.9805602834740013,4.002521696558986,1.021961413084985
396,Landmarks and Outdoors,3,4.301465797462567,4.174517850312549,-0.12694794715001834
400,Landmarks and Outdoors,3,2.7759834714594076,7.027480106681715,4.251496635222307
420,Landmarks and Outdoors,3,2.624444344577647,2.2221572287587317,-0.4022871158189152
425,Landmarks and Outdoors,3,2.2740720826484857,2.259214157850562,-0.014857924797923694
427,Landmarks and Outdoors,3,2.8423200530566115,2.149379382882573,-0.6929406701740386
428,Landmarks and Outdoors,3,3.6030399220753715,3.3293431840261203,-0.2736967380492512
432,Landmarks and Outdoors,3,2.4874982706479796,2.877385224891226,0.3898869542432464
433,Landmarks and Outdoors,3,1.7128859810222974,2.1197578403317494,0.406871859309452
445,Landmarks and Outdoors,3,3.3309212733023164,3.0758927088278813,-0.255028564474435
446,Landmarks and Outdoors,3,2.8425952311255474,2.749016362759485,-0.09357886836606255
450,Landmarks and Outdoors,3,3.066624673441465,3.420438644863212,0.3538139714217472
462,Landmarks and Outdoors,3,2.472908853492441,4.184562939644783,1.711654086152342
464,Landmarks and Outdoors,3,3.4412605341892712,4.173081584389437,0.7318210502001659
468,Landmarks and Outdoors,3,3.738290623044069,4.1199287479200075,0.3816381248759386
471,Landmarks and Outdoors,3,7.994318521050442,7.260435876648754,-0.7338826444016879
477,Landmarks and Outdoors,3,2.1321118154511636,1.9597697792666973,-0.1723420361844663
479,Landmarks and Outdoors,3,2.138775204135044,2.372593240290088,0.23381803615504415
480,Landmarks and Outdoors,3,2.483960893391843,2.672307098218868,0.18834620482702524
482,Landmarks and Outdoors,3,3.8839113941725136,4.1733249290965,0.2894135349239866
493,Landmarks and Outdoors,3,1.9135199443045816,2.5671690688894193,0.6536491245848377
497,Landmarks and Outdoors,3,4.758933337903189,5.94684173475947,1.1879083968562814
505,Landmarks and Outdoors,3,1.9597212830787845,2.324505306286902,0.3647840232081174
506,Landmarks and Outdoors,3,1.9378622979046658,2.313872853213189,0.3760105553085231
513,Landmarks and Outdoors,3,2.096810722918748,2.2971914351546054,0.2003807122358574
514,Landmarks and Outdoors,3,3.825709698657322,4.1456564034800385,0.3199467048227165
519,Landmarks and Outdoors,3,3.971603924318419,5.717236571566607,1.745632647248188
523,Landmarks and Outdoors,3,3.626152898246049,2.9364538171286982,-0.6896990811173507
529,Landmarks and Outdoors,3,4.652439896306456,4.329866269954985,-0.32257362635147135
550,Landmarks and Outdoors,3,3.7059847330162654,3.6277528201854583,-0.0782319128308071
555,Landmarks and Outdoors,3,2.6217046668303423,2.663292117169147,0.04158745033880473
558,Landmarks and Outdoors,3,2.9583082063989723,4.053620687477036,1.0953124810780634
560,Landmarks and Outdoors,3,2.7162622881371803,3.5363549668691316,0.8200926787319514
586,Landmarks and Outdoors,3,5.444664434435385,6.528070835454454,1.0834064010190687
589,Landmarks and Outdoors,3,2.9744816172331308,4.54113221321825,1.5666505959851196
591,Landmarks and Outdoors,3,3.3540744836099723,5.0205855885043755,1.6665111048944032
595,Landmarks and Outdoors,3,3.042495064834708,3.6739748521043882,0.6314797872696802
596,Landmarks and Outdoors,3,2.813796076950275,3.126122239804473,0.3123261628541978
600,Landmarks and Outdoors,3,3.206523090577657,4.267668646305495,1.0611455557278378
601,Landmarks and Outdoors,3,5.154355486913724,5.357722313482531,0.2033668265688071
605,Landmarks and Outdoors,3,1.9434776934050324,1.9496483257928516,0.00617063238781923
609,Landmarks and Outdoors,3,3.462859047724711,4.751578684356144,1.2887196366314324
611,Landmarks and Outdoors,3,4.025413481281198,3.2082918300860284,-0.81712165119517
614,Landmarks and Outdoors,3,5.663353643170614,6.493402728153887,0.8300490849832727
615,Landmarks and Outdoors,3,4.2508711658696265,6.651122930691185,2.400251764821559
625,Landmarks and Outdoors,3,2.624730376747647,3.0116042914638506,0.3868739147162037
629,Landmarks and Outdoors,3,6.122158509422249,4.1563312266239185,-1.9658272827983305
633,Landmarks and Outdoors,3,2.9008472259760376,2.981597720062407,0.08075049408636925
634,Landmarks and Outdoors,3,3.6636292583079495,4.184622907252933,0.5209936489449838
635,Landmarks and Outdoors,3,3.649299523714368,8.317044553820171,4.667745030105803
642,Landmarks and Outdoors,3,3.6614809412846983,3.4244899792358923,-0.236990962048806
643,Landmarks and Outdoors,3,5.909901744256123,3.7025877766839894,-2.2073139675721336
648,Landmarks and Outdoors,3,4.748330862863369,4.636475272958037,-0.11185558990533195
649,Landmarks and Outdoors,3,2.361972797956094,3.0322297393659383,0.6702569414098445
657,Landmarks and Outdoors,3,6.690373439774637,7.306928385658822,0.616554945884185
658,Landmarks and Outdoors,3,3.708262251349306,4.005649089233287,0.29738683788398124
661,Landmarks and Outdoors,3,6.115272129003343,5.396294444194114,-0.7189776848092295
674,Landmarks and Outdoors,3,5.486006225531229,5.60028287085389,0.11427664532266135
676,Landmarks and Outdoors,3,2.9409024928510954,3.536113967734826,0.5952114748837305
683,Landmarks and Outdoors,3,5.865674135437478,5.170650376229567,-0.6950237592079116
691,Landmarks and Outdoors,3,3.626000900159993,5.226152896609514,1.6001519964495206
694,Landmarks and Outdoors,3,2.4387398092390753,2.1715707744084742,-0.26716903483060106
707,Landmarks and Outdoors,3,4.087897825560027,4.8833493913125325,0.7954515657525052
717,Landmarks and Outdoors,3,3.260194381431597,2.73054604642217,-0.5296483350094268
720,Landmarks and Outdoors,3,4.005087994064668,4.131777458245808,0.12668946418113958
722,Landmarks and Outdoors,3,3.872842888232637,3.10458334162848,-0.7682595466041571
726,Landmarks and Outdoors,3,5.539654485278018,3.511622965250561,-2.0280315200274575
729,Landmarks and Outdoors,3,3.335645371438578,5.298980875534128,1.96333550409555
733,Landmarks and Outdoors,3,2.8897343522980083,3.2443302822588187,0.35459592996081035
734,Landmarks and Outdoors,3,2.7181002879118203,3.2783237267672503,0.5602234388554299
737,Landmarks and Outdoors,3,3.341749780135995,2.5447503317848095,-0.7969994483511855
740,Landmarks and Outdoors,3,2.398000523312777,2.4953339396354557,0.09733341632267889
744,Landmarks and Outdoors,3,1.9765553315550304,2.2895148556506077,0.31295952409557737
755,Landmarks and Outdoors,3,2.149471489843575,3.9240896409436035,1.7746181511000283
765,Landmarks and Outdoors,3,5.654373712912973,3.3657984406850057,-2.288575272227967
769,Landmarks and Outdoors,3,7.965756238974709,7.444819966775155,-0.5209362721995543
773,Landmarks and Outdoors,3,3.877572899460649,3.33586101461883,-0.5417118848418188
778,Landmarks and Outdoors,3,2.832827418357515,2.7048163582056945,-0.1280110601518203
779,Landmarks and Outdoors,3,4.01227971074826,3.592167277388107,-0.4201124333601527
784,Landmarks and Outdoors,3,3.091402978225277,4.5379607464348775,1.4465577682096002
791,Landmarks and Outdoors,3,3.223529175304731,3.375413783874459,0.1518846085697283
798,Landmarks and Outdoors,3,2.963110643767915,3.2510717607914503,0.28796111702353544
799,Landmarks and Outdoors,3,5.054763462651228,5.066892308840115,0.012128846188887543
801,Landmarks and Outdoors,3,4.072340467175893,4.5743151832618665,0.5019747160859733
804,Landmarks and Outdoors,3,3.014945570918149,4.871894461548177,1.8569488906300275
805,Landmarks and Outdoors,3,2.7552427401345403,2.856125994057499,0.10088325392295872
816,Landmarks and Outdoors,3,3.950895259567149,3.93327657999991,-0.01761867956723906
819,Landmarks and Outdoors,3,3.0638545882457535,2.3973250836007463,-0.6665295046450073
830,Landmarks and Outdoors,3,4.1972044825871,3.8201730790674855,-0.3770314035196147
832,Landmarks and Outdoors,3,4.0901739715199685,3.496056728493474,-0.5941172430264947
837,Landmarks and Outdoors,3,3.7555433249515646,3.452221016403861,-0.3033223085477035
843,Landmarks and Outdoors,3,4.054677333392288,4.709054407212996,0.654377073820708
848,Landmarks and Outdoors,3,1.241742672853042,1.6017976148907076,0.3600549420376655
859,Landmarks and Outdoors,3,2.1497189793141036,1.9353037070852923,-0.2144152722288113
861,Landmarks and Outdoors,3,2.851434453465016,2.9047511540006803,0.053316700535664285
864,Landmarks and Outdoors,3,2.8187807182220896,4.0702807521126605,1.2515000338905709
866,Landmarks and Outdoors,3,3.7980491396047533,3.94869963862526,0.15065049902050687
875,Landmarks and Outdoors,3,5.747832165415646,5.938589683069841,0.19075751765419469
878,Landmarks and Outdoors,3,1.7971099206353847,2.478549117120876,0.6814391964854916
879,Landmarks and Outdoors,3,4.857614403466086,4.74748679042712,-0.11012761303896657
887,Landmarks and Outdoors,3,3.128671141137878,3.0814635211043138,-0.04720762003356427
903,Landmarks and Outdoors,3,3.1567756552834756,4.770851850188521,1.6140761949050453
907,Landmarks and Outdoors,3,4.135919825128922,4.02954308299979,-0.1063767421291324
909,Landmarks and Outdoors,3,3.328537972241618,2.942983506165471,-0.38555446607614696
912,Landmarks and Outdoors,3,3.514357830230157,3.7081783825785637,0.19382055234840667
915,Landmarks and Outdoors,3,3.7324313718977957,3.4204971107124336,-0.31193426118536216
920,Landmarks and Outdoors,3,2.687158341941337,4.767848692237878,2.0806903502965413
927,Landmarks and Outdoors,3,2.751681505666836,2.7626307300337425,0.010949224366906485
929,Landmarks and Outdoors,3,2.898882952455717,2.7851313344407984,-0.11375161801491851
930,Landmarks and Outdoors,3,2.761528861829024,3.3125822523033346,0.5510533904743107
935,Landmarks and Outdoors,3,3.383331833072506,4.113582135740973,0.730250302668467
938,Landmarks and Outdoors,3,2.244249956594005,2.4547131940428635,0.21046323744885864
941,Landmarks and Outdoors,3,3.153310285339737,3.1468560711923157,-0.006454214147421311
944,Landmarks and Outdoors,3,2.6043056251421683,2.569226392532732,-0.03507923260943624
947,Landmarks and Outdoors,3,2.5999390736247268,2.541972812534184,-0.057966261090542925
957,Landmarks and Outdoors,3,2.48842451789607,5.892125330471344,3.4037008125752735
963,Landmarks and Outdoors,3,3.1180736219761815,2.808717725451845,-0.3093558965243366
978,Landmarks and Outdoors,3,2.4687904630420023,2.802715588127347,0.33392512508534455
979,Landmarks and Outdoors,3,1.8390986730928591,1.84087384622915,0.0017751731362909418
980,Landmarks and Outdoors,3,3.260277090672285,3.643833488815396,0.38355639814311093
981,Landmarks and Outdoors,3,2.4049802204849984,2.379536825870983,-0.025443394614015347
986,Landmarks and Outdoors,3,3.4978808715210405,3.5771327549454277,0.07925188342438716
989,Landmarks and Outdoors,3,2.3225835849295247,3.4242212092232793,1.1016376242937547
997,Landmarks and Outdoors,3,4.240774528182572,4.422584073618246,0.18180954543567385
1000,Landmarks and Outdoors,3,4.902552424745623,4.52659145788679,-0.37596096685883307
1011,Landmarks and Outdoors,3,2.979110139663664,6.076826091989478,3.0977159523258138
1013,Landmarks and Outdoors,3,2.0876506073045156,2.475780519415307,0.3881299121107915
1016,Landmarks and Outdoors,3,2.110186791424348,3.8895271930908075,1.7793404016664596
1018,Landmarks and Outdoors,3,4.431324649489095,3.7202458560286367,-0.7110787934604588
1024,Landmarks and Outdoors,3,2.873830729064091,3.455118833540916,0.5812881044768248
1027,Landmarks and Outdoors,3,4.601372594073455,4.217680730361456,-0.3836918637119986
1033,Landmarks and Outdoors,3,2.333201323745514,3.8809887826938456,1.5477874589483318
1037,Landmarks and Outdoors,3,2.5602124287627666,2.614620105981015,0.05440767721824846
1041,Landmarks and Outdoors,3,2.492820010485513,2.9228640145470104,0.43004400406149745
1042,Landmarks and Outdoors,3,3.178119577664945,3.9298283594876247,0.7517087818226798
1061,Landmarks and Outdoors,3,3.241936334696209,3.0054882421233033,-0.23644809257290555
1065,Landmarks and Outdoors,3,2.479475708168281,3.9564304947981306,1.4769547866298498
1067,Landmarks and Outdoors,3,3.378637851279758,3.469983544684928,0.09134569340516974
1079,Landmarks and Outdoors,3,1.8520821147072348,3.137421703562413,1.2853395888551782
1087,Landmarks and Outdoors,3,3.425341013395143,3.3315754041578547,-0.0937656092372885
1092,Landmarks and Outdoors,3,4.146084484677459,3.6666427117974223,-0.47944177288003686
1094,Landmarks and Outdoors,3,4.423250413555068,4.782392818720433,0.35914240516536555
1108,Landmarks and Outdoors,3,2.888649793428822,5.238278892515407,2.3496290990865845
1114,Landmarks and Outdoors,3,1.8902972215485807,1.8062747745216603,-0.08402244702692041
1117,Landmarks and Outdoors,3,2.9071303305480356,3.439659520876984,0.5325291903289484
1118,Landmarks and Outdoors,3,2.4544878344661027,2.8006572762471666,0.3461694417810639
1120,Landmarks and Outdoors,3,3.0612122097587893,5.588439579111149,2.52722736935236
1124,Landmarks and Outdoors,3,2.4527769601164646,2.693625312011827,0.24084835189536236
1126,Landmarks and Outdoors,3,4.577611972526568,4.119635086840072,-0.4579768856864961
1134,Landmarks and Outdoors,3,3.7583911575623294,3.6954701020758938,-0.06292105548643567
1136,Landmarks and Outdoors,3,1.7866849748890008,3.7187231831722007,1.9320382082832
1138,Landmarks and Outdoors,3,4.680866836335059,4.4613106224265575,-0.21955621390850144
1146,Landmarks and Outdoors,3,3.0061343668022387,3.691555346099557,0.6854209792973185
1150,Landmarks and Outdoors,3,5.1168379856569715,4.889871578400909,-0.22696640725606265
1159,Landmarks and Outdoors,3,2.585435546367386,3.3310824442694327,0.7456468979020467
1161,Landmarks and Outdoors,3,2.8518771942997097,5.555179226389988,2.7033020320902788
1164,Landmarks and Outdoors,3,3.327986078945414,3.4539360755572464,0.12594999661183248
1169,Landmarks and Outdoors,3,7.107111314100368,5.83719415705721,-1.2699171570431576
1184,Landmarks and Outdoors,3,3.0391189616617327,4.116265486047718,1.0771465243859852
1185,Landmarks and Outdoors,3,4.879059520528977,6.168621534593111,1.289562014064134
1186,Landmarks and Outdoors,3,2.807697970164683,3.95611059590649,1.1484126257418072
1187,Landmarks and Outdoors,3,2.455523630060305,3.9251329092630884,1.4696092792027833
1192,Landmarks and Outdoors,3,4.064638991808154,4.522756985126699,0.4581179933185444
1197,Landmarks and Outdoors,3,5.681437990943717,4.318051707596918,-1.3633862833467996
1208,Landmarks and Outdoors,3,3.941800344760172,3.9360109059038777,-0.00578943885629446
1214,Landmarks and Outdoors,3,5.899445556064144,5.479962864623042,-0.41948269144110206
1218,Landmarks and Outdoors,3,7.277110125889763,3.881920210467886,-3.395189915421877
1221,Landmarks and Outdoors,3,4.5127957830758785,4.10685388875879,-0.40594189431708827
1224,Landmarks and Outdoors,3,4.357493441619454,4.177108437831802,-0.18038500378765132
1228,Landmarks and Outdoors,3,3.3879150421168367,3.088518936724938,-0.29939610539189854
1232,Landmarks and Outdoors,3,3.177009512766916,3.4024324049967696,0.22542289222985357
2,Arts and Entertainment,1,5.0180255984498485,5.109921405001087,0.0918958065512383
5,Arts and Entertainment,1,3.2153929194574857,3.159840206416119,-0.055552713041366886
12,Arts and Entertainment,1,2.4274717225890354,2.5152397747825668,0.08776805219353134
21,Arts and Entertainment,1,5.385291023395427,5.523986406334812,0.13869538293938444
25,Arts and Entertainment,1,3.1280683465504593,3.116935763580595,-0.011132582969864302
36,Arts and Entertainment,1,2.0050709603263517,1.8846270571719759,-0.12044390315437581
37,Arts and Entertainment,1,2.215943257811017,2.2070510721146226,-0.008892185696394606
49,Arts and Entertainment,1,3.485027824405078,2.9053891663363913,-0.5796386580686868
53,Arts and Entertainment,1,2.599107436156495,2.612955811789562,0.013848375633067178
56,Arts and Entertainment,1,2.0459128925750565,2.0554841868565203,0.00957129428146386
64,Arts and Entertainment,1,6.203475238789368,6.036815960781864,-0.16665927800750424
67,Arts and Entertainment,1,2.8641318796050084,2.8767231386016094,0.012591258996601074
69,Arts and Entertainment,1,3.9516225699459415,5.712271983751762,1.7606494138058206
72,Arts and Entertainment,1,2.40056597717942,2.4045537204206555,0.003987743241235631
74,Arts and Entertainment,1,3.970697470071218,3.8167855412051344,-0.1539119288660835
77,Arts and Entertainment,1,2.501584888583907,2.5181101577678744,0.01652526918396724
84,Arts and Entertainment,1,2.111536191233065,2.1010555751308386,-0.010480616102226392
90,Arts and Entertainment,1,3.212137939364232,2.4298439463185897,-0.7822939930456423
97,Arts and Entertainment,1,3.107970832812782,3.046139355961645,-0.06183147685113699
98,Arts and Entertainment,1,3.088896095021928,3.0939770817721532,0.005080986750225058
99,Arts and Entertainment,1,3.1507007454579243,3.149574760302111,-0.0011259851558134137
109,Arts and Entertainment,1,4.796165636718552,4.604304592096289,-0.1918610446222626
111,Arts and Entertainment,1,4.673310323769867,4.579919134213746,-0.09339118955612058
117,Arts and Entertainment,1,1.6147446776124956,1.5762023696553262,-0.0385423079571694
118,Arts and Entertainment,1,1.3996616197236582,1.40915481351916,0.009493193795501842
120,Arts and Entertainment,1,1.590205309105996,1.7061820006109993,0.11597669150500334
124,Arts and Entertainment,1,2.439396686929916,2.5968922174887754,0.15749553055885945
126,Arts and Entertainment,1,5.35741997426128,5.71579370947868,0.3583737352174001
130,Arts and Entertainment,1,3.5832607373307552,4.4166653236546125,0.8334045863238573
144,Arts and Entertainment,1,3.098325164556581,3.2620389525622846,0.1637137880057038
149,Arts and Entertainment,1,2.7504630486960027,4.211208884608095,1.4607458359120926
150,Arts and Entertainment,1,3.5674270870402465,3.5919766823437724,0.024549595303525962
160,Arts and Entertainment,1,2.088884998802002,2.1200011777961327,0.03111617899413055
164,Arts and Entertainment,1,2.0878247182267944,2.1859682419357753,0.09814352370898094
166,Arts and Entertainment,1,3.0742581569146648,3.1004188765258966,0.026160719611231897
173,Arts and Entertainment,1,2.0344320176064943,1.9135734650951186,-0.12085855251137567
186,Arts and Entertainment,1,1.9988973020270724,2.0188929470591406,0.019995645032068188
189,Arts and Entertainment,1,3.8619416760250846,3.871527844856346,0.00958616883126151
199,Arts and Entertainment,1,5.524269618738086,5.763261561317629,0.23899194257954282
206,Arts and Entertainment,1,3.697296737699345,3.632051838436928,-0.06524489926241683
208,Arts and Entertainment,1,4.879290051527073,4.857156453707171,-0.022133597819902207
209,Arts and Entertainment,1,2.9565640782505636,3.160215482443324,0.2036514041927604
212,Arts and Entertainment,1,2.351523873589208,2.392596651507993,0.041072777918785164
213,Arts and Entertainment,1,2.721461481896759,2.5080972141882274,-0.21336426770853167
220,Arts and Entertainment,1,3.487603082213645,4.245517957792405,0.7579148755787601
223,Arts and Entertainment,1,5.632521059295711,6.143311541060484,0.510790481764773
234,Arts and Entertainment,1,5.566811573251901,5.307701285660767,-0.25911028759113375
237,Arts and Entertainment,1,4.383398643403752,4.619884824773312,0.23648618136955957
244,Arts and Entertainment,1,2.9379274409627705,2.743513442666316,-0.19441399829645434
245,Arts and Entertainment,1,2.906648172124192,4.114880194325735,1.2082320222015435
251,Arts and Entertainment,1,4.835703038568363,4.277474411395474,-0.5582286271728893
253,Arts and Entertainment,1,3.8918869499646886,3.8086978312470556,-0.08318911871763301
258,Arts and Entertainment,1,4.301796579858591,5.12292123392888,0.8211246540702888
264,Arts and Entertainment,1,2.3521817884020426,2.7331988704001207,0.38101708199807804
268,Arts and Entertainment,1,3.7771063112819245,3.8033828646335515,0.02627655335162693
269,Arts and Entertainment,1,2.869453662718338,2.93655172783092,0.0670980651125821
270,Arts and Entertainment,1,2.9720654372259165,3.3551790591274093,0.3831136219014928
273,Arts and Entertainment,1,2.9343252052754503,3.140312436701105,0.20598723142565456
274,Arts and Entertainment,1,3.403555306517492,3.398846113839558,-0.0047091926779341264
280,Arts and Entertainment,1,4.498978333738492,4.87835060757909,0.37937227384059824
283,Arts and Entertainment,1,2.290765385874406,2.294659259247068,0.0038938733726618935
292,Arts and Entertainment,1,6.323155688732795,6.32064980200112,-0.0025058867316749556
325,Arts and Entertainment,1,2.135362579460219,2.0400118730501147,-0.09535070641010446
329,Arts and Entertainment,1,3.3181610273586135,3.2552473074035193,-0.0629137199550942
330,Arts and Entertainment,1,3.5703316667367035,3.5510964229701556,-0.01923524376654795
335,Arts and Entertainment,1,2.867945394751377,3.029226258268203,0.1612808635168257
337,Arts and Entertainment,1,3.84728819253424,3.8943283721852273,0.04704017965098739
340,Arts and Entertainment,1,2.9515527399128088,2.9647179808585262,0.013165240945717471
345,Arts and Entertainment,1,2.3248748809041926,2.3586892945260556,0.03381441362186299
356,Arts and Entertainment,1,3.0371616881716648,2.9611093580285552,-0.07605233014310953
360,Arts and Entertainment,1,2.8363416516081266,2.8532082482161387,0.016866596608012152
363,Arts and Entertainment,1,2.656818357553643,2.712855296120638,0.05603693856699499
364,Arts and Entertainment,1,2.709856789455338,2.752136608769653,0.04227981931431524
366,Arts and Entertainment,1,3.8140470239807263,3.993064948173561,0.1790179241928347
369,Arts and Entertainment,1,3.2898504859061877,3.1499871763172487,-0.139863309588939
373,Arts and Entertainment,1,3.839532471123416,3.7963950784039815,-0.04313739271943451
382,Arts and Entertainment,1,2.9805602834740013,2.890488140569225,-0.09007214290477616
396,Arts and Entertainment,1,4.301465797462567,4.2914792417842245,-0.009986555678342945
400,Arts and Entertainment,1,2.7759834714594076,2.638466490471828,-0.1375169809875798
420,Arts and Entertainment,1,2.624444344577647,2.479173652595451,-0.145270691982196
425,Arts and Entertainment,1,2.2740720826484857,2.3248434915942107,0.05077140894572496
427,Arts and Entertainment,1,2.8423200530566115,2.8167984918538123,-0.025521561202799248
428,Arts and Entertainment,1,3.6030399220753715,3.417829867385817,-0.18521005468955432
432,Arts and Entertainment,1,2.4874982706479796,2.5295568815775598,0.04205861092958019
433,Arts and Entertainment,1,1.7128859810222974,1.7463395539724298,0.033453572950132404
445,Arts and Entertainment,1,3.3309212733023164,3.390755309159032,0.05983403585671576
446,Arts and Entertainment,1,2.8425952311255474,2.866209878330015,0.023614647204467598
450,Arts and Entertainment,1,3.066624673441465,3.0648995775429517,-0.001725095898513107
462,Arts and Entertainment,1,2.472908853492441,2.415028329796573,-0.057880523695867936
464,Arts and Entertainment,1,3.4412605341892712,3.50829502335706,0.06703448916778854
468,Arts and Entertainment,1,3.738290623044069,3.707405892112086,-0.03088473093198285
471,Arts and Entertainment,1,7.994318521050442,5.010517909048845,-2.9838006120015965
477,Arts and Entertainment,1,2.1321118154511636,2.190217306840016,0.05810549138885257
479,Arts and Entertainment,1,2.138775204135044,2.134175962951114,-0.0045992411839299585
480,Arts and Entertainment,1,2.483960893391843,2.1070668358783005,-0.37689405751354244
482,Arts and Entertainment,1,3.8839113941725136,4.248347242896814,0.3644358487243
493,Arts and Entertainment,1,1.9135199443045816,1.8900419480693054,-0.023477996235276244
497,Arts and Entertainment,1,4.758933337903189,4.84446322116486,0.0855298832616711
505,Arts and Entertainment,1,1.9597212830787845,2.002212797862284,0.04249151478349944
506,Arts and Entertainment,1,1.9378622979046658,1.9531330907493647,0.0152707928446989
513,Arts and Entertainment,1,2.096810722918748,2.1286337824213026,0.031823059502554596
514,Arts and Entertainment,1,3.825709698657322,3.7144280182427085,-0.1112816804146135
519,Arts and Entertainment,1,3.971603924318419,5.955683626834473,1.9840797025160537
523,Arts and Entertainment,1,3.626152898246049,3.580560637487042,-0.04559226075900691
529,Arts and Entertainment,1,4.652439896306456,4.767027788215069,0.11458789190861296
550,Arts and Entertainment,1,3.7059847330162654,3.8905875301398574,0.18460279712359196
555,Arts and Entertainment,1,2.6217046668303423,2.5505155451693176,-0.07118912166102476
558,Arts and Entertainment,1,2.9583082063989723,2.8197140703810732,-0.13859413601789905
560,Arts and Entertainment,1,2.7162622881371803,2.783962974345928,0.06770068620874792
586,Arts and Entertainment,1,5.444664434435385,5.906153250104077,0.4614888156686918
589,Arts and Entertainment,1,2.9744816172331308,4.09676634229516,1.1222847250620291
591,Arts and Entertainment,1,3.3540744836099723,3.335751610645196,-0.018322872964776415
595,Arts and Entertainment,1,3.042495064834708,3.0482436692069923,0.005748604372284305
596,Arts and Entertainment,1,2.813796076950275,2.864430303031299,0.05063422608102419
600,Arts and Entertainment,1,3.206523090577657,3.055337124317836,-0.15118596625982095
601,Arts and Entertainment,1,5.154355486913724,4.989908256591124,-0.1644472303226001
605,Arts and Entertainment,1,1.9434776934050324,1.9626732320408509,0.019195538635818465
609,Arts and Entertainment,1,3.462859047724711,3.267280353617647,-0.19557869410706408
611,Arts and Entertainment,1,4.025413481281198,3.9700633735944666,-0.055350107686731764
614,Arts and Entertainment,1,5.663353643170614,5.898953062698091,0.23559941952747643
615,Arts and Entertainment,1,4.2508711658696265,7.04654050208819,2.7956693362185634
625,Arts and Entertainment,1,2.624730376747647,2.6933217172980233,0.06859134055037641
629,Arts and Entertainment,1,6.122158509422249,5.101998116139471,-1.0201603932827776
633,Arts and Entertainment,1,2.9008472259760376,2.913804664240031,0.012957438263993204
634,Arts and Entertainment,1,3.6636292583079495,3.687679096160261,0.024049837852311295
635,Arts and Entertainment,1,3.649299523714368,3.784661028440863,0.13536150472649489
642,Arts and Entertainment,1,3.6614809412846983,3.5822718170930363,-0.07920912419166193
643,Arts and Entertainment,1,5.909901744256123,5.816691411057127,-0.09321033319899641
648,Arts and Entertainment,1,4.748330862863369,2.6735167065263745,-2.074814156336995
649,Arts and Entertainment,1,2.361972797956094,2.7984076162259415,0.43643481826984765
657,Arts and Entertainment,1,6.690373439774637,6.372316776198645,-0.3180566635759927
658,Arts and Entertainment,1,3.708262251349306,3.828025170769105,0.11976291941979866
661,Arts and Entertainment,1,6.115272129003343,5.9061426822530105,-0.20912944675033263
674,Arts and Entertainment,1,5.486006225531229,5.152981197902382,-0.3330250276288469
676,Arts and Entertainment,1,2.9409024928510954,3.1470636958087397,0.20616120295764429
683,Arts and Entertainment,1,5.865674135437478,5.887014428784523,0.021340293347044792
691,Arts and Entertainment,1,3.626000900159993,3.870927228285672,0.24492632812567905
694,Arts and Entertainment,1,2.4387398092390753,2.498947342077628,0.06020753283855251
707,Arts and Entertainment,1,4.087897825560027,4.4027361632341515,0.31483833767412417
717,Arts and Entertainment,1,3.260194381431597,3.3852975801448975,0.12510319871330067
720,Arts and Entertainment,1,4.005087994064668,4.001759635050275,-0.0033283590143931008
722,Arts and Entertainment,1,3.872842888232637,3.8178217930992546,-0.05502109513338249
726,Arts and Entertainment,1,5.539654485278018,5.492651621203565,-0.047002864074452866
729,Arts and Entertainment,1,3.335645371438578,3.2918449199020756,-0.04380045153650247
733,Arts and Entertainment,1,2.8897343522980083,3.0009445183748182,0.11121016607680989
734,Arts and Entertainment,1,2.7181002879118203,2.7097784885851777,-0.008321799326642676
737,Arts and Entertainment,1,3.341749780135995,3.234535198530816,-0.10721458160517905
740,Arts and Entertainment,1,2.398000523312777,2.319439223873312,-0.07856129943946488
744,Arts and Entertainment,1,1.9765553315550304,1.9370394732811365,-0.03951585827389392
755,Arts and Entertainment,1,2.149471489843575,2.2008588137486957,0.051387323905120574
765,Arts and Entertainment,1,5.654373712912973,5.9778236677103855,0.3234499547974128
769,Arts and Entertainment,1,7.965756238974709,7.76971663277671,-0.1960396061979992
773,Arts and Entertainment,1,3.877572899460649,3.9044018648148437,0.026828965354194878
778,Arts and Entertainment,1,2.832827418357515,3.826568373849944,0.993740955492429
779,Arts and Entertainment,1,4.01227971074826,4.023301413695011,0.011021702946750978
784,Arts and Entertainment,1,3.091402978225277,2.9987983129188622,-0.09260466530641498
791,Arts and Entertainment,1,3.223529175304731,3.2756550402174924,0.05212586491276161
798,Arts and Entertainment,1,2.963110643767915,3.2773170631891504,0.3142064194212355
799,Arts and Entertainment,1,5.054763462651228,2.69938320308575,-2.355380259565478
801,Arts and Entertainment,1,4.072340467175893,4.212296401897596,0.1399559347217032
804,Arts and Entertainment,1,3.014945570918149,3.100813384211606,0.08586781329345694
805,Arts and Entertainment,1,2.7552427401345403,3.015561531450243,0.26031879131570257
816,Arts and Entertainment,1,3.950895259567149,4.004275592749804,0.05338033318265456
819,Arts and Entertainment,1,3.0638545882457535,3.062268787993182,-0.0015858002525717119
830,Arts and Entertainment,1,4.1972044825871,4.239991198418891,0.04278671583179072
832,Arts and Entertainment,1,4.0901739715199685,4.164331445729353,0.07415747420938423
837,Arts and Entertainment,1,3.7555433249515646,3.9183834441615355,0.16284011920997088
843,Arts and Entertainment,1,4.054677333392288,4.282842398242163,0.22816506484987542
848,Arts and Entertainment,1,1.241742672853042,1.2435981459818142,0.0018554731287721005
859,Arts and Entertainment,1,2.1497189793141036,2.169311987642467,0.019593008328363304
861,Arts and Entertainment,1,2.851434453465016,2.8733767308476326,0.02194227738261656
864,Arts and Entertainment,1,2.8187807182220896,3.049311933480271,0.23053121525818154
866,Arts and Entertainment,1,3.7980491396047533,3.83145166098198,0.03340252137722688
875,Arts and Entertainment,1,5.747832165415646,5.5185461829153315,-0.22928598250031484
878,Arts and Entertainment,1,1.7971099206353847,1.9641204059822837,0.167010485346899
879,Arts and Entertainment,1,4.857614403466086,4.737957315909208,-0.11965708755687832
887,Arts and Entertainment,1,3.128671141137878,3.3207696635766997,0.19209852243882164
903,Arts and Entertainment,1,3.1567756552834756,4.185264795740668,1.0284891404571925
907,Arts and Entertainment,1,4.135919825128922,4.07680202063259,-0.059117804496332305
909,Arts and Entertainment,1,3.328537972241618,3.41470081458161,0.08616284233999183
912,Arts and Entertainment,1,3.514357830230157,3.5039163153542034,-0.010441514875953573
915,Arts and Entertainment,1,3.7324313718977957,3.811962419101136,0.07953104720334014
920,Arts and Entertainment,1,2.687158341941337,2.752315978981056,0.06515763703971889
927,Arts and Entertainment,1,2.751681505666836,2.7583548285321267,0.006673322865290654
929,Arts and Entertainment,1,2.898882952455717,2.9632377494519635,0.06435479699624658
930,Arts and Entertainment,1,2.761528861829024,2.9123997588195323,0.15087089699050837
935,Arts and Entertainment,1,3.383331833072506,3.4355295692270875,0.05219773615458134
938,Arts and Entertainment,1,2.244249956594005,2.255051942879919,0.010801986285914111
941,Arts and Entertainment,1,3.153310285339737,3.189440277983832,0.03612999264409478
944,Arts and Entertainment,1,2.6043056251421683,2.581310595242205,-0.02299502989996327
947,Arts and Entertainment,1,2.5999390736247268,2.578448883682263,-0.021490189942463545
957,Arts and Entertainment,1,2.48842451789607,2.4018068952406737,-0.08661762265539652
963,Arts and Entertainment,1,3.1180736219761815,3.256572353176667,0.13849873120048528
978,Arts and Entertainment,1,2.4687904630420023,2.7661155716966155,0.29732510865461315
979,Arts and Entertainment,1,1.8390986730928591,1.8769589132018356,0.037860240108976484
980,Arts and Entertainment,1,3.260277090672285,2.708152348354118,-0.552124742318167
981,Arts and Entertainment,1,2.4049802204849984,2.455202917215604,0.05022269673060542
986,Arts and Entertainment,1,3.4978808715210405,1.6522597701342505,-1.84562110138679
989,Arts and Entertainment,1,2.3225835849295247,2.247806024697067,-0.07477756023245785
997,Arts and Entertainment,1,4.240774528182572,4.146704809850853,-0.09406971833171962
1000,Arts and Entertainment,1,4.902552424745623,4.512354601213946,-0.3901978235316763
1011,Arts and Entertainment,1,2.979110139663664,3.132850346727627,0.15374020706396285
1013,Arts and Entertainment,1,2.0876506073045156,2.07205256589073,-0.015598041413785513
1016,Arts and Entertainment,1,2.110186791424348,2.119284681007919,0.00909788958357094
1018,Arts and Entertainment,1,4.431324649489095,4.255733975836003,-0.1755906736530921
1024,Arts and Entertainment,1,2.873830729064091,3.4558278605858184,0.5819971315217272
1027,Arts and Entertainment,1,4.601372594073455,4.788559090868454,0.18718649679499944
1033,Arts and Entertainment,1,2.333201323745514,2.5067629991473366,0.17356167540182277
1037,Arts and Entertainment,1,2.5602124287627666,2.5694623461260653,0.00924991736329872
1041,Arts and Entertainment,1,2.492820010485513,2.3203314919833065,-0.17248851850220648
1042,Arts and Entertainment,1,3.178119577664945,3.208477245305412,0.03035766764046688
1061,Arts and Entertainment,1,3.241936334696209,3.3141347518678588,0.07219841717164988
1065,Arts and Entertainment,1,2.479475708168281,2.4639023400247675,-0.015573368143513289
1067,Arts and Entertainment,1,3.378637851279758,3.460053448789515,0.08141559750975702
1079,Arts and Entertainment,1,1.8520821147072348,1.8246038428469338,-0.02747827186030105
1087,Arts and Entertainment,1,3.425341013395143,3.366005572806391,-0.059335440588752064
1092,Arts and Entertainment,1,4.146084484677459,4.2453210395134136,0.0992365548359544
1094,Arts and Entertainment,1,4.423250413555068,4.2880635186605325,-0.1351868948945354
1108,Arts and Entertainment,1,2.888649793428822,2.7683275785618333,-0.12032221486698891
1114,Arts and Entertainment,1,1.8902972215485807,1.835759438283129,-0.05453778326545167
1117,Arts and Entertainment,1,2.9071303305480356,2.7794852347559935,-0.12764509579204208
1118,Arts and Entertainment,1,2.4544878344661027,2.438411640685684,-0.0160761937804188
1120,Arts and Entertainment,1,3.0612122097587893,3.1295315588267583,0.06831934906796899
1124,Arts and Entertainment,1,2.4527769601164646,2.4886176841630903,0.03584072404662564
1126,Arts and Entertainment,1,4.577611972526568,4.983637692370566,0.40602571984399827
1134,Arts and Entertainment,1,3.7583911575623294,3.591238428047827,-0.16715272951450233
1136,Arts and Entertainment,1,1.7866849748890008,1.8689943575627093,0.08230938267370846
1138,Arts and Entertainment,1,4.680866836335059,4.709737352921012,0.028870516585953077
1146,Arts and Entertainment,1,3.0061343668022387,3.1610751703718294,0.15494080356959072
1150,Arts and Entertainment,1,5.1168379856569715,5.312745583996513,0.19590759833954152
1159,Arts and Entertainment,1,2.585435546367386,2.650490945269782,0.06505539890239609
1161,Arts and Entertainment,1,2.8518771942997097,3.2413608619362666,0.38948366763655695
1164,Arts and Entertainment,1,3.327986078945414,3.330684035093041,0.002697956147627245
1169,Arts and Entertainment,1,7.107111314100368,7.056072930634799,-0.05103838346556877
1184,Arts and Entertainment,1,3.0391189616617327,2.8340391595776704,-0.2050798020840623
1185,Arts and Entertainment,1,4.879059520528977,4.213051826298993,-0.6660076942299842
1186,Arts and Entertainment,1,2.807697970164683,7.6911735841645195,4.8834756139998365
1187,Arts and Entertainment,1,2.455523630060305,3.2938218802093644,0.8382982501490592
1192,Arts and Entertainment,1,4.064638991808154,3.8435000864827584,-0.22113890532539582
1197,Arts and Entertainment,1,5.681437990943717,6.308028259886736,0.6265902689430192
1208,Arts and Entertainment,1,3.941800344760172,4.5187906007372325,0.5769902559770603
1214,Arts and Entertainment,1,5.899445556064144,5.86830723062231,-0.031138325441833814
1218,Arts and Entertainment,1,7.277110125889763,7.3190255293351765,0.041915403445413446
1221,Arts and Entertainment,1,4.5127957830758785,4.5416083310122435,0.028812547936365007
1224,Arts and Entertainment,1,4.357493441619454,4.421891274273484,0.06439783265403065
1228,Arts and Entertainment,1,3.3879150421168367,3.385056477558482,-0.002858564558354537
1232,Arts and Entertainment,1,3.177009512766916,3.3376634862584122,0.16065397349149624
2,Arts and Entertainment,2,5.0180255984498485,5.117901485125968,0.09987588667611913
5,Arts and Entertainment,2,3.2153929194574857,3.0935468265715063,-0.12184609288597947
12,Arts and Entertainment,2,2.4274717225890354,2.9311713724639024,0.5036996498748669
21,Arts and Entertainment,2,5.385291023395427,5.664707130866391,0.279416107470964
25,Arts and Entertainment,2,3.1280683465504593,3.099364233473865,-0.02870411307659415
36,Arts and Entertainment,2,2.0050709603263517,2.1485552465293,0.1434842862029484
37,Arts and Entertainment,2,2.215943257811017,2.726226997878704,0.510283740067687
49,Arts and Entertainment,2,3.485027824405078,2.211469287877885,-1.2735585365271929
53,Arts and Entertainment,2,2.599107436156495,2.629503296179898,0.03039586002340311
56,Arts and Entertainment,2,2.0459128925750565,2.321717277973685,0.2758043853986285
64,Arts and Entertainment,2,6.203475238789368,5.968463347887541,-0.23501189090182706
67,Arts and Entertainment,2,2.8641318796050084,2.8934757261568795,0.029343846551871167
69,Arts and Entertainment,2,3.9516225699459415,5.859134202386414,1.9075116324404728
72,Arts and Entertainment,2,2.40056597717942,2.3940193485947834,-0.006546628584636505
74,Arts and Entertainment,2,3.970697470071218,3.4562470312176132,-0.5144504388536046
77,Arts and Entertainment,2,2.501584888583907,2.583655991613668,0.08207110302976073
84,Arts and Entertainment,2,2.111536191233065,2.0947814276716876,-0.016754763561377395
90,Arts and Entertainment,2,3.212137939364232,2.2690389617349367,-0.9430989776292953
97,Arts and Entertainment,2,3.107970832812782,2.9729399707420177,-0.13503086207076453
98,Arts and Entertainment,2,3.088896095021928,3.1096934520359496,0.02079735701402141
99,Arts and Entertainment,2,3.1507007454579243,3.1834471895001113,0.03274644404218696
109,Arts and Entertainment,2,4.796165636718552,4.5174340042607914,-0.27873163245776045
111,Arts and Entertainment,2,4.673310323769867,4.491202923786786,-0.18210739998308068
117,Arts and Entertainment,2,1.6147446776124956,1.5429091905794556,-0.07183548703303999
118,Arts and Entertainment,2,1.3996616197236582,1.4380412405439271,0.03837962082026891
120,Arts and Entertainment,2,1.590205309105996,2.0330154143663384,0.44281010526034237
124,Arts and Entertainment,2,2.439396686929916,2.6253096866949015,0.18591299976498554
126,Arts and Entertainment,2,5.35741997426128,6.9619124061775,1.6044924319162206
130,Arts and Entertainment,2,3.5832607373307552,4.668845758628078,1.0855850212973226
144,Arts and Entertainment,2,3.098325164556581,3.459057670114424,0.3607325055578432
149,Arts and Entertainment,2,2.7504630486960027,4.78737923199515,2.036916183299147
150,Arts and Entertainment,2,3.5674270870402465,3.6966020861079256,0.12917499906767915
160,Arts and Entertainment,2,2.088884998802002,2.210365393664678,0.12148039486267592
164,Arts and Entertainment,2,2.0878247182267944,2.2632233856536006,0.1753986674268062
166,Arts and Entertainment,2,3.0742581569146648,3.1205082197506826,0.04625006283601785
173,Arts and Entertainment,2,2.0344320176064943,2.053401331405345,0.018969313798850695
186,Arts and Entertainment,2,1.9988973020270724,1.9951404842719147,-0.003756817755157682
189,Arts and Entertainment,2,3.8619416760250846,3.965302560053833,0.10336088402874832
199,Arts and Entertainment,2,5.524269618738086,6.059755798512818,0.5354861797747317
206,Arts and Entertainment,2,3.697296737699345,3.5592471926270504,-0.1380495450722945
208,Arts and Entertainment,2,4.879290051527073,4.842805711435467,-0.03648434009160617
209,Arts and Entertainment,2,2.9565640782505636,3.3322456694469165,0.3756815911963529
212,Arts and Entertainment,2,2.351523873589208,2.466033733775563,0.114509860186355
213,Arts and Entertainment,2,2.721461481896759,2.506131805484487,-0.21532967641227208
220,Arts and Entertainment,2,3.487603082213645,4.811169162274915,1.32356608006127
223,Arts and Entertainment,2,5.632521059295711,6.571158440616819,0.938637381321108
234,Arts and Entertainment,2,5.566811573251901,3.123042168878351,-2.4437694043735494
237,Arts and Entertainment,2,4.383398643403752,4.784483450888431,0.4010848074846791
244,Arts and Entertainment,2,2.9379274409627705,2.6924483953764797,-0.24547904558629075
245,Arts and Entertainment,2,2.906648172124192,4.588025630916009,1.6813774587918173
251,Arts and Entertainment,2,4.835703038568363,5.780494672432159,0.9447916338637956
253,Arts and Entertainment,2,3.8918869499646886,3.820303054457691,-0.07158389550699784
258,Arts and Entertainment,2,4.301796579858591,3.0017855614303093,-1.3000110184282816
264,Arts and Entertainment,2,2.3521817884020426,3.104297332676894,0.7521155442748513
268,Arts and Entertainment,2,3.7771063112819245,3.774755863759242,-0.0023504475226823196
269,Arts and Entertainment,2,2.869453662718338,3.0239235117579177,0.15446984903957972
270,Arts and Entertainment,2,2.9720654372259165,3.209267926550588,0.23720248932467136
273,Arts and Entertainment,2,2.9343252052754503,3.414250997170885,0.4799257918954347
274,Arts and Entertainment,2,3.403555306517492,3.5135299274819247,0.10997462096443256
280,Arts and Entertainment,2,4.498978333738492,5.402694386303461,0.9037160525649686
283,Arts and Entertainment,2,2.290765385874406,2.1817441711404717,-0.10902121473393445
292,Arts and Entertainment,2,6.323155688732795,6.326295744131262,0.0031400553984672896
325,Arts and Entertainment,2,2.135362579460219,1.9074149226058263,-0.22794765685439278
329,Arts and Entertainment,2,3.3181610273586135,3.187400066184648,-0.1307609611739653
330,Arts and Entertainment,2,3.5703316667367035,3.5285741927170258,-0.041757474019677776
335,Arts and Entertainment,2,2.867945394751377,2.886723220558401,0.018777825807023696
337,Arts and Entertainment,2,3.84728819253424,3.9248576827423793,0.07756949020813941
340,Arts and Entertainment,2,2.9515527399128088,2.985860417536622,0.03430767762381315
345,Arts and Entertainment,2,2.3248748809041926,2.4002480642538124,0.07537318334961984
356,Arts and Entertainment,2,3.0371616881716648,2.887924768926961,-0.14923691924470361
360,Arts and Entertainment,2,2.8363416516081266,2.853519643351775,0.017177991743648313
363,Arts and Entertainment,2,2.656818357553643,2.8471465260649147,0.19032816851127166
364,Arts and Entertainment,2,2.709856789455338,2.7917810825703246,0.08192429311498683
366,Arts and Entertainment,2,3.8140470239807263,4.182245071440119,0.36819804745939244
369,Arts and Entertainment,2,3.2898504859061877,3.015583341234221,-0.2742671446719669
373,Arts and Entertainment,2,3.839532471123416,3.7082637201128064,-0.13126875101060964
382,Arts and Entertainment,2,2.9805602834740013,2.8074910894977005,-0.17306919397630072
396,Arts and Entertainment,2,4.301465797462567,4.278414494582936,-0.023051302879631308
400,Arts and Entertainment,2,2.7759834714594076,2.4926279113675873,-0.2833555600918203
420,Arts and Entertainment,2,2.624444344577647,2.318391211989836,-0.30605313258781086
425,Arts and Entertainment,2,2.2740720826484857,2.3932148227839347,0.11914274013544901
427,Arts and Entertainment,2,2.8423200530566115,2.7694400117255795,-0.07288004133103199
428,Arts and Entertainment,2,3.6030399220753715,3.2299127171868314,-0.3731272048885401
432,Arts and Entertainment,2,2.4874982706479796,2.5823634466595085,0.09486517601152888
433,Arts and Entertainment,2,1.7128859810222974,1.8098044966283946,0.09691851560609721
445,Arts and Entertainment,2,3.3309212733023164,3.4400439998249523,0.109122726522636
446,Arts and Entertainment,2,2.8425952311255474,2.8642157774640773,0.021620546338529945
450,Arts and Entertainment,2,3.066624673441465,3.0818199320045316,0.015195258563066805
462,Arts and Entertainment,2,2.472908853492441,2.3482085255902363,-0.12470032790220476
464,Arts and Entertainment,2,3.4412605341892712,3.535217843761247,0.09395730957197568
468,Arts and Entertainment,2,3.738290623044069,3.685420075128234,-0.0528705479158349
471,Arts and Entertainment,2,7.994318521050442,3.610672960869892,-4.3836455601805495
477,Arts and Entertainment,2,2.1321118154511636,2.251883783229326,0.11977196777816257
479,Arts and Entertainment,2,2.138775204135044,2.144489155814358,0.0057139516793141
480,Arts and Entertainment,2,2.483960893391843,2.457246162724214,-0.02671473066762875
482,Arts and Entertainment,2,3.8839113941725136,4.672377896907549,0.7884665027350355
493,Arts and Entertainment,2,1.9135199443045816,3.0386521966756757,1.125132252371094
497,Arts and Entertainment,2,4.758933337903189,4.988548300088528,0.22961496218533917
505,Arts and Entertainment,2,1.9597212830787845,2.051020141545756,0.09129885846697139
506,Arts and Entertainment,2,1.9378622979046658,1.9539618127717915,0.016099514867125686
513,Arts and Entertainment,2,2.096810722918748,2.1847444373622023,0.08793371444345421
514,Arts and Entertainment,2,3.825709698657322,3.867773584392344,0.042063885735021955
519,Arts and Entertainment,2,3.971603924318419,5.7145515434487795,1.7429476191303603
523,Arts and Entertainment,2,3.626152898246049,3.4634528361600694,-0.16270006208597954
529,Arts and Entertainment,2,4.652439896306456,4.802848082232205,0.15040818592574912
550,Arts and Entertainment,2,3.7059847330162654,3.909490879873462,0.2035061468571966
555,Arts and Entertainment,2,2.6217046668303423,2.483272535937489,-0.13843213089285333
558,Arts and Entertainment,2,2.9583082063989723,2.6292676965537938,-0.3290405098451785
560,Arts and Entertainment,2,2.7162622881371803,3.0709289474262946,0.35466665928911434
586,Arts and Entertainment,2,5.444664434435385,6.29143209589441,0.8467676614590252
589,Arts and Entertainment,2,2.9744816172331308,4.506697342825657,1.532215725592526
591,Arts and Entertainment,2,3.3540744836099723,3.7050357167197467,0.35096123310977445
595,Arts and Entertainment,2,3.042495064834708,3.140748661107445,0.09825359627273711
596,Arts and Entertainment,2,2.813796076950275,2.985649201648219,0.171853124697944
600,Arts and Entertainment,2,3.206523090577657,2.9805949482425635,-0.22592814233509362
601,Arts and Entertainment,2,5.154355486913724,4.934609322888036,-0.21974616402568792
605,Arts and Entertainment,2,1.9434776934050324,1.9709446673857172,0.02746697398068476
609,Arts and Entertainment,2,3.462859047724711,5.0618913858036185,1.5990323380789073
611,Arts and Entertainment,2,4.025413481281198,3.887493880574856,-0.13791960070634257
614,Arts and Entertainment,2,5.663353643170614,6.138765128096062,0.4754114849254476
615,Arts and Entertainment,2,4.2508711658696265,7.040880628816465,2.7900094629468386
625,Arts and Entertainment,2,2.624730376747647,2.7265604432052584,0.1018300664576115
629,Arts and Entertainment,2,6.122158509422249,3.8694892180765317,-2.2526692913457174
633,Arts and Entertainment,2,2.9008472259760376,2.9399132837601307,0.03906605778409311
634,Arts and Entertainment,2,3.6636292583079495,3.4054244348700182,-0.2582048234379313
635,Arts and Entertainment,2,3.649299523714368,7.520544866000076,3.8712453422857083
642,Arts and Entertainment,2,3.6614809412846983,3.411478856431697,-0.25000208485300135
643,Arts and Entertainment,2,5.909901744256123,5.569310088471063,-0.3405916557850599
648,Arts and Entertainment,2,4.748330862863369,2.863169139768214,-1.8851617230951554
649,Arts and Entertainment,2,2.361972797956094,3.1435214492114647,0.7815486512553709
657,Arts and Entertainment,2,6.690373439774637,6.050093327349748,-0.6402801124248896
658,Arts and Entertainment,2,3.708262251349306,4.784672314499036,1.07641006314973
661,Arts and Entertainment,2,6.115272129003343,5.414479710361173,-0.7007924186421706
674,Arts and Entertainment,2,5.486006225531229,4.793790870429058,-0.6922153551021708
676,Arts and Entertainment,2,2.9409024928510954,3.4506677008305644,0.509765207979469
683,Arts and Entertainment,2,5.865674135437478,6.249299711403829,0.3836255759663505
691,Arts and Entertainment,2,3.626000900159993,4.01701958584775,0.3910186856877571
694,Arts and Entertainment,2,2.4387398092390753,2.4683893771893812,0.029649567950305933
707,Arts and Entertainment,2,4.087897825560027,4.816817526838052,0.7289197012780244
717,Arts and Entertainment,2,3.260194381431597,3.4221188158724924,0.16192443444089566
720,Arts and Entertainment,2,4.005087994064668,3.4450090393785047,-0.5600789546861638
722,Arts and Entertainment,2,3.872842888232637,3.880474731470583,0.007631843237946079
726,Arts and Entertainment,2,5.539654485278018,5.256534896266172,-0.28311958901184653
729,Arts and Entertainment,2,3.335645371438578,3.3334920122458613,-0.002153359192716753
733,Arts and Entertainment,2,2.8897343522980083,3.0985422408112004,0.2088078885131921
734,Arts and Entertainment,2,2.7181002879118203,2.6757828421367713,-0.042317445775049034
737,Arts and Entertainment,2,3.341749780135995,3.218600822814956,-0.12314895732103892
740,Arts and Entertainment,2,2.398000523312777,2.4223884276976833,0.024387904384906456
744,Arts and Entertainment,2,1.9765553315550304,2.5508869473200706,0.5743316157650402
755,Arts and Entertainment,2,2.149471489843575,2.28885340659687,0.1393819167532948
765,Arts and Entertainment,2,5.654373712912973,6.520915889821012,0.8665421769080393
769,Arts and Entertainment,2,7.965756238974709,7.643356341713051,-0.32239989726165863
773,Arts and Entertainment,2,3.877572899460649,3.9607007552171067,0.08312785575645787
778,Arts and Entertainment,2,2.832827418357515,3.9877415111010475,1.1549140927435326
779,Arts and Entertainment,2,4.01227971074826,4.063495193457863,0.051215482709602966
784,Arts and Entertainment,2,3.091402978225277,6.00484558583805,2.9134426076127724
791,Arts and Entertainment,2,3.223529175304731,3.3285179739626454,0.10498879865791455
798,Arts and Entertainment,2,2.963110643767915,4.087384836005979,1.1242741922380644
799,Arts and Entertainment,2,5.054763462651228,2.5800825368376454,-2.4746809258135825
801,Arts and Entertainment,2,4.072340467175893,4.057191426761963,-0.01514904041393006
804,Arts and Entertainment,2,3.014945570918149,3.2178523725413477,0.20290680162319852
805,Arts and Entertainment,2,2.7552427401345403,4.563680421242342,1.8084376811078018
816,Arts and Entertainment,2,3.950895259567149,4.097890133634419,0.14699487406726952
819,Arts and Entertainment,2,3.0638545882457535,3.106698887177344,0.042844298931590696
830,Arts and Entertainment,2,4.1972044825871,4.1614998069406415,-0.03570467564645874
832,Arts and Entertainment,2,4.0901739715199685,4.270435437704439,0.18026146618447036
837,Arts and Entertainment,2,3.7555433249515646,3.9448200448189423,0.1892767198673777
843,Arts and Entertainment,2,4.054677333392288,4.857985259975686,0.8033079265833978
848,Arts and Entertainment,2,1.241742672853042,1.385649465020093,0.14390679216705093
859,Arts and Entertainment,2,2.1497189793141036,2.1774159551353245,0.02769697582122088
861,Arts and Entertainment,2,2.851434453465016,2.905969442831942,0.05453498936692602
864,Arts and Entertainment,2,2.8187807182220896,3.556578701436492,0.7377979832144024
866,Arts and Entertainment,2,3.7980491396047533,3.8954834582856837,0.09743431868093033
875,Arts and Entertainment,2,5.747832165415646,5.375694481242551,-0.37213768417309545
878,Arts and Entertainment,2,1.7971099206353847,2.310153206451173,0.5130432858157885
879,Arts and Entertainment,2,4.857614403466086,4.462628049744957,-0.3949863537211291
887,Arts and Entertainment,2,3.128671141137878,3.3331169906857987,0.20444584954792067
903,Arts and Entertainment,2,3.1567756552834756,4.882588287865482,1.7258126325820062
907,Arts and Entertainment,2,4.135919825128922,3.9863034514175553,-0.1496163737113667
909,Arts and Entertainment,2,3.328537972241618,2.77753938809471,-0.550998584146908
912,Arts and Entertainment,2,3.514357830230157,3.517917911832919,0.0035600816027621107
915,Arts and Entertainment,2,3.7324313718977957,3.8701230531822706,0.13769168128447484
920,Arts and Entertainment,2,2.687158341941337,4.486954828739869,1.7997964867985314
927,Arts and Entertainment,2,2.751681505666836,2.782706044499476,0.03102453883263978
929,Arts and Entertainment,2,2.898882952455717,4.83594900504442,1.9370660525887033
930,Arts and Entertainment,2,2.761528861829024,3.1325543548642365,0.3710254930352126
935,Arts and Entertainment,2,3.383331833072506,3.906896247901384,0.5235644148288778
938,Arts and Entertainment,2,2.244249956594005,2.292953941252704,0.048703984658699184
941,Arts and Entertainment,2,3.153310285339737,3.2717680701695286,0.11845778482979163
944,Arts and Entertainment,2,2.6043056251421683,2.5616379538560583,-0.04266767128611004
947,Arts and Entertainment,2,2.5999390736247268,2.5555730500019367,-0.044366023622790074
957,Arts and Entertainment,2,2.48842451789607,2.381385878961237,-0.10703863893483323
963,Arts and Entertainment,2,3.1180736219761815,3.4760837266378766,0.35801010466169503
978,Arts and Entertainment,2,2.4687904630420023,4.613833538237189,2.1450430751951863
979,Arts and Entertainment,2,1.8390986730928591,1.9009953520528706,0.0618966789600115
980,Arts and Entertainment,2,3.260277090672285,2.4930084478236987,-0.7672686428485864
981,Arts and Entertainment,2,2.4049802204849984,3.627837750385328,1.2228575299003297
986,Arts and Entertainment,2,3.4978808715210405,1.720227527364579,-1.7776533441564615
989,Arts and Entertainment,2,2.3225835849295247,2.0541587418000584,-0.26842484312946624
997,Arts and Entertainment,2,4.240774528182572,4.322474239320959,0.08169971113838681
1000,Arts and Entertainment,2,4.902552424745623,4.465213400067288,-0.43733902467833463
1011,Arts and Entertainment,2,2.979110139663664,3.3646056557113546,0.3854955160476905
1013,Arts and Entertainment,2,2.0876506073045156,2.0647131351106136,-0.022937472193901964
1016,Arts and Entertainment,2,2.110186791424348,2.176421553459874,0.06623476203552592
1018,Arts and Entertainment,2,4.431324649489095,4.051546688884452,-0.37977796060464364
1024,Arts and Entertainment,2,2.873830729064091,4.147311012091054,1.2734802830269625
1027,Arts and Entertainment,2,4.601372594073455,4.951496069169516,0.3501234750960611
1033,Arts and Entertainment,2,2.333201323745514,2.8034951764584912,0.4702938527129774
1037,Arts and Entertainment,2,2.5602124287627666,2.613233141458325,0.053020712695558636
1041,Arts and Entertainment,2,2.492820010485513,2.2053955293295093,-0.2874244811560036
1042,Arts and Entertainment,2,3.178119577664945,3.251605593582773,0.07348601591782788
1061,Arts and Entertainment,2,3.241936334696209,3.3547652473271063,0.11282891263089745
1065,Arts and Entertainment,2,2.479475708168281,2.512642540400699,0.03316683223241812
1067,Arts and Entertainment,2,3.378637851279758,3.5350333399412452,0.15639548866148711
1079,Arts and Entertainment,2,1.8520821147072348,1.5951246360235938,-0.25695747868364105
1087,Arts and Entertainment,2,3.425341013395143,3.287650962084495,-0.13769005131064826
1092,Arts and Entertainment,2,4.146084484677459,4.3339147586839335,0.18783027400647434
1094,Arts and Entertainment,2,4.423250413555068,4.149325917031106,-0.27392449652396156
1108,Arts and Entertainment,2,2.888649793428822,2.8091189686137854,-0.07953082481503682
1114,Arts and Entertainment,2,1.8902972215485807,1.7918195633148062,-0.09847765823377452
1117,Arts and Entertainment,2,2.9071303305480356,5.136934577768068,2.2298042472200326
1118,Arts and Entertainment,2,2.4544878344661027,2.5854721076397236,0.13098427317362082
1120,Arts and Entertainment,2,3.0612122097587893,3.188592409329499,0.12738019957070978
1124,Arts and Entertainment,2,2.4527769601164646,2.5671571865009453,0.11438022638448064
1126,Arts and Entertainment,2,4.577611972526568,4.8330757232697685,0.2554637507432007
1134,Arts and Entertainment,2,3.7583911575623294,3.6085806269444847,-0.14981053061784477
1136,Arts and Entertainment,2,1.7866849748890008,1.985009506326163,0.19832453143716222
1138,Arts and Entertainment,2,4.680866836335059,4.9467791975391435,0.26591236120408457
1146,Arts and Entertainment,2,3.0061343668022387,3.205999753977644,0.19986538717540547
1150,Arts and Entertainment,2,5.1168379856569715,5.417070467762773,0.3002324821058018
1159,Arts and Entertainment,2,2.585435546367386,1.574675701222427,-1.0107598451449589
1161,Arts and Entertainment,2,2.8518771942997097,3.4483496743609634,0.5964724800612538
1164,Arts and Entertainment,2,3.327986078945414,3.3941168403088993,0.06613076136348539
1169,Arts and Entertainment,2,7.107111314100368,6.895460272482179,-0.2116510416181887
1184,Arts and Entertainment,2,3.0391189616617327,2.9125146865235223,-0.12660427513821038
1185,Arts and Entertainment,2,4.879059520528977,4.032761135638616,-0.8462983848903614
1186,Arts and Entertainment,2,2.807697970164683,7.7764195512204815,4.9687215810557985
1187,Arts and Entertainment,2,2.455523630060305,3.6494870558050163,1.1939634257447111
1192,Arts and Entertainment,2,4.064638991808154,3.8078097390238788,-0.2568292527842755
1197,Arts and Entertainment,2,5.681437990943717,6.585117132922988,0.9036791419792705
1208,Arts and Entertainment,2,3.941800344760172,5.016604146916612,1.0748038021564401
1214,Arts and Entertainment,2,5.899445556064144,5.869850573647524,-0.029594982416620397
1218,Arts and Entertainment,2,7.277110125889763,7.278839147229873,0.001729021340110215
1221,Arts and Entertainment,2,4.5127957830758785,4.636315034402348,0.12351925132646979
1224,Arts and Entertainment,2,4.357493441619454,4.486760407854129,0.1292669662346757
1228,Arts and Entertainment,2,3.3879150421168367,3.367148923132363,-0.02076611898447389
1232,Arts and Entertainment,2,3.177009512766916,3.3947332687832743,0.2177237560163583
2,Arts and Entertainment,3,5.0180255984498485,5.182237061752691,0.1642114633028422
5,Arts and Entertainment,3,3.2153929194574857,6.553071495525695,3.3376785760682095
12,Arts and Entertainment,3,2.4274717225890354,3.5463371845652727,1.1188654619762373
21,Arts and Entertainment,3,5.385291023395427,5.80733767185683,0.4220466484614027
25,Arts and Entertainment,3,3.1280683465504593,3.005949911118523,-0.12211843543193623
36,Arts and Entertainment,3,2.0050709603263517,2.2372317465134604,0.23216078618710867
37,Arts and Entertainment,3,2.215943257811017,3.123235239185975,0.9072919813749576
49,Arts and Entertainment,3,3.485027824405078,6.62025113036238,3.135223305957302
53,Arts and Entertainment,3,2.599107436156495,2.5857895566327214,-0.013317879523773613
56,Arts and Entertainment,3,2.0459128925750565,3.5813044336391773,1.5353915410641208
64,Arts and Entertainment,3,6.203475238789368,6.296036316941112,0.09256107815174452
67,Arts and Entertainment,3,2.8641318796050084,2.916254698461837,0.05212281885682879
69,Arts and Entertainment,3,3.9516225699459415,6.261928120675949,2.310305550730008
72,Arts and Entertainment,3,2.40056597717942,2.503316560159362,0.102750582979942
74,Arts and Entertainment,3,3.970697470071218,3.3309050202808903,-0.6397924497903276
77,Arts and Entertainment,3,2.501584888583907,2.7616573576141787,0.2600724690302716
84,Arts and Entertainment,3,2.111536191233065,2.142387700258185,0.030851509025120016
90,Arts and Entertainment,3,3.212137939364232,2.3102063547317204,-0.9019315846325116
97,Arts and Entertainment,3,3.107970832812782,2.898504110967151,-0.2094667218456312
98,Arts and Entertainment,3,3.088896095021928,3.1580579764666528,0.06916188144472457
99,Arts and Entertainment,3,3.1507007454579243,3.2503801829381973,0.09967943748027297
109,Arts and Entertainment,3,4.796165636718552,4.5062667351272205,-0.28989890159133136
111,Arts and Entertainment,3,4.673310323769867,4.442866630644189,-0.23044369312567792
117,Arts and Entertainment,3,1.6147446776124956,1.5777832099005158,-0.036961467711979834
118,Arts and Entertainment,3,1.3996616197236582,1.537884442626945,0.1382228229032867
120,Arts and Entertainment,3,1.590205309105996,2.4163529949145413,0.8261476858085453
124,Arts and Entertainment,3,2.439396686929916,6.12536052550173,3.685963838571814
126,Arts and Entertainment,3,5.35741997426128,7.2269824352263505,1.8695624609650707
130,Arts and Entertainment,3,3.5832607373307552,4.764776087160527,1.181515349829772
144,Arts and Entertainment,3,3.098325164556581,3.61394575413546,0.5156205895788792
149,Arts and Entertainment,3,2.7504630486960027,4.958329462792102,2.2078664140960997
150,Arts and Entertainment,3,3.5674270870402465,3.847896134000379,0.28046904696013275
160,Arts and Entertainment,3,2.088884998802002,2.272702927088344,0.18381792828634191
164,Arts and Entertainment,3,2.0878247182267944,2.3105874404510547,0.2227627222242603
166,Arts and Entertainment,3,3.0742581569146648,3.0564425645452276,-0.017815592369437194
173,Arts and Entertainment,3,2.0344320176064943,2.318104983669386,0.2836729660628916
186,Arts and Entertainment,3,1.9988973020270724,2.0064516173803817,0.007554315353309304
189,Arts and Entertainment,3,3.8619416760250846,4.1846013322704465,0.32265965624536186
199,Arts and Entertainment,3,5.524269618738086,6.309693577385957,0.7854239586478711
206,Arts and Entertainment,3,3.697296737699345,3.495619448032071,-0.20167728966727383
208,Arts and Entertainment,3,4.879290051527073,4.836355683072852,-0.042934368454221605
209,Arts and Entertainment,3,2.9565640782505636,3.396507554326039,0.43994347607547546
212,Arts and Entertainment,3,2.351523873589208,2.5252786199785064,0.17375474638929855
213,Arts and Entertainment,3,2.721461481896759,2.564192675970255,-0.15726880592650394
220,Arts and Entertainment,3,3.487603082213645,5.158238450723499,1.6706353685098545
223,Arts and Entertainment,3,5.632521059295711,6.878256930195734,1.245735870900023
234,Arts and Entertainment,3,5.566811573251901,4.357385313490177,-1.2094262597617238
237,Arts and Entertainment,3,4.383398643403752,4.947066970044348,0.5636683266405962
244,Arts and Entertainment,3,2.9379274409627705,5.019598264697741,2.081670823734971
245,Arts and Entertainment,3,2.906648172124192,5.0646964556282414,2.1580482835040495
251,Arts and Entertainment,3,4.835703038568363,6.304536014508373,1.4688329759400096
253,Arts and Entertainment,3,3.8918869499646886,3.162797727676292,-0.7290892222883967
258,Arts and Entertainment,3,4.301796579858591,3.3718945649938386,-0.9299020148647523
264,Arts and Entertainment,3,2.3521817884020426,3.3758811800251602,1.0236993916231176
268,Arts and Entertainment,3,3.7771063112819245,4.373050263275459,0.5959439519935348
269,Arts and Entertainment,3,2.869453662718338,3.309609151529285,0.4401554888109471
270,Arts and Entertainment,3,2.9720654372259165,3.411404859443706,0.43933942221778954
273,Arts and Entertainment,3,2.9343252052754503,3.5990700600634753,0.664744854788025
274,Arts and Entertainment,3,3.403555306517492,3.839532889922924,0.4359775834054318
280,Arts and Entertainment,3,4.498978333738492,5.828164878393432,1.3291865446549398
283,Arts and Entertainment,3,2.290765385874406,3.0990794237867862,0.8083140379123801
292,Arts and Entertainment,3,6.323155688732795,5.562560851308467,-0.7605948374243283
325,Arts and Entertainment,3,2.135362579460219,1.7314878406864604,-0.4038747387737587
329,Arts and Entertainment,3,3.3181610273586135,3.1166181257264394,-0.20154290163217414
330,Arts and Entertainment,3,3.5703316667367035,3.50185490010299,-0.06847676663371338
335,Arts and Entertainment,3,2.867945394751377,2.950306521656755,0.08236112690537789
337,Arts and Entertainment,3,3.84728819253424,3.9455594924496307,0.09827129991539074
340,Arts and Entertainment,3,2.9515527399128088,3.006266382363405,0.05471364245059629
345,Arts and Entertainment,3,2.3248748809041926,2.5637127918989524,0.23883791099475982
356,Arts and Entertainment,3,3.0371616881716648,2.881373231584406,-0.15578845658725893
360,Arts and Entertainment,3,2.8363416516081266,2.8459388437324082,0.009597192124281673
363,Arts and Entertainment,3,2.656818357553643,3.0666013998754855,0.4097830423218425
364,Arts and Entertainment,3,2.709856789455338,2.8264006873136633,0.11654389785832553
366,Arts and Entertainment,3,3.8140470239807263,4.462822162428011,0.6487751384472844
369,Arts and Entertainment,3,3.2898504859061877,2.9459361784424924,-0.3439143074636952
373,Arts and Entertainment,3,3.839532471123416,3.546073992423093,-0.29345847870032316
382,Arts and Entertainment,3,2.9805602834740013,2.82028018734781,-0.1602800961261912
396,Arts and Entertainment,3,4.301465797462567,4.261744227444113,-0.03972157001845478
400,Arts and Entertainment,3,2.7759834714594076,3.2824438012364707,0.5064603297770631
420,Arts and Entertainment,3,2.624444344577647,2.270364091857669,-0.354080252719978
425,Arts and Entertainment,3,2.2740720826484857,2.492786628693916,0.2187145460454305
427,Arts and Entertainment,3,2.8423200530566115,2.7281325980837123,-0.11418745497289917
428,Arts and Entertainment,3,3.6030399220753715,3.0484665783647618,-0.5545733437106097
432,Arts and Entertainment,3,2.4874982706479796,2.6448446790833327,0.15734640843535308
433,Arts and Entertainment,3,1.7128859810222974,1.943838990327455,0.23095300930515772
445,Arts and Entertainment,3,3.3309212733023164,3.4682764807105384,0.13735520740822205
446,Arts and Entertainment,3,2.8425952311255474,2.7384142977423,-0.10418093338324752
450,Arts and Entertainment,3,3.066624673441465,3.1263278387500963,0.05970316530863151
462,Arts and Entertainment,3,2.472908853492441,2.3885671376300857,-0.0843417158623554
464,Arts and Entertainment,3,3.4412605341892712,3.7417395510616633,0.3004790168723921
468,Arts and Entertainment,3,3.738290623044069,3.678353112007077,-0.059937511036991964
471,Arts and Entertainment,3,7.994318521050442,3.8640342452901866,-4.130284275760255
477,Arts and Entertainment,3,2.1321118154511636,2.3299873086531027,0.1978754932019391
479,Arts and Entertainment,3,2.138775204135044,2.182115210072547,0.04334000593750309
480,Arts and Entertainment,3,2.483960893391843,2.516896575151781,0.032935681759937996
482,Arts and Entertainment,3,3.8839113941725136,4.97423185375915,1.0903204595866365
493,Arts and Entertainment,3,1.9135199443045816,3.3025388170445,1.3890188727399182
497,Arts and Entertainment,3,4.758933337903189,5.148958131393823,0.39002479349063446
505,Arts and Entertainment,3,1.9597212830787845,2.1816254104239388,0.2219041273451543
506,Arts and Entertainment,3,1.9378622979046658,1.956964300867155,0.019102002962489095
513,Arts and Entertainment,3,2.096810722918748,2.409831192685755,0.3130204697670069
514,Arts and Entertainment,3,3.825709698657322,4.114202479600548,0.2884927809432263
519,Arts and Entertainment,3,3.971603924318419,5.779455376752695,1.8078514524342761
523,Arts and Entertainment,3,3.626152898246049,3.304480078800053,-0.3216728194459959
529,Arts and Entertainment,3,4.652439896306456,4.797172424098089,0.14473252779163293
550,Arts and Entertainment,3,3.7059847330162654,3.9173916967608733,0.21140696374460788
555,Arts and Entertainment,3,2.6217046668303423,2.4213844784620466,-0.20032018836829568
558,Arts and Entertainment,3,2.9583082063989723,2.8794521681270897,-0.07885603827188259
560,Arts and Entertainment,3,2.7162622881371803,3.4934451512524864,0.7771828631153062
586,Arts and Entertainment,3,5.444664434435385,6.591326494853405,1.14666206041802
589,Arts and Entertainment,3,2.9744816172331308,5.17442201577102,2.199940398537889
591,Arts and Entertainment,3,3.3540744836099723,5.008685650768348,1.654611167158376
595,Arts and Entertainment,3,3.042495064834708,3.3931944127853253,0.3506993479506173
596,Arts and Entertainment,3,2.813796076950275,3.1260870952945115,0.31229101834423645
600,Arts and Entertainment,3,3.206523090577657,3.102619615161663,-0.10390347541599398
601,Arts and Entertainment,3,5.154355486913724,4.956153788876765,-0.19820169803695897
605,Arts and Entertainment,3,1.9434776934050324,1.9699139606724219,0.026436267267389457
609,Arts and Entertainment,3,3.462859047724711,5.156366854947224,1.6935078072225132
611,Arts and Entertainment,3,4.025413481281198,3.7564073958573996,-0.2690060854237988
614,Arts and Entertainment,3,5.663353643170614,6.381461069698659,0.7181074265280447
615,Arts and Entertainment,3,4.2508711658696265,6.7169401757236,2.4660690098539737
625,Arts and Entertainment,3,2.624730376747647,2.715452439943794,0.09072206319614695
629,Arts and Entertainment,3,6.122158509422249,3.8491302591996654,-2.2730282502225836
633,Arts and Entertainment,3,2.9008472259760376,2.9632688803756713,0.06242165439963365
634,Arts and Entertainment,3,3.6636292583079495,6.333411016653027,2.669781758345078
635,Arts and Entertainment,3,3.649299523714368,7.7465816358546356,4.097282112140268
642,Arts and Entertainment,3,3.6614809412846983,3.315794102663588,-0.34568683862111005
643,Arts and Entertainment,3,5.909901744256123,5.133252471641397,-0.7766492726147263
648,Arts and Entertainment,3,4.748330862863369,4.411084887703099,-0.3372459751602701
649,Arts and Entertainment,3,2.361972797956094,3.1413649954605884,0.7793921975044946
657,Arts and Entertainment,3,6.690373439774637,5.802128666583165,-0.888244773191472
658,Arts and Entertainment,3,3.708262251349306,5.494308892178298,1.7860466408289914
661,Arts and Entertainment,3,6.115272129003343,5.014037054003978,-1.101235074999365
674,Arts and Entertainment,3,5.486006225531229,4.634872084958785,-0.8511341405724435
676,Arts and Entertainment,3,2.9409024928510954,3.9832740251724617,1.0423715323213663
683,Arts and Entertainment,3,5.865674135437478,6.697983269293325,0.8323091338558468
691,Arts and Entertainment,3,3.626000900159993,4.540398692618403,0.9143977924584101
694,Arts and Entertainment,3,2.4387398092390753,2.4981120054147086,0.059372196175633274
707,Arts and Entertainment,3,4.087897825560027,5.163180503071286,1.0752826775112583
717,Arts and Entertainment,3,3.260194381431597,3.5811640211452063,0.3209696397136095
720,Arts and Entertainment,3,4.005087994064668,3.6316889905581515,-0.3733990035065169
722,Arts and Entertainment,3,3.872842888232637,4.3630130833971945,0.4901701951645574
726,Arts and Entertainment,3,5.539654485278018,4.808652671158535,-0.731001814119483
729,Arts and Entertainment,3,3.335645371438578,3.6414848396114743,0.3058394681728962
733,Arts and Entertainment,3,2.8897343522980083,3.2913086438331978,0.4015742915351894
734,Arts and Entertainment,3,2.7181002879118203,2.703353797236936,-0.014746490674884427
737,Arts and Entertainment,3,3.341749780135995,3.4416951496281074,0.09994536949211241
740,Arts and Entertainment,3,2.398000523312777,2.463547680646508,0.0655471573337314
744,Arts and Entertainment,3,1.9765553315550304,3.7662006414684495,1.789645309913419
755,Arts and Entertainment,3,2.149471489843575,2.8159205529249878,0.6664490630814126
765,Arts and Entertainment,3,5.654373712912973,7.116161984467385,1.4617882715544122
769,Arts and Entertainment,3,7.965756238974709,7.9229522636927285,-0.042803975281980655
773,Arts and Entertainment,3,3.877572899460649,4.040060713405165,0.16248781394451584
778,Arts and Entertainment,3,2.832827418357515,4.108464931707084,1.2756375133495688
779,Arts and Entertainment,3,4.01227971074826,4.138479572132741,0.1261998613844817
784,Arts and Entertainment,3,3.091402978225277,6.1288893220575495,3.0374863438322723
791,Arts and Entertainment,3,3.223529175304731,3.3663907460177196,0.14286157071298877
798,Arts and Entertainment,3,2.963110643767915,4.59609500252045,1.6329843587525348
799,Arts and Entertainment,3,5.054763462651228,2.5632981348291684,-2.4914653278220595
801,Arts and Entertainment,3,4.072340467175893,4.1940459286589205,0.1217054614830273
804,Arts and Entertainment,3,3.014945570918149,3.3565640061097994,0.34161843519165025
805,Arts and Entertainment,3,2.7552427401345403,5.8601369249376045,3.1048941848030642
816,Arts and Entertainment,3,3.950895259567149,4.216209560610352,0.26531430104320286
819,Arts and Entertainment,3,3.0638545882457535,3.263425682396573,0.1995710941508193
830,Arts and Entertainment,3,4.1972044825871,4.065164229832455,-0.1320402527546456
832,Arts and Entertainment,3,4.0901739715199685,4.349832999927668,0.2596590284076994
837,Arts and Entertainment,3,3.7555433249515646,5.021550779947932,1.2660074549963678
843,Arts and Entertainment,3,4.054677333392288,5.457124507878164,1.402447174485876
848,Arts and Entertainment,3,1.241742672853042,1.5796883390694019,0.3379456662163598
859,Arts and Entertainment,3,2.1497189793141036,2.173022787303993,0.023303807989889513
861,Arts and Entertainment,3,2.851434453465016,2.84616864693984,-0.005265806525176053
864,Arts and Entertainment,3,2.8187807182220896,3.9258967031263476,1.107115984904258
866,Arts and Entertainment,3,3.7980491396047533,4.085466900610137,0.28741776100538363
875,Arts and Entertainment,3,5.747832165415646,5.320609888613226,-0.42722227680242053
878,Arts and Entertainment,3,1.7971099206353847,2.5507889851441807,0.7536790645087961
879,Arts and Entertainment,3,4.857614403466086,2.251807189443186,-2.6058072140229003
887,Arts and Entertainment,3,3.128671141137878,3.491399061480128,0.36272792034225
903,Arts and Entertainment,3,3.1567756552834756,5.351343840622042,2.1945681853385666
907,Arts and Entertainment,3,4.135919825128922,3.8568944815349218,-0.2790253435940002
909,Arts and Entertainment,3,3.328537972241618,5.298330813108924,1.969792840867306
912,Arts and Entertainment,3,3.514357830230157,3.7034183562998297,0.18906052606967272
915,Arts and Entertainment,3,3.7324313718977957,3.9038832973300583,0.17145192543226262
920,Arts and Entertainment,3,2.687158341941337,4.805387079952123,2.1182287380107856
927,Arts and Entertainment,3,2.751681505666836,3.059455756942264,0.3077742512754278
929,Arts and Entertainment,3,2.898882952455717,6.518822016864399,3.619939064408682
930,Arts and Entertainment,3,2.761528861829024,3.6419369839291584,0.8804081221001345
935,Arts and Entertainment,3,3.383331833072506,3.7214384127351776,0.33810657966267144
938,Arts and Entertainment,3,2.244249956594005,2.4784185508360483,0.2341685942420435
941,Arts and Entertainment,3,3.153310285339737,3.391719670989527,0.2384093856497902
944,Arts and Entertainment,3,2.6043056251421683,2.90124380656911,0.29693818142694184
947,Arts and Entertainment,3,2.5999390736247268,2.764966534049429,0.16502746042470218
957,Arts and Entertainment,3,2.48842451789607,1.6374940406626413,-0.850930477233429
963,Arts and Entertainment,3,3.1180736219761815,3.8388366799973648,0.7207630580211832
978,Arts and Entertainment,3,2.4687904630420023,5.29204741903119,2.823256955989188
979,Arts and Entertainment,3,1.8390986730928591,1.9230369707988184,0.08393829770595929
980,Arts and Entertainment,3,3.260277090672285,2.509048537924402,-0.7512285527478832
981,Arts and Entertainment,3,2.4049802204849984,3.790412671604923,1.3854324511199247
986,Arts and Entertainment,3,3.4978808715210405,1.9653861430723896,-1.532494728448651
989,Arts and Entertainment,3,2.3225835849295247,1.9740821111595541,-0.34850147376997054
997,Arts and Entertainment,3,4.240774528182572,4.855322944481442,0.6145484162988692
1000,Arts and Entertainment,3,4.902552424745623,4.714747681286369,-0.18780474345925402
1011,Arts and Entertainment,3,2.979110139663664,3.8849169621320456,0.9058068224683815
1013,Arts and Entertainment,3,2.0876506073045156,2.0783647788334196,-0.009285828471095936
1016,Arts and Entertainment,3,2.110186791424348,2.2092038020942963,0.09901701066994839
1018,Arts and Entertainment,3,4.431324649489095,4.24387012338911,-0.18745452609998559
1024,Arts and Entertainment,3,2.873830729064091,4.241208320690134,1.367377591626043
1027,Arts and Entertainment,3,4.601372594073455,5.132526651854866,0.5311540577814107
1033,Arts and Entertainment,3,2.333201323745514,3.2517775942326006,0.9185762704870868
1037,Arts and Entertainment,3,2.5602124287627666,2.686123913830733,0.12591148506796657
1041,Arts and Entertainment,3,2.492820010485513,2.1567228709710724,-0.33609713951444053
1042,Arts and Entertainment,3,3.178119577664945,3.5894664189822203,0.4113468413172754
1061,Arts and Entertainment,3,3.241936334696209,3.357533257399787,0.11559692270357802
1065,Arts and Entertainment,3,2.479475708168281,2.2420287126891947,-0.2374469954790861
1067,Arts and Entertainment,3,3.378637851279758,3.590080666319392,0.2114428150396339
1079,Arts and Entertainment,3,1.8520821147072348,1.6052770058887644,-0.2468051088184704
1087,Arts and Entertainment,3,3.425341013395143,3.2103566073510654,-0.21498440604407776
1092,Arts and Entertainment,3,4.146084484677459,4.440141127317662,0.2940566426402027
1094,Arts and Entertainment,3,4.423250413555068,3.9589102847206856,-0.46434012883438225
1108,Arts and Entertainment,3,2.888649793428822,2.8941294947526552,0.0054797013238330194
1114,Arts and Entertainment,3,1.8902972215485807,1.788243748601456,-0.10205347294712475
1117,Arts and Entertainment,3,2.9071303305480356,5.023792801699434,2.1166624711513986
1118,Arts and Entertainment,3,2.4544878344661027,2.962921588897294,0.5084337544311914
1120,Arts and Entertainment,3,3.0612122097587893,3.2017948672948773,0.140582657536088
1124,Arts and Entertainment,3,2.4527769601164646,2.595588710293412,0.14281175017694725
1126,Arts and Entertainment,3,4.577611972526568,5.148368723988802,0.570756751462234
1134,Arts and Entertainment,3,3.7583911575623294,3.776185393613088,0.01779423605075836
1136,Arts and Entertainment,3,1.7866849748890008,2.257526225572949,0.47084125068394833
1138,Arts and Entertainment,3,4.680866836335059,4.720470733574682,0.039603897239622654
1146,Arts and Entertainment,3,3.0061343668022387,3.2573629894376017,0.25122862263536305
1150,Arts and Entertainment,3,5.1168379856569715,5.456341117065582,0.33950313140861077
1159,Arts and Entertainment,3,2.585435546367386,1.6943841037804526,-0.8910514425869334
1161,Arts and Entertainment,3,2.8518771942997097,3.54478278814644,0.6929055938467306
1164,Arts and Entertainment,3,3.327986078945414,3.49227854562121,0.16429246667579633
1169,Arts and Entertainment,3,7.107111314100368,6.533652586984626,-0.5734587271157414
1184,Arts and Entertainment,3,3.0391189616617327,5.454252547925391,2.415133586263658
1185,Arts and Entertainment,3,4.879059520528977,3.989627482069504,-0.8894320384594732
1186,Arts and Entertainment,3,2.807697970164683,8.148496565030868,5.340798594866185
1187,Arts and Entertainment,3,2.455523630060305,4.0169029760478585,1.5613793459875533
1192,Arts and Entertainment,3,4.064638991808154,3.850434022305375,-0.21420496950277945
1197,Arts and Entertainment,3,5.681437990943717,6.201338150025651,0.5199001590819341
1208,Arts and Entertainment,3,3.941800344760172,5.132606677767256,1.1908063330070835
1214,Arts and Entertainment,3,5.899445556064144,5.954334793029855,0.05488923696571124
1218,Arts and Entertainment,3,7.277110125889763,7.525704164721295,0.24859403883153242
1221,Arts and Entertainment,3,4.5127957830758785,4.852017118342675,0.33922133526679676
1224,Arts and Entertainment,3,4.357493441619454,5.266493962382472,0.9090005207630183
1228,Arts and Entertainment,3,3.3879150421168367,3.363155406660886,-0.0247596354559505
1232,Arts and Entertainment,3,3.177009512766916,3.3758719856301695,0.19886247286325354
2,Health and Medicine,1,5.0180255984498485,4.3984946747186395,-0.619530923731209
5,Health and Medicine,1,3.2153929194574857,3.3318826193218722,0.11648969986438651
12,Health and Medicine,1,2.4274717225890354,2.5208559844698706,0.09338426188083515
21,Health and Medicine,1,5.385291023395427,5.3032415545224545,-0.08204946887297293
25,Health and Medicine,1,3.1280683465504593,3.1877465714871454,0.059678224936686064
36,Health and Medicine,1,2.0050709603263517,2.318171215069024,0.3131002547426722
37,Health and Medicine,1,2.215943257811017,2.445946055102313,0.2300027972912959
49,Health and Medicine,1,3.485027824405078,3.186708517483977,-0.2983193069211012
53,Health and Medicine,1,2.599107436156495,2.3985488571527345,-0.2005585790037605
56,Health and Medicine,1,2.0459128925750565,2.19241201027523,0.14649911770017354
64,Health and Medicine,1,6.203475238789368,3.613217251688279,-2.590257987101089
67,Health and Medicine,1,2.8641318796050084,2.8186231177820704,-0.04550876182293795
69,Health and Medicine,1,3.9516225699459415,4.615257827188346,0.6636352572424045
72,Health and Medicine,1,2.40056597717942,2.3783429972600234,-0.02222297991939648
74,Health and Medicine,1,3.970697470071218,3.48433961136696,-0.48635785870425785
77,Health and Medicine,1,2.501584888583907,2.528459114082637,0.026874225498729754
84,Health and Medicine,1,2.111536191233065,2.270309594093643,0.15877340286057784
90,Health and Medicine,1,3.212137939364232,3.076943586391086,-0.13519435297314608
97,Health and Medicine,1,3.107970832812782,3.2310990136962445,0.12312818088346233
98,Health and Medicine,1,3.088896095021928,3.104373056656499,0.015476961634570685
99,Health and Medicine,1,3.1507007454579243,3.292270356794158,0.1415696113362337
109,Health and Medicine,1,4.796165636718552,4.78764160424446,-0.00852403247409228
111,Health and Medicine,1,4.673310323769867,4.62323042832392,-0.05007989544594693
117,Health and Medicine,1,1.6147446776124956,1.565830158428525,-0.048914519183970606
118,Health and Medicine,1,1.3996616197236582,1.4039965390228906,0.004334919299232354
120,Health and Medicine,1,1.590205309105996,1.5689279643206775,-0.021277344785318508
124,Health and Medicine,1,2.439396686929916,2.8852104713525817,0.4458137844226657
126,Health and Medicine,1,5.35741997426128,4.624682159739962,-0.7327378145213181
130,Health and Medicine,1,3.5832607373307552,3.7354398387676366,0.1521791014368814
144,Health and Medicine,1,3.098325164556581,3.156271136614265,0.05794597205768426
149,Health and Medicine,1,2.7504630486960027,2.962110913429667,0.21164786473366437
150,Health and Medicine,1,3.5674270870402465,3.551142496680268,-0.016284590359978424
160,Health and Medicine,1,2.088884998802002,1.9500697984598185,-0.13881520034218364
164,Health and Medicine,1,2.0878247182267944,2.078960414291386,-0.00886430393540838
166,Health and Medicine,1,3.0742581569146648,2.9154337245193314,-0.1588244323953334
173,Health and Medicine,1,2.0344320176064943,2.153566679196966,0.11913466159047159
186,Health and Medicine,1,1.9988973020270724,2.048689646100973,0.04979234407390076
189,Health and Medicine,1,3.8619416760250846,3.8693807794907755,0.007439103465690877
199,Health and Medicine,1,5.524269618738086,5.363372427022266,-0.1608971917158204
206,Health and Medicine,1,3.697296737699345,3.4744413229612103,-0.22285541473813453
208,Health and Medicine,1,4.879290051527073,4.828876159883428,-0.05041389164364496
209,Health and Medicine,1,2.9565640782505636,2.2703986583061138,-0.6861654199444498
212,Health and Medicine,1,2.351523873589208,2.4364867204237464,0.08496284683453847
213,Health and Medicine,1,2.721461481896759,2.4101762792247077,-0.3112852026720514
220,Health and Medicine,1,3.487603082213645,4.831167532129825,1.3435644499161805
223,Health and Medicine,1,5.632521059295711,5.749430557144011,0.11690949784830007
234,Health and Medicine,1,5.566811573251901,4.5184172451114755,-1.048394328140425
237,Health and Medicine,1,4.383398643403752,4.36543237216102,-0.017966271242731757
244,Health and Medicine,1,2.9379274409627705,2.6422747195413225,-0.29565272142144794
245,Health and Medicine,1,2.906648172124192,2.6315427143534915,-0.2751054577707004
251,Health and Medicine,1,4.835703038568363,4.489045712123184,-0.3466573264451789
253,Health and Medicine,1,3.8918869499646886,3.7918062283456417,-0.10008072161904691
258,Health and Medicine,1,4.301796579858591,3.571028803535743,-0.730767776322848
264,Health and Medicine,1,2.3521817884020426,2.4549654821818168,0.10278369377977414
268,Health and Medicine,1,3.7771063112819245,3.788652284817525,0.011545973535600496
269,Health and Medicine,1,2.869453662718338,2.8375663805712774,-0.0318872821470606
270,Health and Medicine,1,2.9720654372259165,3.060592562039331,0.08852712481341429
273,Health and Medicine,1,2.9343252052754503,3.038757964638455,0.10443275936300456
274,Health and Medicine,1,3.403555306517492,3.3792507013229214,-0.024304605194570783
280,Health and Medicine,1,4.498978333738492,4.6785058724223845,0.17952753868389237
283,Health and Medicine,1,2.290765385874406,2.1479662748015045,-0.14279911107290166
292,Health and Medicine,1,6.323155688732795,6.211170948069455,-0.11198474066334008
325,Health and Medicine,1,2.135362579460219,1.8451747800528884,-0.29018779940733075
329,Health and Medicine,1,3.3181610273586135,3.3301173192668143,0.0119562919082008
330,Health and Medicine,1,3.5703316667367035,3.5681443658824272,-0.0021873008542763195
335,Health and Medicine,1,2.867945394751377,3.0169566631531137,0.14901126840173662
337,Health and Medicine,1,3.84728819253424,3.7004260375409537,-0.14686215499328625
340,Health and Medicine,1,2.9515527399128088,2.9518500759690824,0.0002973360562736893
345,Health and Medicine,1,2.3248748809041926,2.3970873852456336,0.072212504341441
356,Health and Medicine,1,3.0371616881716648,3.021248371251706,-0.015913316919958564
360,Health and Medicine,1,2.8363416516081266,2.8327069429699083,-0.0036347086382182425
363,Health and Medicine,1,2.656818357553643,2.68218717294423,0.025368815390586885
364,Health and Medicine,1,2.709856789455338,2.6925728890050378,-0.017283900450300038
366,Health and Medicine,1,3.8140470239807263,3.272739779967299,-0.5413072440134274
369,Health and Medicine,1,3.2898504859061877,3.1623101850106154,-0.12754030089557222
373,Health and Medicine,1,3.839532471123416,3.72891016347878,-0.11062230764463621
382,Health and Medicine,1,2.9805602834740013,3.165739833616235,0.18517955014223375
396,Health and Medicine,1,4.301465797462567,4.3014869126371895,2.1115174622110544e-05
400,Health and Medicine,1,2.7759834714594076,2.7338636413123782,-0.04211983014702936
420,Health and Medicine,1,2.624444344577647,2.3102256229927693,-0.3142187215848775
425,Health and Medicine,1,2.2740720826484857,2.2672597661610747,-0.006812316487410985
427,Health and Medicine,1,2.8423200530566115,3.013844878151609,0.17152482509499745
428,Health and Medicine,1,3.6030399220753715,3.3612932085832328,-0.24174671349213872
432,Health and Medicine,1,2.4874982706479796,2.334452957824129,-0.15304531282385048
433,Health and Medicine,1,1.7128859810222974,2.041845756602034,0.32895977557973644
445,Health and Medicine,1,3.3309212733023164,3.4986791271161066,0.16775785381379027
446,Health and Medicine,1,2.8425952311255474,2.915839341002608,0.07324410987706065
450,Health and Medicine,1,3.066624673441465,3.02954914335625,-0.037075530085215025
462,Health and Medicine,1,2.472908853492441,2.577583327040281,0.10467447354783976
464,Health and Medicine,1,3.4412605341892712,3.5097010892645573,0.06844055507528601
468,Health and Medicine,1,3.738290623044069,3.7376717487298046,-0.0006188743142643283
471,Health and Medicine,1,7.994318521050442,7.471861812844196,-0.5224567082062457
477,Health and Medicine,1,2.1321118154511636,2.238673470106148,0.10656165465498457
479,Health and Medicine,1,2.138775204135044,2.0727946876882077,-0.06598051644683611
480,Health and Medicine,1,2.483960893391843,2.69513022216904,0.21116932877719696
482,Health and Medicine,1,3.8839113941725136,3.834891108245695,-0.04902028592681873
493,Health and Medicine,1,1.9135199443045816,1.907916399502181,-0.005603544802400551
497,Health and Medicine,1,4.758933337903189,5.011038995191188,0.2521056572879994
505,Health and Medicine,1,1.9597212830787845,1.7496801559790178,-0.21004112709976663
506,Health and Medicine,1,1.9378622979046658,1.7892251992692292,-0.14863709863543662
513,Health and Medicine,1,2.096810722918748,2.0589702995135655,-0.037840423405182566
514,Health and Medicine,1,3.825709698657322,3.8272914557609683,0.0015817571036462752
519,Health and Medicine,1,3.971603924318419,4.3814909058766665,0.4098869815582473
523,Health and Medicine,1,3.626152898246049,3.145747750131325,-0.4804051481147238
529,Health and Medicine,1,4.652439896306456,4.96424369311401,0.31180379680755443
550,Health and Medicine,1,3.7059847330162654,3.7890708374470377,0.08308610443077225
555,Health and Medicine,1,2.6217046668303423,2.5649526766311475,-0.05675199019919486
558,Health and Medicine,1,2.9583082063989723,2.8333957305959196,-0.12491247580305265
560,Health and Medicine,1,2.7162622881371803,2.9679246221778417,0.2516623340406614
586,Health and Medicine,1,5.444664434435385,5.191456723707488,-0.2532077107278967
589,Health and Medicine,1,2.9744816172331308,2.7703556859145295,-0.20412593131860124
591,Health and Medicine,1,3.3540744836099723,3.4931931810284613,0.13911869741848903
595,Health and Medicine,1,3.042495064834708,3.074754838794279,0.032259773959570914
596,Health and Medicine,1,2.813796076950275,2.8131488734621923,-0.0006472034880826705
600,Health and Medicine,1,3.206523090577657,3.3110966296983566,0.10457353912069944
601,Health and Medicine,1,5.154355486913724,5.339120393120345,0.18476490620662034
605,Health and Medicine,1,1.9434776934050324,1.897524627942706,-0.04595306546232636
609,Health and Medicine,1,3.462859047724711,3.7885757048621747,0.32571665713746345
611,Health and Medicine,1,4.025413481281198,3.515356166513298,-0.5100573147679004
614,Health and Medicine,1,5.663353643170614,5.261374661937468,-0.401978981233146
615,Health and Medicine,1,4.2508711658696265,5.093481631641318,0.8426104657716911
625,Health and Medicine,1,2.624730376747647,2.4724475189882114,-0.1522828577594355
629,Health and Medicine,1,6.122158509422249,3.8570906386162864,-2.2650678708059626
633,Health and Medicine,1,2.9008472259760376,2.928469536655105,0.027622310679067397
634,Health and Medicine,1,3.6636292583079495,2.8590447112203696,-0.8045845470875799
635,Health and Medicine,1,3.649299523714368,3.743674276307811,0.09437475259344286
642,Health and Medicine,1,3.6614809412846983,3.638896907721902,-0.022584033562796257
643,Health and Medicine,1,5.909901744256123,4.698513274598503,-1.2113884696576198
648,Health and Medicine,1,4.748330862863369,4.267653479255942,-0.4806773836074276
649,Health and Medicine,1,2.361972797956094,2.201452541193425,-0.1605202567626689
657,Health and Medicine,1,6.690373439774637,6.642995086254345,-0.04737835352029229
658,Health and Medicine,1,3.708262251349306,3.561141654255854,-0.14712059709345215
661,Health and Medicine,1,6.115272129003343,5.858513611555905,-0.2567585174474383
674,Health and Medicine,1,5.486006225531229,5.390342800804965,-0.09566342472626399
676,Health and Medicine,1,2.9409024928510954,2.8977323868845835,-0.04317010596651194
683,Health and Medicine,1,5.865674135437478,6.2029758019412045,0.33730166650372606
691,Health and Medicine,1,3.626000900159993,3.413485648688675,-0.21251525147131822
694,Health and Medicine,1,2.4387398092390753,2.3516173928802973,-0.08712241635877804
707,Health and Medicine,1,4.087897825560027,4.013049750446357,-0.0748480751136702
717,Health and Medicine,1,3.260194381431597,3.472183899727586,0.21198951829598922
720,Health and Medicine,1,4.005087994064668,3.7504461720336515,-0.25464182203101693
722,Health and Medicine,1,3.872842888232637,3.958325903276137,0.08548301504349975
726,Health and Medicine,1,5.539654485278018,4.362095967807964,-1.1775585174700547
729,Health and Medicine,1,3.335645371438578,4.265104815144834,0.9294594437062562
733,Health and Medicine,1,2.8897343522980083,2.9390977225377166,0.04936337023970827
734,Health and Medicine,1,2.7181002879118203,2.7041071982446914,-0.013993089667128977
737,Health and Medicine,1,3.341749780135995,3.001049407364909,-0.340700372771086
740,Health and Medicine,1,2.398000523312777,2.3624697051542087,-0.03553081815856807
744,Health and Medicine,1,1.9765553315550304,1.9912619861855676,0.01470665463053722
755,Health and Medicine,1,2.149471489843575,2.119164410241174,-0.0303070796024012
765,Health and Medicine,1,5.654373712912973,5.210188166932017,-0.4441855459809556
769,Health and Medicine,1,7.965756238974709,7.993219091698513,0.027462852723803444
773,Health and Medicine,1,3.877572899460649,3.896342218187433,0.018769318726784334
778,Health and Medicine,1,2.832827418357515,2.8005475792150376,-0.03227983914247723
779,Health and Medicine,1,4.01227971074826,4.029076398886099,0.01679668813783941
784,Health and Medicine,1,3.091402978225277,3.142473160284026,0.05107018205874869
791,Health and Medicine,1,3.223529175304731,3.1775732794584552,-0.045955895846275574
798,Health and Medicine,1,2.963110643767915,3.044056688348249,0.08094604458033405
799,Health and Medicine,1,5.054763462651228,4.712628005282221,-0.3421354573690065
801,Health and Medicine,1,4.072340467175893,3.9360646390810925,-0.13627582809480066
804,Health and Medicine,1,3.014945570918149,3.1723031830560178,0.15735761213786859
805,Health and Medicine,1,2.7552427401345403,2.7388302301866285,-0.01641250994791177
816,Health and Medicine,1,3.950895259567149,3.9515033729273843,0.0006081133602351407
819,Health and Medicine,1,3.0638545882457535,2.7910670364249333,-0.27278755182082026
830,Health and Medicine,1,4.1972044825871,3.9222357945855983,-0.27496868800150187
832,Health and Medicine,1,4.0901739715199685,4.122217250968957,0.032043279448988216
837,Health and Medicine,1,3.7555433249515646,3.969552331968253,0.21400900701668846
843,Health and Medicine,1,4.054677333392288,3.6622835875251267,-0.39239374586716114
848,Health and Medicine,1,1.241742672853042,1.091910684627055,-0.1498319882259871
859,Health and Medicine,1,2.1497189793141036,2.036774234026753,-0.11294474528735066
861,Health and Medicine,1,2.851434453465016,2.823433323061542,-0.02800113040347396
864,Health and Medicine,1,2.8187807182220896,2.929014813575918,0.11023409535382855
866,Health and Medicine,1,3.7980491396047533,3.9639023230567645,0.16585318345201117
875,Health and Medicine,1,5.747832165415646,5.711570388843247,-0.03626177657239893
878,Health and Medicine,1,1.7971099206353847,1.794697128987531,-0.002412791647853574
879,Health and Medicine,1,4.857614403466086,4.604883307150774,-0.252731096315312
887,Health and Medicine,1,3.128671141137878,3.28254419815966,0.1538730570217819
903,Health and Medicine,1,3.1567756552834756,3.2277793514006214,0.07100369611714585
907,Health and Medicine,1,4.135919825128922,3.8462085299458026,-0.28971129518311933
909,Health and Medicine,1,3.328537972241618,3.099789019607448,-0.22874895263417017
912,Health and Medicine,1,3.514357830230157,3.5632980803464513,0.048940250116294326
915,Health and Medicine,1,3.7324313718977957,3.6859111994476743,-0.04652017245012141
920,Health and Medicine,1,2.687158341941337,2.657581838811354,-0.029576503129983056
927,Health and Medicine,1,2.751681505666836,2.672844554434908,-0.0788369512319278
929,Health and Medicine,1,2.898882952455717,2.84892945502882,-0.04995349742689692
930,Health and Medicine,1,2.761528861829024,2.8259618939365945,0.06443303210757056
935,Health and Medicine,1,3.383331833072506,3.727785981365656,0.34445414829315
938,Health and Medicine,1,2.244249956594005,2.207806962053625,-0.036442994540379914
941,Health and Medicine,1,3.153310285339737,3.147614491071607,-0.005695794268130161
944,Health and Medicine,1,2.6043056251421683,2.613193931388636,0.008888306246467526
947,Health and Medicine,1,2.5999390736247268,2.7015830263253084,0.10164395270058169
957,Health and Medicine,1,2.48842451789607,2.146910679917916,-0.3415138379781544
963,Health and Medicine,1,3.1180736219761815,3.1537919575872384,0.03571833561105686
978,Health and Medicine,1,2.4687904630420023,2.68626710851026,0.2174766454682575
979,Health and Medicine,1,1.8390986730928591,1.8235940540343534,-0.015504619058505753
980,Health and Medicine,1,3.260277090672285,3.389893957894213,0.129616867221928
981,Health and Medicine,1,2.4049802204849984,2.3951709979524844,-0.009809222532513928
986,Health and Medicine,1,3.4978808715210405,3.571513750426507,0.07363287890546655
989,Health and Medicine,1,2.3225835849295247,2.013678255241571,-0.3089053296879536
997,Health and Medicine,1,4.240774528182572,3.7687561640554277,-0.4720183641271447
1000,Health and Medicine,1,4.902552424745623,4.7360824561529675,-0.16646996859265517
1011,Health and Medicine,1,2.979110139663664,3.3102187377249193,0.33110859806125514
1013,Health and Medicine,1,2.0876506073045156,2.0655137296603625,-0.022136877644153063
1016,Health and Medicine,1,2.110186791424348,2.1456534164812915,0.035466625056943535
1018,Health and Medicine,1,4.431324649489095,4.321220180547124,-0.11010446894197123
1024,Health and Medicine,1,2.873830729064091,2.8869712671991548,0.01314053813506355
1027,Health and Medicine,1,4.601372594073455,3.819713414293822,-0.7816591797796328
1033,Health and Medicine,1,2.333201323745514,2.9193118695080216,0.5861105457625078
1037,Health and Medicine,1,2.5602124287627666,2.558314892769386,-0.0018975359933803837
1041,Health and Medicine,1,2.492820010485513,2.114629321348695,-0.37819068913681786
1042,Health and Medicine,1,3.178119577664945,3.155391623247981,-0.022727954416963847
1061,Health and Medicine,1,3.241936334696209,3.2507838626404038,0.008847527944194855
1065,Health and Medicine,1,2.479475708168281,2.81630066572228,0.3368249575539992
1067,Health and Medicine,1,3.378637851279758,3.3794258148627296,0.000787963582971507
1079,Health and Medicine,1,1.8520821147072348,1.9893124217115175,0.13723030700428263
1087,Health and Medicine,1,3.425341013395143,3.420617098276708,-0.0047239151184350625
1092,Health and Medicine,1,4.146084484677459,4.2269673391620595,0.08088285448460031
1094,Health and Medicine,1,4.423250413555068,4.281715993069158,-0.14153442048591014
1108,Health and Medicine,1,2.888649793428822,2.7486563065981136,-0.13999348683070867
1114,Health and Medicine,1,1.8902972215485807,1.8512447210758152,-0.03905250047276554
1117,Health and Medicine,1,2.9071303305480356,2.980456246776175,0.07332591622813922
1118,Health and Medicine,1,2.4544878344661027,2.5211479066576397,0.06666007219153691
1120,Health and Medicine,1,3.0612122097587893,3.0733460508741124,0.012133841115323118
1124,Health and Medicine,1,2.4527769601164646,2.4376892105454795,-0.015087749570985132
1126,Health and Medicine,1,4.577611972526568,4.475930802258588,-0.1016811702679794
1134,Health and Medicine,1,3.7583911575623294,3.5674668914898486,-0.1909242660724808
1136,Health and Medicine,1,1.7866849748890008,1.6178289377858546,-0.16885603710314623
1138,Health and Medicine,1,4.680866836335059,4.584328928659692,-0.09653790767536652
1146,Health and Medicine,1,3.0061343668022387,3.1700958041786436,0.1639614373764049
1150,Health and Medicine,1,5.1168379856569715,5.090056387647663,-0.02678159800930846
1159,Health and Medicine,1,2.585435546367386,2.734270453671977,0.14883490730459092
1161,Health and Medicine,1,2.8518771942997097,2.651095325572022,-0.20078186872768766
1164,Health and Medicine,1,3.327986078945414,3.1608285127121727,-0.16715756623324118
1169,Health and Medicine,1,7.107111314100368,6.722574949169028,-0.38453636493134
1184,Health and Medicine,1,3.0391189616617327,2.9120424654817745,-0.1270764961799582
1185,Health and Medicine,1,4.879059520528977,5.4556481820966205,0.5765886615676434
1186,Health and Medicine,1,2.807697970164683,4.801973859291376,1.9942758891266932
1187,Health and Medicine,1,2.455523630060305,2.1691128438997356,-0.2864107861605696
1192,Health and Medicine,1,4.064638991808154,4.275295286447591,0.21065629463943658
1197,Health and Medicine,1,5.681437990943717,4.696463428469722,-0.9849745624739947
1208,Health and Medicine,1,3.941800344760172,3.7666847921082507,-0.17511555265192147
1214,Health and Medicine,1,5.899445556064144,5.700866633793458,-0.19857892227068596
1218,Health and Medicine,1,7.277110125889763,7.203805013573424,-0.07330511231633885
1221,Health and Medicine,1,4.5127957830758785,4.345579135311056,-0.16721664776482204
1224,Health and Medicine,1,4.357493441619454,4.245067060069545,-0.11242638154990914
1228,Health and Medicine,1,3.3879150421168367,3.494730467598453,0.10681542548161627
1232,Health and Medicine,1,3.177009512766916,3.135420849470493,-0.04158866329642308
2,Health and Medicine,2,5.0180255984498485,3.977278772944272,-1.0407468255055767
5,Health and Medicine,2,3.2153929194574857,3.4906287986476343,0.2752358791901486
12,Health and Medicine,2,2.4274717225890354,2.61997871862983,0.19250699604079458
21,Health and Medicine,2,5.385291023395427,5.233783333092774,-0.15150769030265376
25,Health and Medicine,2,3.1280683465504593,3.2728264692962528,0.14475812274579347
36,Health and Medicine,2,2.0050709603263517,2.52269288282878,0.5176219225024283
37,Health and Medicine,2,2.215943257811017,2.6341241181707193,0.41818086035970214
49,Health and Medicine,2,3.485027824405078,2.7205711388349396,-0.7644566855701385
53,Health and Medicine,2,2.599107436156495,2.274842645348359,-0.3242647908081362
56,Health and Medicine,2,2.0459128925750565,2.265867568955529,0.2199546763804725
64,Health and Medicine,2,6.203475238789368,3.259960063784817,-2.943515175004551
67,Health and Medicine,2,2.8641318796050084,2.776648620509228,-0.08748325909578059
69,Health and Medicine,2,3.9516225699459415,5.0389072493950575,1.087284679449116
72,Health and Medicine,2,2.40056597717942,2.3669063767958605,-0.03365960038355942
74,Health and Medicine,2,3.970697470071218,3.359917147361342,-0.6107803227098758
77,Health and Medicine,2,2.501584888583907,2.540447565329835,0.03886267674592769
84,Health and Medicine,2,2.111536191233065,2.403133449244446,0.29159725801138103
90,Health and Medicine,2,3.212137939364232,3.7566304455759294,0.5444925062116974
97,Health and Medicine,2,3.107970832812782,3.3962185531551903,0.2882477203424081
98,Health and Medicine,2,3.088896095021928,3.0725911935663763,-0.016304901455551857
99,Health and Medicine,2,3.1507007454579243,3.3903258720727454,0.23962512661482105
109,Health and Medicine,2,4.796165636718552,4.746552247123923,-0.049613389594628465
111,Health and Medicine,2,4.673310323769867,4.697807020817985,0.024496697048117966
117,Health and Medicine,2,1.6147446776124956,1.534134222744639,-0.08061045486785656
118,Health and Medicine,2,1.3996616197236582,1.4131199670969168,0.013458347373258572
120,Health and Medicine,2,1.590205309105996,1.5504792238043774,-0.039726085301618586
124,Health and Medicine,2,2.439396686929916,3.6089096063702897,1.1695129194403737
126,Health and Medicine,2,5.35741997426128,3.9236185346942696,-1.4338014395670102
130,Health and Medicine,2,3.5832607373307552,3.8694236804575226,0.2861629431267674
144,Health and Medicine,2,3.098325164556581,3.2102157228883925,0.11189055833181172
149,Health and Medicine,2,2.7504630486960027,3.2736042417440516,0.523141193048049
150,Health and Medicine,2,3.5674270870402465,3.544908769759364,-0.022518317280882272
160,Health and Medicine,2,2.088884998802002,1.8454485830251273,-0.24343641577687491
164,Health and Medicine,2,2.0878247182267944,2.0899925017923584,0.0021677835655640187
166,Health and Medicine,2,3.0742581569146648,2.667364775030147,-0.40689338188451796
173,Health and Medicine,2,2.0344320176064943,2.4222495250337106,0.3878175074272163
186,Health and Medicine,2,1.9988973020270724,2.15977559876758,0.1608782967405078
189,Health and Medicine,2,3.8619416760250846,3.881451241942221,0.019509565917136484
199,Health and Medicine,2,5.524269618738086,5.405807772010437,-0.11846184672764881
206,Health and Medicine,2,3.697296737699345,3.4867489637975884,-0.2105477739017565
208,Health and Medicine,2,4.879290051527073,4.781006130723884,-0.0982839208031896
209,Health and Medicine,2,2.9565640782505636,2.8044427989542653,-0.15212127929629826
212,Health and Medicine,2,2.351523873589208,2.5328029533404863,0.18127907975127844
213,Health and Medicine,2,2.721461481896759,2.3636213963084787,-0.3578400855882804
220,Health and Medicine,2,3.487603082213645,4.69009423484557,1.202491152631925
223,Health and Medicine,2,5.632521059295711,5.26998200172563,-0.3625390575700811
234,Health and Medicine,2,5.566811573251901,3.993639791665294,-1.5731717815866064
237,Health and Medicine,2,4.383398643403752,3.6284024705911633,-0.7549961728125889
244,Health and Medicine,2,2.9379274409627705,3.857555107653887,0.9196276666911167
245,Health and Medicine,2,2.906648172124192,2.9974319968332166,0.09078382470902469
251,Health and Medicine,2,4.835703038568363,4.302013194177402,-0.5336898443909615
253,Health and Medicine,2,3.8918869499646886,3.6433785419401894,-0.24850840802449925
258,Health and Medicine,2,4.301796579858591,3.453807412205496,-0.8479891676530951
264,Health and Medicine,2,2.3521817884020426,2.511464191933748,0.15928240353170553
268,Health and Medicine,2,3.7771063112819245,3.7695375635890924,-0.007568747692832112
269,Health and Medicine,2,2.869453662718338,2.822108746519851,-0.04734491619848713
270,Health and Medicine,2,2.9720654372259165,3.187285269751273,0.21521983252535648
273,Health and Medicine,2,2.9343252052754503,3.1193315306078793,0.185006325332429
274,Health and Medicine,2,3.403555306517492,3.3979172809519973,-0.005638025565494864
280,Health and Medicine,2,4.498978333738492,3.0147399129415158,-1.4842384207969763
283,Health and Medicine,2,2.290765385874406,2.098449319792423,-0.19231606608198293
292,Health and Medicine,2,6.323155688732795,6.104105302742802,-0.21905038598999305
325,Health and Medicine,2,2.135362579460219,1.534391029657899,-0.60097154980232
329,Health and Medicine,2,3.3181610273586135,3.335100889092092,0.01693986173347861
330,Health and Medicine,2,3.5703316667367035,3.56351777313294,-0.00681389360376361
335,Health and Medicine,2,2.867945394751377,3.0994283773868956,0.23148298263551847
337,Health and Medicine,2,3.84728819253424,3.559664329533808,-0.28762386300043197
340,Health and Medicine,2,2.9515527399128088,2.969647749775954,0.01809500986314516
345,Health and Medicine,2,2.3248748809041926,2.4454526849045455,0.1205778040003529
356,Health and Medicine,2,3.0371616881716648,3.098908916615291,0.061747228443626234
360,Health and Medicine,2,2.8363416516081266,2.834357961007198,-0.0019836906009285116
363,Health and Medicine,2,2.656818357553643,2.6966917458033164,0.03987338824967335
364,Health and Medicine,2,2.709856789455338,2.6566933096484404,-0.053163479806897396
366,Health and Medicine,2,3.8140470239807263,2.949820145267652,-0.8642268787130742
369,Health and Medicine,2,3.2898504859061877,2.983444697508612,-0.3064057883975755
373,Health and Medicine,2,3.839532471123416,3.5575229652177622,-0.28200950590565377
382,Health and Medicine,2,2.9805602834740013,3.368483598526272,0.38792331505227073
396,Health and Medicine,2,4.301465797462567,4.299963616430098,-0.0015021810324693519
400,Health and Medicine,2,2.7759834714594076,2.72308713330065,-0.052896338158757494
420,Health and Medicine,2,2.624444344577647,2.2800515960492014,-0.3443927485284455
425,Health and Medicine,2,2.2740720826484857,2.2726688701616973,-0.00140321248678843
427,Health and Medicine,2,2.8423200530566115,3.1272821460422566,0.2849620929856451
428,Health and Medicine,2,3.6030399220753715,3.1640887745341306,-0.43895114754124087
432,Health and Medicine,2,2.4874982706479796,2.222964596446971,-0.2645336742010085
433,Health and Medicine,2,1.7128859810222974,3.0529273067785887,1.3400413257562913
445,Health and Medicine,2,3.3309212733023164,3.5251124551343147,0.19419118183199835
446,Health and Medicine,2,2.8425952311255474,3.0290400405105857,0.18644480938503838
450,Health and Medicine,2,3.066624673441465,2.993280026751763,-0.07334464668970186
462,Health and Medicine,2,2.472908853492441,2.7036246228146883,0.23071576932224724
464,Health and Medicine,2,3.4412605341892712,3.550754441031634,0.1094939068423626
468,Health and Medicine,2,3.738290623044069,3.742362895545997,0.004072272501927987
471,Health and Medicine,2,7.994318521050442,6.752875343649745,-1.241443177400697
477,Health and Medicine,2,2.1321118154511636,2.118669881188232,-0.01344193426293172
479,Health and Medicine,2,2.138775204135044,2.1763733071483617,0.037598103013317896
480,Health and Medicine,2,2.483960893391843,2.8204008692477727,0.3364399758559298
482,Health and Medicine,2,3.8839113941725136,3.805112570052702,-0.07879882411981143
493,Health and Medicine,2,1.9135199443045816,1.9302520376029075,0.016732093298325923
497,Health and Medicine,2,4.758933337903189,5.49758665199848,0.7386533140952913
505,Health and Medicine,2,1.9597212830787845,1.6236241768649426,-0.3360971062138418
506,Health and Medicine,2,1.9378622979046658,1.722201885384436,-0.21566041252022972
513,Health and Medicine,2,2.096810722918748,2.162628896378913,0.06581817346016505
514,Health and Medicine,2,3.825709698657322,3.778194550120295,-0.047515148537026874
519,Health and Medicine,2,3.971603924318419,4.86163767461791,0.8900337502994908
523,Health and Medicine,2,3.626152898246049,3.0234435472126053,-0.6027093510334436
529,Health and Medicine,2,4.652439896306456,5.1526989258727145,0.5002590295662586
550,Health and Medicine,2,3.7059847330162654,3.840121614320587,0.13413688130432178
555,Health and Medicine,2,2.6217046668303423,2.4995743930739818,-0.12213027375636054
558,Health and Medicine,2,2.9583082063989723,2.4857077430370778,-0.47260046336189454
560,Health and Medicine,2,2.7162622881371803,2.98781715451853,0.27155486638134985
586,Health and Medicine,2,5.444664434435385,4.501569175355786,-0.9430952590795991
589,Health and Medicine,2,2.9744816172331308,2.765158065123974,-0.20932355210915654
591,Health and Medicine,2,3.3540744836099723,3.7252447466196923,0.37117026300972
595,Health and Medicine,2,3.042495064834708,3.1798009990184237,0.13730593418371573
596,Health and Medicine,2,2.813796076950275,2.803391017165766,-0.010405059784508897
600,Health and Medicine,2,3.206523090577657,3.4597244229964224,0.2532013324187652
601,Health and Medicine,2,5.154355486913724,5.359721586995008,0.20536610008128342
605,Health and Medicine,2,1.9434776934050324,1.8543465559234387,-0.08913113748159374
609,Health and Medicine,2,3.462859047724711,4.031046221466394,0.5681871737416824
611,Health and Medicine,2,4.025413481281198,3.0808647767360027,-0.9445487045451957
614,Health and Medicine,2,5.663353643170614,3.9752690528587515,-1.6880845903118629
615,Health and Medicine,2,4.2508711658696265,5.2052171153693525,0.954345949499726
625,Health and Medicine,2,2.624730376747647,2.4216994268153256,-0.2030309499323213
629,Health and Medicine,2,6.122158509422249,3.5477799259792295,-2.5743785834430195
633,Health and Medicine,2,2.9008472259760376,2.9259796056337226,0.025132379657685
634,Health and Medicine,2,3.6636292583079495,2.9537750899534196,-0.7098541683545299
635,Health and Medicine,2,3.649299523714368,3.8453654249738927,0.19606590125952472
642,Health and Medicine,2,3.6614809412846983,3.560045877623934,-0.10143506366076416
643,Health and Medicine,2,5.909901744256123,3.7015303330710703,-2.2083714111850528
648,Health and Medicine,2,4.748330862863369,4.012072182197472,-0.7362586806658973
649,Health and Medicine,2,2.361972797956094,2.0739785063451404,-0.28799429161095347
657,Health and Medicine,2,6.690373439774637,6.564163541465939,-0.1262098983086979
658,Health and Medicine,2,3.708262251349306,3.658511893049777,-0.04975035829952912
661,Health and Medicine,2,6.115272129003343,5.475321026608945,-0.6399511023943978
674,Health and Medicine,2,5.486006225531229,5.18269202424006,-0.30331420129116893
676,Health and Medicine,2,2.9409024928510954,3.0207673213237802,0.07986482847268483
683,Health and Medicine,2,5.865674135437478,4.024174190333911,-1.8414999451035676
691,Health and Medicine,2,3.626000900159993,3.3554888591537724,-0.2705120410062207
694,Health and Medicine,2,2.4387398092390753,2.2427760342291894,-0.19596377500988593
707,Health and Medicine,2,4.087897825560027,4.014017258573841,-0.07388056698618595
717,Health and Medicine,2,3.260194381431597,3.485353014850814,0.22515863341921705
720,Health and Medicine,2,4.005087994064668,3.497379068830144,-0.5077089252345246
722,Health and Medicine,2,3.872842888232637,4.025145173470026,0.15230228523738898
726,Health and Medicine,2,5.539654485278018,3.5987664694773622,-1.940888015800656
729,Health and Medicine,2,3.335645371438578,4.576948692686573,1.2413033212479947
733,Health and Medicine,2,2.8897343522980083,2.966274013788131,0.07653966149012259
734,Health and Medicine,2,2.7181002879118203,2.6924067732230608,-0.025693514688759578
737,Health and Medicine,2,3.341749780135995,2.684253386901343,-0.657496393234652
740,Health and Medicine,2,2.398000523312777,3.114045374067619,0.7160448507548423
744,Health and Medicine,2,1.9765553315550304,2.002813911313411,0.02625857975838075
755,Health and Medicine,2,2.149471489843575,2.1194336958494686,-0.030037793994106554
765,Health and Medicine,2,5.654373712912973,4.810261126876055,-0.8441125860369176
769,Health and Medicine,2,7.965756238974709,7.851563532532876,-0.1141927064418331
773,Health and Medicine,2,3.877572899460649,3.913311772277871,0.03573887281722232
778,Health and Medicine,2,2.832827418357515,2.7715630179161392,-0.0612644004413756
779,Health and Medicine,2,4.01227971074826,4.060470731767035,0.04819102101877526
784,Health and Medicine,2,3.091402978225277,3.185065994702839,0.09366301647756181
791,Health and Medicine,2,3.223529175304731,3.132441858688188,-0.09108731661654268
798,Health and Medicine,2,2.963110643767915,3.1451035816408255,0.1819929378729106
799,Health and Medicine,2,5.054763462651228,4.490561738691405,-0.5642017239598225
801,Health and Medicine,2,4.072340467175893,4.014115308530442,-0.05822515864545075
804,Health and Medicine,2,3.014945570918149,3.251060344715899,0.23611477379775003
805,Health and Medicine,2,2.7552427401345403,2.725843074543522,-0.029399665591018476
816,Health and Medicine,2,3.950895259567149,3.9605836279799225,0.009688368412773318
819,Health and Medicine,2,3.0638545882457535,2.307539469375471,-0.7563151188702824
830,Health and Medicine,2,4.1972044825871,3.876389193550655,-0.3208152890364451
832,Health and Medicine,2,4.0901739715199685,3.965181711186273,-0.1249922603336957
837,Health and Medicine,2,3.7555433249515646,4.039323093494016,0.283779768542451
843,Health and Medicine,2,4.054677333392288,3.5163643411600054,-0.5383129922322825
848,Health and Medicine,2,1.241742672853042,1.0186537591261344,-0.22308891372690764
859,Health and Medicine,2,2.1497189793141036,1.9174677622256602,-0.23225121708844343
861,Health and Medicine,2,2.851434453465016,2.9305722043970697,0.07913775093205366
864,Health and Medicine,2,2.8187807182220896,3.391135115376489,0.5723543971543994
866,Health and Medicine,2,3.7980491396047533,4.015271798614507,0.2172226590097539
875,Health and Medicine,2,5.747832165415646,5.631988279674607,-0.11584388574103954
878,Health and Medicine,2,1.7971099206353847,2.169753173638674,0.3726432530032895
879,Health and Medicine,2,4.857614403466086,4.354234932347584,-0.5033794711185022
887,Health and Medicine,2,3.128671141137878,3.149230395361481,0.020559254223603052
903,Health and Medicine,2,3.1567756552834756,3.8683606262483883,0.7115849709649127
907,Health and Medicine,2,4.135919825128922,3.454485544003855,-0.6814342811250671
909,Health and Medicine,2,3.328537972241618,3.0116673642789165,-0.3168706079627017
912,Health and Medicine,2,3.514357830230157,3.6229961519476404,0.10863832171748333
915,Health and Medicine,2,3.7324313718977957,3.615222791304931,-0.11720858059286465
920,Health and Medicine,2,2.687158341941337,2.645433405687283,-0.04172493625405416
927,Health and Medicine,2,2.751681505666836,2.5823275524379943,-0.16935395322884172
929,Health and Medicine,2,2.898882952455717,2.9176382744092164,0.018755321953499493
930,Health and Medicine,2,2.761528861829024,2.8289928299792484,0.06746396815022448
935,Health and Medicine,2,3.383331833072506,3.819874614502585,0.43654278143007863
938,Health and Medicine,2,2.244249956594005,2.1591787740866994,-0.08507118250730539
941,Health and Medicine,2,3.153310285339737,3.1441633036135825,-0.009146981726154468
944,Health and Medicine,2,2.6043056251421683,2.6296578486028985,0.025352223460730183
947,Health and Medicine,2,2.5999390736247268,2.752938242182736,0.1529991685580092
957,Health and Medicine,2,2.48842451789607,2.269692336742724,-0.21873218115334625
963,Health and Medicine,2,3.1180736219761815,3.2830881295496073,0.16501450757342573
978,Health and Medicine,2,2.4687904630420023,2.8332437623019757,0.3644532992599734
979,Health and Medicine,2,1.8390986730928591,1.8459457771415444,0.006847104048685271
980,Health and Medicine,2,3.260277090672285,3.295638489924668,0.035361399252382686
981,Health and Medicine,2,2.4049802204849984,2.401026678658151,-0.003953541826847484
986,Health and Medicine,2,3.4978808715210405,3.6013611374036145,0.10348026588257397
989,Health and Medicine,2,2.3225835849295247,1.5248215849696838,-0.7977619999598409
997,Health and Medicine,2,4.240774528182572,2.591269676025233,-1.6495048521573392
1000,Health and Medicine,2,4.902552424745623,4.105978915977122,-0.7965735087685006
1011,Health and Medicine,2,2.979110139663664,3.597630643823246,0.6185205041595818
1013,Health and Medicine,2,2.0876506073045156,2.045028863881196,-0.04262174342331937
1016,Health and Medicine,2,2.110186791424348,2.0820765980488973,-0.02811019337545062
1018,Health and Medicine,2,4.431324649489095,4.304448013665057,-0.12687663582403808
1024,Health and Medicine,2,2.873830729064091,2.888408740717618,0.01457801165352679
1027,Health and Medicine,2,4.601372594073455,3.748303390969986,-0.8530692031034688
1033,Health and Medicine,2,2.333201323745514,1.7628390554658613,-0.5703622682796525
1037,Health and Medicine,2,2.5602124287627666,2.558943885563166,-0.0012685431996004581
1041,Health and Medicine,2,2.492820010485513,2.2133994951325526,-0.2794205153529603
1042,Health and Medicine,2,3.178119577664945,3.147634790263564,-0.03048478740138094
1061,Health and Medicine,2,3.241936334696209,3.2496068840693093,0.00767054937310041
1065,Health and Medicine,2,2.479475708168281,3.5967258785760228,1.117250170407742
1067,Health and Medicine,2,3.378637851279758,3.404774266926161,0.02613641564640279
1079,Health and Medicine,2,1.8520821147072348,2.1236754606103108,0.27159334590307593
1087,Health and Medicine,2,3.425341013395143,3.413133460148749,-0.01220755324639411
1092,Health and Medicine,2,4.146084484677459,4.184852794451611,0.03876830977415224
1094,Health and Medicine,2,4.423250413555068,4.027740545738967,-0.3955098678161013
1108,Health and Medicine,2,2.888649793428822,2.766017363731282,-0.12263242969754007
1114,Health and Medicine,2,1.8902972215485807,1.8767727324674088,-0.013524489081171875
1117,Health and Medicine,2,2.9071303305480356,5.168904241447027,2.2617739108989916
1118,Health and Medicine,2,2.4544878344661027,2.5919804115713805,0.13749257710527774
1120,Health and Medicine,2,3.0612122097587893,3.0842911181101997,0.023078908351410465
1124,Health and Medicine,2,2.4527769601164646,2.414546292672357,-0.038230667444107524
1126,Health and Medicine,2,4.577611972526568,4.35399888164428,-0.22361309088228776
1134,Health and Medicine,2,3.7583911575623294,3.3442003540169183,-0.41419080354541116
1136,Health and Medicine,2,1.7866849748890008,1.772523028777084,-0.014161946111916901
1138,Health and Medicine,2,4.680866836335059,4.539411652890671,-0.14145518344438823
1146,Health and Medicine,2,3.0061343668022387,3.185580596646848,0.17944622984460912
1150,Health and Medicine,2,5.1168379856569715,4.7008664791212205,-0.415971506535751
1159,Health and Medicine,2,2.585435546367386,2.7964275756635097,0.21099202929612382
1161,Health and Medicine,2,2.8518771942997097,2.741964568582894,-0.1099126257168157
1164,Health and Medicine,2,3.327986078945414,2.91828610945949,-0.4096999694859238
1169,Health and Medicine,2,7.107111314100368,6.165435837666265,-0.9416754764341029
1184,Health and Medicine,2,3.0391189616617327,2.886870642672962,-0.15224831898877067
1185,Health and Medicine,2,4.879059520528977,5.759695888628271,0.8806363680992941
1186,Health and Medicine,2,2.807697970164683,4.851041185488567,2.043343215323884
1187,Health and Medicine,2,2.455523630060305,2.1746060320491374,-0.2809175980111678
1192,Health and Medicine,2,4.064638991808154,4.349652079517302,0.2850130877091477
1197,Health and Medicine,2,5.681437990943717,3.750383766176455,-1.9310542247672622
1208,Health and Medicine,2,3.941800344760172,3.867756741581391,-0.07404360317878123
1214,Health and Medicine,2,5.899445556064144,5.4164002783398075,-0.4830452777243366
1218,Health and Medicine,2,7.277110125889763,4.844872656210697,-2.432237469679066
1221,Health and Medicine,2,4.5127957830758785,4.106327220516594,-0.40646856255928476
1224,Health and Medicine,2,4.357493441619454,4.15321939211287,-0.20427404950658357
1228,Health and Medicine,2,3.3879150421168367,3.3321041960264783,-0.05581084609035836
1232,Health and Medicine,2,3.177009512766916,3.013287050002738,-0.163722462764178
2,Health and Medicine,3,5.0180255984498485,3.908494541516802,-1.1095310569330463
5,Health and Medicine,3,3.2153929194574857,3.643210541029409,0.4278176215719234
12,Health and Medicine,3,2.4274717225890354,2.7082798206079652,0.2808080980189298
21,Health and Medicine,3,5.385291023395427,5.175307135365085,-0.20998388803034285
25,Health and Medicine,3,3.1280683465504593,3.4183611687713507,0.29029282222089137
36,Health and Medicine,3,2.0050709603263517,2.5989707865355522,0.5938998262092006
37,Health and Medicine,3,2.215943257811017,2.790464372971489,0.5745211151604717
49,Health and Medicine,3,3.485027824405078,2.72655598551317,-0.7584718388919081
53,Health and Medicine,3,2.599107436156495,2.225316896867616,-0.37379053928887895
56,Health and Medicine,3,2.0459128925750565,2.350942909992259,0.3050300174172027
64,Health and Medicine,3,6.203475238789368,3.2026266174248024,-3.0008486213645655
67,Health and Medicine,3,2.8641318796050084,2.7390078611920927,-0.12512401841291565
69,Health and Medicine,3,3.9516225699459415,4.894590340804561,0.942967770858619
72,Health and Medicine,3,2.40056597717942,2.3926929032482014,-0.0078730739312185
74,Health and Medicine,3,3.970697470071218,3.007676060745216,-0.9630214093260019
77,Health and Medicine,3,2.501584888583907,2.5409359751155343,0.03935108653162711
84,Health and Medicine,3,2.111536191233065,2.5108355039788632,0.3992993127457982
90,Health and Medicine,3,3.212137939364232,3.8472603485798054,0.6351224092155734
97,Health and Medicine,3,3.107970832812782,3.5362709637846796,0.42830013097189745
98,Health and Medicine,3,3.088896095021928,2.5739942787636494,-0.5149018162582788
99,Health and Medicine,3,3.1507007454579243,3.4375826544802948,0.28688190902237043
109,Health and Medicine,3,4.796165636718552,4.730907371637336,-0.06525826508121568
111,Health and Medicine,3,4.673310323769867,4.471913066066568,-0.20139725770329875
117,Health and Medicine,3,1.6147446776124956,1.5553940643591564,-0.059350613253339235
118,Health and Medicine,3,1.3996616197236582,1.4211282199874753,0.02146660026381708
120,Health and Medicine,3,1.590205309105996,1.5310070996289749,-0.059198209477021146
124,Health and Medicine,3,2.439396686929916,3.553229488944706,1.11383280201479
126,Health and Medicine,3,5.35741997426128,3.765872683316795,-1.5915472909444848
130,Health and Medicine,3,3.5832607373307552,3.917715150447041,0.33445441311628565
144,Health and Medicine,3,3.098325164556581,3.2767971915760246,0.17847202701944376
149,Health and Medicine,3,2.7504630486960027,3.6080942582812487,0.8576312095852461
150,Health and Medicine,3,3.5674270870402465,3.5067389184640003,-0.06068816857624615
160,Health and Medicine,3,2.088884998802002,1.7988423740037922,-0.29004262479820997
164,Health and Medicine,3,2.0878247182267944,2.102262323715537,0.014437605488742733
166,Health and Medicine,3,3.0742581569146648,2.39137858483784,-0.6828795720768248
173,Health and Medicine,3,2.0344320176064943,2.6429609350643912,0.608528917457897
186,Health and Medicine,3,1.9988973020270724,2.2610616698538784,0.26216436782680597
189,Health and Medicine,3,3.8619416760250846,3.8959845622577687,0.03404288623268403
199,Health and Medicine,3,5.524269618738086,5.389420842598032,-0.1348487761400543
206,Health and Medicine,3,3.697296737699345,3.5367792628351307,-0.1605174748642142
208,Health and Medicine,3,4.879290051527073,4.734551557231676,-0.14473849429539776
209,Health and Medicine,3,2.9565640782505636,2.9321810619966007,-0.024383016253962886
212,Health and Medicine,3,2.351523873589208,2.616009922671444,0.2644860490822363
213,Health and Medicine,3,2.721461481896759,2.429528011606117,-0.2919334702906422
220,Health and Medicine,3,3.487603082213645,3.9207390625228467,0.43313598030920186
223,Health and Medicine,3,5.632521059295711,2.6527989783812806,-2.9797220809144305
234,Health and Medicine,3,5.566811573251901,3.98925087047708,-1.5775607027748206
237,Health and Medicine,3,4.383398643403752,2.8618269321566765,-1.5215717112470757
244,Health and Medicine,3,2.9379274409627705,3.8564094619643687,0.9184820210015983
245,Health and Medicine,3,2.906648172124192,3.2630306723447844,0.3563825002205925
251,Health and Medicine,3,4.835703038568363,4.099792056335514,-0.7359109822328493
253,Health and Medicine,3,3.8918869499646886,3.235277963189266,-0.6566089867754226
258,Health and Medicine,3,4.301796579858591,3.5268953383332087,-0.7749012415253822
264,Health and Medicine,3,2.3521817884020426,2.5533185801457594,0.2011367917437168
268,Health and Medicine,3,3.7771063112819245,3.715269834147893,-0.0618364771340314
269,Health and Medicine,3,2.869453662718338,2.8694576285833593,3.9658650212714974e-06
270,Health and Medicine,3,2.9720654372259165,3.277034973428332,0.3049695362024156
273,Health and Medicine,3,2.9343252052754503,3.163344412906545,0.22901920763109462
274,Health and Medicine,3,3.403555306517492,3.431545030980348,0.027989724462855747
280,Health and Medicine,3,4.498978333738492,2.827993455567839,-1.6709848781706529
283,Health and Medicine,3,2.290765385874406,2.128463453382709,-0.162301932491697
292,Health and Medicine,3,6.323155688732795,5.983974120092724,-0.339181568640071
325,Health and Medicine,3,2.135362579460219,1.4750594651876596,-0.6603031142725595
329,Health and Medicine,3,3.3181610273586135,3.3291418164933146,0.01098078913470113
330,Health and Medicine,3,3.5703316667367035,3.560361356489202,-0.009970310247501502
335,Health and Medicine,3,2.867945394751377,3.1514719890618696,0.28352659431049254
337,Health and Medicine,3,3.84728819253424,3.444373560134383,-0.4029146323998569
340,Health and Medicine,3,2.9515527399128088,2.992119154659823,0.04056641474701417
345,Health and Medicine,3,2.3248748809041926,2.4686419810779925,0.1437671001737999
356,Health and Medicine,3,3.0371616881716648,3.2664682044070417,0.2293065162353769
360,Health and Medicine,3,2.8363416516081266,2.8363732367520353,3.158514390877443e-05
363,Health and Medicine,3,2.656818357553643,2.7047642778561434,0.04794592030250033
364,Health and Medicine,3,2.709856789455338,2.62029608744184,-0.08956070201349764
366,Health and Medicine,3,3.8140470239807263,2.633054473743536,-1.1809925502371903
369,Health and Medicine,3,3.2898504859061877,2.761871655443165,-0.5279788304630229
373,Health and Medicine,3,3.839532471123416,3.3709580328934097,-0.46857443823000633
382,Health and Medicine,3,2.9805602834740013,3.6006425097547043,0.6200822262807031
396,Health and Medicine,3,4.301465797462567,4.299420690271791,-0.0020451071907761076
400,Health and Medicine,3,2.7759834714594076,2.714625937346809,-0.0613575341125987
420,Health and Medicine,3,2.624444344577647,2.276688712776731,-0.34775563180091584
425,Health and Medicine,3,2.2740720826484857,2.346286752372421,0.0722146697239352
427,Health and Medicine,3,2.8423200530566115,3.220195712230428,0.3778756591738164
428,Health and Medicine,3,3.6030399220753715,3.027913608054392,-0.5751263140209795
432,Health and Medicine,3,2.4874982706479796,2.155570147986267,-0.3319281226617128
433,Health and Medicine,3,1.7128859810222974,3.4502016535648368,1.7373156725425394
445,Health and Medicine,3,3.3309212733023164,3.4521446561210576,0.12122338281874123
446,Health and Medicine,3,2.8425952311255474,3.0916059250318657,0.24901069390631836
450,Health and Medicine,3,3.066624673441465,2.957887217021315,-0.10873745642014976
462,Health and Medicine,3,2.472908853492441,2.8677458989150253,0.39483704542258424
464,Health and Medicine,3,3.4412605341892712,3.5779288349045526,0.13666830071528135
468,Health and Medicine,3,3.738290623044069,3.749646874918572,0.011356251874503176
471,Health and Medicine,3,7.994318521050442,6.1222310840017595,-1.8720874370486822
477,Health and Medicine,3,2.1321118154511636,2.060429390545757,-0.07168242490540644
479,Health and Medicine,3,2.138775204135044,2.269852722681296,0.13107751854625205
480,Health and Medicine,3,2.483960893391843,2.878752654894627,0.39479176150278406
482,Health and Medicine,3,3.8839113941725136,3.771251469551977,-0.11265992462053642
493,Health and Medicine,3,1.9135199443045816,1.961853484292252,0.048333539987670315
497,Health and Medicine,3,4.758933337903189,5.5573348869951635,0.7984015490919747
505,Health and Medicine,3,1.9597212830787845,1.5898485153213588,-0.3698727677574256
506,Health and Medicine,3,1.9378622979046658,1.695578500168447,-0.2422837977362189
513,Health and Medicine,3,2.096810722918748,2.2333312897639512,0.1365205668452032
514,Health and Medicine,3,3.825709698657322,3.758035997439011,-0.06767370121831107
519,Health and Medicine,3,3.971603924318419,5.231004950761369,1.2594010264429496
523,Health and Medicine,3,3.626152898246049,3.0156965781395675,-0.6104563201064814
529,Health and Medicine,3,4.652439896306456,5.257777725818354,0.6053378295118979
550,Health and Medicine,3,3.7059847330162654,3.879500560962214,0.17351582794594878
555,Health and Medicine,3,2.6217046668303423,2.4315654330546494,-0.19013923377569286
558,Health and Medicine,3,2.9583082063989723,2.6089974605071307,-0.34931074589184163
560,Health and Medicine,3,2.7162622881371803,3.007483487247697,0.2912211991105167
586,Health and Medicine,3,5.444664434435385,3.9935658221405563,-1.4510986122948286
589,Health and Medicine,3,2.9744816172331308,2.652058925399473,-0.3224226918336579
591,Health and Medicine,3,3.3540744836099723,4.0188597779663535,0.6647852943563812
595,Health and Medicine,3,3.042495064834708,3.2607891476927016,0.21829408285799357
596,Health and Medicine,3,2.813796076950275,2.765931302047598,-0.04786477490267682
600,Health and Medicine,3,3.206523090577657,3.6366756945634355,0.43015260398577837
601,Health and Medicine,3,5.154355486913724,5.277876857826538,0.12352137091281357
605,Health and Medicine,3,1.9434776934050324,1.8213434861261866,-0.12213420727884583
609,Health and Medicine,3,3.462859047724711,4.23903794254984,0.7761788948251285
611,Health and Medicine,3,4.025413481281198,2.9174801320953407,-1.1079333491858576
614,Health and Medicine,3,5.663353643170614,3.598994266160818,-2.0643593770097963
615,Health and Medicine,3,4.2508711658696265,5.075350867508787,0.8244797016391603
625,Health and Medicine,3,2.624730376747647,2.385478825771947,-0.23925155097570006
629,Health and Medicine,3,6.122158509422249,3.4385176349023814,-2.6836408745198677
633,Health and Medicine,3,2.9008472259760376,2.796430010080009,-0.10441721589602881
634,Health and Medicine,3,3.6636292583079495,3.633832178794129,-0.029797079513820712
635,Health and Medicine,3,3.649299523714368,3.9357332904654596,0.28643376675109167
642,Health and Medicine,3,3.6614809412846983,3.4973395454786704,-0.16414139580602782
643,Health and Medicine,3,5.909901744256123,3.605029260304664,-2.304872483951459
648,Health and Medicine,3,4.748330862863369,3.962814655079388,-0.7855162077839815
649,Health and Medicine,3,2.361972797956094,1.9790332469793812,-0.3829395509767126
657,Health and Medicine,3,6.690373439774637,6.460324255098293,-0.2300491846763446
658,Health and Medicine,3,3.708262251349306,3.7398357963009805,0.031573544951674304
661,Health and Medicine,3,6.115272129003343,5.0252263712566005,-1.0900457577467426
674,Health and Medicine,3,5.486006225531229,4.7714133416775315,-0.7145928838536975
676,Health and Medicine,3,2.9409024928510954,3.151576965975041,0.21067447312394538
683,Health and Medicine,3,5.865674135437478,4.049525133106281,-1.8161490023311977
691,Health and Medicine,3,3.626000900159993,3.3388623530701436,-0.28713854708984954
694,Health and Medicine,3,2.4387398092390753,2.1843788476204473,-0.254360961618628
707,Health and Medicine,3,4.087897825560027,3.981970846761128,-0.10592697879889945
717,Health and Medicine,3,3.260194381431597,3.5044759773779415,0.2442815959463447
720,Health and Medicine,3,4.005087994064668,3.3497807664762616,-0.6553072275884069
722,Health and Medicine,3,3.872842888232637,4.089527065977559,0.21668417774492177
726,Health and Medicine,3,5.539654485278018,3.5615386099261914,-1.9781158753518269
729,Health and Medicine,3,3.335645371438578,4.577213006306972,1.2415676348683942
733,Health and Medicine,3,2.8897343522980083,2.9863129017083976,0.09657854941038924
734,Health and Medicine,3,2.7181002879118203,3.1230486038625442,0.4049483159507239
737,Health and Medicine,3,3.341749780135995,2.4530005753705755,-0.8887492047654195
740,Health and Medicine,3,2.398000523312777,3.3360179706092996,0.9380174472965228
744,Health and Medicine,3,1.9765553315550304,2.0564188618654295,0.07986353031039917
755,Health and Medicine,3,2.149471489843575,2.1468738892693917,-0.0025976005741834562
765,Health and Medicine,3,5.654373712912973,4.642754355346531,-1.0116193575664418
769,Health and Medicine,3,7.965756238974709,7.608879926627754,-0.35687631234695516
773,Health and Medicine,3,3.877572899460649,3.928056628697303,0.05048372923665401
778,Health and Medicine,3,2.832827418357515,2.7500137515051506,-0.08281366685236424
779,Health and Medicine,3,4.01227971074826,4.07546785364615,0.06318814289789021
784,Health and Medicine,3,3.091402978225277,3.204422158964933,0.11301918073965567
791,Health and Medicine,3,3.223529175304731,3.093118193650818,-0.13041098165391274
798,Health and Medicine,3,2.963110643767915,3.1548974247915207,0.1917867810236058
799,Health and Medicine,3,5.054763462651228,4.381224645671574,-0.6735388169796535
801,Health and Medicine,3,4.072340467175893,4.067486209919933,-0.004854257255960448
804,Health and Medicine,3,3.014945570918149,3.337793523370482,0.3228479524523329
805,Health and Medicine,3,2.7552427401345403,2.7021257127592166,-0.053117027375323644
816,Health and Medicine,3,3.950895259567149,3.9677268754552966,0.01683161588814741
819,Health and Medicine,3,3.0638545882457535,2.1730485009779774,-0.8908060872677761
830,Health and Medicine,3,4.1972044825871,3.878934537214346,-0.3182699453727542
832,Health and Medicine,3,4.0901739715199685,3.668854053913365,-0.4213199176066036
837,Health and Medicine,3,3.7555433249515646,4.129136015502487,0.3735926905509226
843,Health and Medicine,3,4.054677333392288,3.4556300683756707,-0.5990472650166172
848,Health and Medicine,3,1.241742672853042,1.7012874310762691,0.45954475822322705
859,Health and Medicine,3,2.1497189793141036,1.8657689873903232,-0.28394999192378045
861,Health and Medicine,3,2.851434453465016,2.9624357226609,0.11100126919588416
864,Health and Medicine,3,2.8187807182220896,3.432634895565915,0.6138541773438253
866,Health and Medicine,3,3.7980491396047533,4.021826424896099,0.22377728529134533
875,Health and Medicine,3,5.747832165415646,5.5751845603394035,-0.17264760507624288
878,Health and Medicine,3,1.7971099206353847,2.419747963709959,0.6226380430745744
879,Health and Medicine,3,4.857614403466086,4.228053691007888,-0.6295607124581979
887,Health and Medicine,3,3.128671141137878,3.039991145564941,-0.08867999557293693
903,Health and Medicine,3,3.1567756552834756,2.883180357438026,-0.27359529784544945
907,Health and Medicine,3,4.135919825128922,3.0641036036022533,-1.0718162215266687
909,Health and Medicine,3,3.328537972241618,3.060701690063809,-0.2678362821778091
912,Health and Medicine,3,3.514357830230157,3.684777270653081,0.17041944042292378
915,Health and Medicine,3,3.7324313718977957,3.475510411025515,-0.2569209608722809
920,Health and Medicine,3,2.687158341941337,2.6565765131509655,-0.030581828790371635
927,Health and Medicine,3,2.751681505666836,2.492616211591856,-0.25906529407498
929,Health and Medicine,3,2.898882952455717,3.008320575547864,0.109437623092147
930,Health and Medicine,3,2.761528861829024,2.82496534357192,0.06343648174289607
935,Health and Medicine,3,3.383331833072506,3.9552803254675033,0.5719484923949971
938,Health and Medicine,3,2.244249956594005,2.1083868517470843,-0.13586310484692055
941,Health and Medicine,3,3.153310285339737,3.3165951168101366,0.16328483147039963
944,Health and Medicine,3,2.6043056251421683,2.6633860382225523,0.05908041308038392
947,Health and Medicine,3,2.5999390736247268,2.789476475969775,0.18953740234504846
957,Health and Medicine,3,2.48842451789607,2.97786750061437,0.4894429827183
963,Health and Medicine,3,3.1180736219761815,3.7185310056874137,0.6004573837112321
978,Health and Medicine,3,2.4687904630420023,3.0125256722053004,0.5437352091632981
979,Health and Medicine,3,1.8390986730928591,1.9715044956535417,0.13240582256068256
980,Health and Medicine,3,3.260277090672285,3.2110547733917496,-0.0492223172805355
981,Health and Medicine,3,2.4049802204849984,2.374336292475558,-0.03064392800944038
986,Health and Medicine,3,3.4978808715210405,3.6412885454285853,0.14340767390754472
989,Health and Medicine,3,2.3225835849295247,1.7591706950435753,-0.5634128898859494
997,Health and Medicine,3,4.240774528182572,2.6498714342259033,-1.590903093956669
1000,Health and Medicine,3,4.902552424745623,3.7879774614824866,-1.114574963263136
1011,Health and Medicine,3,2.979110139663664,3.8600600484188456,0.8809499087551815
1013,Health and Medicine,3,2.0876506073045156,2.0354816526370874,-0.05216895466742821
1016,Health and Medicine,3,2.110186791424348,2.065173890861078,-0.04501290056327001
1018,Health and Medicine,3,4.431324649489095,4.306832805488766,-0.12449184400032909
1024,Health and Medicine,3,2.873830729064091,2.8972948233272833,0.02346409426319207
1027,Health and Medicine,3,4.601372594073455,3.8044522862201946,-0.7969203078532603
1033,Health and Medicine,3,2.333201323745514,1.8081226541076583,-0.5250786696378555
1037,Health and Medicine,3,2.5602124287627666,2.561176861675998,0.0009644329132312279
1041,Health and Medicine,3,2.492820010485513,2.3801602412588156,-0.11265976922669729
1042,Health and Medicine,3,3.178119577664945,3.1502289482138295,-0.027890629451115423
1061,Health and Medicine,3,3.241936334696209,3.1925188481476003,-0.04941748654860856
1065,Health and Medicine,3,2.479475708168281,3.8105497389321066,1.3310740307638258
1067,Health and Medicine,3,3.378637851279758,3.453435747144729,0.07479789586497088
1079,Health and Medicine,3,1.8520821147072348,2.2122791834619173,0.3601970687546825
1087,Health and Medicine,3,3.425341013395143,3.3978908061320725,-0.02745020726307068
1092,Health and Medicine,3,4.146084484677459,4.0611728516029935,-0.0849116330744657
1094,Health and Medicine,3,4.423250413555068,3.036366877614307,-1.3868835359407607
1108,Health and Medicine,3,2.888649793428822,2.7922815967105516,-0.09636819671827057
1114,Health and Medicine,3,1.8902972215485807,1.9066913972069242,0.016394175658343446
1117,Health and Medicine,3,2.9071303305480356,5.117662234597842,2.210531904049806
1118,Health and Medicine,3,2.4544878344661027,2.698345869968459,0.24385803550235607
1120,Health and Medicine,3,3.0612122097587893,3.08561259451093,0.02440038475214079
1124,Health and Medicine,3,2.4527769601164646,2.3763421758243624,-0.07643478429210226
1126,Health and Medicine,3,4.577611972526568,4.164903849963958,-0.41270812256261014
1134,Health and Medicine,3,3.7583911575623294,3.251586880037109,-0.5068042775252204
1136,Health and Medicine,3,1.7866849748890008,1.8637638595644843,0.07707888467548352
1138,Health and Medicine,3,4.680866836335059,4.4092338109236895,-0.27163302541136947
1146,Health and Medicine,3,3.0061343668022387,3.1679937429104905,0.16185937610825185
1150,Health and Medicine,3,5.1168379856569715,3.7319367186281056,-1.3849012670288658
1159,Health and Medicine,3,2.585435546367386,2.864409109724095,0.278973563356709
1161,Health and Medicine,3,2.8518771942997097,2.8396140432213883,-0.012263151078321322
1164,Health and Medicine,3,3.327986078945414,2.724221701235824,-0.6037643777095898
1169,Health and Medicine,3,7.107111314100368,5.663502577411085,-1.4436087366892822
1184,Health and Medicine,3,3.0391189616617327,2.904134285395648,-0.13498467626608468
1185,Health and Medicine,3,4.879059520528977,5.7385349042407,0.8594753837117226
1186,Health and Medicine,3,2.807697970164683,4.920963295397609,2.113265325232926
1187,Health and Medicine,3,2.455523630060305,2.2476871090558843,-0.20783652100442085
1192,Health and Medicine,3,4.064638991808154,4.3708801904611105,0.3062411986529563
1197,Health and Medicine,3,5.681437990943717,3.8001747006575135,-1.8812632902862036
1208,Health and Medicine,3,3.941800344760172,3.916739496853355,-0.025060847906817063
1214,Health and Medicine,3,5.899445556064144,5.100090568204756,-0.7993549878593882
1218,Health and Medicine,3,7.277110125889763,4.724010282494768,-2.553099843394995
1221,Health and Medicine,3,4.5127957830758785,3.8514999730930484,-0.6612958099828301
1224,Health and Medicine,3,4.357493441619454,4.0918723077446675,-0.26562113387478625
1228,Health and Medicine,3,3.3879150421168367,2.985106546929001,-0.4028084951878359
1232,Health and Medicine,3,3.177009512766916,2.7190501356228065,-0.4579593771441095
2,Sports and Recreation,1,5.0180255984498485,5.173626434184555,0.15560083573470607
5,Sports and Recreation,1,3.2153929194574857,3.17321560001723,-0.04217731944025571
12,Sports and Recreation,1,2.4274717225890354,2.4292353671352487,0.00176364454621325
21,Sports and Recreation,1,5.385291023395427,5.469490582137588,0.0841995587421609
25,Sports and Recreation,1,3.1280683465504593,3.0849840109874487,-0.04308433556301061
36,Sports and Recreation,1,2.0050709603263517,1.8003568426351457,-0.20471411769120595
37,Sports and Recreation,1,2.215943257811017,2.314092421906026,0.09814916409500896
49,Sports and Recreation,1,3.485027824405078,3.315889114080508,-0.16913871032457006
53,Sports and Recreation,1,2.599107436156495,2.7027013940501936,0.10359395789369863
56,Sports and Recreation,1,2.0459128925750565,1.9853408130169146,-0.06057207955814192
64,Sports and Recreation,1,6.203475238789368,6.001304171725375,-0.20217106706399335
67,Sports and Recreation,1,2.8641318796050084,2.8532598550085675,-0.010872024596440877
69,Sports and Recreation,1,3.9516225699459415,4.356270307950216,0.40464773800427434
72,Sports and Recreation,1,2.40056597717942,2.3912111227858173,-0.009354854393602619
74,Sports and Recreation,1,3.970697470071218,3.9056846615664056,-0.06501280850481228
77,Sports and Recreation,1,2.501584888583907,2.5002600987011325,-0.001324789882774624
84,Sports and Recreation,1,2.111536191233065,2.0842104674544677,-0.02732572377859732
90,Sports and Recreation,1,3.212137939364232,2.9680058418251525,-0.2441320975390795
97,Sports and Recreation,1,3.107970832812782,3.126586551604186,0.01861571879140378
98,Sports and Recreation,1,3.088896095021928,3.117155584706358,0.028259489684429706
99,Sports and Recreation,1,3.1507007454579243,3.233775991864499,0.08307524640657471
109,Sports and Recreation,1,4.796165636718552,4.742781510995771,-0.05338412572278095
111,Sports and Recreation,1,4.673310323769867,4.615610688455555,-0.05769963531431177
117,Sports and Recreation,1,1.6147446776124956,1.6329152786337784,0.018170601021282762
118,Sports and Recreation,1,1.3996616197236582,1.3911774920594815,-0.008484127664176722
120,Sports and Recreation,1,1.590205309105996,1.657638753205958,0.06743344409996199
124,Sports and Recreation,1,2.439396686929916,2.581521983831533,0.14212529690161713
126,Sports and Recreation,1,5.35741997426128,6.387497115942774,1.0300771416814944
130,Sports and Recreation,1,3.5832607373307552,4.350661826545602,0.7674010892148471
144,Sports and Recreation,1,3.098325164556581,3.180492378837833,0.0821672142812524
149,Sports and Recreation,1,2.7504630486960027,4.425887027164734,1.6754239784687313
150,Sports and Recreation,1,3.5674270870402465,3.6045236643883047,0.03709657734805827
160,Sports and Recreation,1,2.088884998802002,2.0223464030758667,-0.06653859572613552
164,Sports and Recreation,1,2.0878247182267944,2.1360542555542095,0.048229537327415084
166,Sports and Recreation,1,3.0742581569146648,2.983779111730153,-0.09047904518451189
173,Sports and Recreation,1,2.0344320176064943,2.1672624407388135,0.1328304231323192
186,Sports and Recreation,1,1.9988973020270724,2.0707950730671985,0.07189777104012607
189,Sports and Recreation,1,3.8619416760250846,3.9280075701789876,0.06606589415390296
199,Sports and Recreation,1,5.524269618738086,5.31121846736393,-0.21305115137415598
206,Sports and Recreation,1,3.697296737699345,3.5993159551155847,-0.0979807825837602
208,Sports and Recreation,1,4.879290051527073,4.8670476854090525,-0.012242366118020875
209,Sports and Recreation,1,2.9565640782505636,3.3924381868849673,0.4358741086344038
212,Sports and Recreation,1,2.351523873589208,2.31933040254468,-0.032193471044527744
213,Sports and Recreation,1,2.721461481896759,2.4533841520249857,-0.26807732987177335
220,Sports and Recreation,1,3.487603082213645,5.313789481586686,1.8261863993730412
223,Sports and Recreation,1,5.632521059295711,5.683654446055899,0.05113338676018753
234,Sports and Recreation,1,5.566811573251901,3.73252259935885,-1.8342889738930506
237,Sports and Recreation,1,4.383398643403752,4.5116394043964165,0.12824076099266435
244,Sports and Recreation,1,2.9379274409627705,3.127589042995883,0.18966160203311233
245,Sports and Recreation,1,2.906648172124192,3.9038350848608094,0.9971869127366175
251,Sports and Recreation,1,4.835703038568363,4.531175567189147,-0.3045274713792159
253,Sports and Recreation,1,3.8918869499646886,4.2496264331617795,0.3577394831970908
258,Sports and Recreation,1,4.301796579858591,2.5479039071878953,-1.7538926726706956
264,Sports and Recreation,1,2.3521817884020426,2.869278946580895,0.5170971581788524
268,Sports and Recreation,1,3.7771063112819245,3.7317703479127387,-0.04533596336918588
269,Sports and Recreation,1,2.869453662718338,2.86265431684949,-0.006799345868848228
270,Sports and Recreation,1,2.9720654372259165,2.7573528584171036,-0.2147125788088129
273,Sports and Recreation,1,2.9343252052754503,3.3309071718162917,0.39658196654084144
274,Sports and Recreation,1,3.403555306517492,3.7492400065201,0.34568470000260776
280,Sports and Recreation,1,4.498978333738492,4.642186107020356,0.14320777328186374
283,Sports and Recreation,1,2.290765385874406,2.3484267476182,0.05766136174379399
292,Sports and Recreation,1,6.323155688732795,6.249206580338384,-0.07394910839441149
325,Sports and Recreation,1,2.135362579460219,2.0330117345560597,-0.10235084490415947
329,Sports and Recreation,1,3.3181610273586135,3.2040756927342215,-0.11408533462439197
330,Sports and Recreation,1,3.5703316667367035,3.5084217715678814,-0.06190989516882217
335,Sports and Recreation,1,2.867945394751377,3.076784252089403,0.20883885733802598
337,Sports and Recreation,1,3.84728819253424,3.8397184961220487,-0.007569696412191185
340,Sports and Recreation,1,2.9515527399128088,2.932875762277321,-0.018676977635487813
345,Sports and Recreation,1,2.3248748809041926,2.410762131860745,0.08588725095655247
356,Sports and Recreation,1,3.0371616881716648,2.980253496831186,-0.056908191340478975
360,Sports and Recreation,1,2.8363416516081266,2.829940737066908,-0.006400914541218494
363,Sports and Recreation,1,2.656818357553643,2.6712987582666123,0.014480400712969299
364,Sports and Recreation,1,2.709856789455338,2.7025113049867704,-0.00734548446856742
366,Sports and Recreation,1,3.8140470239807263,4.027319588279649,0.21327256429892305
369,Sports and Recreation,1,3.2898504859061877,3.0987197519362937,-0.191130733969894
373,Sports and Recreation,1,3.839532471123416,3.765305352816463,-0.07422711830695317
382,Sports and Recreation,1,2.9805602834740013,2.870558805705446,-0.1100014777685554
396,Sports and Recreation,1,4.301465797462567,4.2316463143953476,-0.06981948306721986
400,Sports and Recreation,1,2.7759834714594076,2.743058159858374,-0.03292531160103351
420,Sports and Recreation,1,2.624444344577647,2.4085178973022243,-0.21592644727542254
425,Sports and Recreation,1,2.2740720826484857,2.2887629464552264,0.014690863806740673
427,Sports and Recreation,1,2.8423200530566115,2.7991971613944946,-0.04312289166211691
428,Sports and Recreation,1,3.6030399220753715,3.367086274648453,-0.2359536474269186
432,Sports and Recreation,1,2.4874982706479796,2.4906335375147575,0.003135266866777897
433,Sports and Recreation,1,1.7128859810222974,1.7456605656499635,0.03277458462766614
445,Sports and Recreation,1,3.3309212733023164,3.503251787722307,0.1723305144199907
446,Sports and Recreation,1,2.8425952311255474,2.8457065536648827,0.003111322539335326
450,Sports and Recreation,1,3.066624673441465,3.1050625887261525,0.03843791528468765
462,Sports and Recreation,1,2.472908853492441,2.4801775865171884,0.007268733024747398
464,Sports and Recreation,1,3.4412605341892712,3.064979532001058,-0.37628100218821325
468,Sports and Recreation,1,3.738290623044069,3.7047734852244254,-0.033517137819643494
471,Sports and Recreation,1,7.994318521050442,2.6230882161824267,-5.371230304868015
477,Sports and Recreation,1,2.1321118154511636,2.212473505860186,0.0803616904090223
479,Sports and Recreation,1,2.138775204135044,2.323367734469714,0.18459253033467027
480,Sports and Recreation,1,2.483960893391843,2.5415184703370786,0.05755757694523567
482,Sports and Recreation,1,3.8839113941725136,4.816070703462108,0.9321593092895943
493,Sports and Recreation,1,1.9135199443045816,2.180560307818314,0.26704036351373217
497,Sports and Recreation,1,4.758933337903189,4.447103626543452,-0.3118297113597368
505,Sports and Recreation,1,1.9597212830787845,2.1405369790964093,0.18081569601762482
506,Sports and Recreation,1,1.9378622979046658,2.0354714328964296,0.09760913499176382
513,Sports and Recreation,1,2.096810722918748,2.2283542488354757,0.1315435259167277
514,Sports and Recreation,1,3.825709698657322,3.4820193923276666,-0.34369030632965547
519,Sports and Recreation,1,3.971603924318419,5.44375399714936,1.4721500728309405
523,Sports and Recreation,1,3.626152898246049,3.4672123896388958,-0.15894050860715314
529,Sports and Recreation,1,4.652439896306456,4.712876966468221,0.060437070161764694
550,Sports and Recreation,1,3.7059847330162654,3.883781326098415,0.17779659308214946
555,Sports and Recreation,1,2.6217046668303423,2.641636219249017,0.019931552418674503
558,Sports and Recreation,1,2.9583082063989723,2.647586685662417,-0.31072152073655523
560,Sports and Recreation,1,2.7162622881371803,3.027507817789606,0.3112455296524259
586,Sports and Recreation,1,5.444664434435385,5.575908574993843,0.1312441405584579
589,Sports and Recreation,1,2.9744816172331308,3.917409353158892,0.9429277359257613
591,Sports and Recreation,1,3.3540744836099723,3.925924745763385,0.5718502621534127
595,Sports and Recreation,1,3.042495064834708,3.068275584973457,0.025780520138749097
596,Sports and Recreation,1,2.813796076950275,2.8248844846738645,0.011088407723589544
600,Sports and Recreation,1,3.206523090577657,3.116022432527719,-0.09050065804993812
601,Sports and Recreation,1,5.154355486913724,5.084240754843842,-0.07011473206988228
605,Sports and Recreation,1,1.9434776934050324,1.9225840839278163,-0.02089360947721608
609,Sports and Recreation,1,3.462859047724711,4.6842665652423365,1.2214075175176253
611,Sports and Recreation,1,4.025413481281198,3.8681514047324126,-0.15726207654878577
614,Sports and Recreation,1,5.663353643170614,5.796461535566118,0.13310789239550402
615,Sports and Recreation,1,4.2508711658696265,2.871643408535138,-1.3792277573344887
625,Sports and Recreation,1,2.624730376747647,2.7557138319154344,0.13098345516778753
629,Sports and Recreation,1,6.122158509422249,3.672754518535143,-2.449403990887106
633,Sports and Recreation,1,2.9008472259760376,2.9394573968930904,0.038610170917052766
634,Sports and Recreation,1,3.6636292583079495,3.6079110036114126,-0.055718254696536906
635,Sports and Recreation,1,3.649299523714368,3.632228856754706,-0.017070666959662084
642,Sports and Recreation,1,3.6614809412846983,3.55285859484559,-0.10862234643910806
643,Sports and Recreation,1,5.909901744256123,5.627469889463869,-0.28243185479225374
648,Sports and Recreation,1,4.748330862863369,3.4407339684797202,-1.3075968943836491
649,Sports and Recreation,1,2.361972797956094,2.6047171130267768,0.24274431507068295
657,Sports and Recreation,1,6.690373439774637,6.537620830845552,-0.15275260892908538
658,Sports and Recreation,1,3.708262251349306,4.884291649233843,1.1760293978845366
661,Sports and Recreation,1,6.115272129003343,6.136576479500279,0.02130435049693613
674,Sports and Recreation,1,5.486006225531229,5.208622967559203,-0.27738325797202634
676,Sports and Recreation,1,2.9409024928510954,3.105926841403334,0.16502434855223846
683,Sports and Recreation,1,5.865674135437478,5.567543699519451,-0.29813043591802746
691,Sports and Recreation,1,3.626000900159993,3.791111256168109,0.16511035600811574
694,Sports and Recreation,1,2.4387398092390753,2.477052316280149,0.03831250704107392
707,Sports and Recreation,1,4.087897825560027,4.032011192871639,-0.055886632688388005
717,Sports and Recreation,1,3.260194381431597,3.6145146286265297,0.35432024719493294
720,Sports and Recreation,1,4.005087994064668,3.7423667106645904,-0.26272128340007805
722,Sports and Recreation,1,3.872842888232637,3.922777688649077,0.04993480041643972
726,Sports and Recreation,1,5.539654485278018,5.270403238646425,-0.26925124663159306
729,Sports and Recreation,1,3.335645371438578,3.0690370450098365,-0.26660832642874155
733,Sports and Recreation,1,2.8897343522980083,2.945948552403297,0.05621420010528855
734,Sports and Recreation,1,2.7181002879118203,2.686336696036225,-0.03176359187559541
737,Sports and Recreation,1,3.341749780135995,3.8474676061404782,0.5057178260044832
740,Sports and Recreation,1,2.398000523312777,2.423825303453116,0.025824780140339065
744,Sports and Recreation,1,1.9765553315550304,1.939445616926267,-0.037109714628763335
755,Sports and Recreation,1,2.149471489843575,2.095810218080695,-0.05366127176288016
765,Sports and Recreation,1,5.654373712912973,6.4617055113168345,0.8073317984038617
769,Sports and Recreation,1,7.965756238974709,8.168256760546383,0.20250052157167353
773,Sports and Recreation,1,3.877572899460649,3.9177519005586343,0.040179001097985445
778,Sports and Recreation,1,2.832827418357515,3.8118399391524505,0.9790125207949356
779,Sports and Recreation,1,4.01227971074826,4.014926930448081,0.0026472196998215125
784,Sports and Recreation,1,3.091402978225277,3.146027017475779,0.054624039250501966
791,Sports and Recreation,1,3.223529175304731,3.245371610782092,0.0218424354773612
798,Sports and Recreation,1,2.963110643767915,3.642777938690954,0.6796672949230391
799,Sports and Recreation,1,5.054763462651228,2.5949866040590726,-2.4597768585921553
801,Sports and Recreation,1,4.072340467175893,2.766591423985742,-1.305749043190151
804,Sports and Recreation,1,3.014945570918149,3.197015444799288,0.18206987388113882
805,Sports and Recreation,1,2.7552427401345403,2.6917174473270684,-0.06352529280747188
816,Sports and Recreation,1,3.950895259567149,3.9546875088457303,0.003792249278581128
819,Sports and Recreation,1,3.0638545882457535,3.077922442321377,0.014067854075623387
830,Sports and Recreation,1,4.1972044825871,4.119248869258732,-0.07795561332836787
832,Sports and Recreation,1,4.0901739715199685,4.287659114514733,0.19748514299476483
837,Sports and Recreation,1,3.7555433249515646,3.8844448568348997,0.12890153188333509
843,Sports and Recreation,1,4.054677333392288,4.404937326281036,0.35025999288874843
848,Sports and Recreation,1,1.241742672853042,1.4801542357830142,0.23841156292997212
859,Sports and Recreation,1,2.1497189793141036,2.080385378710435,-0.06933360060366844
861,Sports and Recreation,1,2.851434453465016,2.88658785267301,0.035153399207993985
864,Sports and Recreation,1,2.8187807182220896,3.079090947223055,0.26031022900096534
866,Sports and Recreation,1,3.7980491396047533,3.864746501806634,0.0666973622018805
875,Sports and Recreation,1,5.747832165415646,5.6324656763896765,-0.1153664890259698
878,Sports and Recreation,1,1.7971099206353847,2.047541333540588,0.2504314129052032
879,Sports and Recreation,1,4.857614403466086,2.371883298858906,-2.48573110460718
887,Sports and Recreation,1,3.128671141137878,3.1805509775829695,0.05187983644509142
903,Sports and Recreation,1,3.1567756552834756,3.4809737709618607,0.3241981156783851
907,Sports and Recreation,1,4.135919825128922,3.9849530220626175,-0.1509668030663045
909,Sports and Recreation,1,3.328537972241618,3.498995444217448,0.17045747197582983
912,Sports and Recreation,1,3.514357830230157,3.49074148343119,-0.02361634679896696
915,Sports and Recreation,1,3.7324313718977957,3.824491724980232,0.09206035308243621
920,Sports and Recreation,1,2.687158341941337,4.115554166612304,1.4283958246709667
927,Sports and Recreation,1,2.751681505666836,2.928913529574637,0.17723202390780113
929,Sports and Recreation,1,2.898882952455717,3.1023387938921436,0.2034558414364267
930,Sports and Recreation,1,2.761528861829024,3.5780460990583522,0.8165172372293283
935,Sports and Recreation,1,3.383331833072506,3.8712752144663707,0.4879433813938645
938,Sports and Recreation,1,2.244249956594005,2.242418824097765,-0.0018311324962398956
941,Sports and Recreation,1,3.153310285339737,3.1699606749815965,0.016650389641859498
944,Sports and Recreation,1,2.6043056251421683,2.7060388345361663,0.10173320939399799
947,Sports and Recreation,1,2.5999390736247268,2.5412845596421727,-0.05865451398255406
957,Sports and Recreation,1,2.48842451789607,2.733893260018003,0.2454687421219326
963,Sports and Recreation,1,3.1180736219761815,3.2004436977068975,0.08237007573071597
978,Sports and Recreation,1,2.4687904630420023,2.7581593756892877,0.28936891264728537
979,Sports and Recreation,1,1.8390986730928591,1.805878571916543,-0.03322010117631602
980,Sports and Recreation,1,3.260277090672285,3.127740727285265,-0.13253636338702002
981,Sports and Recreation,1,2.4049802204849984,2.818415811213702,0.4134355907287035
986,Sports and Recreation,1,3.4978808715210405,1.6741253352702343,-1.8237555362508062
989,Sports and Recreation,1,2.3225835849295247,2.001519847611625,-0.3210637373178997
997,Sports and Recreation,1,4.240774528182572,4.661767942766069,0.4209934145834966
1000,Sports and Recreation,1,4.902552424745623,4.749964578727348,-0.15258784601827458
1011,Sports and Recreation,1,2.979110139663664,2.8352065650582627,-0.14390357460540137
1013,Sports and Recreation,1,2.0876506073045156,2.065007997606043,-0.022642609698472427
1016,Sports and Recreation,1,2.110186791424348,2.0889256775891543,-0.02126111383519369
1018,Sports and Recreation,1,4.431324649489095,4.273955952591343,-0.1573686968977528
1024,Sports and Recreation,1,2.873830729064091,2.5905454576868716,-0.2832852713772196
1027,Sports and Recreation,1,4.601372594073455,4.760346387009743,0.15897379293628777
1033,Sports and Recreation,1,2.333201323745514,2.444188988844675,0.11098766509916125
1037,Sports and Recreation,1,2.5602124287627666,2.5619248792712574,0.0017124505084908925
1041,Sports and Recreation,1,2.492820010485513,2.2777343062717703,-0.21508570421374262
1042,Sports and Recreation,1,3.178119577664945,3.178339056913061,0.00021947924811627217
1061,Sports and Recreation,1,3.241936334696209,3.2915228372333223,0.049586502537113386
1065,Sports and Recreation,1,2.479475708168281,2.961239708269668,0.4817640001013874
1067,Sports and Recreation,1,3.378637851279758,3.4238187463710124,0.045180895091254225
1079,Sports and Recreation,1,1.8520821147072348,1.8603883242706694,0.00830620956343453
1087,Sports and Recreation,1,3.425341013395143,3.2900158373201,-0.13532517607504335
1092,Sports and Recreation,1,4.146084484677459,4.341517508232014,0.19543302355455516
1094,Sports and Recreation,1,4.423250413555068,4.209484656410866,-0.21376575714420198
1108,Sports and Recreation,1,2.888649793428822,2.755063778648941,-0.13358601477988108
1114,Sports and Recreation,1,1.8902972215485807,1.8045725767832674,-0.08572464476531327
1117,Sports and Recreation,1,2.9071303305480356,5.206027275226738,2.2988969446787024
1118,Sports and Recreation,1,2.4544878344661027,2.534621720604367,0.08013388613826411
1120,Sports and Recreation,1,3.0612122097587893,5.319668380324297,2.2584561705655073
1124,Sports and Recreation,1,2.4527769601164646,2.4045340106468744,-0.04824294946959018
1126,Sports and Recreation,1,4.577611972526568,4.8041879699879235,0.2265759974613557
1134,Sports and Recreation,1,3.7583911575623294,3.5348553562524185,-0.2235358013099109
1136,Sports and Recreation,1,1.7866849748890008,2.0559546996410862,0.26926972475208544
1138,Sports and Recreation,1,4.680866836335059,4.518321814124034,-0.16254502221102474
1146,Sports and Recreation,1,3.0061343668022387,3.1645408407885296,0.15840647398629093
1150,Sports and Recreation,1,5.1168379856569715,5.289714368937922,0.17287638328095056
1159,Sports and Recreation,1,2.585435546367386,2.6864070411042658,0.10097149473687983
1161,Sports and Recreation,1,2.8518771942997097,2.8772544526056407,0.025377258305931072
1164,Sports and Recreation,1,3.327986078945414,3.2879505918030265,-0.04003548714238736
1169,Sports and Recreation,1,7.107111314100368,7.118700546022313,0.011589231921945498
1184,Sports and Recreation,1,3.0391189616617327,2.9036082891458403,-0.13551067251589233
1185,Sports and Recreation,1,4.879059520528977,4.63000886114548,-0.2490506593834967
1186,Sports and Recreation,1,2.807697970164683,7.028916602388102,4.221218632223419
1187,Sports and Recreation,1,2.455523630060305,3.2181223960650267,0.7625987660047215
1192,Sports and Recreation,1,4.064638991808154,4.059460437170705,-0.0051785546374496505
1197,Sports and Recreation,1,5.681437990943717,5.8895974393080675,0.2081594483643503
1208,Sports and Recreation,1,3.941800344760172,4.942909751260866,1.001109406500694
1214,Sports and Recreation,1,5.899445556064144,5.969486417251183,0.07004086118703867
1218,Sports and Recreation,1,7.277110125889763,7.006735245044977,-0.2703748808447859
1221,Sports and Recreation,1,4.5127957830758785,4.5682677601744395,0.055471977098561
1224,Sports and Recreation,1,4.357493441619454,4.277560188414077,-0.07993325320537714
1228,Sports and Recreation,1,3.3879150421168367,3.4170242343471857,0.029109192230349024
1232,Sports and Recreation,1,3.177009512766916,3.379859341403397,0.20284982863648082
2,Sports and Recreation,2,5.0180255984498485,6.8225712847423035,1.804545686292455
5,Sports and Recreation,2,3.2153929194574857,5.7916479897044315,2.5762550702469458
12,Sports and Recreation,2,2.4274717225890354,2.4424494577419873,0.014977735152951865
21,Sports and Recreation,2,5.385291023395427,5.5219021178985646,0.13661109450313713
25,Sports and Recreation,2,3.1280683465504593,3.3055828693487066,0.1775145227982473
36,Sports and Recreation,2,2.0050709603263517,2.347815889018684,0.34274492869233253
37,Sports and Recreation,2,2.215943257811017,2.372779906337702,0.156836648526685
49,Sports and Recreation,2,3.485027824405078,5.964080789809604,2.4790529654045264
53,Sports and Recreation,2,2.599107436156495,2.769627870458201,0.17052043430170594
56,Sports and Recreation,2,2.0459128925750565,1.9726701024660809,-0.07324279010897561
64,Sports and Recreation,2,6.203475238789368,5.920026825662676,-0.2834484131266919
67,Sports and Recreation,2,2.8641318796050084,2.844094617435016,-0.020037262169992243
69,Sports and Recreation,2,3.9516225699459415,4.630848968236075,0.6792263982901332
72,Sports and Recreation,2,2.40056597717942,2.3820843478148537,-0.01848162936456621
74,Sports and Recreation,2,3.970697470071218,5.828874422034681,1.858176951963463
77,Sports and Recreation,2,2.501584888583907,2.48617933643824,-0.0154055521456673
84,Sports and Recreation,2,2.111536191233065,2.1609881979697163,0.04945200673665129
90,Sports and Recreation,2,3.212137939364232,2.295712062190441,-0.9164258771737908
97,Sports and Recreation,2,3.107970832812782,3.217310952672035,0.10934011985925274
98,Sports and Recreation,2,3.088896095021928,3.111168332625397,0.02227223760346897
99,Sports and Recreation,2,3.1507007454579243,3.2084086535009977,0.05770790804307335
109,Sports and Recreation,2,4.796165636718552,4.722247773717946,-0.07391786300060588
111,Sports and Recreation,2,4.673310323769867,4.748100881422971,0.07479055765310427
117,Sports and Recreation,2,1.6147446776124956,1.714023925344729,0.09927924773223329
118,Sports and Recreation,2,1.3996616197236582,1.375017153113295,-0.024644466610363125
120,Sports and Recreation,2,1.590205309105996,1.7751540781221815,0.1849487690161855
124,Sports and Recreation,2,2.439396686929916,2.59202539111838,0.15262870418846397
126,Sports and Recreation,2,5.35741997426128,6.493942249348484,1.136522275087204
130,Sports and Recreation,2,3.5832607373307552,4.7457179392697455,1.1624572019389903
144,Sports and Recreation,2,3.098325164556581,3.24629220751679,0.14796704296020913
149,Sports and Recreation,2,2.7504630486960027,4.9004253861999505,2.149962337503948
150,Sports and Recreation,2,3.5674270870402465,3.6125333366012686,0.04510624956102216
160,Sports and Recreation,2,2.088884998802002,1.9544383517777677,-0.13444664702423448
164,Sports and Recreation,2,2.0878247182267944,2.1532290578577014,0.06540433963090697
166,Sports and Recreation,2,3.0742581569146648,2.8173010633794613,-0.25695709353520346
173,Sports and Recreation,2,2.0344320176064943,4.053540150543526,2.0191081329370317
186,Sports and Recreation,2,1.9988973020270724,2.0813817721895447,0.08248447016247229
189,Sports and Recreation,2,3.8619416760250846,3.8701671756168157,0.008225499591731023
199,Sports and Recreation,2,5.524269618738086,5.180835391394959,-0.3434342273431268
206,Sports and Recreation,2,3.697296737699345,3.503218859591325,-0.19407787810801969
208,Sports and Recreation,2,4.879290051527073,4.8522334063120685,-0.02705664521500495
209,Sports and Recreation,2,2.9565640782505636,3.962932043123932,1.0063679648733683
212,Sports and Recreation,2,2.351523873589208,2.3047648284436573,-0.046759045145550626
213,Sports and Recreation,2,2.721461481896759,2.385902223415214,-0.335559258481545
220,Sports and Recreation,2,3.487603082213645,5.0987101690623415,1.6111070868486967
223,Sports and Recreation,2,5.632521059295711,5.622539594850453,-0.009981464445258048
234,Sports and Recreation,2,5.566811573251901,3.753043385039775,-1.8137681882121255
237,Sports and Recreation,2,4.383398643403752,4.563843460171771,0.18044481676801905
244,Sports and Recreation,2,2.9379274409627705,4.669043429907941,1.7311159889451702
245,Sports and Recreation,2,2.906648172124192,4.068124106132323,1.1614759340081307
251,Sports and Recreation,2,4.835703038568363,5.7238292338907435,0.8881261953223802
253,Sports and Recreation,2,3.8918869499646886,4.4666881654795,0.5748012155148112
258,Sports and Recreation,2,4.301796579858591,2.6978314287599456,-1.6039651510986452
264,Sports and Recreation,2,2.3521817884020426,3.0572336841125862,0.7050518957105436
268,Sports and Recreation,2,3.7771063112819245,3.6710696967264065,-0.10603661455551805
269,Sports and Recreation,2,2.869453662718338,3.001060169400355,0.1316065066820169
270,Sports and Recreation,2,2.9720654372259165,2.8393524559282084,-0.13271298129770814
273,Sports and Recreation,2,2.9343252052754503,3.422060922330976,0.4877357170555259
274,Sports and Recreation,2,3.403555306517492,3.8864561165752143,0.4829008100577221
280,Sports and Recreation,2,4.498978333738492,4.6617506887668165,0.16277235502832443
283,Sports and Recreation,2,2.290765385874406,2.468276441129551,0.17751105525514488
292,Sports and Recreation,2,6.323155688732795,3.989251874318333,-2.333903814414462
325,Sports and Recreation,2,2.135362579460219,1.9078831214276046,-0.2274794580326145
329,Sports and Recreation,2,3.3181610273586135,3.0852565785457546,-0.23290444881285888
330,Sports and Recreation,2,3.5703316667367035,3.452118185031412,-0.11821348170529156
335,Sports and Recreation,2,2.867945394751377,2.9805869039532134,0.11264150920183624
337,Sports and Recreation,2,3.84728819253424,3.806642176268423,-0.040646016265816876
340,Sports and Recreation,2,2.9515527399128088,2.928450199552299,-0.02310254036050985
345,Sports and Recreation,2,2.3248748809041926,2.356779492839641,0.03190461193544847
356,Sports and Recreation,2,3.0371616881716648,5.264725734136543,2.2275640459648782
360,Sports and Recreation,2,2.8363416516081266,2.830823916189667,-0.005517735418459679
363,Sports and Recreation,2,2.656818357553643,2.6894480459814423,0.03262968842779923
364,Sports and Recreation,2,2.709856789455338,2.6600071085509,-0.049849680904437754
366,Sports and Recreation,2,3.8140470239807263,4.115759956179414,0.30171293219868733
369,Sports and Recreation,2,3.2898504859061877,2.878380699756343,-0.41146978614984464
373,Sports and Recreation,2,3.839532471123416,3.635458091137877,-0.2040743799855389
382,Sports and Recreation,2,2.9805602834740013,2.8889313295671233,-0.09162895390687797
396,Sports and Recreation,2,4.301465797462567,4.172585664114306,-0.12888013334826098
400,Sports and Recreation,2,2.7759834714594076,2.6890857210679298,-0.08689775039147785
420,Sports and Recreation,2,2.624444344577647,2.3090919859341863,-0.31535235864346056
425,Sports and Recreation,2,2.2740720826484857,2.3109599933551883,0.03688791070670261
427,Sports and Recreation,2,2.8423200530566115,2.749233854334669,-0.09308619872194246
428,Sports and Recreation,2,3.6030399220753715,3.141879626035525,-0.46116029603984643
432,Sports and Recreation,2,2.4874982706479796,2.5099350673835907,0.022436796735611164
433,Sports and Recreation,2,1.7128859810222974,1.838082764437664,0.12519678341536666
445,Sports and Recreation,2,3.3309212733023164,3.5847175189356757,0.25379624563335934
446,Sports and Recreation,2,2.8425952311255474,2.877012879835289,0.034417648709741844
450,Sports and Recreation,2,3.066624673441465,3.1613519121712654,0.0947272387298006
462,Sports and Recreation,2,2.472908853492441,3.866103769383537,1.3931949158910961
464,Sports and Recreation,2,3.4412605341892712,3.1483152439696394,-0.2929452902196319
468,Sports and Recreation,2,3.738290623044069,3.676463115557734,-0.06182750748633481
471,Sports and Recreation,2,7.994318521050442,2.8340734180008953,-5.160245103049546
477,Sports and Recreation,2,2.1321118154511636,2.1939077946465138,0.06179597919535018
479,Sports and Recreation,2,2.138775204135044,2.7103203213844465,0.5715451172494026
480,Sports and Recreation,2,2.483960893391843,2.406741089301112,-0.07721980409073081
482,Sports and Recreation,2,3.8839113941725136,5.155793562450685,1.2718821682781716
493,Sports and Recreation,2,1.9135199443045816,2.8128055449431697,0.8992856006385881
497,Sports and Recreation,2,4.758933337903189,4.3435120243647845,-0.4154213135384044
505,Sports and Recreation,2,1.9597212830787845,2.3239020320663917,0.3641807489876072
506,Sports and Recreation,2,1.9378622979046658,2.127610343525067,0.18974804562040104
513,Sports and Recreation,2,2.096810722918748,2.3183613554720335,0.22155063255328544
514,Sports and Recreation,2,3.825709698657322,3.5323580562609624,-0.2933516423963596
519,Sports and Recreation,2,3.971603924318419,5.423484262690589,1.4518803383721695
523,Sports and Recreation,2,3.626152898246049,3.2764269074150114,-0.3497259908310375
529,Sports and Recreation,2,4.652439896306456,4.6557330987931005,0.003293202486644553
550,Sports and Recreation,2,3.7059847330162654,3.9391047911684085,0.2331200581521431
555,Sports and Recreation,2,2.6217046668303423,2.630102783485538,0.008398116655195853
558,Sports and Recreation,2,2.9583082063989723,4.402852587342584,1.4445443809436114
560,Sports and Recreation,2,2.7162622881371803,3.3134789979304515,0.5972167097932712
586,Sports and Recreation,2,5.444664434435385,5.5427277118999605,0.09806327746457555
589,Sports and Recreation,2,2.9744816172331308,4.118397200235342,1.1439155830022112
591,Sports and Recreation,2,3.3540744836099723,4.372720027771034,1.0186455441610613
595,Sports and Recreation,2,3.042495064834708,5.3264590150463835,2.2839639502116755
596,Sports and Recreation,2,2.813796076950275,2.832609440985024,0.018813364034749203
600,Sports and Recreation,2,3.206523090577657,4.508054710200299,1.3015316196226419
601,Sports and Recreation,2,5.154355486913724,5.0406916142893685,-0.11366387262435573
605,Sports and Recreation,2,1.9434776934050324,1.897006230993349,-0.04647146241168332
609,Sports and Recreation,2,3.462859047724711,4.775315718291143,1.3124566705664318
611,Sports and Recreation,2,4.025413481281198,3.6804672828642886,-0.34494619841690977
614,Sports and Recreation,2,5.663353643170614,5.735969003598327,0.07261536042771244
615,Sports and Recreation,2,4.2508711658696265,3.461110004534932,-0.7897611613346944
625,Sports and Recreation,2,2.624730376747647,2.7675613739546145,0.14283099720696768
629,Sports and Recreation,2,6.122158509422249,3.593281776445507,-2.528876732976742
633,Sports and Recreation,2,2.9008472259760376,2.9802186489214466,0.079371422945409
634,Sports and Recreation,2,3.6636292583079495,6.394452038886432,2.7308227805784826
635,Sports and Recreation,2,3.649299523714368,6.75854870537084,3.1092491816564722
642,Sports and Recreation,2,3.6614809412846983,3.3027605084048606,-0.3587204328798377
643,Sports and Recreation,2,5.909901744256123,5.127414195940826,-0.7824875483152969
648,Sports and Recreation,2,4.748330862863369,4.084518998255862,-0.6638118646075073
649,Sports and Recreation,2,2.361972797956094,2.9785326639513725,0.6165598659952787
657,Sports and Recreation,2,6.690373439774637,6.26608314783744,-0.42429029193719714
658,Sports and Recreation,2,3.708262251349306,5.0921486742279995,1.3838864228786933
661,Sports and Recreation,2,6.115272129003343,6.038372168496683,-0.07689996050666004
674,Sports and Recreation,2,5.486006225531229,4.804198245963524,-0.6818079795677052
676,Sports and Recreation,2,2.9409024928510954,3.1807788299535615,0.23987633710246614
683,Sports and Recreation,2,5.865674135437478,5.497635082443805,-0.368039052993673
691,Sports and Recreation,2,3.626000900159993,4.028475657539143,0.4024747573791503
694,Sports and Recreation,2,2.4387398092390753,2.390821351649713,-0.047918457589362085
707,Sports and Recreation,2,4.087897825560027,3.9261253686314364,-0.161772456928591
717,Sports and Recreation,2,3.260194381431597,3.800631449416435,0.540437067984838
720,Sports and Recreation,2,4.005087994064668,2.923840273697153,-1.0812477203675153
722,Sports and Recreation,2,3.872842888232637,3.815620777620175,-0.057222110612462185
726,Sports and Recreation,2,5.539654485278018,4.769978767076354,-0.7696757182016647
729,Sports and Recreation,2,3.335645371438578,3.075491539746357,-0.26015383169222117
733,Sports and Recreation,2,2.8897343522980083,3.543665570778348,0.6539312184803396
734,Sports and Recreation,2,2.7181002879118203,2.913190477992158,0.19509019008033768
737,Sports and Recreation,2,3.341749780135995,3.099053030629605,-0.24269674950638986
740,Sports and Recreation,2,2.398000523312777,2.611562187313073,0.21356166400029641
744,Sports and Recreation,2,1.9765553315550304,3.590560856896298,1.6140055253412675
755,Sports and Recreation,2,2.149471489843575,2.1374216600210487,-0.012049829822526448
765,Sports and Recreation,2,5.654373712912973,6.55318400635462,0.8988102934416471
769,Sports and Recreation,2,7.965756238974709,8.020800876758273,0.05504463778356339
773,Sports and Recreation,2,3.877572899460649,3.961756215075331,0.08418331561468229
778,Sports and Recreation,2,2.832827418357515,3.946325965968759,1.1134985476112442
779,Sports and Recreation,2,4.01227971074826,4.043329553640668,0.03104984289240864
784,Sports and Recreation,2,3.091402978225277,3.2281321298678245,0.1367291516425473
791,Sports and Recreation,2,3.223529175304731,3.3959039421152255,0.17237476681049468
798,Sports and Recreation,2,2.963110643767915,3.7644685062739494,0.8013578625060345
799,Sports and Recreation,2,5.054763462651228,2.606381293329379,-2.448382169321849
801,Sports and Recreation,2,4.072340467175893,4.050763676503176,-0.021576790672717117
804,Sports and Recreation,2,3.014945570918149,3.2887818079215645,0.2738362370034153
805,Sports and Recreation,2,2.7552427401345403,5.509003070202157,2.7537603300676166
816,Sports and Recreation,2,3.950895259567149,3.969911641731266,0.01901638216411694
819,Sports and Recreation,2,3.0638545882457535,3.1277080954462892,0.06385350720053573
830,Sports and Recreation,2,4.1972044825871,4.145120761160438,-0.052083721426662066
832,Sports and Recreation,2,4.0901739715199685,4.37452773120684,0.28435375968687104
837,Sports and Recreation,2,3.7555433249515646,5.484505919268709,1.728962594317144
843,Sports and Recreation,2,4.054677333392288,4.477904512600065,0.4232271792077773
848,Sports and Recreation,2,1.241742672853042,1.7735598964305466,0.5318172235775045
859,Sports and Recreation,2,2.1497189793141036,2.0166833173649987,-0.13303566194910488
861,Sports and Recreation,2,2.851434453465016,3.998763195025832,1.1473287415608162
864,Sports and Recreation,2,2.8187807182220896,3.5884431005344597,0.76966238231237
866,Sports and Recreation,2,3.7980491396047533,3.953777713081535,0.15572857347678148
875,Sports and Recreation,2,5.747832165415646,5.500834922793558,-0.2469972426220881
878,Sports and Recreation,2,1.7971099206353847,2.1722174965816405,0.3751075759462559
879,Sports and Recreation,2,4.857614403466086,2.4807547261951934,-2.3768596772708928
887,Sports and Recreation,2,3.128671141137878,3.5447346033027767,0.41606346216489865
903,Sports and Recreation,2,3.1567756552834756,3.5124255028857037,0.35564984760222806
907,Sports and Recreation,2,4.135919825128922,3.8720057715154614,-0.26391405361346054
909,Sports and Recreation,2,3.328537972241618,3.506795456256346,0.17825748401472774
912,Sports and Recreation,2,3.514357830230157,3.5061492349621437,-0.008208595268013319
915,Sports and Recreation,2,3.7324313718977957,3.8670170691885635,0.13458569729076775
920,Sports and Recreation,2,2.687158341941337,3.9881505158461614,1.3009921739048242
927,Sports and Recreation,2,2.751681505666836,3.0890598743348274,0.3373783686679914
929,Sports and Recreation,2,2.898882952455717,5.250323325894175,2.3514403734384577
930,Sports and Recreation,2,2.761528861829024,4.202499383108666,1.4409705212796422
935,Sports and Recreation,2,3.383331833072506,2.1045351243504067,-1.2787967087220995
938,Sports and Recreation,2,2.244249956594005,2.1985021025509557,-0.04574785404304915
941,Sports and Recreation,2,3.153310285339737,3.227620749939571,0.07431046459983381
944,Sports and Recreation,2,2.6043056251421683,2.6965559437068487,0.09225031856468036
947,Sports and Recreation,2,2.5999390736247268,2.4903193398223316,-0.1096197338023952
957,Sports and Recreation,2,2.48842451789607,1.7311194204216243,-0.757305097474446
963,Sports and Recreation,2,3.1180736219761815,3.3799663515951943,0.2618927296190128
978,Sports and Recreation,2,2.4687904630420023,5.889965736779892,3.42117527373789
979,Sports and Recreation,2,1.8390986730928591,1.8147325408891688,-0.024366132203690327
980,Sports and Recreation,2,3.260277090672285,2.8943816659833823,-0.3658954246889028
981,Sports and Recreation,2,2.4049802204849984,4.037113690766744,1.6321334702817456
986,Sports and Recreation,2,3.4978808715210405,1.714537391359466,-1.7833434801615746
989,Sports and Recreation,2,2.3225835849295247,1.6286830497684062,-0.6939005351611185
997,Sports and Recreation,2,4.240774528182572,4.752868977014979,0.5120944488324062
1000,Sports and Recreation,2,4.902552424745623,3.7240649314011924,-1.1784874933444303
1011,Sports and Recreation,2,2.979110139663664,2.667724865219049,-0.31138527444461506
1013,Sports and Recreation,2,2.0876506073045156,2.0498998369629042,-0.03775077034161134
1016,Sports and Recreation,2,2.110186791424348,2.0924279581614593,-0.01775883326288863
1018,Sports and Recreation,2,4.431324649489095,6.215395008732131,1.7840703592430351
1024,Sports and Recreation,2,2.873830729064091,2.7199172309371207,-0.15391349812697053
1027,Sports and Recreation,2,4.601372594073455,4.814558902869297,0.21318630879584255
1033,Sports and Recreation,2,2.333201323745514,2.5483939193336385,0.21519259558812465
1037,Sports and Recreation,2,2.5602124287627666,2.565548987376725,0.005336558613958431
1041,Sports and Recreation,2,2.492820010485513,2.183575828273011,-0.30924418221250205
1042,Sports and Recreation,2,3.178119577664945,3.150156426308164,-0.02796315135678107
1061,Sports and Recreation,2,3.241936334696209,3.3088639529316954,0.06692761823548654
1065,Sports and Recreation,2,2.479475708168281,3.2448177077068356,0.7653419995385549
1067,Sports and Recreation,2,3.378637851279758,3.4724137035297,0.09377585224994167
1079,Sports and Recreation,2,1.8520821147072348,1.6444297631473002,-0.20765235155993467
1087,Sports and Recreation,2,3.425341013395143,3.175724961911421,-0.24961605148372223
1092,Sports and Recreation,2,4.146084484677459,4.462628986744189,0.3165445020667299
1094,Sports and Recreation,2,4.423250413555068,3.891375523774851,-0.5318748897802168
1108,Sports and Recreation,2,2.888649793428822,2.7658920175222446,-0.12275777590657766
1114,Sports and Recreation,2,1.8902972215485807,1.7866763951364342,-0.10362082641214654
1117,Sports and Recreation,2,2.9071303305480356,5.170125928915542,2.2629955983675067
1118,Sports and Recreation,2,2.4544878344661027,2.386312696545818,-0.06817513792028462
1120,Sports and Recreation,2,3.0612122097587893,5.846067401804268,2.7848551920454785
1124,Sports and Recreation,2,2.4527769601164646,2.3653749946859652,-0.08740196543049938
1126,Sports and Recreation,2,4.577611972526568,4.920670675021707,0.3430587024951395
1134,Sports and Recreation,2,3.7583911575623294,3.6043575970022808,-0.1540335605600487
1136,Sports and Recreation,2,1.7866849748890008,2.217917101880816,0.43123212699181535
1138,Sports and Recreation,2,4.680866836335059,4.338722670944696,-0.34214416539036296
1146,Sports and Recreation,2,3.0061343668022387,4.807167416667694,1.8010330498654552
1150,Sports and Recreation,2,5.1168379856569715,5.392114583689248,0.2752765980322769
1159,Sports and Recreation,2,2.585435546367386,2.8714490471946283,0.2860135008272424
1161,Sports and Recreation,2,2.8518771942997097,3.2315098471980335,0.3796326528983238
1164,Sports and Recreation,2,3.327986078945414,3.154577385458933,-0.1734086934864809
1169,Sports and Recreation,2,7.107111314100368,7.001577452972988,-0.1055338611273795
1184,Sports and Recreation,2,3.0391189616617327,3.5430019963568053,0.5038830346950727
1185,Sports and Recreation,2,4.879059520528977,4.37840593729378,-0.5006535832351968
1186,Sports and Recreation,2,2.807697970164683,7.326216134894365,4.518518164729682
1187,Sports and Recreation,2,2.455523630060305,3.427250932453269,0.971727302392964
1192,Sports and Recreation,2,4.064638991808154,3.999578834876044,-0.06506015693211031
1197,Sports and Recreation,2,5.681437990943717,6.727275393652762,1.0458374027090445
1208,Sports and Recreation,2,3.941800344760172,5.2532162557225535,1.3114159109623813
1214,Sports and Recreation,2,5.899445556064144,5.961528095416124,0.06208253935198016
1218,Sports and Recreation,2,7.277110125889763,6.931100059361157,-0.34601006652860633
1221,Sports and Recreation,2,4.5127957830758785,4.545581198316948,0.03278541524106959
1224,Sports and Recreation,2,4.357493441619454,4.032375496369796,-0.32511794524965776
1228,Sports and Recreation,2,3.3879150421168367,3.44622054110672,0.058305498989883464
1232,Sports and Recreation,2,3.177009512766916,2.2977667241568565,-0.8792427886100596
2,Sports and Recreation,3,5.0180255984498485,6.724923273858561,1.7068976754087126
5,Sports and Recreation,3,3.2153929194574857,5.7604831734730535,2.5450902540155678
12,Sports and Recreation,3,2.4274717225890354,2.4787139054696117,0.05124218288057625
21,Sports and Recreation,3,5.385291023395427,5.5397526164118025,0.15446159301637508
25,Sports and Recreation,3,3.1280683465504593,4.8180030601346235,1.6899347135841642
36,Sports and Recreation,3,2.0050709603263517,2.525415803518004,0.5203448431916522
37,Sports and Recreation,3,2.215943257811017,2.503168732464685,0.28722547465366777
49,Sports and Recreation,3,3.485027824405078,6.02865352334951,2.5436256989444317
53,Sports and Recreation,3,2.599107436156495,2.6291201070427417,0.030012670886246706
56,Sports and Recreation,3,2.0459128925750565,1.9087206253163027,-0.13719226725875378
64,Sports and Recreation,3,6.203475238789368,5.8984520995024,-0.305023139286968
67,Sports and Recreation,3,2.8641318796050084,2.843660967167022,-0.020470912437986488
69,Sports and Recreation,3,3.9516225699459415,5.790004231278126,1.8383816613321846
72,Sports and Recreation,3,2.40056597717942,2.388176412101563,-0.012389565077856712
74,Sports and Recreation,3,3.970697470071218,5.780316730441934,1.8096192603707157
77,Sports and Recreation,3,2.501584888583907,2.4805711990551376,-0.021013689528769586
84,Sports and Recreation,3,2.111536191233065,2.524884147282765,0.41334795604969976
90,Sports and Recreation,3,3.212137939364232,2.20459182541609,-1.007546113948142
97,Sports and Recreation,3,3.107970832812782,3.9499835420987144,0.8420127092859322
98,Sports and Recreation,3,3.088896095021928,3.0314836487407546,-0.05741244628117359
99,Sports and Recreation,3,3.1507007454579243,3.8009514232124544,0.65025067775453
109,Sports and Recreation,3,4.796165636718552,4.730832530968472,-0.06533310575007967
111,Sports and Recreation,3,4.673310323769867,2.6980756507183403,-1.9752346730515264
117,Sports and Recreation,3,1.6147446776124956,1.59055126370304,-0.02419341390945573
118,Sports and Recreation,3,1.3996616197236582,1.3640743289722896,-0.03558729075136857
120,Sports and Recreation,3,1.590205309105996,1.959644282630375,0.36943897352437904
124,Sports and Recreation,3,2.439396686929916,2.6961419709172434,0.25674528398732743
126,Sports and Recreation,3,5.35741997426128,6.73120965060967,1.37378967634839
130,Sports and Recreation,3,3.5832607373307552,4.896936451499277,1.313675714168522
144,Sports and Recreation,3,3.098325164556581,3.401628665592457,0.303303501035876
149,Sports and Recreation,3,2.7504630486960027,4.911177134084979,2.1607140853889764
150,Sports and Recreation,3,3.5674270870402465,3.605714818161547,0.03828773112130035
160,Sports and Recreation,3,2.088884998802002,1.8779035971834217,-0.21098140161858048
164,Sports and Recreation,3,2.0878247182267944,2.151870891983535,0.06404617375674082
166,Sports and Recreation,3,3.0742581569146648,2.705612629506095,-0.3686455274085696
173,Sports and Recreation,3,2.0344320176064943,4.238416837366959,2.2039848197604646
186,Sports and Recreation,3,1.9988973020270724,2.1083144356127055,0.1094171335856331
189,Sports and Recreation,3,3.8619416760250846,6.7376749673934455,2.875733291368361
199,Sports and Recreation,3,5.524269618738086,5.039952512296059,-0.48431710644202663
206,Sports and Recreation,3,3.697296737699345,3.4280931894152116,-0.2692035482841333
208,Sports and Recreation,3,4.879290051527073,4.829179627997805,-0.050110423529268644
209,Sports and Recreation,3,2.9565640782505636,4.291283037186442,1.3347189589358788
212,Sports and Recreation,3,2.351523873589208,2.299313186934519,-0.052210686654688754
213,Sports and Recreation,3,2.721461481896759,2.4019156320579347,-0.3195458498388244
220,Sports and Recreation,3,3.487603082213645,4.991668045356581,1.5040649631429366
223,Sports and Recreation,3,5.632521059295711,5.5185168635563056,-0.11400419573940557
234,Sports and Recreation,3,5.566811573251901,3.674975103908373,-1.8918364693435277
237,Sports and Recreation,3,4.383398643403752,4.553078637101533,0.16967999369778042
244,Sports and Recreation,3,2.9379274409627705,4.51481708408434,1.5768896431215698
245,Sports and Recreation,3,2.906648172124192,4.188927289769481,1.282279117645289
251,Sports and Recreation,3,4.835703038568363,5.957298117809271,1.1215950792409082
253,Sports and Recreation,3,3.8918869499646886,4.5499004376969685,0.6580134877322799
258,Sports and Recreation,3,4.301796579858591,3.5843195939434214,-0.7174769859151695
264,Sports and Recreation,3,2.3521817884020426,3.1890517977461297,0.8368700093440871
268,Sports and Recreation,3,3.7771063112819245,3.6878090182527243,-0.0892972930292002
269,Sports and Recreation,3,2.869453662718338,3.768565185928289,0.8991115232099509
270,Sports and Recreation,3,2.9720654372259165,2.884707833978534,-0.08735760324738262
273,Sports and Recreation,3,2.9343252052754503,3.4637462292536867,0.5294210239782364
274,Sports and Recreation,3,3.403555306517492,4.022582723155555,0.6190274166380627
280,Sports and Recreation,3,4.498978333738492,4.657788540012033,0.15881020627354125
283,Sports and Recreation,3,2.290765385874406,3.891487683143108,1.6007222972687019
292,Sports and Recreation,3,6.323155688732795,4.082025748582701,-2.2411299401500937
325,Sports and Recreation,3,2.135362579460219,1.801068599298922,-0.3342939801612972
329,Sports and Recreation,3,3.3181610273586135,2.970841041801221,-0.3473199855573923
330,Sports and Recreation,3,3.5703316667367035,3.402612874959167,-0.16771879177753668
335,Sports and Recreation,3,2.867945394751377,2.615747162201518,-0.2521982325498593
337,Sports and Recreation,3,3.84728819253424,3.7449613470771794,-0.1023268454570605
340,Sports and Recreation,3,2.9515527399128088,2.928258375046031,-0.023294364866777606
345,Sports and Recreation,3,2.3248748809041926,4.391510008925127,2.066635128020934
356,Sports and Recreation,3,3.0371616881716648,5.424163509411077,2.387001821239412
360,Sports and Recreation,3,2.8363416516081266,2.8317471158287066,-0.004594535779419928
363,Sports and Recreation,3,2.656818357553643,2.708166260612267,0.051347903058624134
364,Sports and Recreation,3,2.709856789455338,2.698229371483504,-0.011627417971833864
366,Sports and Recreation,3,3.8140470239807263,4.183904192022811,0.3698571680420848
369,Sports and Recreation,3,3.2898504859061877,2.73259194691997,-0.5572585389862175
373,Sports and Recreation,3,3.839532471123416,3.593467652091929,-0.24606481903148714
382,Sports and Recreation,3,2.9805602834740013,2.7531008470018667,-0.2274594364721345
396,Sports and Recreation,3,4.301465797462567,4.122331017694281,-0.17913477976828673
400,Sports and Recreation,3,2.7759834714594076,2.6303229870422467,-0.14566048441716095
420,Sports and Recreation,3,2.624444344577647,2.284657844836036,-0.3397864997416109
425,Sports and Recreation,3,2.2740720826484857,2.3894417875533476,0.11536970490486187
427,Sports and Recreation,3,2.8423200530566115,2.733337599973053,-0.10898245308355836
428,Sports and Recreation,3,3.6030399220753715,2.9329173950565375,-0.670122527018834
432,Sports and Recreation,3,2.4874982706479796,2.5452824452068272,0.057784174558847656
433,Sports and Recreation,3,1.7128859810222974,1.9232746512997707,0.21038867027747332
445,Sports and Recreation,3,3.3309212733023164,3.8249877794404563,0.49406650613813996
446,Sports and Recreation,3,2.8425952311255474,2.9117947067747307,0.06919947564918338
450,Sports and Recreation,3,3.066624673441465,3.2256381503089884,0.15901347686752354
462,Sports and Recreation,3,2.472908853492441,4.085174290721167,1.6122654372287255
464,Sports and Recreation,3,3.4412605341892712,3.2607263532435793,-0.18053418094569196
468,Sports and Recreation,3,3.738290623044069,3.6521962739540346,-0.08609434909003433
471,Sports and Recreation,3,7.994318521050442,2.7151553319306743,-5.2791631891197675
477,Sports and Recreation,3,2.1321118154511636,2.1787083268287564,0.0465965113775928
479,Sports and Recreation,3,2.138775204135044,2.9163551441708555,0.7775799400358117
480,Sports and Recreation,3,2.483960893391843,2.5862288327928713,0.10226793940102841
482,Sports and Recreation,3,3.8839113941725136,5.290586494271194,1.4066751000986804
493,Sports and Recreation,3,1.9135199443045816,3.2862284603902765,1.3727085160856949
497,Sports and Recreation,3,4.758933337903189,4.2952106166777515,-0.46372272122543734
505,Sports and Recreation,3,1.9597212830787845,2.4523106062886484,0.4925893232098639
506,Sports and Recreation,3,1.9378622979046658,2.0423428989064716,0.10448060100180578
513,Sports and Recreation,3,2.096810722918748,2.0797205812735973,-0.01709014164515077
514,Sports and Recreation,3,3.825709698657322,3.483013614422717,-0.3426960842346052
519,Sports and Recreation,3,3.971603924318419,5.34411815248522,1.3725142281668008
523,Sports and Recreation,3,3.626152898246049,3.1296271063499894,-0.4965257918960595
529,Sports and Recreation,3,4.652439896306456,4.556020010040692,-0.09641988626576392
550,Sports and Recreation,3,3.7059847330162654,4.486540629105159,0.7805558960888934
555,Sports and Recreation,3,2.6217046668303423,2.5836468594403197,-0.038057807390022624
558,Sports and Recreation,3,2.9583082063989723,4.568013821840285,1.609705615441313
560,Sports and Recreation,3,2.7162622881371803,3.476162716864068,0.7599004287268878
586,Sports and Recreation,3,5.444664434435385,5.4712089635152985,0.02654452907991356
589,Sports and Recreation,3,2.9744816172331308,4.26435072393277,1.2898691066996393
591,Sports and Recreation,3,3.3540744836099723,4.505014123604827,1.1509396399948546
595,Sports and Recreation,3,3.042495064834708,5.431584523318776,2.389089458484068
596,Sports and Recreation,3,2.813796076950275,2.8427990911840073,0.029003014233732305
600,Sports and Recreation,3,3.206523090577657,4.780333683197513,1.5738105926198562
601,Sports and Recreation,3,5.154355486913724,5.057060834512566,-0.09729465240115864
605,Sports and Recreation,3,1.9434776934050324,1.866934763238164,-0.0765429301668683
609,Sports and Recreation,3,3.462859047724711,4.829469942275182,1.3666108945504707
611,Sports and Recreation,3,4.025413481281198,3.5043030327133775,-0.5211104485678208
614,Sports and Recreation,3,5.663353643170614,5.588201250747057,-0.07515239242355776
615,Sports and Recreation,3,4.2508711658696265,3.728082533557309,-0.5227886323123174
625,Sports and Recreation,3,2.624730376747647,2.5537999674692955,-0.07093040927835137
629,Sports and Recreation,3,6.122158509422249,3.7013234576655885,-2.4208350517566606
633,Sports and Recreation,3,2.9008472259760376,3.116676662501603,0.2158294365255653
634,Sports and Recreation,3,3.6636292583079495,6.3573713328967925,2.693742074588843
635,Sports and Recreation,3,3.649299523714368,6.847893542945657,3.1985940192312894
642,Sports and Recreation,3,3.6614809412846983,3.8958811901921964,0.2344002489074981
643,Sports and Recreation,3,5.909901744256123,4.677430422237171,-1.2324713220189523
648,Sports and Recreation,3,4.748330862863369,4.002915430417633,-0.7454154324457365
649,Sports and Recreation,3,2.361972797956094,3.0061370668987157,0.6441642689426219
657,Sports and Recreation,3,6.690373439774637,5.92195983828444,-0.768413601490197
658,Sports and Recreation,3,3.708262251349306,5.303897364818418,1.595635113469112
661,Sports and Recreation,3,6.115272129003343,5.7845495171970684,-0.3307226118062747
674,Sports and Recreation,3,5.486006225531229,4.678443394301561,-0.8075628312296681
676,Sports and Recreation,3,2.9409024928510954,3.2322851804865724,0.29138268763547703
683,Sports and Recreation,3,5.865674135437478,5.498246632670783,-0.3674275027666951
691,Sports and Recreation,3,3.626000900159993,4.445667025071083,0.8196661249110901
694,Sports and Recreation,3,2.4387398092390753,2.2972957254602937,-0.1414440837787816
707,Sports and Recreation,3,4.087897825560027,3.8038914722756028,-0.2840063532844246
717,Sports and Recreation,3,3.260194381431597,3.863419381386702,0.6032249999551054
720,Sports and Recreation,3,4.005087994064668,3.190783667788323,-0.8143043262763454
722,Sports and Recreation,3,3.872842888232637,6.29483285569982,2.4219899674671828
726,Sports and Recreation,3,5.539654485278018,4.379608725064692,-1.1600457602133263
729,Sports and Recreation,3,3.335645371438578,3.115684306417598,-0.21996106502098023
733,Sports and Recreation,3,2.8897343522980083,4.132883588427841,1.2431492361298329
734,Sports and Recreation,3,2.7181002879118203,5.272942509122723,2.5548422212109028
737,Sports and Recreation,3,3.341749780135995,6.311330326200901,2.969580546064906
740,Sports and Recreation,3,2.398000523312777,2.720648951033019,0.3226484277202424
744,Sports and Recreation,3,1.9765553315550304,3.705520276010212,1.7289649444551816
755,Sports and Recreation,3,2.149471489843575,3.121772668012489,0.9723011781689137
765,Sports and Recreation,3,5.654373712912973,6.536087406357791,0.8817136934448184
769,Sports and Recreation,3,7.965756238974709,7.68329724088179,-0.2824589980929195
773,Sports and Recreation,3,3.877572899460649,4.012247977341547,0.13467507788089783
778,Sports and Recreation,3,2.832827418357515,4.521479332575774,1.6886519142182594
779,Sports and Recreation,3,4.01227971074826,4.038394783597337,0.02611507284907688
784,Sports and Recreation,3,3.091402978225277,5.384106292047879,2.292703313822602
791,Sports and Recreation,3,3.223529175304731,4.858251645566607,1.6347224702618766
798,Sports and Recreation,3,2.963110643767915,3.85187758237954,0.8887669386116253
799,Sports and Recreation,3,5.054763462651228,3.0296662492743467,-2.025097213376881
801,Sports and Recreation,3,4.072340467175893,3.9688123468842598,-0.10352812029163339
804,Sports and Recreation,3,3.014945570918149,3.381500303995396,0.36655473307724673
805,Sports and Recreation,3,2.7552427401345403,6.9327158433209295,4.177473103186389
816,Sports and Recreation,3,3.950895259567149,3.9840310834453416,0.03313582387819247
819,Sports and Recreation,3,3.0638545882457535,3.1706413465253283,0.10678675827957473
830,Sports and Recreation,3,4.1972044825871,5.224561546280313,1.0273570636932128
832,Sports and Recreation,3,4.0901739715199685,4.512261243467201,0.42208727194723217
837,Sports and Recreation,3,3.7555433249515646,5.84237231857743,2.0868289936258657
843,Sports and Recreation,3,4.054677333392288,4.515181073131284,0.4605037397389964
848,Sports and Recreation,3,1.241742672853042,1.9928886129375933,0.7511459400845513
859,Sports and Recreation,3,2.1497189793141036,1.9903493703225985,-0.1593696089915051
861,Sports and Recreation,3,2.851434453465016,4.338926186829652,1.487491733364636
864,Sports and Recreation,3,2.8187807182220896,3.7084195243960174,0.8896388061739278
866,Sports and Recreation,3,3.7980491396047533,4.02806556097426,0.2300164213695064
875,Sports and Recreation,3,5.747832165415646,5.574220289005434,-0.17361187641021214
878,Sports and Recreation,3,1.7971099206353847,2.1270095825439244,0.3298996619085397
879,Sports and Recreation,3,4.857614403466086,5.354093526742746,0.4964791232766599
887,Sports and Recreation,3,3.128671141137878,2.6377223624582258,-0.49094877867965225
903,Sports and Recreation,3,3.1567756552834756,3.525771108817368,0.3689954535338926
907,Sports and Recreation,3,4.135919825128922,3.8291912379948947,-0.3067285871340273
909,Sports and Recreation,3,3.328537972241618,6.662521126258639,3.333983154017021
912,Sports and Recreation,3,3.514357830230157,3.5335947470141456,0.019236916783988534
915,Sports and Recreation,3,3.7324313718977957,3.8852325732580604,0.15280120136026465
920,Sports and Recreation,3,2.687158341941337,3.934059485763463,1.246901143822126
927,Sports and Recreation,3,2.751681505666836,6.043512383861632,3.291830878194796
929,Sports and Recreation,3,2.898882952455717,5.427536496750278,2.5286535442945612
930,Sports and Recreation,3,2.761528861829024,4.383434071366641,1.621905209537617
935,Sports and Recreation,3,3.383331833072506,4.248339890103249,0.8650080570307432
938,Sports and Recreation,3,2.244249956594005,2.156237682658585,-0.08801227393541966
941,Sports and Recreation,3,3.153310285339737,3.3680519916864196,0.21474170634668255
944,Sports and Recreation,3,2.6043056251421683,5.276892963198511,2.672587338056343
947,Sports and Recreation,3,2.5999390736247268,2.423438246036217,-0.1765008275885096
957,Sports and Recreation,3,2.48842451789607,2.568992045191427,0.08056752729535699
963,Sports and Recreation,3,3.1180736219761815,3.8060666092202458,0.6879929872440642
978,Sports and Recreation,3,2.4687904630420023,5.889440535936542,3.4206500728945395
979,Sports and Recreation,3,1.8390986730928591,1.82213086031603,-0.016967812776829128
980,Sports and Recreation,3,3.260277090672285,3.270657356488494,0.0103802658162091
981,Sports and Recreation,3,2.4049802204849984,4.120848320296037,1.715868099811039
986,Sports and Recreation,3,3.4978808715210405,1.690372528400765,-1.8075083431202756
989,Sports and Recreation,3,2.3225835849295247,1.702963141184627,-0.6196204437448976
997,Sports and Recreation,3,4.240774528182572,4.733931202768282,0.4931566745857099
1000,Sports and Recreation,3,4.902552424745623,4.539580180720957,-0.36297224402466544
1011,Sports and Recreation,3,2.979110139663664,2.576467803263908,-0.4026423363997562
1013,Sports and Recreation,3,2.0876506073045156,2.018312717860471,-0.06933788944404462
1016,Sports and Recreation,3,2.110186791424348,2.3957677720604695,0.2855809806361216
1018,Sports and Recreation,3,4.431324649489095,6.4055158248200845,1.974191175330989
1024,Sports and Recreation,3,2.873830729064091,6.9967440359004485,4.122913306836358
1027,Sports and Recreation,3,4.601372594073455,4.896925440402075,0.29555284632862033
1033,Sports and Recreation,3,2.333201323745514,2.6533256729120325,0.32012434916651866
1037,Sports and Recreation,3,2.5602124287627666,2.571043618346165,0.010831189583398348
1041,Sports and Recreation,3,2.492820010485513,2.402948835556975,-0.08987117492853791
1042,Sports and Recreation,3,3.178119577664945,4.278752584644979,1.1006330069800345
1061,Sports and Recreation,3,3.241936334696209,3.1530160829596703,-0.08892025173653861
1065,Sports and Recreation,3,2.479475708168281,3.2804227585835193,0.8009470504152385
1067,Sports and Recreation,3,3.378637851279758,3.5033963794324188,0.12475852815266064
1079,Sports and Recreation,3,1.8520821147072348,1.6011157137262484,-0.25096640098098644
1087,Sports and Recreation,3,3.425341013395143,3.100872419463114,-0.3244685939320293
1092,Sports and Recreation,3,4.146084484677459,4.7469482807350225,0.6008637960575633
1094,Sports and Recreation,3,4.423250413555068,2.882871438768892,-1.5403789747861758
1108,Sports and Recreation,3,2.888649793428822,2.780581638971783,-0.10806815445703943
1114,Sports and Recreation,3,1.8902972215485807,1.7852025338488398,-0.10509468769974095
1117,Sports and Recreation,3,2.9071303305480356,5.131576725716226,2.22444639516819
1118,Sports and Recreation,3,2.4544878344661027,2.2236998220822692,-0.2307880123838335
1120,Sports and Recreation,3,3.0612122097587893,5.7572598451091475,2.696047635350358
1124,Sports and Recreation,3,2.4527769601164646,2.5077775379225042,0.05500057780603962
1126,Sports and Recreation,3,4.577611972526568,5.210980978198974,0.6333690056724066
1134,Sports and Recreation,3,3.7583911575623294,4.796056235089091,1.037665077526762
1136,Sports and Recreation,3,1.7866849748890008,2.3856241695535116,0.5989391946645108
1138,Sports and Recreation,3,4.680866836335059,4.293780462433039,-0.3870863739020196
1146,Sports and Recreation,3,3.0061343668022387,4.822861961177054,1.8167275943748153
1150,Sports and Recreation,3,5.1168379856569715,5.423808936844628,0.3069709511876564
1159,Sports and Recreation,3,2.585435546367386,4.3294858763332575,1.7440503299658716
1161,Sports and Recreation,3,2.8518771942997097,3.342817010989398,0.49093981668968834
1164,Sports and Recreation,3,3.327986078945414,3.0286200203691775,-0.2993660585762363
1169,Sports and Recreation,3,7.107111314100368,6.747370427786492,-0.359740886313876
1184,Sports and Recreation,3,3.0391189616617327,4.9989154051701625,1.9597964435084299
1185,Sports and Recreation,3,4.879059520528977,4.2821649268367645,-0.5968945936922125
1186,Sports and Recreation,3,2.807697970164683,7.188387365459414,4.3806893952947314
1187,Sports and Recreation,3,2.455523630060305,3.554332596754125,1.0988089666938197
1192,Sports and Recreation,3,4.064638991808154,3.9590580550300194,-0.10558093677813485
1197,Sports and Recreation,3,5.681437990943717,6.82882280024775,1.1473848093040324
1208,Sports and Recreation,3,3.941800344760172,5.372661925316763,1.4308615805565905
1214,Sports and Recreation,3,5.899445556064144,5.898386853945681,-0.0010587021184633727
1218,Sports and Recreation,3,7.277110125889763,6.948217950603286,-0.32889217528647663
1221,Sports and Recreation,3,4.5127957830758785,4.472434579947288,-0.04036120312859026
1224,Sports and Recreation,3,4.357493441619454,7.646760769156297,3.2892673275368436
1228,Sports and Recreation,3,3.3879150421168367,3.3311464286272368,-0.05676861348959994
1232,Sports and Recreation,3,3.177009512766916,2.5673946987081653,-0.6096148140587507
2,UNIFORM,1,5.0180255984498485,4.956490256081922,-0.06153534236792613
5,UNIFORM,1,3.2153929194574857,3.1726047902132293,-0.042788129244256456
12,UNIFORM,1,2.4274717225890354,2.4772235871088153,0.049751864519779865
21,UNIFORM,1,5.385291023395427,5.3896781570834555,0.004387133688028122
25,UNIFORM,1,3.1280683465504593,3.1688305962969343,0.04076224974647502
36,UNIFORM,1,2.0050709603263517,2.043429687974834,0.03835872764848247
37,UNIFORM,1,2.215943257811017,2.3810799525317705,0.16513669472075332
49,UNIFORM,1,3.485027824405078,3.4699624570615266,-0.015065367343551461
53,UNIFORM,1,2.599107436156495,2.6217364548515416,0.022629018695046632
56,UNIFORM,1,2.0459128925750565,2.0572883299968687,0.01137543742181224
64,UNIFORM,1,6.203475238789368,6.225166642602424,0.021691403813056453
67,UNIFORM,1,2.8641318796050084,2.867483665765286,0.0033517861602776478
69,UNIFORM,1,3.9516225699459415,4.126076041874343,0.17445347192840188
72,UNIFORM,1,2.40056597717942,2.4130350918851518,0.012469114705731865
74,UNIFORM,1,3.970697470071218,3.7302084760757177,-0.24048899399550017
77,UNIFORM,1,2.501584888583907,2.53014574254831,0.028560853964402888
84,UNIFORM,1,2.111536191233065,2.106960385080953,-0.004575806152112172
90,UNIFORM,1,3.212137939364232,3.3655431622479473,0.15340522288371528
97,UNIFORM,1,3.107970832812782,3.1175292844957623,0.009558451682980085
98,UNIFORM,1,3.088896095021928,3.145234902429385,0.05633880740745667
99,UNIFORM,1,3.1507007454579243,3.194497283112712,0.04379653765478775
109,UNIFORM,1,4.796165636718552,4.792765120556618,-0.0034005161619337088
111,UNIFORM,1,4.673310323769867,4.675380533946652,0.0020702101767851033
117,UNIFORM,1,1.6147446776124956,1.6133389974779142,-0.0014056801345814218
118,UNIFORM,1,1.3996616197236582,1.4323610908510618,0.03269947112740357
120,UNIFORM,1,1.590205309105996,1.6424766494424992,0.05227134033650316
124,UNIFORM,1,2.439396686929916,2.509517824706126,0.07012113777620987
126,UNIFORM,1,5.35741997426128,5.250217282935581,-0.10720269132569893
130,UNIFORM,1,3.5832607373307552,3.7442437363045324,0.1609829989737772
144,UNIFORM,1,3.098325164556581,3.1927093068730024,0.09438414231642156
149,UNIFORM,1,2.7504630486960027,2.8546723104558156,0.10420926175981293
150,UNIFORM,1,3.5674270870402465,3.631454761947996,0.06402767490774952
160,UNIFORM,1,2.088884998802002,2.004999623824857,-0.08388537497714532
164,UNIFORM,1,2.0878247182267944,2.1028445402726352,0.015019822045840847
166,UNIFORM,1,3.0742581569146648,3.1536219253516564,0.07936376843699167
173,UNIFORM,1,2.0344320176064943,2.0697452815863837,0.03531326397988943
186,UNIFORM,1,1.9988973020270724,2.0947704425776346,0.09587314055056217
189,UNIFORM,1,3.8619416760250846,3.9704950383502333,0.10855336232514867
199,UNIFORM,1,5.524269618738086,5.530665446025468,0.006395827287382083
206,UNIFORM,1,3.697296737699345,3.5945503810752273,-0.10274635662411757
208,UNIFORM,1,4.879290051527073,4.886601373517625,0.007311321990551178
209,UNIFORM,1,2.9565640782505636,3.4215656198322395,0.46500154158167595
212,UNIFORM,1,2.351523873589208,2.403101891924793,0.051578018335585174
213,UNIFORM,1,2.721461481896759,2.576649171586829,-0.14481231030993014
220,UNIFORM,1,3.487603082213645,3.312602715444782,-0.17500036676886266
223,UNIFORM,1,5.632521059295711,5.838124454795648,0.20560339549993678
234,UNIFORM,1,5.566811573251901,5.62637172411691,0.05956015086500965
237,UNIFORM,1,4.383398643403752,4.4624586312616845,0.07905998785793233
244,UNIFORM,1,2.9379274409627705,2.896320154239241,-0.04160728672352931
245,UNIFORM,1,2.906648172124192,2.646915635548205,-0.2597325365759868
251,UNIFORM,1,4.835703038568363,4.856838600079686,0.021135561511322898
253,UNIFORM,1,3.8918869499646886,3.8375535841895703,-0.05433336577511838
258,UNIFORM,1,4.301796579858591,4.407835298015013,0.10603871815642218
264,UNIFORM,1,2.3521817884020426,2.5918159848705953,0.23963419646855266
268,UNIFORM,1,3.7771063112819245,3.7612378456014435,-0.01586846568048106
269,UNIFORM,1,2.869453662718338,2.9102320353711715,0.04077837265283346
270,UNIFORM,1,2.9720654372259165,3.2376445088827146,0.26557907165679806
273,UNIFORM,1,2.9343252052754503,2.917553062932674,-0.01677214234277624
274,UNIFORM,1,3.403555306517492,3.38440375935944,-0.019151547158052118
280,UNIFORM,1,4.498978333738492,4.57228499190162,0.07330665816312809
283,UNIFORM,1,2.290765385874406,2.3047705990041494,0.014005213129743233
292,UNIFORM,1,6.323155688732795,6.326123714890647,0.0029680261578519662
325,UNIFORM,1,2.135362579460219,2.0111865340432926,-0.1241760454169265
329,UNIFORM,1,3.3181610273586135,3.310711013905654,-0.007450013452959592
330,UNIFORM,1,3.5703316667367035,3.570210916574657,-0.00012075016204660116
335,UNIFORM,1,2.867945394751377,2.994368368241857,0.12642297349048004
337,UNIFORM,1,3.84728819253424,3.7988547287255177,-0.048433463808722266
340,UNIFORM,1,2.9515527399128088,2.953459186835847,0.0019064469230380965
345,UNIFORM,1,2.3248748809041926,2.375536184035091,0.05066130313089845
356,UNIFORM,1,3.0371616881716648,3.0002408962794025,-0.03692079189226227
360,UNIFORM,1,2.8363416516081266,2.8387166361190572,0.0023749845109306555
363,UNIFORM,1,2.656818357553643,2.6757253537759356,0.018906996222292527
364,UNIFORM,1,2.709856789455338,2.700357101350264,-0.009499688105073734
366,UNIFORM,1,3.8140470239807263,3.8663172873547076,0.05227026337398133
369,UNIFORM,1,3.2898504859061877,3.287892284246213,-0.0019582016599746233
373,UNIFORM,1,3.839532471123416,3.8365635743764983,-0.002968896746917693
382,UNIFORM,1,2.9805602834740013,2.908268766982046,-0.07229151649195531
396,UNIFORM,1,4.301465797462567,4.301877663719589,0.00041186625702138713
400,UNIFORM,1,2.7759834714594076,2.761343401773198,-0.014640069686209678
420,UNIFORM,1,2.624444344577647,2.44116120829513,-0.1832831362825167
425,UNIFORM,1,2.2740720826484857,2.2771080401332933,0.003035957484807561
427,UNIFORM,1,2.8423200530566115,2.9149835842953413,0.07266353123872982
428,UNIFORM,1,3.6030399220753715,3.4828673789625757,-0.1201725431127958
432,UNIFORM,1,2.4874982706479796,2.4536952495616724,-0.03380302108630717
433,UNIFORM,1,1.7128859810222974,1.6913451935263109,-0.021540787495986535
445,UNIFORM,1,3.3309212733023164,3.477942508947787,0.14702123564547076
446,UNIFORM,1,2.8425952311255474,2.8830335052662317,0.04043827414068435
450,UNIFORM,1,3.066624673441465,3.1048839921588867,0.03825931871742183
462,UNIFORM,1,2.472908853492441,2.5478679177159824,0.07495906422354137
464,UNIFORM,1,3.4412605341892712,3.605653621803903,0.16439308761463156
468,UNIFORM,1,3.738290623044069,3.78261000405704,0.04431938101297117
471,UNIFORM,1,7.994318521050442,7.7968449946775715,-0.1974735263728702
477,UNIFORM,1,2.1321118154511636,2.169912340269408,0.03780052481824425
479,UNIFORM,1,2.138775204135044,2.1216415772188277,-0.017133626916216116
480,UNIFORM,1,2.483960893391843,2.4416168969301504,-0.04234399646169251
482,UNIFORM,1,3.8839113941725136,3.8933007516017017,0.009389357429188117
493,UNIFORM,1,1.9135199443045816,1.8975013776194465,-0.016018566685135127
497,UNIFORM,1,4.758933337903189,4.7990878540171185,0.04015451611392962
505,UNIFORM,1,1.9597212830787845,2.0209933604896833,0.061272077410898795
506,UNIFORM,1,1.9378622979046658,2.011308050051782,0.07344575214711613
513,UNIFORM,1,2.096810722918748,2.1411123665149265,0.0443016435961785
514,UNIFORM,1,3.825709698657322,4.000763737209221,0.17505403855189883
519,UNIFORM,1,3.971603924318419,4.021922787002124,0.05031886268370478
523,UNIFORM,1,3.626152898246049,3.4515791419453086,-0.17457375630074035
529,UNIFORM,1,4.652439896306456,4.774753099611864,0.12231320330540818
550,UNIFORM,1,3.7059847330162654,3.7889656755040297,0.08298094248776433
555,UNIFORM,1,2.6217046668303423,2.587041830159535,-0.03466283667080727
558,UNIFORM,1,2.9583082063989723,2.9135257237233123,-0.044782482675659985
560,UNIFORM,1,2.7162622881371803,2.962576266128978,0.24631397799179755
586,UNIFORM,1,5.444664434435385,5.546610091298248,0.10194565686286339
589,UNIFORM,1,2.9744816172331308,2.7744614994015455,-0.20002011783158524
591,UNIFORM,1,3.3540744836099723,3.6026744453903365,0.24859996178036425
595,UNIFORM,1,3.042495064834708,3.038189738924325,-0.004305325910383129
596,UNIFORM,1,2.813796076950275,2.8855324097990636,0.07173633284878855
600,UNIFORM,1,3.206523090577657,3.374287912963158,0.16776482238550106
601,UNIFORM,1,5.154355486913724,5.236121741258946,0.08176625434522133
605,UNIFORM,1,1.9434776934050324,1.9470907353847458,0.0036130419797133495
609,UNIFORM,1,3.462859047724711,3.6026642791366985,0.1398052314119873
611,UNIFORM,1,4.025413481281198,3.8483532139972736,-0.17706026728392477
614,UNIFORM,1,5.663353643170614,5.714947692888062,0.05159404971744763
615,UNIFORM,1,4.2508711658696265,5.758465697405056,1.507594531535429
625,UNIFORM,1,2.624730376747647,2.6907566525780697,0.06602627583042286
629,UNIFORM,1,6.122158509422249,6.090970555923512,-0.03118795349873693
633,UNIFORM,1,2.9008472259760376,2.928485682556757,0.027638456580719506
634,UNIFORM,1,3.6636292583079495,3.7138301439703802,0.05020088566243075
635,UNIFORM,1,3.649299523714368,3.6878004060480936,0.03850088233372562
642,UNIFORM,1,3.6614809412846983,3.678163069046695,0.016682127761996846
643,UNIFORM,1,5.909901744256123,5.572865271078683,-0.3370364731774398
648,UNIFORM,1,4.748330862863369,5.278474034990917,0.5301431721275476
649,UNIFORM,1,2.361972797956094,2.5918780143970817,0.22990521644098783
657,UNIFORM,1,6.690373439774637,6.611757132560446,-0.07861630721419122
658,UNIFORM,1,3.708262251349306,3.619125267680819,-0.08913698366848699
661,UNIFORM,1,6.115272129003343,6.098143638901549,-0.01712849010179429
674,UNIFORM,1,5.486006225531229,5.409872159793789,-0.07613406573744008
676,UNIFORM,1,2.9409024928510954,3.0062449011826886,0.06534240833159322
683,UNIFORM,1,5.865674135437478,5.940420523826939,0.07474638838946035
691,UNIFORM,1,3.626000900159993,3.8752766066371755,0.24927570647718245
694,UNIFORM,1,2.4387398092390753,2.3220970892012915,-0.11664272003778375
707,UNIFORM,1,4.087897825560027,4.122609414825278,0.03471158926525053
717,UNIFORM,1,3.260194381431597,3.5109111014833845,0.2507167200517877
720,UNIFORM,1,4.005087994064668,4.067490388174156,0.06240239410948778
722,UNIFORM,1,3.872842888232637,3.9525268722899534,0.07968398405731625
726,UNIFORM,1,5.539654485278018,5.226620020855662,-0.3130344644223566
729,UNIFORM,1,3.335645371438578,3.5137510162157355,0.1781056447771574
733,UNIFORM,1,2.8897343522980083,2.9513022697706104,0.06156791747260204
734,UNIFORM,1,2.7181002879118203,2.749130049176048,0.03102976126422785
737,UNIFORM,1,3.341749780135995,3.2715471376766763,-0.07020264245931873
740,UNIFORM,1,2.398000523312777,2.305277334304235,-0.0927231890085416
744,UNIFORM,1,1.9765553315550304,1.9996818954044713,0.023126563849440895
755,UNIFORM,1,2.149471489843575,2.1989342830330814,0.04946279318950619
765,UNIFORM,1,5.654373712912973,5.61324130899472,-0.04113240391825279
769,UNIFORM,1,7.965756238974709,8.032143049266619,0.06638681029190963
773,UNIFORM,1,3.877572899460649,3.8980827030034653,0.020509803542816396
778,UNIFORM,1,2.832827418357515,3.6686076268040178,0.8357802084465029
779,UNIFORM,1,4.01227971074826,4.024110554997892,0.011830844249632655
784,UNIFORM,1,3.091402978225277,3.097420883200099,0.006017904974821686
791,UNIFORM,1,3.223529175304731,3.2315547881879363,0.008025612883205469
798,UNIFORM,1,2.963110643767915,3.0111147575933144,0.048004113825399486
799,UNIFORM,1,5.054763462651228,4.972958227283342,-0.0818052353678862
801,UNIFORM,1,4.072340467175893,4.490817902004551,0.41847743482865774
804,UNIFORM,1,3.014945570918149,3.1020391981786313,0.08709362726048209
805,UNIFORM,1,2.7552427401345403,2.776864594775681,0.021621854641140636
816,UNIFORM,1,3.950895259567149,3.962948648626411,0.01205338905926201
819,UNIFORM,1,3.0638545882457535,3.0735793303894985,0.009724742143744969
830,UNIFORM,1,4.1972044825871,4.122956702577413,-0.07424778000968679
832,UNIFORM,1,4.0901739715199685,4.1517038223945,0.06152985087453189
837,UNIFORM,1,3.7555433249515646,3.895890068817753,0.14034674386618828
843,UNIFORM,1,4.054677333392288,4.045928306939608,-0.008749026452679942
848,UNIFORM,1,1.241742672853042,1.1796912454572437,-0.062051427395798386
859,UNIFORM,1,2.1497189793141036,2.1169981559226754,-0.03272082339142823
861,UNIFORM,1,2.851434453465016,2.8011900138201,-0.050244439644916206
864,UNIFORM,1,2.8187807182220896,2.758986001775509,-0.05979471644658085
866,UNIFORM,1,3.7980491396047533,3.874687116258034,0.07663797665328076
875,UNIFORM,1,5.747832165415646,5.71122708187225,-0.03660508354339598
878,UNIFORM,1,1.7971099206353847,1.8055292824220488,0.008419361786664137
879,UNIFORM,1,4.857614403466086,4.872765421907483,0.015151018441397213
887,UNIFORM,1,3.128671141137878,3.2160387492867377,0.08736760814885969
903,UNIFORM,1,3.1567756552834756,3.8792992944826974,0.7225236391992218
907,UNIFORM,1,4.135919825128922,4.009498446737002,-0.12642137839192014
909,UNIFORM,1,3.328537972241618,3.5423199310347364,0.21378195879311823
912,UNIFORM,1,3.514357830230157,3.560903192644121,0.04654536241396379
915,UNIFORM,1,3.7324313718977957,3.7616433132871268,0.02921194138933103
920,UNIFORM,1,2.687158341941337,2.664621776314802,-0.022536565626535054
927,UNIFORM,1,2.751681505666836,2.750051283598747,-0.0016302220680888269
929,UNIFORM,1,2.898882952455717,2.9504721524788757,0.05158920002315881
930,UNIFORM,1,2.761528861829024,2.731688627211569,-0.029840234617454886
935,UNIFORM,1,3.383331833072506,3.479038301927169,0.09570646885466294
938,UNIFORM,1,2.244249956594005,2.263113866975065,0.018863910381059945
941,UNIFORM,1,3.153310285339737,3.159493312106057,0.006183026766319877
944,UNIFORM,1,2.6043056251421683,2.609783221636129,0.005477596493960846
947,UNIFORM,1,2.5999390736247268,2.592210097202589,-0.007728976422137546
957,UNIFORM,1,2.48842451789607,2.5733123262725046,0.08488780837643439
963,UNIFORM,1,3.1180736219761815,3.106383506923329,-0.011690115052852335
978,UNIFORM,1,2.4687904630420023,2.5247871193582494,0.05599665631624706
979,UNIFORM,1,1.8390986730928591,1.8161702604499306,-0.022928412642928553
980,UNIFORM,1,3.260277090672285,3.269810148424723,0.009533057752437735
981,UNIFORM,1,2.4049802204849984,2.436543197188154,0.031562976703155776
986,UNIFORM,1,3.4978808715210405,3.4230653179929047,-0.07481555352813585
989,UNIFORM,1,2.3225835849295247,2.428875831378166,0.10629224644864133
997,UNIFORM,1,4.240774528182572,4.1045561762978355,-0.13621835188473685
1000,UNIFORM,1,4.902552424745623,4.815090073100281,-0.08746235164534166
1011,UNIFORM,1,2.979110139663664,3.381074069714158,0.4019639300504938
1013,UNIFORM,1,2.0876506073045156,2.066009635135949,-0.02164097216856664
1016,UNIFORM,1,2.110186791424348,2.0828466912653942,-0.027340100158953717
1018,UNIFORM,1,4.431324649489095,4.431265952493614,-5.869699548100016e-05
1024,UNIFORM,1,2.873830729064091,2.965236558901802,0.09140582983771095
1027,UNIFORM,1,4.601372594073455,4.62544962206479,0.02407702799133471
1033,UNIFORM,1,2.333201323745514,2.437377637388474,0.10417631364296032
1037,UNIFORM,1,2.5602124287627666,2.5616956620863816,0.0014832333236149964
1041,UNIFORM,1,2.492820010485513,2.560486563219704,0.06766655273419087
1042,UNIFORM,1,3.178119577664945,3.1803069868082536,0.0021874091433087273
1061,UNIFORM,1,3.241936334696209,3.303806486418294,0.06187015172208499
1065,UNIFORM,1,2.479475708168281,2.4621215533256393,-0.017354154842641467
1067,UNIFORM,1,3.378637851279758,3.387577568466323,0.008939717186565055
1079,UNIFORM,1,1.8520821147072348,1.9353871314777278,0.08330501677049296
1087,UNIFORM,1,3.425341013395143,3.4174159870405107,-0.007925026354632436
1092,UNIFORM,1,4.146084484677459,4.242816853702471,0.0967323690250117
1094,UNIFORM,1,4.423250413555068,4.418119936493984,-0.005130477061084271
1108,UNIFORM,1,2.888649793428822,2.826937335409479,-0.06171245801934333
1114,UNIFORM,1,1.8902972215485807,1.8743276943416176,-0.015969527206963097
1117,UNIFORM,1,2.9071303305480356,2.861137358766255,-0.04599297178178041
1118,UNIFORM,1,2.4544878344661027,2.476595152712435,0.022107318246332053
1120,UNIFORM,1,3.0612122097587893,3.04067730928623,-0.020534900472559237
1124,UNIFORM,1,2.4527769601164646,2.4761271334400323,0.023350173323567702
1126,UNIFORM,1,4.577611972526568,4.629454150945696,0.05184217841912808
1134,UNIFORM,1,3.7583911575623294,3.732826843214797,-0.02556431434753259
1136,UNIFORM,1,1.7866849748890008,1.6971468125864808,-0.08953816230251999
1138,UNIFORM,1,4.680866836335059,4.630763111414348,-0.050103724920711024
1146,UNIFORM,1,3.0061343668022387,3.1382941512931932,0.13215978449095456
1150,UNIFORM,1,5.1168379856569715,5.153225131433602,0.03638714577663027
1159,UNIFORM,1,2.585435546367386,2.8349675949500712,0.2495320485826853
1161,UNIFORM,1,2.8518771942997097,2.828242761559297,-0.02363443274041277
1164,UNIFORM,1,3.327986078945414,3.373118374402246,0.04513229545683206
1169,UNIFORM,1,7.107111314100368,7.112943135301767,0.005831821201399023
1184,UNIFORM,1,3.0391189616617327,2.9649816830045896,-0.07413727865714304
1185,UNIFORM,1,4.879059520528977,4.950235741093412,0.07117622056443462
1186,UNIFORM,1,2.807697970164683,2.564428788317918,-0.24326918184676494
1187,UNIFORM,1,2.455523630060305,2.572489105356338,0.11696547529603274
1192,UNIFORM,1,4.064638991808154,4.101033847126481,0.03639485531832687
1197,UNIFORM,1,5.681437990943717,5.798290307558119,0.11685231661440199
1208,UNIFORM,1,3.941800344760172,3.436144947101011,-0.5056553976591611
1214,UNIFORM,1,5.899445556064144,5.875106664139519,-0.024338891924625017
1218,UNIFORM,1,7.277110125889763,7.4889934710253385,0.2118833451355755
1221,UNIFORM,1,4.5127957830758785,4.494433952949385,-0.018361830126493395
1224,UNIFORM,1,4.357493441619454,4.370300207714215,0.01280676609476128
1228,UNIFORM,1,3.3879150421168367,3.499077236160752,0.11116219404391536
1232,UNIFORM,1,3.177009512766916,3.410860163442092,0.23385065067517585
2,UNIFORM,2,5.0180255984498485,4.690503831709467,-0.32752176674038136
5,UNIFORM,2,3.2153929194574857,3.1371438025851996,-0.07824911687228608
12,UNIFORM,2,2.4274717225890354,2.5449487790209044,0.11747705643186901
21,UNIFORM,2,5.385291023395427,5.395776012239377,0.010484988843949772
25,UNIFORM,2,3.1280683465504593,3.232956079236729,0.10488773268626961
36,UNIFORM,2,2.0050709603263517,2.072449102032796,0.06737814170644452
37,UNIFORM,2,2.215943257811017,2.5100226660408995,0.2940794082298823
49,UNIFORM,2,3.485027824405078,3.52842363006888,0.043395805663801745
53,UNIFORM,2,2.599107436156495,2.6542985382065636,0.05519110205006861
56,UNIFORM,2,2.0459128925750565,2.052800498196067,0.00688760562101054
64,UNIFORM,2,6.203475238789368,6.210460051448265,0.006984812658896722
67,UNIFORM,2,2.8641318796050084,2.8693695207984993,0.005237641193490905
69,UNIFORM,2,3.9516225699459415,4.306212461816193,0.35458989187025125
72,UNIFORM,2,2.40056597717942,2.4150060112692833,0.014440034089863385
74,UNIFORM,2,3.970697470071218,3.581916559196041,-0.38878091087517674
77,UNIFORM,2,2.501584888583907,2.566863757018594,0.065278868434687
84,UNIFORM,2,2.111536191233065,2.1024772128128486,-0.009058978420216413
90,UNIFORM,2,3.212137939364232,3.3649369110449987,0.15279897168076673
97,UNIFORM,2,3.107970832812782,3.127606598899944,0.019635766087161777
98,UNIFORM,2,3.088896095021928,3.2051266615082037,0.1162305664862755
99,UNIFORM,2,3.1507007454579243,3.2253466368152637,0.07464589135733934
109,UNIFORM,2,4.796165636718552,4.796747836846498,0.0005822001279458533
111,UNIFORM,2,4.673310323769867,4.681544773810183,0.008234450040315977
117,UNIFORM,2,1.6147446776124956,1.6139698420175284,-0.0007748355949672714
118,UNIFORM,2,1.3996616197236582,1.477882253033168,0.07822063330950968
120,UNIFORM,2,1.590205309105996,1.7108388101302001,0.12063350102420412
124,UNIFORM,2,2.439396686929916,2.599587237067805,0.16019055013788908
126,UNIFORM,2,5.35741997426128,5.318591381041375,-0.03882859321990484
130,UNIFORM,2,3.5832607373307552,3.906306112507295,0.32304537517653964
144,UNIFORM,2,3.098325164556581,3.2919040092519825,0.19357884469540165
149,UNIFORM,2,2.7504630486960027,3.0460880822747063,0.2956250335787036
150,UNIFORM,2,3.5674270870402465,3.7010439725702744,0.13361688553002793
160,UNIFORM,2,2.088884998802002,1.9471122699784198,-0.14177272882358238
164,UNIFORM,2,2.0878247182267944,2.117445323891552,0.029620605664757438
166,UNIFORM,2,3.0742581569146648,3.219997108522218,0.14573895160755335
173,UNIFORM,2,2.0344320176064943,2.0282075998676588,-0.00622441773883553
186,UNIFORM,2,1.9988973020270724,2.202949399076089,0.2040520970490165
189,UNIFORM,2,3.8619416760250846,4.085463622050169,0.2235219460250848
199,UNIFORM,2,5.524269618738086,5.5442074035106685,0.019937784772582567
206,UNIFORM,2,3.697296737699345,3.5111723914682207,-0.18612434623112417
208,UNIFORM,2,4.879290051527073,4.896171018077686,0.016880966550612442
209,UNIFORM,2,2.9565640782505636,3.2781061733052876,0.3215420950547241
212,UNIFORM,2,2.351523873589208,2.4509598284743888,0.09943595488518087
213,UNIFORM,2,2.721461481896759,2.446390859669417,-0.275070622227342
220,UNIFORM,2,3.487603082213645,3.0838900053748812,-0.40371307683876356
223,UNIFORM,2,5.632521059295711,5.985468658196348,0.352947598900637
234,UNIFORM,2,5.566811573251901,5.731900124336074,0.16508855108417375
237,UNIFORM,2,4.383398643403752,4.550641902761251,0.16724325935749906
244,UNIFORM,2,2.9379274409627705,2.7906912641017567,-0.14723617686101376
245,UNIFORM,2,2.906648172124192,2.398994731522599,-0.5076534406015929
251,UNIFORM,2,4.835703038568363,4.814341968581132,-0.021361069987230863
253,UNIFORM,2,3.8918869499646886,3.789360566516,-0.10252638344868847
258,UNIFORM,2,4.301796579858591,4.951792092034715,0.6499955121761243
264,UNIFORM,2,2.3521817884020426,2.8137217343147336,0.461539945912691
268,UNIFORM,2,3.7771063112819245,3.7224753754413977,-0.054630935840526806
269,UNIFORM,2,2.869453662718338,2.999020964650052,0.12956730193171406
270,UNIFORM,2,2.9720654372259165,3.4937818924811026,0.5217164552551861
273,UNIFORM,2,2.9343252052754503,2.865417582943107,-0.06890762233234327
274,UNIFORM,2,3.403555306517492,3.366057916576719,-0.03749738994077312
280,UNIFORM,2,4.498978333738492,4.655542733218015,0.15656439947952272
283,UNIFORM,2,2.290765385874406,2.3374860130308495,0.04672062715644332
292,UNIFORM,2,6.323155688732795,6.322816025422846,-0.00033966330994950056
325,UNIFORM,2,2.135362579460219,1.8770222715149965,-0.25834030794522267
329,UNIFORM,2,3.3181610273586135,3.3040152120043325,-0.014145815354281055
330,UNIFORM,2,3.5703316667367035,3.5696029613908205,-0.0007287053458830961
335,UNIFORM,2,2.867945394751377,2.8860550186430154,0.018109623891638282
337,UNIFORM,2,3.84728819253424,3.7593899378426725,-0.08789825469156742
340,UNIFORM,2,2.9515527399128088,2.9575007385100593,0.005947998597250592
345,UNIFORM,2,2.3248748809041926,2.429476121541835,0.10460124063764242
356,UNIFORM,2,3.0371616881716648,3.0182450705700754,-0.01891661760158936
360,UNIFORM,2,2.8363416516081266,2.8418841379915962,0.005542486383469658
363,UNIFORM,2,2.656818357553643,2.6936077926634727,0.03678943510982968
364,UNIFORM,2,2.709856789455338,2.6863351845997046,-0.02352160485563326
366,UNIFORM,2,3.8140470239807263,3.938977310529909,0.12493028654918259
369,UNIFORM,2,3.2898504859061877,3.2763402005658557,-0.01351028534033194
373,UNIFORM,2,3.839532471123416,3.8187268058662873,-0.02080566525712868
382,UNIFORM,2,2.9805602834740013,2.803520687607988,-0.17703959586601314
396,UNIFORM,2,4.301465797462567,4.301906418526197,0.0004406210636291874
400,UNIFORM,2,2.7759834714594076,2.7489636272594096,-0.027019844199998033
420,UNIFORM,2,2.624444344577647,2.3509688821384493,-0.2734754624391975
425,UNIFORM,2,2.2740720826484857,2.2814688081093517,0.007396725460866005
427,UNIFORM,2,2.8423200530566115,2.971933235278801,0.12961318222218932
428,UNIFORM,2,3.6030399220753715,3.3723175983039653,-0.23072232377140622
432,UNIFORM,2,2.4874982706479796,2.4172803742862587,-0.07021789636172082
433,UNIFORM,2,1.7128859810222974,1.6957545724647605,-0.01713140855753692
445,UNIFORM,2,3.3309212733023164,3.699253153431811,0.3683318801294946
446,UNIFORM,2,2.8425952311255474,2.912158270385619,0.06956303926007168
450,UNIFORM,2,3.066624673441465,3.1482079360170547,0.0815832625755899
462,UNIFORM,2,2.472908853492441,2.672903454580165,0.19999460108772382
464,UNIFORM,2,3.4412605341892712,3.7690787055766024,0.32781817138733116
468,UNIFORM,2,3.738290623044069,3.8229115197764147,0.08462089673234585
471,UNIFORM,2,7.994318521050442,7.605197563255709,-0.38912095779473255
477,UNIFORM,2,2.1321118154511636,2.1253562104133623,-0.00675560503780126
479,UNIFORM,2,2.138775204135044,2.100914691828286,-0.03786051230675769
480,UNIFORM,2,2.483960893391843,2.245942053716945,-0.2380188396748979
482,UNIFORM,2,3.8839113941725136,3.9288348641616153,0.04492346998910168
493,UNIFORM,2,1.9135199443045816,2.7676702928298633,0.8541503485252817
497,UNIFORM,2,4.758933337903189,4.852408678696943,0.09347534079375386
505,UNIFORM,2,1.9597212830787845,2.0877480648099036,0.12802678173111914
506,UNIFORM,2,1.9378622979046658,2.078638140509951,0.1407758426052852
513,UNIFORM,2,2.096810722918748,2.1859711305768914,0.08916040765814337
514,UNIFORM,2,3.825709698657322,3.8967616073679086,0.07105190871058653
519,UNIFORM,2,3.971603924318419,3.4966598868355026,-0.4749440374829166
523,UNIFORM,2,3.626152898246049,3.2816803466808566,-0.3444725515651923
529,UNIFORM,2,4.652439896306456,4.875115602477894,0.2226757061714384
550,UNIFORM,2,3.7059847330162654,3.8521682254549168,0.14618349243865136
555,UNIFORM,2,2.6217046668303423,2.5525851260964805,-0.06911954073386184
558,UNIFORM,2,2.9583082063989723,2.684706499786478,-0.2736017066124945
560,UNIFORM,2,2.7162622881371803,3.170165529792958,0.45390324165577756
586,UNIFORM,2,5.444664434435385,5.648711248187675,0.2040468137522904
589,UNIFORM,2,2.9744816172331308,2.611416240614945,-0.3630653766181857
591,UNIFORM,2,3.3540744836099723,3.8730902144739576,0.5190157308639853
595,UNIFORM,2,3.042495064834708,3.0743107564491092,0.03181569161440123
596,UNIFORM,2,2.813796076950275,2.9727446292358484,0.15894855228557336
600,UNIFORM,2,3.206523090577657,4.04234569404262,0.8358226034649627
601,UNIFORM,2,5.154355486913724,5.291267057569744,0.13691157065601978
605,UNIFORM,2,1.9434776934050324,1.9484632538668996,0.004985560461867156
609,UNIFORM,2,3.462859047724711,3.251887734558548,-0.21097131316616302
611,UNIFORM,2,4.025413481281198,3.6751961363141366,-0.3502173449670618
614,UNIFORM,2,5.663353643170614,5.668867767350931,0.005514124180316493
615,UNIFORM,2,4.2508711658696265,6.890169847099063,2.6392986812294366
625,UNIFORM,2,2.624730376747647,2.7872091315406924,0.16247875479304552
629,UNIFORM,2,6.122158509422249,6.190606306286705,0.06844779686445612
633,UNIFORM,2,2.9008472259760376,2.9556511359041227,0.05480390992808504
634,UNIFORM,2,3.6636292583079495,3.6432516413478355,-0.020377616960113976
635,UNIFORM,2,3.649299523714368,3.778890892248998,0.12959136853462994
642,UNIFORM,2,3.6614809412846983,3.6623036614937323,0.0008227202090340668
643,UNIFORM,2,5.909901744256123,5.117557943400978,-0.7923438008551447
648,UNIFORM,2,4.748330862863369,2.7117958916619562,-2.036534971201413
649,UNIFORM,2,2.361972797956094,3.0664432049017405,0.7044704069456467
657,UNIFORM,2,6.690373439774637,6.53660776003114,-0.15376567974349697
658,UNIFORM,2,3.708262251349306,3.5042440914488253,-0.2040181599004809
661,UNIFORM,2,6.115272129003343,6.064483751733784,-0.050788377269559426
674,UNIFORM,2,5.486006225531229,5.325574483477503,-0.160431742053726
676,UNIFORM,2,2.9409024928510954,3.0751670568344487,0.1342645639833533
683,UNIFORM,2,5.865674135437478,5.982178764144344,0.11650462870686518
691,UNIFORM,2,3.626000900159993,3.9644755776493024,0.33847467748930926
694,UNIFORM,2,2.4387398092390753,2.208605151661712,-0.2301346575773633
707,UNIFORM,2,4.087897825560027,4.159918582177998,0.07202075661797025
717,UNIFORM,2,3.260194381431597,3.6362125223391306,0.3760181409075338
720,UNIFORM,2,4.005087994064668,4.131705992656112,0.12661799859144374
722,UNIFORM,2,3.872842888232637,4.0197094979796155,0.1468666097469784
726,UNIFORM,2,5.539654485278018,4.780131390667084,-0.7595230946109339
729,UNIFORM,2,3.335645371438578,3.7799980828511264,0.4443527114125483
733,UNIFORM,2,2.8897343522980083,2.9801561400667413,0.090421787768733
734,UNIFORM,2,2.7181002879118203,2.7833028243863014,0.06520253647448104
737,UNIFORM,2,3.341749780135995,3.2001973857255375,-0.14155239441045753
740,UNIFORM,2,2.398000523312777,2.3048859957619965,-0.09311452755078031
744,UNIFORM,2,1.9765553315550304,2.0112537481726376,0.0346984166176072
755,UNIFORM,2,2.149471489843575,2.361139851655964,0.2116683618123889
765,UNIFORM,2,5.654373712912973,5.556472004598682,-0.09790170831429101
769,UNIFORM,2,7.965756238974709,8.089222559515367,0.12346632054065765
773,UNIFORM,2,3.877572899460649,3.9188060790805825,0.04123317961993367
778,UNIFORM,2,2.832827418357515,3.9723381496325114,1.1395107312749966
779,UNIFORM,2,4.01227971074826,4.044866306828168,0.032586596079908325
784,UNIFORM,2,3.091402978225277,3.105299051906434,0.01389607368115664
791,UNIFORM,2,3.223529175304731,3.2410350926329867,0.017505917328255904
798,UNIFORM,2,2.963110643767915,3.0032228373961836,0.04011219362826868
799,UNIFORM,2,5.054763462651228,3.3143504123528547,-1.7404130502983732
801,UNIFORM,2,4.072340467175893,4.940471996347087,0.868131529171194
804,UNIFORM,2,3.014945570918149,3.2680978927795374,0.25315232186138825
805,UNIFORM,2,2.7552427401345403,2.801511988792992,0.04626924865845172
816,UNIFORM,2,3.950895259567149,3.975669065204138,0.024773805636988833
819,UNIFORM,2,3.0638545882457535,3.1336851703550344,0.06983058210928084
830,UNIFORM,2,4.1972044825871,4.05179356741072,-0.14541091517638005
832,UNIFORM,2,4.0901739715199685,4.267578702628769,0.17740473110880028
837,UNIFORM,2,3.7555433249515646,3.938039559090546,0.18249623413898153
843,UNIFORM,2,4.054677333392288,4.018592256537243,-0.03608507685504492
848,UNIFORM,2,1.241742672853042,1.1333468665288182,-0.10839580632422385
859,UNIFORM,2,2.1497189793141036,2.082694208381352,-0.06702477093275139
861,UNIFORM,2,2.851434453465016,2.781041509932753,-0.070392943532263
864,UNIFORM,2,2.8187807182220896,2.7365599515542494,-0.08222076666784028
866,UNIFORM,2,3.7980491396047533,3.9370825854452627,0.13903344584050936
875,UNIFORM,2,5.747832165415646,5.669639975224688,-0.07819219019095858
878,UNIFORM,2,1.7971099206353847,1.8241125573016066,0.027002636666221935
879,UNIFORM,2,4.857614403466086,4.882383031204659,0.024768627738573024
887,UNIFORM,2,3.128671141137878,3.108612838928669,-0.0200583022092089
903,UNIFORM,2,3.1567756552834756,4.162785242657386,1.0060095873739106
907,UNIFORM,2,4.135919825128922,3.8880530254243864,-0.24786679970453562
909,UNIFORM,2,3.328537972241618,3.0209900991632184,-0.3075478730783998
912,UNIFORM,2,3.514357830230157,3.6003808748318513,0.0860230446016943
915,UNIFORM,2,3.7324313718977957,3.811621730080911,0.07919035818311526
920,UNIFORM,2,2.687158341941337,2.671890293830713,-0.01526804811062421
927,UNIFORM,2,2.751681505666836,2.7505938910213428,-0.001087614645493229
929,UNIFORM,2,2.898882952455717,2.9984837872756573,0.09960083481994042
930,UNIFORM,2,2.761528861829024,2.8240060546782435,0.0624771928492196
935,UNIFORM,2,3.383331833072506,3.5657730926016917,0.18244125952918555
938,UNIFORM,2,2.244249956594005,2.281883971136253,0.03763401454224802
941,UNIFORM,2,3.153310285339737,3.1658461220319865,0.012535836692249447
944,UNIFORM,2,2.6043056251421683,2.616512126492198,0.012206501350029875
947,UNIFORM,2,2.5999390736247268,2.5757860387699942,-0.024153034854732525
957,UNIFORM,2,2.48842451789607,2.6281801227197086,0.13975560482363836
963,UNIFORM,2,3.1180736219761815,3.0980512118742998,-0.02002241010188177
978,UNIFORM,2,2.4687904630420023,2.581988635427366,0.11319817238536345
979,UNIFORM,2,1.8390986730928591,1.798285975604796,-0.040812697488063154
980,UNIFORM,2,3.260277090672285,3.2557028236272414,-0.004574267045043712
981,UNIFORM,2,2.4049802204849984,2.5472670963376594,0.14228687585266098
986,UNIFORM,2,3.4978808715210405,1.766312541606005,-1.7315683299150355
989,UNIFORM,2,2.3225835849295247,2.5406032806542775,0.21801969572475288
997,UNIFORM,2,4.240774528182572,3.9901421396320633,-0.25063238855050907
1000,UNIFORM,2,4.902552424745623,4.70069131297822,-0.2018611117674025
1011,UNIFORM,2,2.979110139663664,4.110687109748362,1.1315769700846978
1013,UNIFORM,2,2.0876506073045156,2.0444627419874344,-0.04318786531708119
1016,UNIFORM,2,2.110186791424348,2.0687336891366477,-0.04145310228770027
1018,UNIFORM,2,4.431324649489095,4.494303061980253,0.06297841249115788
1024,UNIFORM,2,2.873830729064091,3.0712961362467377,0.1974654071826465
1027,UNIFORM,2,4.601372594073455,4.666242421864587,0.06486982779113237
1033,UNIFORM,2,2.333201323745514,2.5638541409552182,0.23065281720970443
1037,UNIFORM,2,2.5602124287627666,2.5636622299626755,0.0034498011999088973
1041,UNIFORM,2,2.492820010485513,2.6497340192581786,0.1569140087726657
1042,UNIFORM,2,3.178119577664945,3.2014584635372394,0.02333888587229449
1061,UNIFORM,2,3.241936334696209,3.3810349964194453,0.13909866172323637
1065,UNIFORM,2,2.479475708168281,2.38134450052121,-0.09813120764707062
1067,UNIFORM,2,3.378637851279758,3.3963106977647843,0.017672846485026206
1079,UNIFORM,2,1.8520821147072348,1.6228613802910774,-0.22922073441615742
1087,UNIFORM,2,3.425341013395143,3.4115315696641746,-0.013809443730968596
1092,UNIFORM,2,4.146084484677459,4.388082611755916,0.2419981270784568
1094,UNIFORM,2,4.423250413555068,4.410667838738739,-0.012582574816328851
1108,UNIFORM,2,2.888649793428822,2.7762526336709605,-0.11239715975786169
1114,UNIFORM,2,1.8902972215485807,1.87029894068261,-0.019998280865970663
1117,UNIFORM,2,2.9071303305480356,2.7950151773769343,-0.11211515317110132
1118,UNIFORM,2,2.4544878344661027,2.491708474597767,0.03722064013166415
1120,UNIFORM,2,3.0612122097587893,3.0395796880620716,-0.0216325216967177
1124,UNIFORM,2,2.4527769601164646,2.5018657815917162,0.04908882147525162
1126,UNIFORM,2,4.577611972526568,4.694295615694464,0.11668364316789592
1134,UNIFORM,2,3.7583911575623294,3.6573845031581906,-0.10100665440413881
1136,UNIFORM,2,1.7866849748890008,1.648515939714756,-0.13816903517424484
1138,UNIFORM,2,4.680866836335059,4.573093079076407,-0.10777375725865213
1146,UNIFORM,2,3.0061343668022387,3.191293871539559,0.18515950473732046
1150,UNIFORM,2,5.1168379856569715,5.142103099587944,0.025265113930972305
1159,UNIFORM,2,2.585435546367386,3.002891330117145,0.4174557837497592
1161,UNIFORM,2,2.8518771942997097,2.9360196873697006,0.084142493069991
1164,UNIFORM,2,3.327986078945414,3.4250425955416564,0.09705651659624248
1169,UNIFORM,2,7.107111314100368,7.11153480945338,0.004423495353012008
1184,UNIFORM,2,3.0391189616617327,2.9285470458459733,-0.11057191581575943
1185,UNIFORM,2,4.879059520528977,5.0097933608493355,0.1307338403203584
1186,UNIFORM,2,2.807697970164683,2.2959276754338838,-0.5117702947307992
1187,UNIFORM,2,2.455523630060305,2.1219954727816135,-0.3335281572786917
1192,UNIFORM,2,4.064638991808154,4.142255230468393,0.07761623866023903
1197,UNIFORM,2,5.681437990943717,5.452849760636305,-0.2285882303074125
1208,UNIFORM,2,3.941800344760172,3.7047545489648477,-0.23704579579532448
1214,UNIFORM,2,5.899445556064144,5.850657918833077,-0.04878763723106694
1218,UNIFORM,2,7.277110125889763,7.662648850204449,0.38553872431468594
1221,UNIFORM,2,4.5127957830758785,4.474951176104701,-0.037844606971177086
1224,UNIFORM,2,4.357493441619454,4.378510026756165,0.021016585136711008
1228,UNIFORM,2,3.3879150421168367,3.575220294188729,0.18730525207189253
1232,UNIFORM,2,3.177009512766916,3.738849609316631,0.561840096549715
2,UNIFORM,3,5.0180255984498485,4.34694898102341,-0.6710766174264382
5,UNIFORM,3,3.2153929194574857,3.2146927992034806,-0.000700120254005121
12,UNIFORM,3,2.4274717225890354,2.630767745743028,0.20329602315399242
21,UNIFORM,3,5.385291023395427,5.4033015998836325,0.018010576488205032
25,UNIFORM,3,3.1280683465504593,3.343589229524544,0.21552088297408467
36,UNIFORM,3,2.0050709603263517,1.6960919879681762,-0.3089789723581755
37,UNIFORM,3,2.215943257811017,2.614648976131922,0.3987057183209046
49,UNIFORM,3,3.485027824405078,3.590724335367686,0.10569651096260779
53,UNIFORM,3,2.599107436156495,2.7006717698712013,0.1015643337147063
56,UNIFORM,3,2.0459128925750565,2.042028886308309,-0.003884006266747342
64,UNIFORM,3,6.203475238789368,6.272109275827283,0.06863403703791526
67,UNIFORM,3,2.8641318796050084,2.869990372766261,0.0058584931612526425
69,UNIFORM,3,3.9516225699459415,4.8135081155231,0.8618855455771586
72,UNIFORM,3,2.40056597717942,2.409709049718931,0.009143072539511188
74,UNIFORM,3,3.970697470071218,3.5169081768833768,-0.4537892931878411
77,UNIFORM,3,2.501584888583907,2.607797817753208,0.10621292916930081
84,UNIFORM,3,2.111536191233065,2.099258024751901,-0.012278166481164199
90,UNIFORM,3,3.212137939364232,3.351378111598762,0.13924017223453022
97,UNIFORM,3,3.107970832812782,3.14233554270629,0.034364709893507595
98,UNIFORM,3,3.088896095021928,3.2664916331668525,0.17759553814492435
99,UNIFORM,3,3.1507007454579243,3.2474098842910424,0.09670913883311805
109,UNIFORM,3,4.796165636718552,4.807626620308865,0.011460983590312779
111,UNIFORM,3,4.673310323769867,4.6879813641668004,0.014671040396933677
117,UNIFORM,3,1.6147446776124956,1.6262427265732184,0.011498048960722818
118,UNIFORM,3,1.3996616197236582,1.527583405942012,0.1279217862183537
120,UNIFORM,3,1.590205309105996,1.7918122710539643,0.20160696194796834
124,UNIFORM,3,2.439396686929916,2.608726353934003,0.16932966700408691
126,UNIFORM,3,5.35741997426128,4.967591000573469,-0.3898289736878109
130,UNIFORM,3,3.5832607373307552,4.033378936105224,0.4501181987744691
144,UNIFORM,3,3.098325164556581,3.4052291438679934,0.30690397931141256
149,UNIFORM,3,2.7504630486960027,3.359249511393461,0.6087864626974584
150,UNIFORM,3,3.5674270870402465,3.7681230079354178,0.2006959208951713
160,UNIFORM,3,2.088884998802002,1.907254680311683,-0.1816303184903192
164,UNIFORM,3,2.0878247182267944,2.1310625398390814,0.043237821612287064
166,UNIFORM,3,3.0742581569146648,3.2612864925330562,0.1870283356183915
173,UNIFORM,3,2.0344320176064943,1.8527178166903964,-0.1817142009160979
186,UNIFORM,3,1.9988973020270724,2.323722370174306,0.32482506814723355
189,UNIFORM,3,3.8619416760250846,4.168901036039492,0.3069593600144076
199,UNIFORM,3,5.524269618738086,5.557671205023199,0.03340158628511336
206,UNIFORM,3,3.697296737699345,3.4554369011442008,-0.2418598365551441
208,UNIFORM,3,4.879290051527073,4.908080101995677,0.02879005046860339
209,UNIFORM,3,2.9565640782505636,3.302757425996536,0.34619334774597244
212,UNIFORM,3,2.351523873589208,2.4926929267839175,0.14116905319470963
213,UNIFORM,3,2.721461481896759,2.380677057892869,-0.34078442400389
220,UNIFORM,3,3.487603082213645,2.9028900545837324,-0.5847130276299124
223,UNIFORM,3,5.632521059295711,6.068514589517786,0.435993530222075
234,UNIFORM,3,5.566811573251901,5.782315649969273,0.21550407671737215
237,UNIFORM,3,4.383398643403752,4.648111175731468,0.2647125323277155
244,UNIFORM,3,2.9379274409627705,2.7697679965097297,-0.16815944445304076
245,UNIFORM,3,2.906648172124192,2.500547913744419,-0.40610025837977304
251,UNIFORM,3,4.835703038568363,4.718485255223824,-0.11721778334453958
253,UNIFORM,3,3.8918869499646886,3.7488698866767147,-0.14301706328797392
258,UNIFORM,3,4.301796579858591,5.406338685659504,1.1045421058009133
264,UNIFORM,3,2.3521817884020426,3.0809245122303888,0.7287427238283462
268,UNIFORM,3,3.7771063112819245,3.6693958203516615,-0.10771049093026308
269,UNIFORM,3,2.869453662718338,3.0441673470454402,0.17471368432710221
270,UNIFORM,3,2.9720654372259165,3.775635931527847,0.8035704943019306
273,UNIFORM,3,2.9343252052754503,2.9021469860889217,-0.03217821918652852
274,UNIFORM,3,3.403555306517492,3.358773854578915,-0.04478145193857719
280,UNIFORM,3,4.498978333738492,4.722704288482547,0.22372595474405532
283,UNIFORM,3,2.290765385874406,2.3878875722375428,0.09712218636313663
292,UNIFORM,3,6.323155688732795,6.312989346064809,-0.010166342667986328
325,UNIFORM,3,2.135362579460219,1.7427069558827666,-0.39265562357745254
329,UNIFORM,3,3.3181610273586135,3.2979492990158596,-0.020211728342753865
330,UNIFORM,3,3.5703316667367035,3.568689627376489,-0.0016420393602145644
335,UNIFORM,3,2.867945394751377,2.883753867498754,0.015808472747377067
337,UNIFORM,3,3.84728819253424,3.7266400474789743,-0.12064814505526567
340,UNIFORM,3,2.9515527399128088,2.9625292336950375,0.010976493782228758
345,UNIFORM,3,2.3248748809041926,2.479378976911141,0.15450409600694837
356,UNIFORM,3,3.0371616881716648,3.0907905014107957,0.053628813239130935
360,UNIFORM,3,2.8363416516081266,2.846571435963626,0.010229784355499483
363,UNIFORM,3,2.656818357553643,2.710186132196437,0.053367774642794075
364,UNIFORM,3,2.709856789455338,2.675044288719738,-0.034812500735599716
366,UNIFORM,3,3.8140470239807263,3.9491629599381683,0.1351159359574421
369,UNIFORM,3,3.2898504859061877,3.2572847763745187,-0.03256570953166893
373,UNIFORM,3,3.839532471123416,3.7955646174807325,-0.04396785364268352
382,UNIFORM,3,2.9805602834740013,2.6726023042529965,-0.30795797922100476
396,UNIFORM,3,4.301465797462567,4.302014477777205,0.0005486803146377284
400,UNIFORM,3,2.7759834714594076,2.7371716839435747,-0.03881178751583292
420,UNIFORM,3,2.624444344577647,2.306242755562153,-0.3182015890154939
425,UNIFORM,3,2.2740720826484857,2.2877167458234,0.013644663174914307
427,UNIFORM,3,2.8423200530566115,3.0159441062156795,0.17362405315906804
428,UNIFORM,3,3.6030399220753715,3.271787898330411,-0.3312520237449603
432,UNIFORM,3,2.4874982706479796,2.379095604499347,-0.10840266614863259
433,UNIFORM,3,1.7128859810222974,1.8679184246793505,0.15503244365705315
445,UNIFORM,3,3.3309212733023164,3.8762492571216747,0.5453279838193583
446,UNIFORM,3,2.8425952311255474,2.9368172696814936,0.09422203855594624
450,UNIFORM,3,3.066624673441465,3.195133855910164,0.12850918246869902
462,UNIFORM,3,2.472908853492441,2.8905760627794024,0.4176672092869613
464,UNIFORM,3,3.4412605341892712,3.900086594615412,0.4588260604261407
468,UNIFORM,3,3.738290623044069,3.859042920278085,0.12075229723401604
471,UNIFORM,3,7.994318521050442,8.10774172444608,0.11342320339563905
477,UNIFORM,3,2.1321118154511636,2.096683903234835,-0.03542791221632857
479,UNIFORM,3,2.138775204135044,2.3696147182568206,0.23083951412177672
480,UNIFORM,3,2.483960893391843,2.677967545282469,0.19400665189062627
482,UNIFORM,3,3.8839113941725136,3.9881657172980822,0.1042543231255686
493,UNIFORM,3,1.9135199443045816,2.9938359388890614,1.0803159945844798
497,UNIFORM,3,4.758933337903189,4.914625865194424,0.15569252729123484
505,UNIFORM,3,1.9597212830787845,2.1619662239334057,0.2022449408546212
506,UNIFORM,3,1.9378622979046658,2.1454803767569715,0.20761807885230565
513,UNIFORM,3,2.096810722918748,2.2365331122393566,0.13972238932060854
514,UNIFORM,3,3.825709698657322,3.839385471706983,0.013675773049660833
519,UNIFORM,3,3.971603924318419,3.1474665084835896,-0.8241374158348296
523,UNIFORM,3,3.626152898246049,3.139107060343754,-0.48704583790229483
529,UNIFORM,3,4.652439896306456,4.957299817767862,0.3048599214614063
550,UNIFORM,3,3.7059847330162654,3.9007927944354384,0.19480806141917295
555,UNIFORM,3,2.6217046668303423,2.5184822657886117,-0.10322240104173064
558,UNIFORM,3,2.9583082063989723,2.721556083038573,-0.2367521233603993
560,UNIFORM,3,2.7162622881371803,3.2582337930053638,0.5419715048681835
586,UNIFORM,3,5.444664434435385,5.7453304670519225,0.30066603261653757
589,UNIFORM,3,2.9744816172331308,2.6413831056567254,-0.33309851157640535
591,UNIFORM,3,3.3540744836099723,4.18534714971139,0.8312726661014178
595,UNIFORM,3,3.042495064834708,3.2049906064930305,0.16249554165832247
596,UNIFORM,3,2.813796076950275,3.0610243285370116,0.24722825158673656
600,UNIFORM,3,3.206523090577657,4.4353252479590335,1.2288021573813763
601,UNIFORM,3,5.154355486913724,5.325367706374174,0.17101221946044998
605,UNIFORM,3,1.9434776934050324,1.9479886427752346,0.004510949370202244
609,UNIFORM,3,3.462859047724711,3.056198629111288,-0.40666041861342306
611,UNIFORM,3,4.025413481281198,3.5190789866175587,-0.5063344946636397
614,UNIFORM,3,5.663353643170614,5.430220646162901,-0.23313299700771317
615,UNIFORM,3,4.2508711658696265,7.309444852162588,3.058573686292961
625,UNIFORM,3,2.624730376747647,2.882943541155929,0.2582131644082821
629,UNIFORM,3,6.122158509422249,6.275924938684177,0.1537664292619283
633,UNIFORM,3,2.9008472259760376,2.983664871945425,0.08281764596938723
634,UNIFORM,3,3.6636292583079495,3.920297247658607,0.2566679893506576
635,UNIFORM,3,3.649299523714368,3.888417533986118,0.23911801027175006
642,UNIFORM,3,3.6614809412846983,3.6299250557683007,-0.03155588551639754
643,UNIFORM,3,5.909901744256123,4.67885395813391,-1.2310477861222129
648,UNIFORM,3,4.748330862863369,2.821208113398463,-1.9271227494649064
649,UNIFORM,3,2.361972797956094,3.054824613643837,0.6928518156877432
657,UNIFORM,3,6.690373439774637,6.471261102553874,-0.2191123372207633
658,UNIFORM,3,3.708262251349306,3.4443944689889903,-0.26386778236031594
661,UNIFORM,3,6.115272129003343,6.012930138818348,-0.10234199018499535
674,UNIFORM,3,5.486006225531229,5.238359603006039,-0.2476466225251901
676,UNIFORM,3,2.9409024928510954,3.1350074566735273,0.19410496382243192
683,UNIFORM,3,5.865674135437478,6.020408538879271,0.15473440344179235
691,UNIFORM,3,3.626000900159993,3.9736263027859717,0.34762540262597863
694,UNIFORM,3,2.4387398092390753,2.193258899679406,-0.2454809095596695
707,UNIFORM,3,4.087897825560027,4.20127551084453,0.11337768528450276
717,UNIFORM,3,3.260194381431597,3.714388745633146,0.45419436420154913
720,UNIFORM,3,4.005087994064668,4.1944655042057395,0.18937751014107107
722,UNIFORM,3,3.872842888232637,4.085914595476338,0.21307170724370117
726,UNIFORM,3,5.539654485278018,4.375387229386099,-1.164267255891919
729,UNIFORM,3,3.335645371438578,4.508971863410193,1.1733264919716149
733,UNIFORM,3,2.8897343522980083,2.99640795117448,0.10667359887647176
734,UNIFORM,3,2.7181002879118203,2.800382704196786,0.0822824162849658
737,UNIFORM,3,3.341749780135995,3.1320370260691988,-0.20971275406679624
740,UNIFORM,3,2.398000523312777,2.397456187193831,-0.0005443361189456652
744,UNIFORM,3,1.9765553315550304,2.037245556963825,0.06069022540879443
755,UNIFORM,3,2.149471489843575,2.431737193335021,0.28226570349144575
765,UNIFORM,3,5.654373712912973,5.351895393489434,-0.302478319423539
769,UNIFORM,3,7.965756238974709,8.133996083898841,0.16823984492413224
773,UNIFORM,3,3.877572899460649,3.9393675715480487,0.06179467208739986
778,UNIFORM,3,2.832827418357515,4.01157688854042,1.1787494701829049
779,UNIFORM,3,4.01227971074826,4.06873664867071,0.056456937922450656
784,UNIFORM,3,3.091402978225277,3.1174167862011917,0.02601380797591446
791,UNIFORM,3,3.223529175304731,3.2523344611585197,0.02880528585378883
798,UNIFORM,3,2.963110643767915,3.057905151673519,0.09479450790560406
799,UNIFORM,3,5.054763462651228,2.5819957395389777,-2.4727677231122502
801,UNIFORM,3,4.072340467175893,4.496191141320178,0.4238506741442851
804,UNIFORM,3,3.014945570918149,3.6017696506523995,0.5868240797342503
805,UNIFORM,3,2.7552427401345403,2.8303783133483433,0.07513557321380304
816,UNIFORM,3,3.950895259567149,3.9881992860135096,0.03730402644636044
819,UNIFORM,3,3.0638545882457535,3.1763827619524356,0.11252817370668211
830,UNIFORM,3,4.1972044825871,4.000206756731895,-0.19699772585520492
832,UNIFORM,3,4.0901739715199685,4.427958112652235,0.33778414113226685
837,UNIFORM,3,3.7555433249515646,3.9390785774515757,0.18353525250001113
843,UNIFORM,3,4.054677333392288,3.984442698924761,-0.07023463446752665
848,UNIFORM,3,1.241742672853042,1.0868119301978765,-0.1549307426551656
859,UNIFORM,3,2.1497189793141036,2.0498876978380984,-0.09983128147600517
861,UNIFORM,3,2.851434453465016,2.8104174328037175,-0.04101702066129853
864,UNIFORM,3,2.8187807182220896,2.907811506923139,0.08903078870104952
866,UNIFORM,3,3.7980491396047533,3.9820659204237705,0.18401678081901718
875,UNIFORM,3,5.747832165415646,5.625618906805888,-0.12221325860975796
878,UNIFORM,3,1.7971099206353847,1.8613916447399426,0.0642817241045579
879,UNIFORM,3,4.857614403466086,4.879105310948676,0.021490907482589527
887,UNIFORM,3,3.128671141137878,3.021614789151137,-0.10705635198674113
903,UNIFORM,3,3.1567756552834756,4.279983446755533,1.123207791472057
907,UNIFORM,3,4.135919825128922,3.752401997635703,-0.38351782749321917
909,UNIFORM,3,3.328537972241618,3.312624300353619,-0.015913671887999303
912,UNIFORM,3,3.514357830230157,3.6378567180756725,0.12349888784551544
915,UNIFORM,3,3.7324313718977957,3.8786426657714195,0.14621129387362375
920,UNIFORM,3,2.687158341941337,2.701885179045826,0.014726837104488855
927,UNIFORM,3,2.751681505666836,2.7567162137631893,0.005034708096353313
929,UNIFORM,3,2.898882952455717,3.031941583148405,0.13305863069268797
930,UNIFORM,3,2.761528861829024,2.9691277065756627,0.2075988447466388
935,UNIFORM,3,3.383331833072506,3.7262572589321654,0.34292542585965924
938,UNIFORM,3,2.244249956594005,2.3020946874655106,0.05784473087150577
941,UNIFORM,3,3.153310285339737,3.172590682701145,0.019280397361407964
944,UNIFORM,3,2.6043056251421683,2.6240703017843323,0.01976467664216397
947,UNIFORM,3,2.5999390736247268,2.565514335483189,-0.03442473814153768
957,UNIFORM,3,2.48842451789607,2.665168853516859,0.17674433562078873
963,UNIFORM,3,3.1180736219761815,3.0935494666421812,-0.02452415533400032
978,UNIFORM,3,2.4687904630420023,2.6453891086203494,0.17659864557834704
979,UNIFORM,3,1.8390986730928591,1.789386056066195,-0.049712617026664185
980,UNIFORM,3,3.260277090672285,3.215691744378251,-0.04458534629403399
981,UNIFORM,3,2.4049802204849984,2.822108985339888,0.4171287648548896
986,UNIFORM,3,3.4978808715210405,1.8404181082473876,-1.657462763273653
989,UNIFORM,3,2.3225835849295247,2.647701228695272,0.3251176437657475
997,UNIFORM,3,4.240774528182572,3.9134634641910697,-0.32731106399150267
1000,UNIFORM,3,4.902552424745623,4.593559197653239,-0.3089932270923841
1011,UNIFORM,3,2.979110139663664,4.848798273486112,1.8696881338224483
1013,UNIFORM,3,2.0876506073045156,2.023642280405536,-0.06400832689897973
1016,UNIFORM,3,2.110186791424348,2.0921524137517715,-0.01803437767257643
1018,UNIFORM,3,4.431324649489095,4.559474860830173,0.12815021134107774
1024,UNIFORM,3,2.873830729064091,3.198091579079567,0.324260850015476
1027,UNIFORM,3,4.601372594073455,4.672610281562827,0.07123768748937209
1033,UNIFORM,3,2.333201323745514,2.72107210619783,0.3878707824523162
1037,UNIFORM,3,2.5602124287627666,2.5660435393582617,0.005831110595495126
1041,UNIFORM,3,2.492820010485513,2.7545459838641584,0.26172597337864545
1042,UNIFORM,3,3.178119577664945,3.3580898651127082,0.17997028744776333
1061,UNIFORM,3,3.241936334696209,3.457401248979734,0.2154649142835252
1065,UNIFORM,3,2.479475708168281,2.172124635763834,-0.3073510724044466
1067,UNIFORM,3,3.378637851279758,3.405125945012175,0.026488093732417006
1079,UNIFORM,3,1.8520821147072348,1.6942090785444823,-0.1578730361627525
1087,UNIFORM,3,3.425341013395143,3.406411575078427,-0.01892943831671623
1092,UNIFORM,3,4.146084484677459,4.534320308546913,0.38823582386945343
1094,UNIFORM,3,4.423250413555068,4.401159478168966,-0.022090935386102295
1108,UNIFORM,3,2.888649793428822,2.760147576750404,-0.12850221667841843
1114,UNIFORM,3,1.8902972215485807,1.8708873398451549,-0.019409881703425835
1117,UNIFORM,3,2.9071303305480356,2.757593530427375,-0.14953680012066073
1118,UNIFORM,3,2.4544878344661027,2.4972213486777646,0.04273351421166183
1120,UNIFORM,3,3.0612122097587893,3.0424402442670075,-0.018771965491781728
1124,UNIFORM,3,2.4527769601164646,2.5461781448537426,0.09340118473727799
1126,UNIFORM,3,4.577611972526568,4.770202128461532,0.19259015593496454
1134,UNIFORM,3,3.7583911575623294,3.7034108302906468,-0.05498032727168267
1136,UNIFORM,3,1.7866849748890008,1.7673958995224563,-0.01928907536654445
1138,UNIFORM,3,4.680866836335059,4.513968869555377,-0.16689796677968172
1146,UNIFORM,3,3.0061343668022387,3.2147766469908587,0.20864228018862008
1150,UNIFORM,3,5.1168379856569715,5.079515508595119,-0.037322477061852766
1159,UNIFORM,3,2.585435546367386,2.989218692491977,0.4037831461245909
1161,UNIFORM,3,2.8518771942997097,3.118139855448699,0.26626266114898955
1164,UNIFORM,3,3.327986078945414,3.4845670342632604,0.15658095531784655
1169,UNIFORM,3,7.107111314100368,7.101308403182786,-0.00580291091758145
1184,UNIFORM,3,3.0391189616617327,2.903750648323995,-0.1353683133377377
1185,UNIFORM,3,4.879059520528977,5.050384777504859,0.17132525697588186
1186,UNIFORM,3,2.807697970164683,2.355620469371109,-0.4520775007935738
1187,UNIFORM,3,2.455523630060305,2.719871894783447,0.26434826472314166
1192,UNIFORM,3,4.064638991808154,4.18443595952132,0.11979696771316561
1197,UNIFORM,3,5.681437990943717,4.701341358798483,-0.9800966321452345
1208,UNIFORM,3,3.941800344760172,3.7698987224544203,-0.1719016223057519
1214,UNIFORM,3,5.899445556064144,5.825703578820269,-0.07374197724387521
1218,UNIFORM,3,7.277110125889763,7.876422247153796,0.5993121212640329
1221,UNIFORM,3,4.5127957830758785,4.454716625305549,-0.05807915777032946
1224,UNIFORM,3,4.357493441619454,4.384390985710118,0.026897544090664027
1228,UNIFORM,3,3.3879150421168367,3.6369766664932266,0.2490616243763899
1232,UNIFORM,3,3.177009512766916,3.867792428002457,0.6907829152355411
