percent,sample_id,z1,z2,cluster
10,0,2.996818780899048,3.1417717933654785,3
10,1,-1.6252198219299316,-3.845623731613159,6
10,2,0.7331060767173767,2.5937466621398926,3
10,3,-1.3456816673278809,-2.5216715335845947,5
10,4,-2.803325653076172,-3.70715594291687,4
10,5,-1.727074384689331,0.10720133036375046,2
10,6,-2.6568849086761475,-3.3146204948425293,6
10,7,-0.20026162266731262,2.2370803356170654,1
10,8,-1.9013315439224243,-0.3949933648109436,1
10,9,-1.7707316875457764,-0.6728045344352722,2
10,10,-3.4899494647979736,-3.743065357208252,4
10,11,-1.6745076179504395,-0.74697345495224,2
10,12,-1.0748666524887085,-2.3045289516448975,2
10,13,-1.1947766542434692,0.31046146154403687,2
10,14,-2.958010673522949,-1.4643137454986572,2
10,15,-0.8370731472969055,0.8034775257110596,2
10,16,-1.4719367027282715,1.4849228858947754,1
10,17,-0.4869815707206726,1.4533894062042236,3
10,18,-4.436470985412598,-1.0777426958084106,6
10,19,-3.854797840118408,-2.54713773727417,4
10,20,-0.3039260506629944,-1.082222580909729,2
10,21,-8.503445625305176,2.0682971477508545,5
10,22,-8.321320533752441,2.2373440265655518,5
10,23,2.4855129718780518,5.028773307800293,0
10,24,1.6909210681915283,1.9749689102172852,3
10,25,-2.4735946655273438,-0.07654676586389542,2
10,26,-1.4983445405960083,-1.0493866205215454,2
10,27,-2.8211326599121094,-2.637608766555786,4
10,28,-3.794700860977173,-3.216092348098755,6
10,29,-2.7404370307922363,-1.2023717164993286,1
10,30,-2.5945420265197754,-2.4228384494781494,2
10,31,-2.0871171951293945,-0.5788993239402771,2
10,32,-3.774561643600464,-0.8628628849983215,1
10,33,-3.594221830368042,-4.561334133148193,4
10,34,-3.1206483840942383,-1.601697564125061,6
10,35,-2.652663230895996,0.2920154333114624,1
10,36,-2.0394961833953857,-0.9780162572860718,2
10,37,-0.5506470799446106,-0.4140665531158447,2
10,38,-0.3526931405067444,-0.25590190291404724,1
10,39,-1.328608751296997,-2.9071571826934814,2
10,40,-3.104876756668091,-1.5808926820755005,1
10,41,-0.07693402469158173,-0.21583318710327148,0
10,42,-1.3808530569076538,-0.8240424394607544,2
10,43,-1.2695553302764893,-1.8455681800842285,2
10,44,-4.191647529602051,-3.2010648250579834,6
10,45,-2.301034688949585,-1.0495866537094116,5
10,46,-1.7020132541656494,0.21168676018714905,2
10,47,-4.097583293914795,-3.8105924129486084,4
10,48,-2.2401797771453857,-2.5528218746185303,2
10,49,-0.47712087631225586,1.4984158277511597,1
10,50,-1.9925488233566284,-0.6987808346748352,2
10,51,-1.0909053087234497,-1.691787600517273,2
10,52,-0.39796674251556396,-0.04839891940355301,1
10,53,-1.477563500404358,-1.246048092842102,5
10,54,-2.789984941482544,-1.3058794736862183,7
10,55,-0.14746242761611938,-0.05942823737859726,1
10,56,-1.210883617401123,-1.2990528345108032,2
10,57,-3.398425340652466,0.5833808183670044,1
10,58,0.676983654499054,2.567364454269409,1
10,59,-1.0586342811584473,1.0943690538406372,1
10,60,0.8909798860549927,-0.1869044303894043,1
10,61,1.1109163761138916,0.38134095072746277,3
10,62,1.1662709712982178,-0.8271381855010986,2
10,63,-2.7011964321136475,3.7916336059570312,5
10,64,-1.3262939453125,2.0166172981262207,6
10,65,0.022805482149124146,-2.272063732147217,2
10,66,0.7963559627532959,-0.7055568099021912,6
10,67,0.6922880411148071,-1.6991509199142456,2
10,68,-3.5801405906677246,-3.2046353816986084,6
10,69,-2.6402690410614014,-1.6655179262161255,5
10,70,-3.617509603500366,-2.3827288150787354,6
10,71,-0.3099108338356018,-1.1065880060195923,2
10,72,-0.7393097281455994,-0.45414596796035767,1
10,73,-0.7722945809364319,-0.6203418970108032,0
10,74,-4.597954273223877,-1.3772250413894653,6
10,75,1.7338992357254028,3.125931978225708,3
10,76,-1.0453596115112305,0.24314799904823303,5
10,77,-0.8688483238220215,-1.567309021949768,2
10,78,-3.286576271057129,-2.2808315753936768,6
10,79,-1.9651552438735962,0.8721624612808228,1
10,80,-4.5125861167907715,-1.2100579738616943,1
10,81,-3.281860589981079,-1.0850375890731812,1
10,82,-3.305116891860962,-0.984065055847168,0
10,83,-3.6128032207489014,-3.041888475418091,6
10,84,-2.4500913619995117,-0.8839751482009888,2
10,85,0.46070247888565063,1.3125263452529907,3
10,86,-3.271453619003296,-0.9491891264915466,1
10,87,-0.9989750385284424,1.1914564371109009,1
10,88,1.746734857559204,2.271214246749878,3
10,89,-1.521142840385437,-0.3207341432571411,2
10,90,-1.8233729600906372,-3.2131452560424805,1
10,91,-1.2277905941009521,0.20172911882400513,5
10,92,-3.637401819229126,-1.7600263357162476,6
10,93,-3.6977202892303467,-1.9929453134536743,6
10,94,-1.1714048385620117,-0.19885572791099548,1
10,95,-3.423103094100952,-2.5415432453155518,6
10,96,-0.0477902889251709,3.2276017665863037,3
10,97,-3.253584623336792,-2.1770596504211426,6
10,98,-0.8551233410835266,-2.2734034061431885,2
10,99,0.6372495293617249,-0.17406824231147766,0
10,100,-1.8861744403839111,-0.4672582149505615,5
10,101,-0.28278878331184387,-0.15825894474983215,2
10,102,0.636171281337738,3.4271438121795654,1
10,103,-0.9454948306083679,-0.3614509105682373,2
10,104,-0.007080167531967163,2.611621141433716,3
10,105,-3.0295348167419434,-1.6201831102371216,2
10,106,-0.675753116607666,4.63461971282959,0
10,107,0.9330870509147644,0.5073651671409607,7
10,108,0.46860867738723755,0.08701496571302414,3
10,109,-2.11588716506958,-3.594541311264038,6
10,110,-0.5966934561729431,-1.455544114112854,5
10,111,-1.5753895044326782,-3.129776954650879,6
10,112,-0.7278743386268616,-0.8713793754577637,2
10,113,0.210969939827919,2.6251943111419678,1
10,114,-2.488313913345337,2.2265613079071045,7
10,115,-1.6958715915679932,0.6569313406944275,1
10,116,-0.4079059958457947,-2.033712148666382,2
10,117,-1.9850294589996338,-1.0234862565994263,5
10,118,-0.977628767490387,-1.4185881614685059,2
10,119,-1.8369789123535156,-1.4416279792785645,2
10,120,-0.8804399371147156,-2.3905575275421143,5
10,121,-1.2137917280197144,-1.6108520030975342,2
10,122,-4.053295135498047,-2.106152296066284,6
10,123,-2.202211618423462,-0.9202998876571655,2
10,124,-2.0168778896331787,-0.9832773208618164,5
10,125,-1.3332288265228271,-0.47783589363098145,2
10,126,-0.0661630779504776,2.3561224937438965,1
10,127,-0.9677860140800476,4.2897796630859375,0
10,128,-2.7513818740844727,-1.776018738746643,5
10,129,-4.893914699554443,-3.814126968383789,6
10,130,-3.2578744888305664,0.4585143029689789,7
10,131,-0.7007007002830505,0.32019874453544617,2
10,132,-3.1170711517333984,-0.3629648983478546,1
10,133,-1.3046013116836548,2.5089449882507324,1
10,134,0.10096637904644012,3.034590005874634,1
10,135,-2.0806002616882324,-2.3319408893585205,2
10,136,-7.588497638702393,-0.0378958061337471,5
10,137,-3.389833688735962,-2.5935134887695312,6
10,138,0.2913576364517212,1.430557370185852,1
10,139,-1.4686734676361084,1.1833186149597168,1
10,140,-1.7123019695281982,0.21183454990386963,5
10,141,-1.0259361267089844,0.30310866236686707,1
10,142,-2.3484041690826416,-1.4830769300460815,2
10,143,-1.55279541015625,-0.3582475781440735,5
10,144,0.39340275526046753,0.6302589178085327,1
10,145,-3.934621572494507,-2.008439064025879,6
10,146,-2.339909553527832,-2.5095176696777344,1
10,147,-3.3499107360839844,-2.216143846511841,6
10,148,0.0822410136461258,1.405544638633728,3
10,149,-2.8067431449890137,-0.4038371741771698,7
10,150,-1.2286373376846313,-1.9223426580429077,2
10,151,0.8648994565010071,1.4954253435134888,1
10,152,-0.24786309897899628,-0.11195781081914902,1
10,153,-1.7269151210784912,-1.2066974639892578,2
10,154,-2.1654322147369385,-3.714402437210083,6
10,155,2.005821943283081,1.68779456615448,1
10,156,-7.483734607696533,2.2284533977508545,5
10,157,-3.3745954036712646,-1.3383296728134155,1
10,158,-2.31183123588562,-1.4622396230697632,2
10,159,-2.1421635150909424,-1.0074423551559448,5
10,160,-0.37177377939224243,-0.22547972202301025,2
10,161,1.6314730644226074,1.587338924407959,3
10,162,-0.4028230905532837,1.5731993913650513,3
10,163,-0.7220773696899414,1.477297306060791,1
10,164,0.38501155376434326,-0.4160918891429901,0
10,165,1.094142198562622,-0.11415595561265945,1
10,166,-0.685432493686676,-1.0929983854293823,2
10,167,-1.6646990776062012,0.27097660303115845,1
10,168,-2.0681514739990234,1.717725157737732,1
10,169,-3.325653553009033,-4.012798309326172,6
10,170,0.2626628875732422,3.493914842605591,1
10,171,-0.3694906234741211,0.8855032920837402,1
10,172,-3.929940700531006,-1.4406300783157349,6
10,173,-0.9989750385284424,1.1914564371109009,1
10,174,-1.6958715915679932,0.6569313406944275,1
10,175,-1.853853702545166,-0.679218053817749,2
10,176,-3.2654078006744385,-1.5752912759780884,7
10,177,0.27687764167785645,2.568171501159668,1
10,178,-4.495584964752197,-4.038784980773926,4
10,179,-1.9049197435379028,-0.844178318977356,5
10,180,-1.6958715915679932,0.6569313406944275,1
10,181,-2.268315315246582,-0.7337982654571533,7
10,182,-0.25571608543395996,2.740827798843384,1
10,183,-3.7031900882720947,-1.782490611076355,6
10,184,-3.6188244819641113,-2.141688823699951,6
10,185,-1.2372915744781494,0.3049201965332031,2
10,186,-1.5248548984527588,-0.2663128674030304,2
10,187,-3.4977610111236572,-2.264496088027954,4
10,188,-1.0976778268814087,0.6760843992233276,1
10,189,-0.793398380279541,1.4168365001678467,1
10,190,-0.6506378054618835,1.6089646816253662,3
10,191,-2.0385453701019287,-0.08843410760164261,0
10,192,-2.8121776580810547,-3.0944736003875732,4
10,193,-4.2318596839904785,-3.064898729324341,4
10,194,-5.51889181137085,-4.550985336303711,4
10,195,-1.0192885398864746,-1.7608739137649536,5
10,196,-2.26149320602417,-2.43302321434021,2
10,197,-1.0648995637893677,0.7232564687728882,2
10,198,-1.674302339553833,-0.8137217164039612,1
10,199,-2.7067410945892334,3.9850151538848877,0
10,200,-0.6938577890396118,0.9179800748825073,2
10,201,-0.8504629731178284,3.2625560760498047,1
10,202,-0.8161308169364929,1.2815393209457397,1
10,203,0.5045978426933289,0.01979159563779831,7
10,204,-6.154579162597656,-4.665007591247559,4
10,205,0.010614253580570221,-1.1527100801467896,6
10,206,1.7954148054122925,1.5119768381118774,3
10,207,2.6297507286071777,1.2180383205413818,3
10,208,0.6874248385429382,-2.453364133834839,5
10,209,-0.11077846586704254,2.3305113315582275,1
10,210,-1.3666203022003174,1.2811903953552246,0
10,211,0.9781203866004944,0.49281591176986694,1
10,212,0.8065672516822815,-0.24025267362594604,2
10,213,-0.18149586021900177,-0.9575047492980957,2
10,214,-2.4744627475738525,-0.6659079194068909,5
10,215,-1.5771117210388184,-2.940044403076172,0
10,216,1.8901087045669556,3.1974191665649414,3
10,217,1.4398305416107178,3.2064449787139893,3
10,218,0.2020585983991623,1.9475575685501099,3
10,219,-3.1203150749206543,1.305003046989441,7
10,220,-1.9789717197418213,-3.738872528076172,6
10,221,0.5144137740135193,-0.05926956981420517,2
10,222,1.1201015710830688,3.379223346710205,3
10,223,1.1993072032928467,4.752857208251953,0
10,224,0.7352960705757141,0.26777639985084534,0
10,225,1.128173589706421,0.19430789351463318,0
10,226,-2.109469175338745,-0.7175198793411255,1
10,227,0.34864693880081177,0.6031581163406372,1
10,228,-2.8773186206817627,0.7209042310714722,7
10,229,-2.1387579441070557,-1.04000985622406,2
10,230,-1.0989336967468262,0.02951943129301071,1
10,231,1.7151535749435425,1.1160836219787598,1
10,232,0.6844536066055298,0.583213746547699,1
10,233,-0.9844925999641418,-2.273991823196411,2
10,234,-3.598658561706543,-0.660541296005249,1
10,235,1.024843692779541,3.6492459774017334,3
10,236,-2.252351760864258,2.2253899574279785,0
10,237,2.4824514389038086,4.131039142608643,3
10,238,0.6374064683914185,2.8278679847717285,3
10,239,-4.119901657104492,-0.7387821674346924,6
10,240,-2.707820177078247,0.20910915732383728,7
10,241,0.12950238585472107,3.028679370880127,1
10,242,1.8914804458618164,1.104352593421936,3
10,243,0.10773789882659912,0.01639183610677719,1
10,244,-3.1170711517333984,-0.3629648983478546,1
10,245,-0.6327762007713318,2.217515230178833,1
10,246,-2.0222649574279785,0.8201085329055786,1
10,247,-0.04501339793205261,1.7822344303131104,3
10,248,-2.1440517902374268,1.3042675256729126,1
10,249,-1.2582364082336426,0.5106474161148071,2
10,250,1.6516125202178955,1.32314932346344,1
10,251,-3.1366024017333984,-1.8371282815933228,5
10,252,-2.0427045822143555,1.6338609457015991,1
10,253,-4.4225754737854,-1.4648298025131226,6
10,254,1.0921380519866943,1.6882081031799316,3
10,255,-2.786815881729126,2.1896650791168213,7
10,256,-1.0554624795913696,0.38724374771118164,1
10,257,-2.7287802696228027,-2.285109758377075,7
10,258,-3.094048261642456,-1.3401106595993042,0
10,259,-0.6201288104057312,-1.253804326057434,1
10,260,-3.072619676589966,-1.559781789779663,1
10,261,1.4188426733016968,2.703317642211914,3
10,262,-0.18789328634738922,1.6459814310073853,3
10,263,-4.508757591247559,-1.5124691724777222,0
10,264,-1.5220638513565063,1.6657551527023315,1
10,265,0.7157340049743652,3.2509710788726807,3
10,266,-3.7279694080352783,-2.059922933578491,6
10,267,0.5303050875663757,-0.598434567451477,1
10,268,-1.3215445280075073,-0.3052181303501129,2
10,269,-1.7476589679718018,0.17520102858543396,1
10,270,-2.266373872756958,0.6316782236099243,7
10,271,-4.900912284851074,-1.27407705783844,6
10,272,-2.4929611682891846,-0.1684345304965973,3
10,273,0.35921359062194824,2.578620672225952,3
10,274,-1.5011810064315796,1.3996027708053589,1
10,275,-4.497816562652588,-1.0875378847122192,6
10,276,-4.560176372528076,-2.3199965953826904,1
10,277,-3.322420597076416,1.595176100730896,1
10,278,-2.4815149307250977,4.097325325012207,0
10,279,-1.7437165975570679,-0.9944471120834351,2
10,280,-0.0729055106639862,4.202524662017822,0
10,281,1.7052757740020752,5.449245452880859,0
10,282,-3.667816162109375,0.01394670456647873,6
10,283,-2.7099626064300537,-0.6695406436920166,7
10,284,-0.34379857778549194,-1.1686981916427612,2
10,285,0.7359506487846375,-1.5803078413009644,1
10,286,-1.3049542903900146,-2.0848031044006348,2
10,287,0.8828193545341492,0.5020690560340881,3
10,288,0.9420294165611267,5.777873992919922,0
10,289,-2.14709734916687,6.422409534454346,0
10,290,2.023198127746582,1.9906500577926636,3
10,291,0.7426785230636597,1.85303795337677,0
10,292,-3.8017892837524414,2.522477388381958,3
10,293,-4.753995895385742,-2.430347204208374,6
10,294,-1.9379234313964844,0.8944085836410522,1
10,295,-3.1904523372650146,2.6304004192352295,7
10,296,-0.4028230905532837,1.5731993913650513,3
10,297,-1.1270304918289185,-2.4927103519439697,2
10,298,0.4046553373336792,0.14643451571464539,1
10,299,-4.4866414070129395,-5.087894439697266,4
10,300,-2.3802478313446045,-1.7446779012680054,5
10,301,-1.1858227252960205,0.5950465202331543,1
10,302,1.7707397937774658,1.7670379877090454,1
10,303,1.1131056547164917,1.3677804470062256,3
10,304,1.484276294708252,0.9829034805297852,3
10,305,0.8386416435241699,-0.2948492765426636,1
10,306,1.258321762084961,0.1718043088912964,0
10,307,1.6840304136276245,1.2895442247390747,3
10,308,-1.4763572216033936,3.139803647994995,0
10,309,-1.2965283393859863,0.5753847360610962,1
10,310,1.8929598331451416,1.2916182279586792,3
10,311,1.7630913257598877,-0.343091756105423,1
10,312,-0.7093035578727722,-1.6218096017837524,5
10,313,-0.5384918451309204,1.9510411024093628,1
10,314,-0.6342806220054626,2.727294683456421,3
10,315,-0.15774567425251007,-0.7674546241760254,0
10,316,-1.0329437255859375,-1.074987530708313,2
10,317,-3.516394853591919,-2.521292209625244,1
10,318,-0.850521981716156,-2.266540288925171,2
10,319,0.1377628892660141,-0.36482417583465576,2
10,320,-0.8572307229042053,0.44964390993118286,2
10,321,-0.02246035635471344,1.2365154027938843,3
10,322,-2.5408072471618652,1.8848336935043335,7
10,323,-2.5649893283843994,-2.3341567516326904,7
10,324,2.723405122756958,0.9044908285140991,1
10,325,2.0957796573638916,1.684401273727417,3
10,326,2.2422945499420166,0.5992856025695801,3
10,327,1.4919507503509521,-0.9013175964355469,2
10,328,0.7830770611763,-0.3744008541107178,0
10,329,1.3101612329483032,-0.2365020215511322,1
10,330,1.3804163932800293,-0.6637268662452698,2
10,331,-0.5168642997741699,-3.1067826747894287,2
10,332,-1.6901426315307617,-4.485097408294678,6
10,333,-2.60113787651062,-1.4658000469207764,7
10,334,1.1661666631698608,1.9647455215454102,3
10,335,0.2550557255744934,1.2194030284881592,1
10,336,-1.212546706199646,0.061650119721889496,7
10,337,0.20972050726413727,-0.571469783782959,2
10,338,-1.402760624885559,-0.09174326807260513,1
10,339,0.5177066326141357,1.752292275428772,1
10,340,1.421964406967163,0.6984361410140991,3
10,341,0.2889787554740906,-0.7977271676063538,1
10,342,-1.9604771137237549,-1.0011359453201294,1
10,343,1.2735521793365479,3.501141309738159,3
10,344,-0.4680226445198059,2.9288370609283447,1
10,345,-0.2987707853317261,0.33766505122184753,7
10,346,-3.5907018184661865,-3.6953656673431396,6
10,347,-3.652024984359741,1.5228188037872314,7
10,348,3.1298530101776123,1.633080005645752,3
10,349,1.955756425857544,0.05148043483495712,1
10,350,1.552039384841919,-0.6207517981529236,0
10,351,2.4026145935058594,0.7398440837860107,3
10,352,0.503255307674408,-0.7713973522186279,0
10,353,0.7120307683944702,-1.1747628450393677,0
10,354,0.7263972163200378,0.6535837054252625,0
10,355,-1.9769582748413086,0.5709502696990967,1
10,356,-1.1858227252960205,0.5950465202331543,1
10,357,-1.4826387166976929,-4.606022834777832,6
10,358,-1.1598284244537354,-3.2275335788726807,2
10,359,-1.79563570022583,-3.240971326828003,5
10,360,-1.9280478954315186,-3.076115131378174,2
10,361,0.9093244671821594,-0.38582277297973633,1
10,362,2.835901975631714,1.1846801042556763,3
10,363,0.23827101290225983,-0.4831000566482544,6
10,364,0.3973029851913452,1.0656591653823853,1
10,365,-1.9925488233566284,-0.6987808346748352,2
10,366,0.7157340049743652,3.2509710788726807,3
10,367,0.9548901915550232,4.431556701660156,3
10,368,0.15425537526607513,-0.0016267970204353333,7
10,369,0.2812129259109497,-1.3489412069320679,2
10,370,-1.5324019193649292,0.09784748405218124,2
10,371,-1.4474343061447144,2.1411497592926025,7
10,372,-3.8279309272766113,2.183767080307007,7
10,373,-0.5219151973724365,-0.7843369841575623,2
10,374,-0.3094358742237091,-1.3826547861099243,7
10,375,0.6501548886299133,-0.4444718062877655,3
10,376,0.12507589161396027,-1.523257851600647,2
10,377,-0.4351869225502014,-1.7850908041000366,2
10,378,-0.039006732404232025,-1.4666792154312134,2
10,379,-0.3920437693595886,-0.9633961915969849,2
10,380,-0.2859320640563965,0.0905805453658104,2
10,381,-1.7445871829986572,-0.25952044129371643,2
10,382,-1.9925488233566284,-0.6987808346748352,2
10,383,-1.351436734199524,-3.5970635414123535,6
10,384,-3.4222161769866943,-6.221263885498047,4
10,385,-4.330289840698242,-5.556535243988037,4
10,386,-5.277713298797607,-0.8861080408096313,6
10,387,0.860660195350647,3.168896436691284,3
10,388,-0.7242876887321472,-1.2138713598251343,2
10,389,1.8566519021987915,1.8453606367111206,3
10,390,3.035539150238037,4.857490539550781,3
10,391,0.602368175983429,4.995973587036133,0
10,392,0.5027616620063782,2.6045100688934326,3
10,393,-1.0513758659362793,1.0688698291778564,1
10,394,-1.6596393585205078,-1.1476179361343384,5
10,395,1.5238866806030273,1.4337376356124878,3
10,396,1.3214149475097656,-0.49138855934143066,3
10,397,-3.4712884426116943,-4.267094612121582,4
10,398,-2.680910348892212,-4.620723247528076,6
10,399,1.501257300376892,1.0942022800445557,3
10,400,0.8857844471931458,1.0079714059829712,3
10,401,-1.298485279083252,-1.052051305770874,5
10,402,0.6824650168418884,0.9123225212097168,1
10,403,-1.0791549682617188,-0.37033963203430176,1
10,404,-1.226797342300415,-2.217724561691284,5
10,405,-1.8596882820129395,-3.385350465774536,4
10,406,-0.21599207818508148,-2.586716890335083,2
10,407,-1.7774770259857178,-3.374631643295288,5
10,408,0.9197404980659485,-1.3687474727630615,2
10,409,2.800936460494995,1.207746148109436,3
10,410,2.8692538738250732,2.6380422115325928,3
10,411,-1.6597188711166382,6.826348304748535,0
10,412,-1.650836706161499,-2.0714547634124756,2
10,413,-1.9079463481903076,4.215841770172119,0
10,414,-1.5635462999343872,-1.3787165880203247,5
10,415,-1.2582364082336426,0.5106474161148071,2
10,416,-3.8416850566864014,-1.4574875831604004,6
10,417,-3.6483066082000732,-2.0703365802764893,6
10,418,-0.654784083366394,-3.5846943855285645,5
10,419,0.7561061382293701,-0.33540624380111694,0
10,420,1.2438769340515137,1.4773725271224976,3
10,421,-1.3408963680267334,0.8437739610671997,1
10,422,-2.2734973430633545,-1.8585478067398071,5
10,423,1.4668543338775635,3.0466556549072266,3
10,424,-5.5638227462768555,-4.388390064239502,4
10,425,-0.07030771672725677,-1.1885141134262085,1
10,426,-1.97012197971344,-1.847592830657959,2
10,427,0.37132728099823,-0.6529318690299988,2
10,428,2.357145071029663,0.7322520613670349,3
10,429,1.44063138961792,0.023614130914211273,3
10,430,0.8258695006370544,-1.0010559558868408,2
10,431,2.325700521469116,0.5991053581237793,3
10,432,2.936932325363159,2.0457351207733154,3
10,433,2.1203508377075195,2.3049278259277344,3
10,434,0.10600532591342926,2.612206220626831,1
10,435,0.6120619177818298,0.4497411251068115,1
10,436,1.045811414718628,4.6969757080078125,3
10,437,1.5228149890899658,4.631059646606445,3
10,438,-2.9898159503936768,2.4146077632904053,1
10,439,-0.5219926834106445,2.9001593589782715,3
10,440,0.09142240881919861,2.7754292488098145,3
10,441,1.1805529594421387,-0.9876101016998291,1
10,442,0.8100523352622986,0.7534356713294983,1
10,443,2.478210687637329,4.692832946777344,3
10,444,-1.8831381797790527,-1.642099142074585,5
10,445,-2.511160373687744,-2.6046090126037598,6
10,446,-1.6250269412994385,-1.3835303783416748,5
10,447,-0.4409946799278259,3.0562708377838135,1
10,448,1.4887080192565918,0.8234387040138245,3
10,449,0.8861666917800903,-0.2571091055870056,1
10,450,-0.6755039095878601,-2.4355785846710205,5
10,451,1.1065115928649902,0.22095146775245667,0
10,452,2.208345651626587,4.501288414001465,3
10,453,2.094884157180786,3.2210440635681152,3
10,454,-2.094963550567627,0.06240799278020859,7
10,455,-3.713385581970215,-2.3756015300750732,6
10,456,1.1767988204956055,0.1755954623222351,1
10,457,0.9395141005516052,1.9110313653945923,3
10,458,-0.9513090252876282,-0.7208172082901001,2
10,459,0.3556138873100281,2.0086963176727295,3
10,460,-0.84451824426651,1.3399572372436523,1
10,461,0.3551417589187622,1.7028809785842896,0
10,462,-1.5769728422164917,0.868398904800415,1
10,463,0.6796786189079285,1.414576530456543,3
10,464,-3.004803419113159,1.7609591484069824,7
10,465,-1.2433395385742188,2.2170002460479736,1
10,466,-2.0891971588134766,-1.8364800214767456,2
10,467,-0.6199637651443481,-1.5631784200668335,2
10,468,-0.9793109893798828,-3.652143716812134,6
10,469,-1.30250084400177,-2.0073320865631104,2
10,470,4.651147842407227,3.543149471282959,3
10,471,-3.940650463104248,-0.8167142868041992,6
10,472,-3.589891195297241,-1.7960962057113647,6
10,473,0.5458720326423645,0.42435723543167114,3
10,474,0.2755581736564636,-1.0840169191360474,6
10,475,1.3021814823150635,1.0461214780807495,3
10,476,0.5941565036773682,1.8846092224121094,1
10,477,1.1006742715835571,1.2058433294296265,1
10,478,-2.3064687252044678,1.1759463548660278,1
10,479,-0.11834321916103363,2.1917600631713867,1
10,480,-1.5791435241699219,-0.5160357356071472,1
10,481,-1.258981466293335,-2.6496474742889404,5
10,482,-2.4720096588134766,2.327338457107544,7
10,483,-0.3017875850200653,-1.5524102449417114,2
10,484,3.1417019367218018,1.810987114906311,3
10,485,1.2666699886322021,0.8640614748001099,3
10,486,1.3237576484680176,1.9338475465774536,3
10,487,0.28248095512390137,3.4124820232391357,1
10,488,0.6130648851394653,1.911355972290039,1
10,489,-0.5791413187980652,2.3466484546661377,7
10,490,-1.9211664199829102,-0.1634666621685028,2
10,491,-0.8370731472969055,0.8034775257110596,2
10,492,-1.0523682832717896,4.061765670776367,3
10,493,-1.061255931854248,1.9382362365722656,1
10,494,-1.1907994747161865,-0.9708188772201538,2
10,495,-1.9309449195861816,-0.7286158204078674,2
10,496,-1.141775131225586,6.2544355392456055,0
10,497,-1.5879802703857422,3.3736727237701416,7
10,498,0.7780416011810303,0.5106615424156189,3
10,499,4.532246112823486,3.3271853923797607,3
10,500,-0.13598836958408356,2.3062119483947754,1
10,501,-1.1858227252960205,0.5950465202331543,1
10,502,0.1779644638299942,1.1228866577148438,3
10,503,0.32790714502334595,-0.17985928058624268,0
10,504,1.1733384132385254,1.091218113899231,1
10,505,-1.8714741468429565,-1.2030154466629028,5
10,506,-1.6624653339385986,-1.4986869096755981,2
10,507,0.9154495596885681,1.6117527484893799,1
10,508,1.4446308612823486,1.1032251119613647,1
10,509,1.2384681701660156,1.950377106666565,3
10,510,1.700589656829834,2.6136953830718994,1
10,511,-2.2481842041015625,0.5992982983589172,1
10,512,-2.641375780105591,-0.9329926371574402,2
10,513,-1.8522329330444336,-1.0449472665786743,5
10,514,1.2118847370147705,2.2875916957855225,3
10,515,2.588778257369995,3.489469528198242,3
10,516,-0.49847686290740967,-0.19855663180351257,5
10,517,-4.575354099273682,-2.358187437057495,6
10,518,-0.4409946799278259,3.0562708377838135,1
10,519,-2.0699446201324463,0.23523405194282532,7
10,520,-0.7095407843589783,-1.7589987516403198,2
10,521,1.6303541660308838,1.8907076120376587,3
10,522,-3.3239216804504395,-3.6276910305023193,6
10,523,1.62343430519104,1.7149282693862915,3
10,524,-2.485276222229004,0.5159339904785156,1
10,525,-2.711904287338257,0.17325323820114136,7
10,526,-0.9664408564567566,-1.7861577272415161,2
10,527,2.039499521255493,4.885199546813965,3
10,528,0.9163498282432556,2.319157838821411,3
10,529,0.43634194135665894,-0.9098398685455322,2
10,530,2.8877317905426025,3.8166706562042236,3
10,531,-1.365256667137146,-2.6255810260772705,2
10,532,0.6753719449043274,0.31839463114738464,1
10,533,1.1821025609970093,0.6073640584945679,0
10,534,-3.3598344326019287,-3.0431783199310303,6
10,535,-0.5312439799308777,-1.8545405864715576,1
10,536,-0.3079706132411957,1.8299474716186523,1
10,537,-0.666714608669281,-0.4248901605606079,2
10,538,-4.577096462249756,-2.024437189102173,6
10,539,-1.7806951999664307,-3.1004836559295654,6
10,540,-1.336775541305542,-2.8762753009796143,2
10,541,-1.780702829360962,-3.8934032917022705,6
10,542,2.8995442390441895,2.417645215988159,3
10,543,2.416402578353882,2.5336012840270996,3
10,544,-3.334127902984619,-1.2823472023010254,6
10,545,-1.5744208097457886,0.8016306161880493,1
10,546,-2.94940447807312,0.28417640924453735,7
10,547,-1.7568690776824951,2.0849406719207764,1
10,548,-1.588575005531311,2.166105031967163,1
10,549,-1.9942841529846191,2.3936498165130615,1
10,550,0.5852584838867188,0.4699377119541168,7
10,551,-1.5769728422164917,0.868398904800415,1
10,552,-1.9585109949111938,0.6541101932525635,1
10,553,-1.7943971157073975,0.3550221920013428,7
10,554,-2.325960159301758,-3.316129207611084,4
10,555,-3.251635789871216,-5.7679972648620605,4
10,556,-3.1557083129882812,-3.3817708492279053,4
10,557,-0.8366190791130066,-0.9482423067092896,2
10,558,-0.1519821286201477,1.706390619277954,1
10,559,0.8427037596702576,2.8458092212677,1
10,560,-1.8997043371200562,2.345043659210205,1
10,561,-2.6673166751861572,1.114006757736206,7
10,562,-2.7933309078216553,-4.015390872955322,4
10,563,-0.1523367464542389,3.415776252746582,0
10,564,0.5277625918388367,2.9498825073242188,3
10,565,0.9526198506355286,0.8222987055778503,1
10,566,1.1407145261764526,1.0535231828689575,3
10,567,0.8869020342826843,-0.2623750567436218,1
10,568,-1.54660964012146,-2.8601391315460205,1
10,569,-0.6753924489021301,-2.8112237453460693,2
10,570,-2.299858331680298,-2.276444673538208,5
10,571,-0.65899258852005,0.636448860168457,2
10,572,-1.2427079677581787,-0.041500844061374664,1
10,573,1.1371066570281982,1.4182367324829102,3
10,574,-0.06152999401092529,-0.48129361867904663,2
10,575,1.1747961044311523,2.9017295837402344,1
10,576,-4.075263500213623,0.43752312660217285,7
10,577,-2.560171604156494,0.421574205160141,1
10,578,0.9604267477989197,0.18375959992408752,1
10,579,-0.4702710509300232,-1.4483367204666138,2
10,580,1.2283977270126343,-0.5491514205932617,1
10,581,-1.0420533418655396,-2.455153226852417,2
10,582,0.5017096400260925,-0.2841147780418396,0
10,583,-1.992523431777954,7.084634780883789,0
10,584,-2.6386239528656006,-2.9780843257904053,6
10,585,0.5662265419960022,-0.5206116437911987,1
10,586,-0.08517371118068695,4.913969039916992,0
10,587,-0.9916415810585022,1.267468810081482,1
10,588,-0.9583478569984436,2.8677022457122803,1
10,589,0.18321411311626434,2.597391128540039,1
10,590,0.10096637904644012,3.034590005874634,1
10,591,-2.316326856613159,0.35399842262268066,1
10,592,0.02752542495727539,-1.3734561204910278,2
10,593,0.28097862005233765,0.5354956388473511,3
10,594,-3.560620069503784,-2.1498401165008545,6
10,595,-1.5755434036254883,0.30264267325401306,1
10,596,-0.9466161131858826,-1.2845767736434937,2
10,597,-1.67532479763031,-3.689756393432617,6
10,598,1.6977102756500244,1.7637324333190918,3
10,599,-3.1499545574188232,3.134497880935669,1
10,600,-1.800931692123413,0.7813808917999268,1
10,601,-2.710818290710449,-3.324753999710083,4
10,602,0.026750892400741577,-0.708893358707428,1
10,603,-1.8094136714935303,-1.1285079717636108,5
10,604,0.30901628732681274,-0.6816701889038086,2
10,605,1.0911492109298706,-0.8582779765129089,0
10,606,1.142999291419983,0.7034984230995178,3
10,607,-6.2361226081848145,-0.07748094946146011,5
10,608,-1.7359832525253296,0.2535704970359802,1
10,609,-1.630008339881897,0.8295478820800781,1
10,610,-1.2800267934799194,-2.965620756149292,6
10,611,2.013991594314575,1.7029529809951782,3
10,612,-0.23818708956241608,0.2453080415725708,1
10,613,0.30417895317077637,-0.5503637790679932,0
10,614,1.8233658075332642,2.5784239768981934,3
10,615,-1.9722827672958374,-2.860502004623413,6
10,616,-1.3704290390014648,-1.3132781982421875,2
10,617,-4.4502339363098145,-1.333993673324585,6
10,618,-0.4940754175186157,1.0101137161254883,2
10,619,-3.4795424938201904,0.24846690893173218,1
10,620,-0.7279046773910522,4.450681686401367,7
10,621,-1.4989078044891357,0.9609823226928711,1
10,622,-0.10544033348560333,-2.549539804458618,2
10,623,-7.837305068969727,2.452303409576416,5
10,624,-2.538404941558838,-1.892227292060852,2
10,625,-1.8752447366714478,-1.2469347715377808,2
10,626,-3.680894613265991,-2.5661425590515137,1
10,627,-2.2250359058380127,1.4303144216537476,7
10,628,-4.37468147277832,-0.6389545202255249,6
10,629,-1.8137538433074951,-1.8888041973114014,1
10,630,-1.8073046207427979,-0.9290692806243896,2
10,631,-1.5107617378234863,2.2886881828308105,1
10,632,-1.6679294109344482,-0.14869481325149536,0
10,633,-2.3227217197418213,-1.8541220426559448,2
10,634,-3.051927328109741,-1.1363698244094849,1
10,635,0.349373996257782,1.61461341381073,3
10,636,-1.1673822402954102,0.028254680335521698,2
10,637,-5.127782344818115,-1.3924640417099,4
10,638,-2.310694932937622,-0.7092453241348267,2
10,639,-1.1858227252960205,0.5950465202331543,1
10,640,-2.6609067916870117,0.864978551864624,1
10,641,-3.0042519569396973,-5.083669662475586,6
10,642,-2.4225497245788574,-3.057313919067383,6
10,643,1.62343430519104,1.7149282693862915,3
10,644,-0.9225869178771973,1.28354811668396,1
10,645,1.9031212329864502,1.684787392616272,1
10,646,1.494063377380371,3.183560848236084,3
10,647,-0.708378255367279,2.7527081966400146,7
10,648,-3.3625259399414062,0.060669951140880585,1
10,649,-1.7419092655181885,-0.37856847047805786,2
10,650,1.0973542928695679,3.438692331314087,3
10,651,2.2418510913848877,4.828100204467773,3
10,652,1.2583200931549072,3.4526009559631348,3
10,653,-1.4120469093322754,-0.1917957067489624,2
10,654,-2.787414312362671,-0.5505154728889465,7
10,655,-1.0796467065811157,1.6556826829910278,1
10,656,1.769514799118042,2.2372169494628906,3
10,657,-2.919278144836426,-3.7315685749053955,6
10,658,-0.758073627948761,1.9494740962982178,1
10,659,-0.7536275386810303,0.26262804865837097,7
10,660,0.8998485207557678,0.7152329087257385,1
10,661,-3.5430610179901123,-3.533444881439209,4
10,662,-1.4646461009979248,1.5799949169158936,1
10,663,0.795694887638092,3.6076223850250244,3
10,664,-3.063910722732544,0.6884773373603821,7
10,665,-3.0015087127685547,0.9681712985038757,7
10,666,-0.7889595627784729,1.2550697326660156,1
10,667,-2.316326856613159,0.35399842262268066,1
10,668,-3.662898063659668,-0.5813922882080078,1
10,669,-0.6184346675872803,-1.2329249382019043,2
10,670,-0.9359603524208069,-1.0248507261276245,2
10,671,-1.3979204893112183,-2.915837526321411,2
10,672,-2.117189884185791,-2.391200542449951,5
10,673,-3.397385358810425,-0.22973233461380005,7
10,674,-4.181002140045166,-4.580861568450928,4
10,675,-3.8107404708862305,-2.4201529026031494,6
10,676,-1.4529356956481934,3.7072505950927734,0
10,677,-1.837547779083252,2.4744696617126465,1
10,678,-1.7359832525253296,0.2535704970359802,1
10,679,0.6130648851394653,1.911355972290039,1
10,680,-5.134463787078857,-2.128882646560669,6
10,681,1.30051851272583,3.140887975692749,3
10,682,-1.4869152307510376,-2.6985700130462646,1
10,683,1.1167123317718506,4.204963684082031,3
10,684,-1.2427079677581787,-0.041500844061374664,1
10,685,-0.6714531779289246,-2.6917684078216553,7
10,686,-0.43743014335632324,0.9579291343688965,7
10,687,-2.4076249599456787,2.2002968788146973,7
10,688,2.317300319671631,1.9290626049041748,1
10,689,-3.805175542831421,-2.0960214138031006,6
10,690,-3.2019407749176025,-0.2757132351398468,7
10,691,-2.29695725440979,-1.6601157188415527,5
10,692,0.4033045768737793,-1.1678379774093628,1
10,693,0.7109370827674866,0.16407039761543274,1
10,694,0.28628963232040405,1.5136502981185913,1
10,695,-0.6791132092475891,2.8606138229370117,3
10,696,0.4529768228530884,2.7959656715393066,1
10,697,-1.5823839902877808,-2.2474253177642822,2
10,698,-1.494443655014038,3.4863181114196777,1
10,699,-4.180147647857666,-3.0369465351104736,4
10,700,-2.7316391468048096,1.4743932485580444,7
10,701,0.2805561423301697,0.987156093120575,1
10,702,-0.8336401581764221,3.1836087703704834,0
10,703,-4.042235374450684,-0.47169172763824463,7
10,704,1.8913936614990234,1.5828545093536377,1
10,705,0.3647803068161011,-0.2675853371620178,1
10,706,-1.1714069843292236,-2.597902774810791,7
10,707,-2.5719428062438965,4.129088878631592,0
10,708,-1.5832197666168213,3.1021320819854736,7
10,709,1.006098985671997,0.7607136964797974,1
10,710,0.7318652272224426,-0.6450943350791931,1
10,711,2.3326594829559326,2.585284471511841,3
10,712,0.10096637904644012,3.034590005874634,1
10,713,-1.3648921251296997,0.8628016710281372,1
10,714,-3.9708902835845947,-0.08679813891649246,7
10,715,1.9701755046844482,1.8600194454193115,3
10,716,1.866377353668213,3.345846176147461,3
10,717,-2.1746749877929688,-0.8886380195617676,2
10,718,-1.7779840230941772,-3.2168595790863037,2
10,719,-2.376474380493164,-2.9516358375549316,4
10,720,-3.038177251815796,-0.6149621605873108,7
10,721,-2.0679283142089844,-0.42644816637039185,7
10,722,0.2093423753976822,0.8837288022041321,1
10,723,1.6094132661819458,1.79143226146698,0
10,724,-0.36201417446136475,3.6866328716278076,0
10,725,-3.775648355484009,-0.022187091410160065,7
10,726,1.5458885431289673,1.7319111824035645,3
10,727,-0.6947848200798035,2.0552189350128174,1
10,728,-2.362653970718384,-1.438418984413147,1
10,729,-1.4774008989334106,2.9156687259674072,1
10,730,-3.4471757411956787,1.0996108055114746,7
10,731,0.25148212909698486,0.23916620016098022,1
10,732,-3.1355206966400146,-2.1125261783599854,6
10,733,-2.9945130348205566,1.8420473337173462,1
10,734,-2.8745710849761963,-2.8166370391845703,1
10,735,-3.177347183227539,-0.7285709977149963,1
10,736,-3.2272846698760986,-2.4337685108184814,6
10,737,-4.234827041625977,-2.2923049926757812,6
10,738,-2.5422558784484863,-3.001249074935913,6
10,739,1.1479072570800781,0.8558132648468018,3
10,740,1.1184335947036743,2.42293381690979,1
10,741,1.8387486934661865,2.0359909534454346,3
10,742,2.3916752338409424,3.193694829940796,3
10,743,-1.9275259971618652,-3.687168836593628,6
10,744,-2.806279420852661,-1.0483521223068237,7
10,745,-4.58724308013916,-1.4779869318008423,6
10,746,-0.6327762007713318,2.217515230178833,1
10,747,-1.2170467376708984,2.241694688796997,1
10,748,-2.42692494392395,-2.952537775039673,5
10,749,-5.048818588256836,-3.287724256515503,4
10,750,1.3605186939239502,2.983415365219116,3
10,751,2.299607038497925,2.0073835849761963,1
10,752,0.13907243311405182,1.4455876350402832,1
10,753,-1.8040940761566162,0.36466360092163086,1
10,754,-3.2741222381591797,0.2874221205711365,7
10,755,-1.4564694166183472,0.43121570348739624,1
10,756,-2.153052568435669,-4.276183128356934,6
10,757,-2.874321937561035,-4.298938751220703,6
10,758,-0.5309238433837891,2.128941297531128,1
10,759,-1.941942572593689,1.836466670036316,1
10,760,-3.0497934818267822,-0.4929075241088867,1
10,761,0.1273711770772934,3.8373758792877197,3
10,762,-0.8446393013000488,2.015209436416626,1
10,763,0.053690239787101746,2.187788724899292,1
10,764,-1.3263413906097412,-1.0319905281066895,1
10,765,-0.11191464960575104,2.797837018966675,1
10,766,-3.9709322452545166,-1.8182958364486694,6
10,767,-4.865551948547363,-4.913681983947754,4
10,768,-4.1637797355651855,-1.406992793083191,1
10,769,-4.293257713317871,-3.5483405590057373,4
10,770,-0.9726508259773254,-1.510215401649475,1
10,771,-1.1650002002716064,2.007539749145508,1
10,772,-3.0599539279937744,-3.04091477394104,6
10,773,0.7292178869247437,-0.036313317716121674,7
10,774,-4.169683456420898,-1.7431079149246216,6
10,775,-3.303250312805176,-1.3284307718276978,7
10,776,-2.195157766342163,-3.5464861392974854,6
10,777,-4.586456775665283,0.628007173538208,7
10,778,-1.3297561407089233,1.235708236694336,1
10,779,-3.8964219093322754,-0.6963870525360107,6
10,780,-5.339521884918213,0.2710179090499878,7
10,781,-2.8292007446289062,0.8709924221038818,1
10,782,1.1894667148590088,1.6392757892608643,3
10,783,-2.494750738143921,2.414567232131958,7
10,784,-0.08760818839073181,1.7763861417770386,3
10,785,2.818652868270874,2.183271646499634,3
10,786,-2.953918933868408,1.038009524345398,7
10,787,1.2275118827819824,1.6090294122695923,1
10,788,1.5213818550109863,2.7423603534698486,1
10,789,-1.0907325744628906,2.5862162113189697,1
10,790,-0.7392368316650391,0.9283601641654968,1
10,791,-5.308595180511475,1.2955565452575684,7
10,792,-2.768052816390991,-1.3304232358932495,2
10,793,-4.394673824310303,-2.3696391582489014,6
10,794,-2.132251739501953,-2.6679303646087646,6
10,795,-1.4646461009979248,1.5799949169158936,1
10,796,-2.7204411029815674,-1.2978278398513794,7
10,797,-0.419719398021698,2.156790256500244,1
10,798,0.3960281014442444,2.521415948867798,1
10,799,-2.1056530475616455,1.1231781244277954,1
10,800,-4.034448146820068,-1.544795274734497,3
10,801,-1.7087626457214355,0.13555759191513062,7
10,802,-1.0298129320144653,3.050798177719116,1
10,803,1.1747961044311523,2.9017295837402344,1
10,804,-1.3997700214385986,2.075733184814453,1
10,805,-4.274857997894287,0.6919900178909302,6
10,806,-3.7972748279571533,-2.438103199005127,6
10,807,0.88221675157547,3.0850331783294678,1
10,808,1.7313112020492554,3.0472283363342285,3
10,809,-5.042752742767334,-3.7615694999694824,4
10,810,-1.7087626457214355,0.13555759191513062,7
10,811,0.5262976288795471,0.26311638951301575,1
10,812,2.7819716930389404,2.3339836597442627,3
10,813,-0.06275171041488647,0.6988556385040283,1
10,814,-8.098102569580078,1.9784446954727173,5
10,815,-5.689843654632568,-3.896833896636963,4
10,816,1.2094731330871582,0.9862807989120483,3
10,817,-2.0630054473876953,1.5329912900924683,1
10,818,-4.102118492126465,2.396477460861206,5
10,819,-0.7978138327598572,-0.9791196584701538,1
10,820,-2.0159409046173096,-0.8156996965408325,2
10,821,1.0882741212844849,3.40112042427063,3
10,822,-0.4028230905532837,1.5731993913650513,3
10,823,-0.3541387617588043,2.060204267501831,3
10,824,-3.6638870239257812,-0.7803628444671631,1
10,825,-1.5693415403366089,0.3562096059322357,1
10,826,0.1939314752817154,1.3449766635894775,1
10,827,-4.517988681793213,-3.8370368480682373,4
10,828,-8.50419807434082,2.1336991786956787,5
10,829,-4.673368453979492,-3.2665035724639893,6
10,830,1.4879493713378906,1.7215532064437866,1
10,831,2.0958962440490723,3.3544700145721436,3
10,832,-2.4052011966705322,-2.0063230991363525,2
10,833,-7.100706577301025,0.7954074144363403,5
10,834,-1.5693415403366089,0.3562096059322357,1
10,835,-0.1461087018251419,1.441359519958496,1
10,836,-1.5440104007720947,0.8944216370582581,1
10,837,-1.6798323392868042,-0.7935525178909302,2
10,838,-4.405104160308838,-0.47273361682891846,6
10,839,-2.068237781524658,-3.923957109451294,6
10,840,-7.640830993652344,2.014653444290161,5
10,841,-0.7689454555511475,2.7983853816986084,1
10,842,-6.831017971038818,-3.003824472427368,4
10,843,-2.255851984024048,3.6247141361236572,0
10,844,-1.3323075771331787,2.4855167865753174,1
10,845,0.4331299662590027,3.089827537536621,3
10,846,0.2428923398256302,1.8938677310943604,3
10,847,1.7809499502182007,2.904365301132202,3
10,848,1.775046467781067,3.21142315864563,3
10,849,1.5366649627685547,1.8048816919326782,3
10,850,1.5149595737457275,2.4404091835021973,1
10,851,-2.482893943786621,0.7052326798439026,1
10,852,-4.527359962463379,1.7030813694000244,1
10,853,-2.096726179122925,-0.05288860946893692,2
10,854,-5.645529270172119,-4.64946174621582,4
10,855,0.025703340768814087,-1.0472482442855835,1
10,856,0.8097009062767029,1.088710904121399,3
10,857,0.7157340049743652,3.2509710788726807,3
10,858,1.317739486694336,2.1335642337799072,3
10,859,2.651552200317383,2.083725690841675,3
10,860,2.3704209327697754,1.6928201913833618,3
10,861,1.4813079833984375,2.5735950469970703,3
10,862,-1.348331093788147,0.13417759537696838,2
10,863,0.5761000514030457,-0.09850574284791946,1
10,864,1.544560194015503,2.4546873569488525,3
10,865,3.130127191543579,2.197852849960327,3
10,866,1.5085324048995972,1.3029868602752686,1
10,867,-1.6875360012054443,-3.9626448154449463,6
10,868,0.7726478576660156,1.2565418481826782,3
10,869,-1.8190997838974,-3.595515012741089,4
10,870,0.6682546734809875,1.300784945487976,3
10,871,-0.3813464045524597,3.454005479812622,1
10,872,-4.94553279876709,-0.578463613986969,6
10,873,2.020047187805176,3.425053596496582,3
10,874,-2.6838903427124023,-4.657165050506592,6
10,875,-3.0701072216033936,-3.436156749725342,6
10,876,0.42871034145355225,2.6015608310699463,3
10,877,-1.298434853553772,2.9910342693328857,1
10,878,1.2840838432312012,3.4018850326538086,3
10,879,-3.964442014694214,-1.0448389053344727,1
10,880,-0.8149093985557556,-2.1858887672424316,2
10,881,-4.786531925201416,-3.278949499130249,4
10,882,-4.482392311096191,-2.5214202404022217,6
10,883,2.4574148654937744,4.484447002410889,3
10,884,-0.7685912251472473,1.0603598356246948,1
10,885,1.2361985445022583,3.077068567276001,1
10,886,-1.180493712425232,0.8739268779754639,1
10,887,0.8110780715942383,1.5555647611618042,3
10,888,2.6462838649749756,2.7765417098999023,3
10,889,1.775046467781067,3.21142315864563,3
10,890,0.867392361164093,1.5333033800125122,1
10,891,0.16081289947032928,1.0682495832443237,1
10,892,-2.0159409046173096,-0.8156996965408325,2
10,893,-0.41458582878112793,1.5364946126937866,1
10,894,0.8200122714042664,-0.9273542165756226,1
10,895,1.8240749835968018,2.665598154067993,3
10,896,-6.43265962600708,-1.285725712776184,1
10,897,-2.5129430294036865,0.7213137149810791,7
10,898,-4.0389227867126465,0.16914132237434387,1
10,899,-0.7081432342529297,-2.4434256553649902,1
10,900,-0.7456178069114685,3.6947505474090576,0
10,901,-1.2895922660827637,-0.5401015281677246,2
10,902,0.8037671446800232,0.8724449872970581,0
10,903,-0.8539926409721375,4.010916709899902,0
10,904,-2.627831220626831,3.7822275161743164,7
10,905,0.5628946423530579,2.696282386779785,1
10,906,-0.20026162266731262,2.2370803356170654,1
10,907,2.1979029178619385,1.9108589887619019,3
10,908,-1.915708065032959,-2.894711494445801,6
10,909,-1.8915026187896729,-0.18209406733512878,1
10,910,0.42857515811920166,0.7601951956748962,1
10,911,-0.07282640039920807,-0.37616461515426636,1
10,912,0.6294864416122437,0.6298930644989014,1
10,913,-0.3966636061668396,3.1256744861602783,3
10,914,-5.528407573699951,-1.1266953945159912,1
10,915,-2.8147470951080322,-2.4311115741729736,2
10,916,-3.384981870651245,0.48705875873565674,7
10,917,-0.5495927929878235,0.0541992112994194,1
10,918,0.6324774622917175,0.41058507561683655,1
10,919,1.0641670227050781,0.8981287479400635,3
10,920,0.2846372723579407,1.9336179494857788,3
10,921,1.3919048309326172,1.4482027292251587,3
10,922,2.0093307495117188,1.7848156690597534,3
10,923,-1.3823779821395874,0.5258042812347412,3
10,924,-0.13149867951869965,-1.110747218132019,1
10,925,-3.078258514404297,-1.1934021711349487,7
10,926,-2.4692373275756836,-0.9835125207901001,5
10,927,-5.641022682189941,-0.3154967427253723,5
10,928,-2.399393320083618,0.9621222019195557,1
10,929,-2.700044631958008,0.6512539386749268,1
10,930,-2.0779807567596436,2.617154836654663,1
10,931,-3.412832498550415,2.7179205417633057,7
10,932,-8.463380813598633,2.354177713394165,5
10,933,-7.721353054046631,3.5667431354522705,5
10,934,-3.975416421890259,2.735347032546997,5
10,935,-2.669203519821167,-1.7084670066833496,7
10,936,-0.12111295759677887,-1.0331385135650635,5
10,937,0.4136958122253418,0.3383578658103943,1
10,938,-0.8009416460990906,-1.12816321849823,2
10,939,-0.9458429217338562,-1.6994813680648804,5
10,940,-0.849022388458252,-3.395810604095459,5
10,941,-0.09158733487129211,-1.5928983688354492,2
10,942,-2.5957915782928467,-4.7879509925842285,4
10,943,-5.140807628631592,-3.2990474700927734,0
10,944,-3.7578940391540527,-0.7765337228775024,7
10,945,-2.7210307121276855,0.8565600514411926,7
10,946,-1.3121044635772705,0.005111329257488251,1
10,947,-1.26821768283844,-1.1551917791366577,2
10,948,-4.318565368652344,-1.9431366920471191,6
10,949,-2.629612684249878,1.1363307237625122,7
10,950,-1.3451635837554932,0.07261078804731369,2
10,951,-2.537146806716919,-0.8296239972114563,7
10,952,0.22237922251224518,-0.8269211649894714,2
10,953,-4.034911632537842,-2.4866268634796143,5
10,954,-0.7152487635612488,-2.108008623123169,2
10,955,-0.6315281987190247,-0.7611805200576782,2
10,956,-2.014667510986328,-2.4399499893188477,5
10,957,-1.6916821002960205,-2.507708787918091,1
10,958,0.20418007671833038,-0.6389679312705994,1
10,959,-0.8237279057502747,-2.637603521347046,5
10,960,0.10764847695827484,2.403203248977661,1
10,961,-2.6889779567718506,-2.687006711959839,5
10,962,-1.73533034324646,-2.660579204559326,2
10,963,0.048543259501457214,-1.434492588043213,2
10,964,-0.19078616797924042,1.5525356531143188,1
10,965,-0.749427855014801,2.1644909381866455,1
10,966,-1.7794047594070435,-0.847093403339386,2
10,967,-1.1144940853118896,0.20553836226463318,2
10,968,1.797631859779358,1.5476551055908203,1
10,969,-3.940650463104248,-0.8167142868041992,6
10,970,1.7306874990463257,3.288665533065796,3
10,971,-1.7768876552581787,-3.5576419830322266,6
10,972,-1.1961965560913086,-3.0326859951019287,2
10,973,0.07422742247581482,-0.37947216629981995,2
10,974,0.5869012475013733,1.7454302310943604,1
10,975,-1.0676532983779907,-1.7419270277023315,2
10,976,-0.207156702876091,1.5939240455627441,1
10,977,-2.402099847793579,-1.295230746269226,6
10,978,-3.9763543605804443,-0.6647254228591919,6
10,979,-3.162986993789673,-3.8837976455688477,4
10,980,-3.827155590057373,-3.259833812713623,4
10,981,-3.6753957271575928,-3.5242698192596436,6
10,982,-0.9647936224937439,1.9600496292114258,1
10,983,0.4245140552520752,1.490725040435791,3
10,984,-3.8930976390838623,1.0551745891571045,7
10,985,-3.4103736877441406,-4.264496803283691,4
10,986,-1.2921851873397827,0.22288724780082703,1
10,987,-0.90616774559021,-2.025242567062378,2
10,988,-0.9240872263908386,-0.9972370862960815,2
10,989,0.02846674621105194,-1.339693307876587,2
10,990,-0.23064792156219482,0.5508170127868652,1
10,991,-2.623004198074341,-1.7694600820541382,2
10,992,-2.690319299697876,-6.032853126525879,4
10,993,-3.634124755859375,-2.971552848815918,6
10,994,-0.3103753626346588,-1.222753643989563,1
10,995,-4.401701927185059,-1.504526138305664,6
10,996,-3.8767330646514893,-0.29413560032844543,7
10,997,-1.6848193407058716,0.10320057719945908,0
10,998,-5.767662525177002,-4.553643226623535,4
10,999,0.7239783406257629,3.250725746154785,3
10,1000,-4.366744518280029,-3.695279359817505,6
10,1001,1.2165418863296509,1.8881075382232666,3
10,1002,0.1174522340297699,1.7599890232086182,1
10,1003,-0.5204827189445496,-0.35810136795043945,2
10,1004,-0.02039894461631775,0.7962217330932617,1
10,1005,-2.0423083305358887,0.07692336291074753,1
10,1006,-3.1009573936462402,0.07814406603574753,7
10,1007,-3.3669698238372803,-2.5118260383605957,6
10,1008,-2.5707168579101562,-3.6551733016967773,6
10,1009,-2.9208412170410156,-6.178423881530762,4
10,1010,-1.8212560415267944,-0.9437044858932495,5
10,1011,-1.5961894989013672,1.714205026626587,1
10,1012,-1.5899364948272705,0.9298502206802368,1
10,1013,-4.519763946533203,-4.734036445617676,4
10,1014,-2.882061719894409,1.090786099433899,1
10,1015,-0.7797709107398987,3.082838296890259,1
10,1016,-1.1538159847259521,0.25021007657051086,2
10,1017,-2.8736460208892822,3.8459279537200928,0
10,1018,-0.5291696786880493,1.557867169380188,1
10,1019,-4.051239013671875,-4.382096767425537,4
10,1020,-0.12317830324172974,-2.1115005016326904,2
10,1021,-1.5502325296401978,-3.8273580074310303,2
10,1022,0.05980363488197327,-0.42919450998306274,1
10,1023,-2.9205074310302734,-2.5359461307525635,1
10,1024,-4.488037586212158,-0.5015554428100586,7
10,1025,0.2793924808502197,2.9617321491241455,1
10,1026,-3.5518743991851807,-0.48210370540618896,6
10,1027,0.12950238585472107,3.028679370880127,1
10,1028,-4.984241008758545,-4.251103401184082,4
10,1029,-1.8991756439208984,2.135601758956909,1
10,1030,-2.823915481567383,-2.4956626892089844,6
10,1031,0.04668624699115753,3.666773796081543,3
10,1032,-0.22534292936325073,-1.538880467414856,2
10,1033,1.6499143838882446,4.516241073608398,3
10,1034,0.6945955753326416,1.0444257259368896,1
10,1035,2.1658542156219482,3.855851411819458,3
10,1036,-2.300711154937744,-2.4317567348480225,5
10,1037,-0.5717054009437561,-2.4773900508880615,5
10,1038,-0.6375133395195007,-1.8194066286087036,5
10,1039,-4.745701313018799,1.918290138244629,5
10,1040,-2.0294113159179688,0.5340794324874878,1
10,1041,-0.9548864364624023,-1.6243242025375366,2
10,1042,-1.5693415403366089,0.3562096059322357,1
10,1043,-0.8742601275444031,-2.9004242420196533,1
10,1044,2.3792340755462646,2.7104387283325195,3
10,1045,1.1951576471328735,1.5630512237548828,3
10,1046,-2.165074348449707,2.203768014907837,7
10,1047,-2.207655429840088,1.2293752431869507,1
10,1048,2.51041579246521,2.5027687549591064,3
10,1049,1.6928150653839111,1.4357104301452637,3
10,1050,2.210878610610962,1.9635545015335083,3
10,1051,0.763224184513092,0.6459091305732727,1
10,1052,-3.5715558528900146,-1.6940494775772095,6
10,1053,0.29674404859542847,0.30461975932121277,0
10,1054,0.2184019833803177,-2.7874929904937744,5
10,1055,0.6222056150436401,-2.7422521114349365,5
10,1056,0.0900687575340271,-2.3911774158477783,2
10,1057,0.4342706799507141,-2.734743595123291,2
10,1058,0.3865925073623657,-1.8357385396957397,2
10,1059,-1.1355407238006592,-1.4929262399673462,2
10,1060,-4.651743412017822,-4.836291313171387,4
10,1061,-2.6087796688079834,-2.582368850708008,2
10,1062,-1.770986795425415,-2.1942741870880127,2
10,1063,0.8093634247779846,2.3316445350646973,1
10,1064,0.5906298756599426,1.9938348531723022,3
10,1065,0.21663452684879303,2.4042036533355713,1
10,1066,0.34601491689682007,3.4476709365844727,3
10,1067,0.017165571451187134,-1.4068753719329834,5
10,1068,0.4994392991065979,-2.4724223613739014,2
10,1069,-5.715238094329834,4.518464088439941,5
10,1070,-0.0014766603708267212,-1.9363468885421753,2
10,1071,0.6722576022148132,-2.464531660079956,5
10,1072,-0.952426552772522,-1.9273630380630493,2
10,1073,-0.5936568379402161,-0.8925939798355103,2
10,1074,-0.32129955291748047,1.639345645904541,3
10,1075,-0.8387022614479065,1.8679245710372925,1
10,1076,-0.14693619310855865,3.0875003337860107,1
10,1077,1.0994806289672852,2.652754783630371,3
10,1078,1.1254992485046387,2.6565282344818115,3
10,1079,-1.3816165924072266,-0.03222189098596573,1
10,1080,-3.4112396240234375,1.724624514579773,7
10,1081,-0.4571436047554016,0.2643076479434967,2
10,1082,-1.3754901885986328,-5.108677864074707,4
10,1083,0.9823846220970154,0.731481671333313,7
10,1084,-0.6756256222724915,-2.6983261108398438,6
10,1085,-3.102191925048828,-3.2447712421417236,4
10,1086,0.7335781455039978,0.7539193630218506,3
10,1087,1.1644576787948608,0.36522307991981506,3
10,1088,1.370659351348877,2.0547080039978027,0
10,1089,-1.1330294609069824,-1.1157962083816528,2
10,1090,-4.080990314483643,-3.360734701156616,6
10,1091,-3.4698801040649414,-2.753526210784912,6
10,1092,-2.4697890281677246,-2.5412962436676025,2
10,1093,1.6661776304244995,0.2921313941478729,3
10,1094,-1.03961980342865,-3.6599998474121094,6
10,1095,0.09687967598438263,-1.4967442750930786,2
10,1096,-3.868283271789551,2.804346799850464,0
10,1097,0.24135227501392365,-0.2681529223918915,1
10,1098,-2.3068368434906006,-3.7579870223999023,6
10,1099,-0.00022204220294952393,-1.5589555501937866,2
10,1100,-0.28839385509490967,-1.3989572525024414,2
10,1101,1.0574333667755127,-0.23149144649505615,2
10,1102,-2.77726674079895,-3.713324785232544,6
10,1103,-3.1908767223358154,0.5533732771873474,1
10,1104,-0.6237626075744629,-1.814083456993103,2
10,1105,-0.6776753664016724,-2.0847795009613037,2
10,1106,-2.218379497528076,1.9659937620162964,1
10,1107,-4.557248592376709,-2.9617202281951904,4
10,1108,-0.0658438429236412,-0.8637118935585022,1
10,1109,2.0277416706085205,0.981530487537384,3
10,1110,0.531038224697113,0.22185435891151428,7
10,1111,0.18321411311626434,2.597391128540039,1
10,1112,0.9050700068473816,2.0498528480529785,3
10,1113,-0.6634694337844849,-0.39958661794662476,2
10,1114,1.321104884147644,0.8629084825515747,3
10,1115,1.8954412937164307,2.287203550338745,3
10,1116,1.2104763984680176,0.11486055701971054,1
10,1117,-4.205143928527832,-3.347043752670288,6
10,1118,-4.471923828125,-3.6137681007385254,4
10,1119,-1.567374587059021,-1.4549506902694702,2
10,1120,1.0124142169952393,0.7927502393722534,7
10,1121,1.6413391828536987,3.418397903442383,0
10,1122,-3.050135374069214,-1.4152147769927979,1
10,1123,-2.558839797973633,-3.459571599960327,6
10,1124,-4.329370498657227,-4.589568138122559,4
10,1125,-4.009664058685303,-5.181377410888672,4
10,1126,-4.281341075897217,-2.482252836227417,4
10,1127,-1.9938734769821167,1.6388574838638306,1
10,1128,-4.307949542999268,-1.6265238523483276,6
10,1129,-3.5991015434265137,-3.978492021560669,4
10,1130,-5.133534908294678,-3.030477523803711,6
10,1131,0.7814480662345886,3.6850571632385254,3
10,1132,-4.503329753875732,-1.5145071744918823,6
10,1133,-3.0110626220703125,-2.6418817043304443,6
10,1134,-4.122352600097656,-0.6671741604804993,1
10,1135,-0.5093581676483154,2.667130708694458,1
10,1136,-1.3046013116836548,2.5089449882507324,1
10,1137,0.7001070976257324,2.732818603515625,3
10,1138,-4.231473445892334,-3.1443841457366943,4
10,1139,-2.7959656715393066,1.9794836044311523,7
10,1140,-1.2824125289916992,1.969125747680664,1
10,1141,-3.2203071117401123,1.396662712097168,1
10,1142,-5.195630073547363,-4.112029075622559,6
10,1143,-3.3927204608917236,-2.8428211212158203,4
10,1144,-0.7588981986045837,2.2051897048950195,1
10,1145,0.5508115887641907,0.7383584976196289,3
10,1146,0.06775154173374176,1.8293633460998535,1
10,1147,-1.4594582319259644,1.4969453811645508,1
10,1148,-3.7321383953094482,-5.604673385620117,4
10,1149,-1.8072255849838257,1.0474514961242676,1
10,1150,2.0455315113067627,2.5585200786590576,3
10,1151,-5.106048107147217,-4.5461297035217285,4
10,1152,-5.614130973815918,-2.8429219722747803,6
10,1153,-0.021946623921394348,1.1906167268753052,3
10,1154,-2.8521900177001953,-2.395679235458374,6
10,1155,-4.739804744720459,-4.38064432144165,4
10,1156,-2.1615686416625977,-4.055773735046387,6
10,1157,-4.9033589363098145,-5.049576282501221,4
10,1158,-2.6753499507904053,-1.9150539636611938,2
10,1159,-2.108708381652832,-0.18801137804985046,1
10,1160,-1.3652982711791992,1.7657939195632935,1
10,1161,-0.7936946749687195,-1.2982693910598755,0
10,1162,-3.8301661014556885,-0.7111417055130005,1
10,1163,-3.833954095840454,-0.4485149383544922,1
10,1164,-0.31921690702438354,-1.3269115686416626,2
10,1165,-4.086440563201904,-1.504429578781128,6
10,1166,-1.9414716958999634,1.2827038764953613,1
10,1167,0.3413143754005432,3.1217756271362305,3
10,1168,1.1165944337844849,4.3139519691467285,3
10,1169,-5.172076225280762,-4.2014360427856445,6
10,1170,-1.4002108573913574,1.045145869255066,1
10,1171,-4.016110420227051,-2.1072564125061035,6
10,1172,-1.5693415403366089,0.3562096059322357,1
10,1173,-2.505415201187134,0.48190438747406006,1
10,1174,-4.0156073570251465,-1.424280047416687,6
10,1175,0.16544155776500702,3.0137135982513428,1
10,1176,-0.11488804221153259,1.7010337114334106,1
10,1177,-1.947140097618103,-0.88484126329422,2
10,1178,0.10764847695827484,2.403203248977661,1
10,1179,-1.8429415225982666,-0.29734355211257935,2
10,1180,0.8890445828437805,3.549741268157959,3
10,1181,-0.1519821286201477,1.706390619277954,1
10,1182,1.0437297821044922,1.7370187044143677,3
10,1183,0.053690239787101746,2.187788724899292,1
10,1184,-4.146429538726807,-1.662317156791687,6
10,1185,-3.291623830795288,-3.3798844814300537,4
10,1186,-2.4199745655059814,-1.8176716566085815,2
10,1187,-1.0963354110717773,1.1626962423324585,1
10,1188,1.491388201713562,3.7724344730377197,3
10,1189,-2.0367558002471924,-3.2339093685150146,6
10,1190,-1.5440104007720947,0.8944216370582581,1
10,1191,-3.353299617767334,-2.1757452487945557,6
10,1192,-3.72243332862854,-3.029237985610962,4
10,1193,-3.0262258052825928,-4.213089942932129,4
10,1194,-1.3665820360183716,-2.7760355472564697,1
10,1195,-3.4458281993865967,-4.8822550773620605,6
10,1196,-0.08888490498065948,-2.5436487197875977,2
10,1197,1.1730623245239258,2.163414716720581,3
10,1198,-0.6733333468437195,-1.718113660812378,2
10,1199,-1.5271053314208984,-4.197419166564941,6
10,1200,-1.6539602279663086,-1.1579862833023071,2
10,1201,-4.102906703948975,-1.408076524734497,6
10,1202,-1.519174337387085,-3.690845251083374,2
10,1203,-4.376986980438232,-2.5573570728302,6
10,1204,0.3040170669555664,1.883484959602356,3
10,1205,-3.863420248031616,-2.504917860031128,6
10,1206,0.9474013447761536,1.9453412294387817,3
10,1207,-1.727074384689331,0.10720133036375046,2
10,1208,-2.250627279281616,1.0176016092300415,7
10,1209,-1.8797210454940796,-1.0450321435928345,2
10,1210,-2.0971009731292725,0.6402708292007446,7
10,1211,-1.6958715915679932,0.6569313406944275,1
10,1212,-1.9571404457092285,-2.990741014480591,2
10,1213,-2.896031618118286,-1.294254183769226,6
10,1214,-4.838440418243408,-3.9158594608306885,4
10,1215,-1.6196560859680176,-1.3141107559204102,5
10,1216,-2.2032740116119385,-1.8146036863327026,2
10,1217,0.020995035767555237,1.8062490224838257,3
10,1218,0.15402407944202423,3.3958218097686768,3
10,1219,-1.6802213191986084,-1.2736443281173706,5
10,1220,-1.9107537269592285,-1.1352514028549194,5
10,1221,-4.8869948387146,-3.8842217922210693,4
10,1222,-3.5822160243988037,2.0637402534484863,0
10,1223,-2.3144588470458984,-3.1908271312713623,4
10,1224,-5.364108562469482,-2.9125123023986816,6
10,1225,-4.804971218109131,-0.4496440887451172,6
10,1226,-4.028619289398193,-2.876783609390259,6
10,1227,-3.9793474674224854,-2.0133769512176514,4
10,1228,-2.1631057262420654,-1.9256349802017212,2
10,1229,-0.5526647567749023,0.38032928109169006,1
10,1230,-1.3498382568359375,0.12232621759176254,2
10,1231,0.043625831604003906,2.6148135662078857,1
10,1232,-2.563946008682251,-1.7102833986282349,1
50,0,2.9813084602355957,3.8223965167999268,3
50,1,-1.405907154083252,-3.3181111812591553,6
50,2,1.269975185394287,2.68271803855896,3
50,3,-0.9626962542533875,-2.143188714981079,5
50,4,-2.5917491912841797,-3.0295050144195557,4
50,5,-0.9617027640342712,0.1692337691783905,2
50,6,-2.6175379753112793,-3.007950782775879,6
50,7,0.24364079535007477,2.305691719055176,1
50,8,-0.9711873531341553,-0.025277212262153625,1
50,9,-1.2637437582015991,-0.7456291913986206,2
50,10,-2.944361448287964,-3.4939608573913574,4
50,11,-0.7583568096160889,-0.4626433551311493,2
50,12,-0.6971219182014465,-2.0699496269226074,2
50,13,-0.2317911833524704,0.4013858139514923,2
50,14,-3.003103017807007,-2.078050374984741,2
50,15,-0.20330025255680084,1.0922825336456299,2
50,16,-0.814119279384613,1.7417725324630737,1
50,17,0.3750361204147339,1.4433510303497314,3
50,18,-4.0188798904418945,0.12675704061985016,6
50,19,-3.0419273376464844,-2.0892891883850098,4
50,20,0.10773847997188568,-1.2197492122650146,2
50,21,-7.20829439163208,1.437221646308899,5
50,22,-7.199497222900391,1.3341885805130005,5
50,23,1.5264605283737183,5.674195289611816,0
50,24,1.8121055364608765,2.5261309146881104,3
50,25,-1.740026831626892,0.4314506947994232,2
50,26,-0.7532604932785034,-1.039376139640808,2
50,27,-2.2632288932800293,-2.065716505050659,4
50,28,1.4945471286773682,2.3011248111724854,6
50,29,0.06210923194885254,0.9590317606925964,1
50,30,-2.1568119525909424,-2.1447622776031494,2
50,31,-1.2962582111358643,-0.3949306905269623,2
50,32,-3.2724294662475586,-0.7585135698318481,1
50,33,-3.1915929317474365,-4.058172225952148,4
50,34,-2.5717275142669678,-1.3379746675491333,6
50,35,-1.922730565071106,0.7268364429473877,1
50,36,-0.5787957906723022,-0.5362927913665771,2
50,37,0.12734179198741913,-0.1513855755329132,2
50,38,0.24622075259685516,-0.39408326148986816,1
50,39,-0.3693709969520569,-2.377373218536377,2
50,40,-2.667994737625122,-1.2970150709152222,1
50,41,0.5183517336845398,0.22443540394306183,0
50,42,-0.5323452353477478,-0.8312112092971802,2
50,43,-0.007873952388763428,-0.9907441139221191,2
50,44,-4.318164348602295,-2.0956881046295166,6
50,45,-1.7227685451507568,-0.7165707349777222,5
50,46,-0.84779953956604,0.3439784348011017,2
50,47,-4.486077785491943,-3.9452478885650635,4
50,48,-1.9557405710220337,-2.098768472671509,2
50,49,0.05242680013179779,1.66463303565979,1
50,50,-1.209635615348816,-0.3928590714931488,2
50,51,-0.84709632396698,-1.5562466382980347,2
50,52,0.17147178947925568,-0.339374840259552,1
50,53,-0.9402174949645996,-1.08511221408844,5
50,54,-1.6242104768753052,-0.6946462392807007,7
50,55,0.19532479345798492,-0.4327664375305176,1
50,56,-0.7956950068473816,-1.1852504014968872,2
50,57,-2.5683794021606445,1.7089074850082397,1
50,58,0.9738861322402954,2.874682903289795,1
50,59,-0.36564821004867554,1.2909611463546753,1
50,60,1.755806565284729,0.5000516772270203,1
50,61,1.9853829145431519,1.2144235372543335,3
50,62,2.0034868717193604,-0.5421479940414429,2
50,63,-3.9938905239105225,2.4420812129974365,5
50,64,-0.5989136695861816,4.14889669418335,6
50,65,1.8188248872756958,-0.07061450183391571,2
50,66,2.5690901279449463,1.6725407838821411,6
50,67,1.2710790634155273,-1.5217204093933105,2
50,68,-3.552290201187134,-2.895928144454956,6
50,69,-1.8280233144760132,-2.0769975185394287,5
50,70,-3.4514424800872803,-0.8164235353469849,6
50,71,0.2798771858215332,-0.9110933542251587,2
50,72,-0.17590683698654175,-0.6769219636917114,1
50,73,-0.509333610534668,-0.68787682056427,0
50,74,1.3575793504714966,2.4837522506713867,6
50,75,2.004500150680542,3.6087143421173096,3
50,76,-0.36260950565338135,0.31056705117225647,5
50,77,-0.4177367091178894,-1.5501326322555542,2
50,78,-3.064646005630493,-1.868342399597168,6
50,79,-1.1964067220687866,1.3321565389633179,1
50,80,-1.0640428066253662,1.4390026330947876,1
50,81,-0.6483055353164673,1.3736823797225952,1
50,82,-2.8926546573638916,-1.1801496744155884,0
50,83,-3.6460001468658447,-2.900590181350708,6
50,84,-1.828170895576477,-0.3993576169013977,2
50,85,1.028765320777893,1.542038917541504,3
50,86,-1.3839502334594727,0.48105084896087646,1
50,87,-0.3440898060798645,1.4437966346740723,1
50,88,2.028261184692383,2.7068710327148438,3
50,89,-0.549261748790741,-0.3411392569541931,2
50,90,0.4884779453277588,-0.19461022317409515,1
50,91,-0.06336455047130585,0.3893851935863495,5
50,92,-2.7936463356018066,-1.1204873323440552,6
50,93,-3.231714963912964,-1.1112676858901978,6
50,94,0.006388798356056213,-0.5564420223236084,1
50,95,-3.256265878677368,-2.5047571659088135,6
50,96,1.2046416997909546,3.2751760482788086,3
50,97,-2.857964038848877,-1.3225640058517456,6
50,98,0.015680477023124695,-1.6947367191314697,2
50,99,0.9741524457931519,0.16693998873233795,0
50,100,-1.154668927192688,-0.7187910676002502,5
50,101,0.35480159521102905,0.10573893040418625,2
50,102,0.24696211516857147,3.7466537952423096,1
50,103,-0.14598682522773743,-0.2441999763250351,2
50,104,0.4562312364578247,3.1304872035980225,3
50,105,-2.703122138977051,-2.0107243061065674,2
50,106,-0.7897850871086121,4.033136367797852,0
50,107,1.5446974039077759,1.1629210710525513,7
50,108,0.71666419506073,0.09691807627677917,3
50,109,-1.7668651342391968,-3.0743930339813232,6
50,110,0.082767054438591,-1.1377848386764526,5
50,111,-1.496338963508606,-3.2623984813690186,6
50,112,-0.20168714225292206,-0.9822869896888733,2
50,113,0.06232978403568268,3.635991334915161,1
50,114,-2.6420435905456543,1.8344212770462036,7
50,115,-0.9600669741630554,1.0139422416687012,1
50,116,0.06478515267372131,-2.0550785064697266,2
50,117,-1.4256858825683594,-0.9701306819915771,5
50,118,-0.4929543137550354,-1.482074499130249,2
50,119,-0.15966716408729553,-0.005238850601017475,2
50,120,-0.4104245901107788,-2.2152979373931885,5
50,121,-0.7959401607513428,-1.5588876008987427,2
50,122,-3.9655938148498535,-0.9360896348953247,6
50,123,-1.5378539562225342,-0.682121992111206,2
50,124,-0.9466809630393982,-0.5431000590324402,5
50,125,-0.5007737874984741,-0.32579469680786133,2
50,126,0.30738580226898193,2.4046614170074463,1
50,127,-0.9524688720703125,4.178055763244629,0
50,128,-2.1187832355499268,-1.3054887056350708,5
50,129,-4.661770343780518,-3.108344316482544,6
50,130,-2.7742233276367188,0.7467624545097351,7
50,131,0.13656072318553925,0.5553115606307983,2
50,132,0.4234527349472046,2.028123140335083,1
50,133,-0.48078691959381104,3.081807851791382,1
50,134,0.43523430824279785,3.481304883956909,1
50,135,-1.5540848970413208,-2.1731598377227783,2
50,136,-5.177583694458008,1.129972219467163,5
50,137,-3.1155126094818115,-1.7177040576934814,6
50,138,1.2448607683181763,1.7499908208847046,1
50,139,-0.9694156050682068,1.4226442575454712,1
50,140,-0.9630886316299438,0.16665498912334442,5
50,141,-0.27543210983276367,0.4259956181049347,1
50,142,-0.5570015907287598,-0.35577136278152466,2
50,143,-0.6870999336242676,-0.13082998991012573,5
50,144,0.6691374778747559,0.1356973648071289,1
50,145,-3.7264857292175293,-1.9897546768188477,6
50,146,1.4827440977096558,1.2265046834945679,1
50,147,-2.642970323562622,-1.7365576028823853,6
50,148,0.4491710662841797,1.6221452951431274,3
50,149,-2.325474500656128,-0.2925493121147156,7
50,150,-0.593478262424469,-1.7184802293777466,2
50,151,1.499351143836975,1.9240423440933228,1
50,152,0.5261369347572327,-0.13564999401569366,1
50,153,-1.0570398569107056,-1.0973871946334839,2
50,154,-1.781625509262085,-3.463423490524292,6
50,155,2.660383939743042,2.635606050491333,1
50,156,-6.173537731170654,1.4016605615615845,5
50,157,-2.043227195739746,0.011759462766349316,1
50,158,-2.7664296627044678,-2.3232810497283936,2
50,159,-1.5990558862686157,-0.9275350570678711,5
50,160,0.04991351068019867,-0.19801238179206848,2
50,161,2.3183250427246094,2.3915274143218994,3
50,162,-0.05874631181359291,1.0882759094238281,3
50,163,0.6855189800262451,0.6329530477523804,1
50,164,0.8656352162361145,-0.25519973039627075,0
50,165,2.067138433456421,1.146323561668396,1
50,166,-0.10206574946641922,-0.9839487075805664,2
50,167,-0.9530026912689209,0.7639097571372986,1
50,168,-1.9721574783325195,1.8628826141357422,1
50,169,-2.692121982574463,-3.0879695415496826,6
50,170,0.6161523461341858,3.891900062561035,1
50,171,0.29831618070602417,0.759444534778595,1
50,172,1.2803795337677002,2.6189920902252197,6
50,173,-0.3440898060798645,1.4437966346740723,1
50,174,-0.9600669741630554,1.0139422416687012,1
50,175,-1.0705761909484863,-0.5265024900436401,2
50,176,-2.766209602355957,-0.774183988571167,7
50,177,0.601597011089325,2.5959653854370117,1
50,178,-4.7355570793151855,-3.9690496921539307,4
50,179,-1.1569039821624756,-0.7156431078910828,5
50,180,-0.9600669741630554,1.0139422416687012,1
50,181,-1.5907212495803833,-0.27713850140571594,7
50,182,0.9954178333282471,2.9512250423431396,1
50,183,-3.0848031044006348,-0.7717084884643555,6
50,184,-3.124924898147583,-2.2906720638275146,6
50,185,-0.37538182735443115,0.6244243383407593,2
50,186,-0.6957484483718872,0.07873491942882538,2
50,187,-2.5573861598968506,-1.330710768699646,4
50,188,-0.4213027358055115,1.0439554452896118,1
50,189,0.5989546179771423,1.017325520515442,1
50,190,0.3370817303657532,1.1519614458084106,3
50,191,-0.42308276891708374,5.350089073181152,0
50,192,-2.506366729736328,-2.5121655464172363,4
50,193,-4.147249698638916,-3.0153143405914307,4
50,194,-5.403584003448486,-3.9039132595062256,4
50,195,-0.8893442749977112,-1.6571424007415771,5
50,196,-1.8101955652236938,-2.064432144165039,2
50,197,-0.16975761950016022,1.1385890245437622,2
50,198,0.26938533782958984,0.5706436038017273,1
50,199,-1.6950832605361938,4.244907379150391,0
50,200,-0.20059248805046082,1.1198971271514893,2
50,201,-0.1379644125699997,3.6049201488494873,1
50,202,0.12055379152297974,0.7977374196052551,1
50,203,1.360206961631775,1.2700940370559692,7
50,204,-6.648548603057861,-2.8658440113067627,4
50,205,2.0050199031829834,1.8838690519332886,6
50,206,2.5870165824890137,2.590634346008301,3
50,207,3.5549261569976807,2.494162082672119,3
50,208,1.6686122417449951,-2.102437734603882,5
50,209,0.8429577350616455,2.4530787467956543,1
50,210,-0.8224688172340393,-0.3383128345012665,0
50,211,1.495500922203064,0.6597597599029541,1
50,212,1.4415712356567383,-0.06447067856788635,2
50,213,0.4147770404815674,-0.575032651424408,2
50,214,-1.9092825651168823,-0.2507154047489166,5
50,215,-1.6017451286315918,-2.8196685314178467,0
50,216,1.98943293094635,3.3851425647735596,3
50,217,1.7746365070343018,3.781109571456909,3
50,218,0.5364348888397217,2.007702589035034,3
50,219,-2.899303436279297,1.4524953365325928,7
50,220,-1.3741110563278198,-3.813255786895752,6
50,221,0.9796844720840454,0.02955387905240059,2
50,222,1.2157821655273438,3.6772301197052,3
50,223,1.6926101446151733,5.169022560119629,0
50,224,1.1092671155929565,0.037324387580156326,0
50,225,1.631406307220459,0.2855491042137146,0
50,226,0.375643253326416,1.1278890371322632,1
50,227,0.8628014326095581,0.5054138898849487,1
50,228,-2.3145880699157715,0.9088619947433472,7
50,229,-1.3835506439208984,-0.604992151260376,2
50,230,0.1592933088541031,0.31673723459243774,1
50,231,2.5064923763275146,2.0801422595977783,1
50,232,1.1215378046035767,0.5016303658485413,1
50,233,0.5881725549697876,-0.13935567438602448,2
50,234,-2.2137794494628906,0.6019341945648193,1
50,235,0.5569233894348145,3.9093198776245117,3
50,236,-2.149785041809082,2.9377329349517822,0
50,237,2.142075300216675,3.963899850845337,3
50,238,0.8910689353942871,2.5750210285186768,3
50,239,-3.5850448608398438,-0.15692086517810822,6
50,240,-2.2985246181488037,0.42429569363594055,7
50,241,0.426871657371521,3.3807194232940674,1
50,242,2.760141611099243,2.336101531982422,3
50,243,0.41816699504852295,-0.1763266772031784,1
50,244,0.4234527349472046,2.028123140335083,1
50,245,-0.21658606827259064,2.2522685527801514,1
50,246,-0.6628798842430115,2.2520604133605957,1
50,247,0.1955282837152481,1.2928029298782349,3
50,248,-1.6248387098312378,1.4142918586730957,1
50,249,-0.5165239572525024,0.8054533004760742,2
50,250,2.3306262493133545,2.2036325931549072,1
50,251,-4.378833293914795,-2.1452460289001465,5
50,252,-2.1019160747528076,2.0962958335876465,1
50,253,-3.660078287124634,-0.9002765417098999,6
50,254,1.5868943929672241,2.1389944553375244,3
50,255,-2.17216420173645,2.1468310356140137,7
50,256,0.05028766393661499,-0.05952252075076103,1
50,257,-2.6805801391601562,-0.6411775350570679,7
50,258,-1.358632206916809,-0.7291319966316223,0
50,259,0.7910981774330139,0.09293151646852493,1
50,260,-2.7597386837005615,-1.22880220413208,1
50,261,1.8216716051101685,3.2473347187042236,3
50,262,0.08196921646595001,1.5865815877914429,3
50,263,-4.8865132331848145,0.8158525228500366,0
50,264,-1.076369047164917,1.8217601776123047,1
50,265,0.8912724256515503,3.533485174179077,3
50,266,-3.5342466831207275,-0.6734291315078735,6
50,267,0.8189737796783447,-0.39270490407943726,1
50,268,-0.505690336227417,0.04263877868652344,2
50,269,-0.9767147302627563,0.6151704788208008,1
50,270,-1.9447951316833496,0.6510778665542603,7
50,271,-4.504150867462158,-0.05533973500132561,6
50,272,0.9822374582290649,1.9167218208312988,3
50,273,0.6602550745010376,2.647764205932617,3
50,274,-0.85420161485672,1.6544853448867798,1
50,275,-3.793076276779175,-0.2605050206184387,6
50,276,-4.229173183441162,0.8277307748794556,1
50,277,-2.7127816677093506,1.6594754457473755,1
50,278,-1.6452544927597046,4.124353408813477,0
50,279,-1.1682133674621582,-0.9075993299484253,2
50,280,-0.8406544327735901,4.43214225769043,0
50,281,-0.3434903621673584,4.838946342468262,0
50,282,1.2143816947937012,2.569195032119751,6
50,283,-2.1631455421447754,-0.022945191711187363,7
50,284,0.35473090410232544,-0.831782877445221,2
50,285,1.334537386894226,-1.392973780632019,1
50,286,-0.6269475221633911,-1.669350028038025,2
50,287,1.5500253438949585,1.2289352416992188,3
50,288,-0.8705736994743347,5.346245765686035,0
50,289,-0.7288309335708618,5.307489395141602,0
50,290,2.8410749435424805,3.3859622478485107,3
50,291,-1.5429553985595703,5.384910583496094,0
50,292,0.8863698244094849,1.634482741355896,3
50,293,-3.880208969116211,-0.05047987028956413,6
50,294,0.6081935167312622,-0.007844475097954273,1
50,295,-2.2497754096984863,2.5487351417541504,7
50,296,-0.05874631181359291,1.0882759094238281,3
50,297,-0.46457380056381226,-2.2554874420166016,2
50,298,1.3054386377334595,1.0568698644638062,1
50,299,-4.2551493644714355,-4.598086833953857,4
50,300,-1.8386629819869995,-1.6606323719024658,5
50,301,-0.46961700916290283,0.9454903602600098,1
50,302,2.558156728744507,2.6967391967773438,1
50,303,1.5060139894485474,1.6785961389541626,3
50,304,2.0758087635040283,1.6152912378311157,3
50,305,1.3218611478805542,0.08195285499095917,1
50,306,1.8733106851577759,0.26367053389549255,0
50,307,2.4246578216552734,2.2804572582244873,3
50,308,-1.2699308395385742,3.658071517944336,0
50,309,-0.16966857016086578,0.1411018818616867,1
50,310,2.8545355796813965,2.4572501182556152,3
50,311,2.6722946166992188,0.6487794518470764,1
50,312,0.0013933181762695312,-0.7012628316879272,5
50,313,0.7825623154640198,2.275459051132202,1
50,314,0.12151749432086945,4.0790486335754395,3
50,315,0.22597749531269073,-0.6343109011650085,0
50,316,-0.4181513786315918,-0.847621500492096,2
50,317,1.4971550703048706,2.0336649417877197,1
50,318,0.05850048363208771,-1.5966840982437134,2
50,319,0.7275094985961914,-0.17842109501361847,2
50,320,0.023674175143241882,0.8710439205169678,2
50,321,0.6562195420265198,1.5239887237548828,3
50,322,-2.124471426010132,2.2414770126342773,7
50,323,-2.4335997104644775,-0.9935265779495239,7
50,324,3.843966007232666,2.182335615158081,1
50,325,2.858342409133911,2.821665048599243,3
50,326,3.6070668697357178,1.5937703847885132,3
50,327,2.456484317779541,-0.4926358163356781,2
50,328,-0.9443801641464233,7.166898727416992,0
50,329,2.3206851482391357,1.226611852645874,1
50,330,2.3947651386260986,0.030920688062906265,2
50,331,-0.17359058558940887,-3.5329296588897705,2
50,332,-1.5938981771469116,-4.216609001159668,6
50,333,-1.7944883108139038,-1.1627026796340942,7
50,334,1.8144418001174927,2.50880765914917,3
50,335,0.7583596706390381,0.47950348258018494,1
50,336,0.5317305326461792,0.2363264411687851,7
50,337,0.570719838142395,-0.6879401206970215,2
50,338,-0.5707087516784668,-0.13992273807525635,1
50,339,1.1029096841812134,1.5725990533828735,1
50,340,2.301274538040161,1.423587441444397,3
50,341,0.7346751093864441,-0.5392329692840576,1
50,342,0.14866317808628082,0.6001213788986206,1
50,343,1.3901468515396118,3.3113338947296143,3
50,344,0.4028826355934143,3.3919789791107178,1
50,345,0.6990852355957031,0.582075834274292,7
50,346,-2.761611223220825,-3.1292834281921387,6
50,347,-3.1728930473327637,0.5869183540344238,7
50,348,3.8242876529693604,2.792785882949829,3
50,349,3.094731330871582,2.0794034004211426,1
50,350,2.5856106281280518,-0.3229365050792694,0
50,351,3.369389772415161,1.9583669900894165,3
50,352,1.0414048433303833,-0.7895856499671936,0
50,353,1.4828555583953857,-1.3073445558547974,0
50,354,1.2516640424728394,0.9379529356956482,0
50,355,-1.1336920261383057,0.9801499843597412,1
50,356,-0.46961700916290283,0.9454903602600098,1
50,357,-1.5251598358154297,-4.082250595092773,6
50,358,-0.5578451752662659,-2.69425368309021,2
50,359,-1.4746581315994263,-2.565094232559204,5
50,360,-1.4997715950012207,-2.7511539459228516,2
50,361,1.826478362083435,0.7416468858718872,1
50,362,3.8883602619171143,2.352403402328491,3
50,363,1.6321837902069092,1.722256064414978,6
50,364,0.6309009790420532,0.7084232568740845,1
50,365,-1.209635615348816,-0.3928590714931488,2
50,366,0.8912724256515503,3.533485174179077,3
50,367,1.0720854997634888,4.432245254516602,3
50,368,1.322939157485962,1.342585802078247,7
50,369,1.0627875328063965,-1.0271779298782349,2
50,370,-0.47805291414260864,0.7149015665054321,2
50,371,-0.09432968497276306,2.211160182952881,7
50,372,-2.947093963623047,1.778274416923523,7
50,373,-0.09035808593034744,-0.8177394866943359,2
50,374,1.6396206617355347,1.3011218309402466,7
50,375,1.7543418407440186,0.5762923955917358,3
50,376,1.6741863489151,0.28593316674232483,2
50,377,-0.03270336985588074,-1.8732768297195435,2
50,378,0.8754123449325562,-1.088376522064209,2
50,379,0.04231381416320801,-0.8807913064956665,2
50,380,0.34022843837738037,0.507190465927124,2
50,381,-1.0117216110229492,-0.3137530982494354,2
50,382,-1.209635615348816,-0.3928590714931488,2
50,383,-0.9597302675247192,-3.004103899002075,6
50,384,-3.2465078830718994,-5.74123477935791,4
50,385,-3.833820343017578,-4.88586950302124,4
50,386,-4.717624187469482,0.6805513501167297,6
50,387,1.4171007871627808,4.1717529296875,3
50,388,-0.13209156692028046,-1.0882148742675781,2
50,389,2.5676887035369873,2.9120218753814697,3
50,390,2.133091688156128,5.370551109313965,3
50,391,1.070365071296692,5.5750579833984375,0
50,392,0.7634193897247314,2.704111337661743,3
50,393,0.9459356069564819,1.7655264139175415,1
50,394,-0.9863766431808472,-1.041280746459961,5
50,395,2.2147490978240967,2.2337777614593506,3
50,396,2.038447141647339,-0.18001027405261993,3
50,397,-3.3699424266815186,-3.6919620037078857,4
50,398,-2.389669895172119,-4.059990882873535,6
50,399,2.2525408267974854,2.121558427810669,3
50,400,1.6376780271530151,1.7794121503829956,3
50,401,-0.8066239953041077,-1.0923278331756592,5
50,402,1.139691710472107,1.040601134300232,1
50,403,-0.05939958617091179,-0.48453012108802795,1
50,404,-0.9147812128067017,-2.05722975730896,5
50,405,-1.863935112953186,-3.044999361038208,4
50,406,0.38133442401885986,-2.1824734210968018,2
50,407,-1.3336907625198364,-3.6173737049102783,5
50,408,1.8287461996078491,-1.0089601278305054,2
50,409,3.9359662532806396,2.3339478969573975,3
50,410,3.5674660205841064,4.022473335266113,3
50,411,-0.7096400260925293,5.460463523864746,0
50,412,-0.9123783111572266,-1.81143057346344,2
50,413,-1.1255213022232056,3.8831210136413574,0
50,414,-1.003739595413208,-1.2303845882415771,5
50,415,-0.5165239572525024,0.8054533004760742,2
50,416,-2.9934892654418945,-0.7046968936920166,6
50,417,-3.003161668777466,-1.6426297426223755,6
50,418,-0.37270259857177734,-4.098140716552734,5
50,419,0.1845911294221878,7.032048225402832,0
50,420,1.8937543630599976,2.26023006439209,3
50,421,1.1375517845153809,0.5229215621948242,1
50,422,-1.8046979904174805,-1.7866379022598267,5
50,423,1.7529942989349365,2.709886312484741,3
50,424,-5.50401496887207,-3.6562705039978027,4
50,425,0.3806912302970886,-1.1010034084320068,1
50,426,-0.6103233098983765,-1.065703272819519,2
50,427,1.2500394582748413,-0.005796891637146473,2
50,428,3.7178196907043457,1.8564848899841309,3
50,429,2.2635488510131836,0.2658098042011261,3
50,430,1.555843710899353,-0.5411763191223145,2
50,431,3.498870372772217,1.7106953859329224,3
50,432,4.218970775604248,3.928922653198242,3
50,433,2.7440731525421143,3.6727895736694336,3
50,434,0.47206294536590576,2.6588261127471924,1
50,435,0.7459391951560974,-0.2348400354385376,1
50,436,0.09417746961116791,4.11721134185791,3
50,437,0.9191149473190308,4.522132396697998,3
50,438,-3.1575136184692383,1.6624675989151,1
50,439,1.1235718727111816,3.1270697116851807,3
50,440,1.253980040550232,2.2345023155212402,3
50,441,2.0904927253723145,0.37913960218429565,1
50,442,0.8531018495559692,0.32465311884880066,1
50,443,1.9009753465652466,4.421810626983643,3
50,444,-1.5153062343597412,-1.462187647819519,5
50,445,-2.154376745223999,-2.385535955429077,6
50,446,-1.0640077590942383,-1.1459459066390991,5
50,447,0.07419364154338837,3.586888313293457,1
50,448,2.287959575653076,1.5452228784561157,3
50,449,1.5030698776245117,0.20053260028362274,1
50,450,-0.15157651901245117,-2.3459055423736572,5
50,451,1.708991527557373,0.2732051908969879,0
50,452,1.8500608205795288,4.489960670471191,3
50,453,2.379072904586792,3.9892923831939697,3
50,454,-0.40403443574905396,0.3201735019683838,7
50,455,-3.37322735786438,-2.5298972129821777,6
50,456,1.762709140777588,0.5524675846099854,1
50,457,2.121450185775757,4.965270519256592,3
50,458,-0.3483666777610779,-0.8244186043739319,2
50,459,0.6736230850219727,2.2433226108551025,3
50,460,-0.28378862142562866,1.1432420015335083,1
50,461,0.5999225974082947,0.5621830821037292,0
50,462,-0.8942148089408875,1.324267029762268,1
50,463,1.2099190950393677,1.6089364290237427,3
50,464,-2.62939715385437,1.3611303567886353,7
50,465,-0.8836281895637512,2.0304512977600098,1
50,466,-1.6923962831497192,-1.8061069250106812,2
50,467,0.3083239793777466,-0.991206169128418,2
50,468,-0.5430076718330383,-3.11594557762146,6
50,469,-0.9775980710983276,-1.8292810916900635,2
50,470,4.529815196990967,4.886586666107178,3
50,471,-4.334681034088135,-0.3190445899963379,6
50,472,-3.8236806392669678,-1.4416855573654175,6
50,473,0.952561616897583,0.2643924653530121,3
50,474,2.107394218444824,1.2388936281204224,6
50,475,1.7405935525894165,1.8237046003341675,3
50,476,1.3011785745620728,2.308107376098633,1
50,477,1.7863749265670776,1.5098744630813599,1
50,478,-1.9312187433242798,1.045902132987976,1
50,479,0.22085370123386383,2.6739261150360107,1
50,480,-0.23090492188930511,-0.5643874406814575,1
50,481,-0.714167594909668,-2.2759084701538086,5
50,482,-2.7460343837738037,2.023418426513672,7
50,483,0.5723403692245483,-1.2726517915725708,2
50,484,3.8710625171661377,2.9332916736602783,3
50,485,2.121074914932251,1.7038084268569946,3
50,486,2.0411131381988525,2.850518226623535,3
50,487,0.618582010269165,3.8276073932647705,1
50,488,0.9645702838897705,2.054543972015381,1
50,489,1.315428376197815,1.973928689956665,7
50,490,-1.070102334022522,0.24960863590240479,2
50,491,-0.20330025255680084,1.0922825336456299,2
50,492,-1.5876518487930298,3.5240120887756348,3
50,493,-0.6034221649169922,1.8368278741836548,1
50,494,-0.5474184155464172,-0.9367682933807373,2
50,495,-1.1890259981155396,-0.6134563684463501,2
50,496,-0.20987175405025482,5.548046112060547,0
50,497,-1.3745330572128296,3.665921926498413,7
50,498,1.4535878896713257,1.1449800729751587,3
50,499,4.188140869140625,4.401252746582031,3
50,500,0.26552724838256836,2.346329927444458,1
50,501,-0.46961700916290283,0.9454903602600098,1
50,502,0.6711905002593994,0.9833483695983887,3
50,503,1.0238615274429321,0.29066064953804016,0
50,504,1.9165877103805542,1.897627353668213,1
50,505,-1.438942790031433,-1.2454978227615356,5
50,506,-1.1415518522262573,-1.4147276878356934,2
50,507,1.401502251625061,1.079802393913269,1
50,508,1.724974513053894,1.1737638711929321,1
50,509,1.8047093152999878,2.477567434310913,3
50,510,2.520113229751587,3.578976631164551,1
50,511,-1.7751294374465942,0.45241203904151917,1
50,512,-1.950804591178894,-0.5708138346672058,2
50,513,-1.263403296470642,-0.9906167984008789,5
50,514,1.5253621339797974,2.7376792430877686,3
50,515,2.606851816177368,4.0519514083862305,3
50,516,0.3520452380180359,0.25498688220977783,5
50,517,-3.77740478515625,-1.5535515546798706,6
50,518,0.07419364154338837,3.586888313293457,1
50,519,-1.2958208322525024,0.25790590047836304,7
50,520,0.08539636433124542,-1.2522037029266357,2
50,521,2.307117462158203,2.6771233081817627,3
50,522,-2.6355152130126953,-2.27836537361145,6
50,523,2.3841540813446045,2.6297852993011475,3
50,524,-2.022005319595337,0.8552274703979492,1
50,525,-2.156660795211792,0.44472309947013855,7
50,526,-0.707473635673523,-1.7047865390777588,2
50,527,1.6156567335128784,4.699488639831543,3
50,528,0.8036776781082153,5.41484260559082,3
50,529,1.4621073007583618,-0.1357361376285553,2
50,530,2.896484375,4.925885200500488,3
50,531,-0.8292708396911621,-2.3939030170440674,2
50,532,1.1007236242294312,0.3982272744178772,1
50,533,-0.2626990079879761,6.175418853759766,0
50,534,-3.061004400253296,-2.3907570838928223,6
50,535,1.4311461448669434,0.6720893383026123,1
50,536,1.3973705768585205,1.765898585319519,1
50,537,-0.0938868522644043,-0.43202733993530273,2
50,538,-4.06050443649292,-1.6472357511520386,6
50,539,-1.2327650785446167,-2.8852574825286865,6
50,540,-0.7022448778152466,-2.4990394115448,2
50,541,-1.6060692071914673,-3.5357754230499268,6
50,542,3.5164597034454346,3.498009443283081,3
50,543,2.7659852504730225,3.3003222942352295,3
50,544,-3.2058684825897217,-1.8851391077041626,6
50,545,-0.8578346967697144,0.8060190081596375,1
50,546,0.7396731376647949,2.3292665481567383,7
50,547,-1.2950960397720337,2.0320277214050293,1
50,548,-0.9209167957305908,2.280144453048706,1
50,549,-1.0427706241607666,2.872112512588501,1
50,550,1.185123085975647,0.8925768733024597,7
50,551,-0.8942148089408875,1.324267029762268,1
50,552,-1.2487717866897583,0.8502328991889954,1
50,553,-0.2568795084953308,0.6833820343017578,7
50,554,-2.0045149326324463,-2.5092995166778564,4
50,555,-2.58166241645813,-4.48689603805542,4
50,556,-3.1637656688690186,-3.1201462745666504,4
50,557,0.8329706192016602,0.8689203858375549,2
50,558,0.24395175278186798,2.0181028842926025,1
50,559,1.4348539113998413,3.4472973346710205,1
50,560,-1.4874467849731445,2.456141471862793,1
50,561,-2.3144333362579346,1.0187594890594482,7
50,562,-2.4105441570281982,-3.591566324234009,4
50,563,-0.33171677589416504,4.447470664978027,0
50,564,1.0349087715148926,4.041595458984375,3
50,565,1.2036584615707397,0.7949564456939697,1
50,566,1.6638981103897095,1.2912784814834595,3
50,567,1.425557017326355,-0.15405064821243286,1
50,568,-0.9337109327316284,-2.597259283065796,1
50,569,-0.08322063088417053,-2.3219826221466064,2
50,570,-1.8290060758590698,-1.8054590225219727,5
50,571,-0.045885853469371796,0.9155730605125427,2
50,572,-0.4035959839820862,-0.25411877036094666,1
50,573,1.872784972190857,2.003445625305176,3
50,574,0.7469851970672607,0.3505062162876129,2
50,575,1.5817242860794067,3.4294965267181396,1
50,576,-2.801009178161621,1.6783493757247925,7
50,577,-2.0327107906341553,0.7015720009803772,1
50,578,1.8303285837173462,0.9103995561599731,1
50,579,0.8264868855476379,0.24201111495494843,2
50,580,2.453137159347534,0.8552812337875366,1
50,581,-0.42636412382125854,-2.2686102390289307,2
50,582,1.0872398614883423,0.0423138327896595,0
50,583,-0.9664798974990845,5.355691909790039,0
50,584,-2.702561378479004,-2.7788586616516113,6
50,585,1.4621998071670532,0.3202436566352844,1
50,586,-0.3598141074180603,4.838788986206055,0
50,587,-0.3518483638763428,1.1384739875793457,1
50,588,0.3777363896369934,2.7374911308288574,1
50,589,0.521091639995575,2.5823233127593994,1
50,590,0.43523430824279785,3.481304883956909,1
50,591,-1.721713900566101,0.6295881867408752,1
50,592,0.8557335138320923,-1.1369072198867798,2
50,593,1.2297468185424805,1.3214704990386963,3
50,594,-3.5102407932281494,-0.728667676448822,6
50,595,-0.8374996185302734,0.5536726713180542,1
50,596,-0.48878419399261475,-1.4341155290603638,2
50,597,-1.2880096435546875,-3.0697619915008545,6
50,598,2.133110523223877,2.5269458293914795,3
50,599,-2.2740132808685303,2.553130865097046,1
50,600,-1.1128422021865845,1.0786000490188599,1
50,601,-2.2512054443359375,-2.66217041015625,4
50,602,0.7886937856674194,-0.3068360388278961,1
50,603,-1.3441972732543945,-1.1369831562042236,5
50,604,0.942400336265564,-0.304411381483078,2
50,605,1.9519883394241333,-0.740667462348938,0
50,606,1.8096014261245728,1.1293071508407593,3
50,607,-4.529645919799805,1.2256089448928833,5
50,608,-0.8451853394508362,0.5981022119522095,1
50,609,-0.8990291357040405,0.9323660731315613,1
50,610,-1.0669885873794556,-3.20985746383667,6
50,611,2.6094777584075928,2.6186683177948,3
50,612,0.3632412552833557,-0.529356062412262,1
50,613,0.8133792281150818,-0.37548741698265076,0
50,614,2.5476083755493164,3.7342684268951416,3
50,615,-1.3985217809677124,-3.190629243850708,6
50,616,-0.643407940864563,-1.1332513093948364,2
50,617,1.3771790266036987,2.4817025661468506,6
50,618,-0.03634386509656906,0.8649188876152039,2
50,619,-0.5069988369941711,2.6184799671173096,1
50,620,-0.9524205923080444,3.9482126235961914,7
50,621,-0.8694132566452026,1.4518405199050903,1
50,622,0.25274306535720825,-2.664184331893921,2
50,623,-6.125360012054443,1.9929234981536865,5
50,624,-2.7096927165985107,-2.431868076324463,2
50,625,-1.1994131803512573,-1.1303045749664307,2
50,626,-3.220578193664551,-1.835820198059082,1
50,627,-2.050884485244751,2.393230676651001,7
50,628,-4.030393600463867,0.3211010694503784,6
50,629,0.700951099395752,0.11429663747549057,1
50,630,-0.6230804324150085,-0.45624977350234985,2
50,631,-0.9864699840545654,2.4194822311401367,1
50,632,-0.8456496596336365,-0.5254622101783752,0
50,633,-1.810397982597351,-1.788381814956665,2
50,634,-0.2500755786895752,0.8377553224563599,1
50,635,0.7380284667015076,1.951459288597107,3
50,636,-0.3897281289100647,0.3407747447490692,2
50,637,-4.966845989227295,-0.27849408984184265,4
50,638,-1.597617268562317,-0.46550503373146057,2
50,639,-0.46961700916290283,0.9454903602600098,1
50,640,-1.6401383876800537,1.5920281410217285,1
50,641,-2.5270321369171143,-3.9135353565216064,6
50,642,-2.315020799636841,-3.65195894241333,6
50,643,2.3841540813446045,2.6297852993011475,3
50,644,-0.31981050968170166,1.5818761587142944,1
50,645,2.5054378509521484,2.5993363857269287,1
50,646,1.8458679914474487,3.5840089321136475,3
50,647,-0.8966348171234131,3.6906418800354004,7
50,648,-0.2337806075811386,2.1362695693969727,1
50,649,-0.8473879098892212,-0.1282142996788025,2
50,650,1.1752747297286987,3.7602522373199463,3
50,651,1.5725255012512207,4.378169059753418,3
50,652,1.1635377407073975,2.443769693374634,3
50,653,-0.4830959439277649,0.18827399611473083,2
50,654,-2.078516960144043,-0.15298984944820404,7
50,655,1.2650736570358276,1.4316805601119995,1
50,656,2.2570061683654785,2.9376187324523926,3
50,657,-2.5781614780426025,-3.4403445720672607,6
50,658,-0.2770136892795563,2.053361177444458,1
50,659,0.4822026491165161,0.5466377139091492,7
50,660,1.3838684558868408,0.9413613677024841,1
50,661,-3.6958553791046143,-3.363557815551758,4
50,662,-1.1887006759643555,2.9657909870147705,1
50,663,0.9597378969192505,3.841355085372925,3
50,664,-2.433037042617798,1.2978297472000122,7
50,665,-2.3062398433685303,1.2371299266815186,7
50,666,-0.5242462754249573,1.9423612356185913,1
50,667,-1.721713900566101,0.6295881867408752,1
50,668,-1.1320122480392456,1.8016345500946045,1
50,669,-0.3144051730632782,-1.4556211233139038,2
50,670,-0.2712850570678711,-1.0522910356521606,2
50,671,-0.9242733716964722,-2.707310438156128,2
50,672,-2.3330812454223633,-2.585696220397949,5
50,673,-2.3702282905578613,0.7083685994148254,7
50,674,-3.4013161659240723,-3.784445285797119,4
50,675,-3.600344181060791,-2.4515483379364014,6
50,676,-0.8042912483215332,3.697291851043701,0
50,677,-1.3000411987304688,2.6203348636627197,1
50,678,-0.8451853394508362,0.5981022119522095,1
50,679,0.9645702838897705,2.054543972015381,1
50,680,-4.512472629547119,-0.2886650860309601,6
50,681,1.387227177619934,2.871607542037964,3
50,682,0.009517863392829895,-1.4457228183746338,1
50,683,0.612952709197998,4.441526412963867,3
50,684,-0.4035959839820862,-0.25411877036094666,1
50,685,-0.019920319318771362,-2.0050480365753174,7
50,686,0.6393252611160278,1.4080201387405396,7
50,687,-2.545675277709961,1.8322323560714722,7
50,688,2.9121253490448,2.9295434951782227,1
50,689,-3.325688600540161,-1.1640918254852295,6
50,690,-2.6522977352142334,0.0013665435835719109,7
50,691,-2.3722469806671143,-0.7356573343276978,5
50,692,1.398105263710022,0.6781483888626099,1
50,693,0.9650089740753174,0.09775735437870026,1
50,694,0.7801284790039062,0.7654499411582947,1
50,695,-0.31328636407852173,4.289305686950684,3
50,696,0.920029878616333,3.306223154067993,1
50,697,-0.7071646451950073,-1.8649367094039917,2
50,698,-1.094122290611267,3.248770236968994,1
50,699,-4.36850643157959,-2.6712849140167236,4
50,700,-2.8784053325653076,1.1344823837280273,7
50,701,0.9673705101013184,0.42577576637268066,1
50,702,-0.18025968968868256,4.756576061248779,0
50,703,-3.2965075969696045,-0.2858792245388031,7
50,704,2.5967891216278076,2.528834342956543,1
50,705,0.8002371191978455,-0.057066719979047775,1
50,706,-0.89505934715271,-2.672663688659668,7
50,707,-2.1438844203948975,3.5808045864105225,0
50,708,-1.2950059175491333,3.6523916721343994,7
50,709,1.2986339330673218,0.6088019609451294,1
50,710,1.8910330533981323,0.8798384070396423,1
50,711,3.1448538303375244,4.778349876403809,3
50,712,0.43523430824279785,3.481304883956909,1
50,713,-1.156022548675537,1.4976378679275513,1
50,714,-3.6442410945892334,0.05384792760014534,7
50,715,2.714674949645996,3.0897481441497803,3
50,716,2.1182751655578613,4.37858247756958,3
50,717,0.2608305811882019,0.7239065170288086,2
50,718,-1.597990870475769,-2.447225332260132,2
50,719,-1.8769854307174683,-1.8199559450149536,4
50,720,-2.297799825668335,-0.30777689814567566,7
50,721,-1.2901551723480225,-0.08835604041814804,7
50,722,0.5913059711456299,0.504016637802124,1
50,723,3.0959815979003906,5.394851207733154,0
50,724,0.5480920672416687,4.172702789306641,0
50,725,1.3344320058822632,1.1029632091522217,7
50,726,2.318157911300659,2.6290931701660156,3
50,727,-0.10327303409576416,2.2739553451538086,1
50,728,0.42760682106018066,0.06353511661291122,1
50,729,-0.5266396403312683,3.415501117706299,1
50,730,-2.9824700355529785,0.7279635667800903,7
50,731,0.6849638223648071,0.22721745073795319,1
50,732,1.207206130027771,1.9490970373153687,6
50,733,-2.3753788471221924,1.851867437362671,1
50,734,-2.568915843963623,-3.099727153778076,1
50,735,0.3604256510734558,1.7814208269119263,1
50,736,-3.499242067337036,-2.066344976425171,6
50,737,-3.9427735805511475,-2.0650131702423096,6
50,738,-2.319611072540283,-3.2415249347686768,6
50,739,1.783765196800232,1.3920499086380005,3
50,740,1.7239208221435547,3.0452682971954346,1
50,741,2.62441086769104,3.0417115688323975,3
50,742,2.5987322330474854,4.000329971313477,3
50,743,2.063316583633423,2.444943904876709,6
50,744,0.5986776351928711,0.12486672401428223,7
50,745,1.2839568853378296,2.607306480407715,6
50,746,-0.21658606827259064,2.2522685527801514,1
50,747,-0.6525441408157349,2.4825291633605957,1
50,748,-1.993262529373169,-2.358518600463867,5
50,749,1.2872610092163086,2.2710702419281006,4
50,750,1.7548900842666626,3.808751344680786,3
50,751,2.935262441635132,3.0334360599517822,1
50,752,1.220901608467102,1.6333919763565063,1
50,753,-1.009017825126648,0.9898400902748108,1
50,754,-2.219313144683838,2.0491671562194824,7
50,755,-0.8658767938613892,0.9598089456558228,1
50,756,-1.9201853275299072,-3.716130256652832,6
50,757,-2.5761983394622803,-3.6493020057678223,6
50,758,-0.165434792637825,2.3342134952545166,1
50,759,-1.1726559400558472,2.1758406162261963,1
50,760,-1.9493533372879028,1.1236603260040283,1
50,761,0.8027017116546631,4.195759296417236,3
50,762,-0.24619467556476593,2.1946141719818115,1
50,763,0.4355999231338501,2.750481128692627,1
50,764,0.19426922500133514,-0.004351903684437275,1
50,765,1.0183420181274414,2.922224760055542,1
50,766,-3.3666274547576904,-1.5131945610046387,6
50,767,-4.410152912139893,-4.215241432189941,4
50,768,0.996171236038208,0.9213603138923645,1
50,769,-3.989719867706299,-3.2753703594207764,4
50,770,1.178579568862915,0.6238242387771606,1
50,771,-0.8898835778236389,2.026332139968872,1
50,772,-2.892538547515869,-2.759535074234009,6
50,773,1.1672946214675903,0.5014132857322693,7
50,774,-3.5864462852478027,-0.09580497443675995,6
50,775,-2.6049563884735107,-0.6293206214904785,7
50,776,-1.9776612520217896,-3.5856425762176514,6
50,777,-3.8460140228271484,0.8962828516960144,7
50,778,0.3072357177734375,0.7788105010986328,1
50,779,1.3417049646377563,2.2103421688079834,6
50,780,-4.088969707489014,0.8310103416442871,7
50,781,-2.3602163791656494,1.1596511602401733,1
50,782,1.877686619758606,1.8888907432556152,3
50,783,-2.1866679191589355,2.3141930103302,7
50,784,0.9785356521606445,1.7942266464233398,3
50,785,3.3551571369171143,3.188911199569702,3
50,786,-2.538783311843872,0.8600804209709167,7
50,787,1.3595173358917236,1.0631794929504395,1
50,788,2.386263608932495,3.6705539226531982,1
50,789,-0.5892643928527832,2.5881545543670654,1
50,790,0.07093943655490875,0.9814004898071289,1
50,791,-4.2491841316223145,1.4587308168411255,7
50,792,-1.5458046197891235,-0.7940335273742676,2
50,793,-4.10545539855957,-1.0657482147216797,6
50,794,1.3724175691604614,1.76115882396698,6
50,795,-1.1887006759643555,2.9657909870147705,1
50,796,-2.1943199634552,-0.6036726236343384,7
50,797,0.2066437155008316,1.889461874961853,1
50,798,1.0933998823165894,2.6127302646636963,1
50,799,0.3950158953666687,-0.039270635694265366,1
50,800,1.1716225147247314,2.318617820739746,3
50,801,-0.435516893863678,1.1156138181686401,7
50,802,-0.5393671989440918,3.4432551860809326,1
50,803,1.5817242860794067,3.4294965267181396,1
50,804,-0.8573172092437744,2.2797000408172607,1
50,805,-4.196648120880127,0.6477032899856567,6
50,806,-3.5466668605804443,-2.012101888656616,6
50,807,1.1197696924209595,3.3708043098449707,1
50,808,2.0411977767944336,3.625749111175537,3
50,809,-4.628958225250244,-2.288067102432251,4
50,810,-0.435516893863678,1.1156138181686401,7
50,811,1.275673747062683,0.920640766620636,1
50,812,3.3520617485046387,3.3281595706939697,3
50,813,0.32371026277542114,0.30570200085639954,1
50,814,-6.453951358795166,1.292770266532898,5
50,815,-5.425110816955566,-2.850982904434204,4
50,816,1.7424989938735962,1.7905148267745972,3
50,817,-2.0514252185821533,1.3544597625732422,1
50,818,-3.6550633907318115,1.5040725469589233,5
50,819,0.14943470060825348,-0.840085506439209,1
50,820,-0.963978111743927,-0.3208862245082855,2
50,821,1.2154556512832642,3.6160666942596436,3
50,822,-0.05874631181359291,1.0882759094238281,3
50,823,0.2889556884765625,1.9215898513793945,3
50,824,-2.6877200603485107,0.5790236592292786,1
50,825,-0.9243892431259155,0.8851627111434937,1
50,826,0.5392646193504333,1.348070740699768,1
50,827,-4.5237908363342285,-3.6969213485717773,4
50,828,-7.403983116149902,1.273652195930481,5
50,829,-4.517665863037109,-2.016958713531494,6
50,830,2.0077407360076904,2.2861721515655518,1
50,831,1.9641972780227661,3.2884809970855713,3
50,832,-1.9393459558486938,-1.8548475503921509,2
50,833,-5.259385585784912,1.1783177852630615,5
50,834,-0.9243892431259155,0.8851627111434937,1
50,835,0.8312700986862183,0.7530975341796875,1
50,836,-0.8303141593933105,1.001663327217102,1
50,837,-1.127078652381897,-0.6634501218795776,2
50,838,-3.727949857711792,0.06603695452213287,6
50,839,1.891394019126892,2.0815038681030273,6
50,840,-5.086571216583252,1.6347429752349854,5
50,841,-0.37088334560394287,3.158188819885254,1
50,842,-5.2873148918151855,-0.1644519418478012,4
50,843,-1.7150179147720337,3.80586576461792,0
50,844,-0.5435890555381775,3.14058518409729,1
50,845,0.9493694305419922,3.493140935897827,3
50,846,0.5709375143051147,2.2535243034362793,3
50,847,2.1281659603118896,3.491676092147827,3
50,848,1.9652460813522339,3.720489978790283,3
50,849,2.1334118843078613,2.4930360317230225,3
50,850,2.22231388092041,3.0858285427093506,1
50,851,-1.8989046812057495,1.0031789541244507,1
50,852,-3.586106300354004,1.6080307960510254,1
50,853,-1.3014572858810425,0.408149391412735,2
50,854,-5.357424259185791,-3.6831438541412354,4
50,855,0.6701123118400574,-0.4631595015525818,1
50,856,1.3547074794769287,1.8036470413208008,3
50,857,0.8912724256515503,3.533485174179077,3
50,858,1.8049017190933228,2.2627365589141846,3
50,859,3.127643346786499,3.100412130355835,3
50,860,3.032362699508667,2.7885544300079346,3
50,861,1.7520030736923218,2.6938278675079346,3
50,862,-0.02418334037065506,0.025162089616060257,2
50,863,0.8895530104637146,-0.12243799865245819,1
50,864,1.913669228553772,2.7804572582244873,3
50,865,3.5290122032165527,3.2131011486053467,3
50,866,1.9865988492965698,2.0019195079803467,1
50,867,0.3635416030883789,-1.0649815797805786,6
50,868,1.384028673171997,1.6907697916030884,3
50,869,-1.5948442220687866,-2.756923198699951,4
50,870,1.256752371788025,1.5490224361419678,3
50,871,0.24274827539920807,3.8214316368103027,1
50,872,-4.04564905166626,0.33800551295280457,6
50,873,2.0972766876220703,3.786271810531616,3
50,874,-2.3786089420318604,-3.897416591644287,6
50,875,-2.7723991870880127,-2.959871530532837,6
50,876,0.700181782245636,2.6561999320983887,3
50,877,0.252291202545166,3.869591474533081,1
50,878,1.425819993019104,3.271494150161743,3
50,879,-3.0798962116241455,1.1415375471115112,1
50,880,-0.27701473236083984,-1.983411192893982,2
50,881,-4.411050796508789,-2.1887238025665283,4
50,882,-4.29295539855957,0.16218431293964386,6
50,883,2.444408893585205,4.417233943939209,3
50,884,0.273906409740448,1.06493079662323,1
50,885,1.7529877424240112,3.2831499576568604,1
50,886,0.6741591095924377,1.7782922983169556,1
50,887,1.357138752937317,1.772180199623108,3
50,888,2.9714114665985107,3.6734426021575928,3
50,889,1.9652460813522339,3.720489978790283,3
50,890,1.372169852256775,1.8141732215881348,1
50,891,1.054589867591858,0.8135111331939697,1
50,892,-0.963978111743927,-0.3208862245082855,2
50,893,0.024329185485839844,1.9201160669326782,1
50,894,1.435281753540039,-0.6374253630638123,1
50,895,2.3093011379241943,3.308685064315796,3
50,896,-4.609950065612793,1.2048918008804321,1
50,897,-2.1172478199005127,1.1151715517044067,7
50,898,-3.4481730461120605,0.21784447133541107,1
50,899,0.2646535634994507,-1.2230020761489868,1
50,900,-0.46417421102523804,4.798210144042969,0
50,901,-0.30491217970848083,-0.10539447516202927,2
50,902,0.8802605867385864,0.40619680285453796,0
50,903,1.3348139524459839,4.969527721405029,0
50,904,-1.7730332612991333,3.4165842533111572,7
50,905,1.8238929510116577,3.1542348861694336,1
50,906,0.24364079535007477,2.305691719055176,1
50,907,2.8969051837921143,3.0238125324249268,3
50,908,0.8540167808532715,0.5960714817047119,6
50,909,-0.31010884046554565,-0.2009018510580063,1
50,910,0.48385244607925415,-0.09940925985574722,1
50,911,0.9247692823410034,0.2627537250518799,1
50,912,0.49479734897613525,-0.11271024495363235,1
50,913,1.059598684310913,3.604429006576538,3
50,914,-4.381042003631592,0.5690755844116211,1
50,915,-2.4095189571380615,-2.2155699729919434,2
50,916,-2.858583450317383,0.18973849713802338,7
50,917,-0.05031229183077812,-0.6278741359710693,1
50,918,0.9892051219940186,0.1414712518453598,1
50,919,1.2746914625167847,0.8699886202812195,3
50,920,0.47190725803375244,1.7710084915161133,3
50,921,2.7928836345672607,4.049025058746338,3
50,922,2.787569284439087,2.9475884437561035,3
50,923,0.6788094639778137,1.8616491556167603,3
50,924,1.6921582221984863,1.468830943107605,1
50,925,-2.565049171447754,-0.31240513920783997,7
50,926,-1.8689647912979126,-0.3870880901813507,5
50,927,-4.3408379554748535,1.086077094078064,5
50,928,-2.011021614074707,1.483217716217041,1
50,929,-3.029553174972534,1.0289738178253174,1
50,930,-1.2555547952651978,2.7971127033233643,1
50,931,-3.495025634765625,1.5732002258300781,7
50,932,-7.232523441314697,1.3817826509475708,5
50,933,-6.736937999725342,2.9311444759368896,5
50,934,-1.4998260736465454,0.6240487694740295,5
50,935,-2.8624331951141357,-1.9541062116622925,7
50,936,0.12094862759113312,-0.8334661722183228,5
50,937,0.8665831089019775,0.07822918891906738,1
50,938,-0.3596988916397095,-1.1495851278305054,2
50,939,-0.7645935416221619,-1.622334361076355,5
50,940,-0.1419893056154251,-5.031826972961426,5
50,941,0.3549343943595886,-1.5534611940383911,2
50,942,-2.735382080078125,-4.639799118041992,4
50,943,-5.438622951507568,-0.723905086517334,0
50,944,-2.8629379272460938,-0.4361167550086975,7
50,945,-2.1119577884674072,0.9398053884506226,7
50,946,0.051073357462882996,-0.3431154191493988,1
50,947,-0.6683865785598755,-1.0760337114334106,2
50,948,-3.8381478786468506,-0.9516358375549316,6
50,949,-2.030566453933716,1.778554081916809,7
50,950,-0.46653568744659424,0.20229530334472656,2
50,951,-1.8898370265960693,-0.30544862151145935,7
50,952,0.7257047891616821,-0.7924379110336304,2
50,953,-4.200876712799072,-2.1222798824310303,5
50,954,-0.2269599288702011,-2.0726425647735596,2
50,955,0.03648295998573303,-0.4295901358127594,2
50,956,-1.581318736076355,-1.9161797761917114,5
50,957,0.37657177448272705,-0.0929701179265976,1
50,958,0.7141549587249756,-0.559011697769165,1
50,959,-0.34722834825515747,-2.4803833961486816,5
50,960,0.46123814582824707,2.5809998512268066,1
50,961,-2.5743820667266846,-2.6501433849334717,5
50,962,-1.1745538711547852,-2.4683382511138916,2
50,963,0.7870277762413025,-0.9592940807342529,2
50,964,0.38182204961776733,1.4312360286712646,1
50,965,0.22974254190921783,2.213292360305786,1
50,966,-0.9803332686424255,-0.6109660863876343,2
50,967,-0.37046706676483154,0.2638258635997772,2
50,968,2.5013267993927,2.5786709785461426,1
50,969,-4.334681034088135,-0.3190445899963379,6
50,970,1.8667148351669312,3.74035382270813,3
50,971,-1.4323605298995972,-3.2362172603607178,6
50,972,-0.5634177923202515,-2.6833155155181885,2
50,973,0.5864759683609009,-0.1842591017484665,2
50,974,1.2867213487625122,1.8829106092453003,1
50,975,-0.6789376735687256,-1.7363944053649902,2
50,976,0.2374338060617447,1.321449875831604,1
50,977,1.4996272325515747,2.3423001766204834,6
50,978,-3.5408761501312256,-0.3073027729988098,6
50,979,-2.6346399784088135,-2.8850057125091553,4
50,980,-3.5526249408721924,-2.9975316524505615,4
50,981,-2.9967377185821533,-2.203843832015991,6
50,982,-0.3481387495994568,2.097852945327759,1
50,983,0.8086338639259338,1.7581850290298462,3
50,984,-2.644014596939087,1.923769235610962,7
50,985,-2.899399757385254,-3.600130081176758,4
50,986,0.30339938402175903,-0.39340782165527344,1
50,987,-0.23831389844417572,-1.6275527477264404,2
50,988,-0.4959881901741028,-0.8208966851234436,2
50,989,0.7957368493080139,-0.704298198223114,2
50,990,0.3312298059463501,0.18583132326602936,1
50,991,-2.030912399291992,-1.7311431169509888,2
50,992,-2.5060231685638428,-5.5584187507629395,4
50,993,-1.2570641040802002,-0.08182375133037567,6
50,994,0.7868059277534485,-0.07048173993825912,1
50,995,-3.63956356048584,-0.9856007099151611,6
50,996,-2.886636734008789,-0.3308268189430237,7
50,997,-1.417420744895935,5.0316162109375,0
50,998,-5.414306163787842,-3.0604610443115234,4
50,999,1.231027603149414,3.1583638191223145,3
50,1000,-3.523271322250366,-2.866258382797241,6
50,1001,1.5452693700790405,2.1673309803009033,3
50,1002,0.5116568207740784,2.110492467880249,1
50,1003,0.12975278496742249,-0.14770661294460297,2
50,1004,0.8448476791381836,0.7255242466926575,1
50,1005,-1.2542552947998047,0.34797143936157227,1
50,1006,-2.4427499771118164,0.09927533566951752,7
50,1007,-3.150937080383301,-2.3405351638793945,6
50,1008,-2.270833730697632,-3.0887324810028076,6
50,1009,-2.755594253540039,-5.573383808135986,4
50,1010,-0.15239804983139038,0.03823934495449066,5
50,1011,-1.0924698114395142,1.7416315078735352,1
50,1012,-0.7424349188804626,1.1703417301177979,1
50,1013,-4.512153625488281,-4.321017265319824,4
50,1014,-1.9904406070709229,1.8767788410186768,1
50,1015,1.2819527387619019,3.898157835006714,1
50,1016,-0.4033353328704834,0.5214840769767761,2
50,1017,-2.0702340602874756,3.286505937576294,0
50,1018,0.44653409719467163,1.6177005767822266,1
50,1019,-4.183731555938721,-4.092898368835449,4
50,1020,0.43094563484191895,-1.841098427772522,2
50,1021,-1.1257494688034058,-3.1355674266815186,2
50,1022,0.857978880405426,0.029699761420488358,1
50,1023,1.3944720029830933,1.4811062812805176,1
50,1024,-3.3007757663726807,0.044670093804597855,7
50,1025,0.5466932058334351,3.162160634994507,1
50,1026,-3.163259983062744,-0.02264798805117607,6
50,1027,0.426871657371521,3.3807194232940674,1
50,1028,-4.782602787017822,-3.8560662269592285,4
50,1029,-1.0356930494308472,2.5196621417999268,1
50,1030,-3.123577356338501,-2.331092357635498,6
50,1031,1.1111117601394653,4.03395938873291,3
50,1032,1.3366223573684692,0.3708430826663971,2
50,1033,1.45256507396698,4.177481651306152,3
50,1034,1.1769095659255981,1.1079847812652588,1
50,1035,1.925515055656433,3.7491822242736816,3
50,1036,-1.8432122468948364,-1.8460637331008911,5
50,1037,-0.04249309003353119,-2.2630162239074707,5
50,1038,-0.33552688360214233,-1.8435298204421997,5
50,1039,-4.514138698577881,1.5646916627883911,5
50,1040,-1.1891673803329468,1.3124128580093384,1
50,1041,0.2911045551300049,-0.5642457008361816,2
50,1042,-0.9243892431259155,0.8851627111434937,1
50,1043,1.6721750497817993,0.8905209302902222,1
50,1044,2.724902868270874,3.5198724269866943,3
50,1045,1.6466566324234009,2.0905239582061768,3
50,1046,-0.3965657353401184,3.3287932872772217,7
50,1047,1.6053516864776611,2.493182420730591,1
50,1048,2.8786470890045166,3.3586416244506836,3
50,1049,2.112591505050659,2.393791675567627,3
50,1050,2.441856622695923,2.837811231613159,3
50,1051,1.5398770570755005,1.152535319328308,1
50,1052,-3.988607883453369,-1.2573537826538086,6
50,1053,0.6281686425209045,0.29375675320625305,0
50,1054,1.2067604064941406,-2.5847699642181396,5
50,1055,1.6225322484970093,-2.5999672412872314,5
50,1056,0.6813973784446716,-2.645705461502075,2
50,1057,1.0384538173675537,-2.6792352199554443,2
50,1058,0.9811745882034302,-1.6467409133911133,2
50,1059,-0.6144813299179077,-1.3550256490707397,2
50,1060,-4.320845127105713,-4.28150749206543,4
50,1061,-2.5534508228302,-2.6876301765441895,2
50,1062,0.2978842258453369,0.35485193133354187,2
50,1063,1.1919074058532715,1.8970838785171509,1
50,1064,1.1505564451217651,1.9939440488815308,3
50,1065,0.576347827911377,2.6886329650878906,1
50,1066,1.164354681968689,3.719531536102295,3
50,1067,0.5460823774337769,-1.4150373935699463,5
50,1068,1.4225969314575195,-2.752408504486084,2
50,1069,0.606660783290863,-0.3585767447948456,5
50,1070,0.5636883974075317,-2.0412521362304688,2
50,1071,1.8948620557785034,-2.4266138076782227,5
50,1072,-0.6006258130073547,-1.8221091032028198,2
50,1073,0.844719409942627,0.7752587199211121,2
50,1074,0.005998045206069946,1.2545191049575806,3
50,1075,-0.17661166191101074,1.9095098972320557,1
50,1076,0.4089416265487671,3.7312066555023193,1
50,1077,1.4273875951766968,3.101562738418579,3
50,1078,1.6151036024093628,3.6747357845306396,3
50,1079,-0.6200988292694092,0.15001240372657776,1
50,1080,-3.1936869621276855,1.2882927656173706,7
50,1081,0.041553691029548645,0.5183814167976379,2
50,1082,-1.4900648593902588,-5.178033828735352,4
50,1083,1.2109771966934204,0.4562457501888275,7
50,1084,1.3250876665115356,0.594982385635376,6
50,1085,-3.076833963394165,-2.927870035171509,4
50,1086,1.3401646614074707,1.3262579441070557,3
50,1087,2.1941564083099365,1.6403454542160034,3
50,1088,0.9852278232574463,5.591091156005859,0
50,1089,-0.6570883989334106,-1.065809726715088,2
50,1090,-3.623983383178711,-1.6908336877822876,6
50,1091,-2.920480251312256,-2.110332727432251,6
50,1092,-2.137903928756714,-2.133131980895996,2
50,1093,2.686525583267212,1.910980463027954,3
50,1094,-0.2401331216096878,-2.7796590328216553,6
50,1095,0.7299772500991821,-1.239242672920227,2
50,1096,-3.9864516258239746,2.771855592727661,0
50,1097,0.7897157669067383,0.12662503123283386,1
50,1098,-2.0912117958068848,-3.5170538425445557,6
50,1099,0.5118609666824341,-1.5830700397491455,2
50,1100,0.15450868010520935,-1.507380723953247,2
50,1101,1.6959279775619507,-0.1527586579322815,2
50,1102,-2.382399797439575,-3.3230574131011963,6
50,1103,-2.6382553577423096,1.533270001411438,1
50,1104,-0.061044059693813324,-1.5213667154312134,2
50,1105,-0.19213810563087463,-2.067535400390625,2
50,1106,-1.389819622039795,2.152350902557373,1
50,1107,-4.5176005363464355,-1.6371954679489136,4
50,1108,0.9998254776000977,0.2639332711696625,1
50,1109,3.2813713550567627,2.2644670009613037,3
50,1110,1.1234837770462036,0.5924633741378784,7
50,1111,0.521091639995575,2.5823233127593994,1
50,1112,1.4611358642578125,2.4893007278442383,3
50,1113,-0.13017460703849792,-0.6469408273696899,2
50,1114,2.1183838844299316,1.561118721961975,3
50,1115,2.291815757751465,2.8129494190216064,3
50,1116,1.8542143106460571,0.5434547662734985,1
50,1117,-3.464223861694336,-1.8498259782791138,6
50,1118,-4.139576435089111,-3.1387650966644287,4
50,1119,-1.0636481046676636,-1.3681939840316772,2
50,1120,1.366420865058899,1.0914369821548462,7
50,1121,1.9597247838974,4.970064163208008,0
50,1122,0.9015330076217651,1.1764209270477295,1
50,1123,-2.4009430408477783,-3.4654695987701416,6
50,1124,-3.4621872901916504,-3.4209115505218506,4
50,1125,-3.381035566329956,-4.704874515533447,4
50,1126,-3.5832931995391846,-2.3024322986602783,4
50,1127,-1.3562116622924805,2.0641517639160156,1
50,1128,1.3712018728256226,2.4127321243286133,6
50,1129,-4.082892417907715,-3.9285106658935547,4
50,1130,-4.4005866050720215,-2.322615146636963,6
50,1131,0.9596951007843018,3.911512851715088,3
50,1132,-3.790926694869995,-0.5666760206222534,6
50,1133,-2.4760348796844482,-1.6307109594345093,6
50,1134,-3.6461143493652344,1.0632926225662231,1
50,1135,-0.12958279252052307,2.9021732807159424,1
50,1136,-0.48078691959381104,3.081807851791382,1
50,1137,1.2009577751159668,2.907656192779541,3
50,1138,-4.900209903717041,-3.4116175174713135,4
50,1139,-2.366809606552124,1.8498574495315552,7
50,1140,-0.4079182744026184,2.150601625442505,1
50,1141,-1.1797692775726318,2.6730077266693115,1
50,1142,-4.18151330947876,-2.3964874744415283,6
50,1143,-3.270376443862915,-2.822495222091675,4
50,1144,-0.4415304660797119,1.8516515493392944,1
50,1145,1.0360552072525024,0.9708203673362732,3
50,1146,0.37051671743392944,1.480890154838562,1
50,1147,-0.8032578229904175,1.779560923576355,1
50,1148,-2.7686591148376465,-4.341423034667969,4
50,1149,-0.7270578742027283,1.5792713165283203,1
50,1150,2.5247695446014404,3.2430667877197266,3
50,1151,-5.002689838409424,-4.092529773712158,4
50,1152,-4.886258125305176,-0.4654734432697296,6
50,1153,0.8786242604255676,1.6247023344039917,3
50,1154,1.4257146120071411,2.123462438583374,6
50,1155,-4.302014350891113,-3.7424275875091553,4
50,1156,-1.9733976125717163,-3.5353620052337646,6
50,1157,-4.03764533996582,-4.254012107849121,4
50,1158,-2.178762674331665,-1.7430670261383057,2
50,1159,-0.31833797693252563,0.10328569263219833,1
50,1160,-0.8537499308586121,1.6809802055358887,1
50,1161,-0.7552292346954346,-1.0531293153762817,0
50,1162,-2.5352513790130615,1.048629641532898,1
50,1163,-1.118632435798645,2.298401117324829,1
50,1164,0.1391531527042389,-1.1589703559875488,2
50,1165,1.3413752317428589,2.259761333465576,6
50,1166,-1.1761962175369263,1.6904202699661255,1
50,1167,1.4456027746200562,3.0134761333465576,3
50,1168,0.00842835009098053,4.063692092895508,3
50,1169,-4.042847156524658,-2.8339898586273193,6
50,1170,-0.8425440192222595,1.565714716911316,1
50,1171,-3.0623271465301514,-1.1940345764160156,6
50,1172,-0.9243892431259155,0.8851627111434937,1
50,1173,0.513022780418396,2.207819938659668,1
50,1174,-3.21571683883667,-0.8640664219856262,6
50,1175,0.4402698278427124,3.2847888469696045,1
50,1176,0.7225539684295654,1.0783826112747192,1
50,1177,-1.2212380170822144,-0.6324820518493652,2
50,1178,0.46123814582824707,2.5809998512268066,1
50,1179,-1.0525357723236084,0.12364577502012253,2
50,1180,1.0717402696609497,3.9526898860931396,3
50,1181,0.24395175278186798,2.0181028842926025,1
50,1182,1.4421089887619019,2.175434112548828,3
50,1183,0.4355999231338501,2.750481128692627,1
50,1184,1.2509106397628784,2.204111337661743,6
50,1185,-2.9647443294525146,-2.7729642391204834,4
50,1186,-3.4319815635681152,-2.5298056602478027,2
50,1187,-0.9293556213378906,2.252918243408203,1
50,1188,1.3733941316604614,4.010645389556885,3
50,1189,1.7768785953521729,2.082305908203125,6
50,1190,-0.8303141593933105,1.001663327217102,1
50,1191,-2.539994478225708,-1.7373911142349243,6
50,1192,-3.139925479888916,-2.632627010345459,4
50,1193,-3.304517984390259,-3.9813008308410645,4
50,1194,-0.31026747822761536,-2.0301711559295654,1
50,1195,-2.1873080730438232,-3.536924123764038,6
50,1196,0.4684968590736389,-2.4628474712371826,2
50,1197,1.7864896059036255,2.838453531265259,3
50,1198,-0.0629965215921402,-1.5934181213378906,2
50,1199,-1.473564624786377,-3.76889967918396,6
50,1200,-1.0259311199188232,-0.9871096014976501,2
50,1201,-4.207255840301514,-0.7958669662475586,6
50,1202,-1.1100586652755737,-2.898880958557129,2
50,1203,-4.064383029937744,-0.29510262608528137,6
50,1204,0.9309892654418945,2.0567290782928467,3
50,1205,-3.5075464248657227,-2.27663254737854,6
50,1206,0.9732075929641724,1.5440478324890137,3
50,1207,-0.9617027640342712,0.1692337691783905,2
50,1208,-2.0358290672302246,2.5757970809936523,7
50,1209,-1.1941624879837036,-0.8796634078025818,2
50,1210,-1.5508068799972534,0.9062191247940063,7
50,1211,-0.9600669741630554,1.0139422416687012,1
50,1212,-1.5282843112945557,-2.624389410018921,2
50,1213,-2.1693508625030518,-1.0334762334823608,6
50,1214,-4.616254806518555,-3.537691593170166,4
50,1215,-1.1583856344223022,-1.202813982963562,5
50,1216,-2.182997941970825,-2.2069687843322754,2
50,1217,0.39083367586135864,2.023848295211792,3
50,1218,0.8402462601661682,3.9262588024139404,3
50,1219,-1.2413493394851685,-1.2043763399124146,5
50,1220,-1.3919724225997925,-1.1110397577285767,5
50,1221,-4.70763635635376,-3.6038691997528076,4
50,1222,-3.2998878955841064,2.411926507949829,0
50,1223,-2.2880606651306152,-2.9237418174743652,4
50,1224,-4.925508975982666,-1.3607850074768066,6
50,1225,1.4097844362258911,2.2249808311462402,6
50,1226,-4.191108226776123,-2.7657763957977295,6
50,1227,-2.8839282989501953,-1.2636209726333618,4
50,1228,-1.4015833139419556,-1.792720079421997,2
50,1229,0.007624819874763489,0.010683330707252026,1
50,1230,-0.4324125051498413,0.4319232106208801,2
50,1231,0.45018571615219116,2.839054822921753,1
50,1232,-0.9687767028808594,-0.7625783681869507,1
100,0,2.8132758140563965,4.4324445724487305,3
100,1,-1.8493953943252563,-3.3550424575805664,6
100,2,1.425769567489624,2.911076784133911,3
100,3,-1.3906935453414917,-1.894027590751648,5
100,4,-2.432304620742798,-2.7762694358825684,4
100,5,-0.8592187166213989,0.20450308918952942,2
100,6,-2.5470354557037354,-3.0173587799072266,6
100,7,0.38361242413520813,2.190284490585327,1
100,8,-1.6017135381698608,0.42446160316467285,1
100,9,-1.2169686555862427,-0.888894259929657,2
100,10,-2.7949466705322266,-3.5115232467651367,4
100,11,-0.739736795425415,-0.3394160270690918,2
100,12,-1.302749752998352,-1.8585983514785767,2
100,13,-0.9173564910888672,0.8623150587081909,2
100,14,-2.7905466556549072,-1.9912551641464233,2
100,15,0.04820480942726135,1.2417755126953125,2
100,16,-0.6611251831054688,1.915016770362854,1
100,17,0.7666223049163818,1.5421010255813599,3
100,18,-4.104809284210205,-0.3656279444694519,6
100,19,-2.766030788421631,-1.8012739419937134,4
100,20,0.34884113073349,-1.2204240560531616,2
100,21,-6.995728969573975,0.9993136525154114,5
100,22,-6.660335063934326,0.624386727809906,5
100,23,1.7020740509033203,6.264817237854004,0
100,24,1.7774009704589844,2.6272783279418945,3
100,25,-1.6626813411712646,0.6200727820396423,2
100,26,-0.6438170671463013,-0.6415924429893494,2
100,27,-2.3414111137390137,-1.8269437551498413,4
100,28,1.5882128477096558,2.3448245525360107,6
100,29,-2.939359188079834,-1.7364054918289185,1
100,30,-2.2655880451202393,-2.021577835083008,2
100,31,-1.4548217058181763,-0.25973355770111084,2
100,32,-3.137960433959961,-1.2539970874786377,1
100,33,-2.9898948669433594,-3.59523868560791,4
100,34,-2.6679728031158447,-1.45683753490448,6
100,35,-1.759643316268921,0.797446072101593,1
100,36,-1.8781768083572388,0.360834538936615,2
100,37,0.08607836067676544,-0.013768534176051617,2
100,38,0.12216037511825562,-0.7608180642127991,1
100,39,-1.5724388360977173,-3.0188350677490234,2
100,40,-2.775813102722168,-1.418743371963501,1
100,41,1.243905782699585,1.124822735786438,0
100,42,-0.289107084274292,-0.7264787554740906,2
100,43,-1.0543206930160522,-2.214317560195923,2
100,44,-4.448771953582764,-2.1638565063476562,6
100,45,-1.6651099920272827,-0.26487845182418823,5
100,46,-0.5431253910064697,0.19673462212085724,2
100,47,-4.297003746032715,-3.895843267440796,4
100,48,-2.128209114074707,-2.0002219676971436,2
100,49,0.21355971693992615,1.8545408248901367,1
100,50,-1.1954469680786133,-0.2387969046831131,2
100,51,-0.8828552961349487,-1.3074036836624146,2
100,52,0.07670967280864716,-0.547620952129364,1
100,53,-1.0064442157745361,-0.7565390467643738,5
100,54,-2.862380027770996,-1.7776633501052856,7
100,55,0.048205554485321045,-0.8272112011909485,1
100,56,-0.857474684715271,-1.0162577629089355,2
100,57,-2.6565380096435547,1.8456437587738037,1
100,58,0.5576775074005127,2.791712760925293,1
100,59,-0.043402329087257385,1.4792065620422363,1
100,60,2.0253875255584717,0.8482648134231567,1
100,61,2.2888689041137695,1.830730676651001,3
100,62,2.060621976852417,-0.22116775810718536,2
100,63,0.3366999924182892,0.28004878759384155,5
100,64,0.1399010717868805,5.259420871734619,6
100,65,0.5403414964675903,-1.689714789390564,2
100,66,2.6192288398742676,1.7771724462509155,6
100,67,1.0426822900772095,-1.6923243999481201,2
100,68,-3.1905899047851562,-2.89982008934021,6
100,69,-1.9375402927398682,-2.060858726501465,5
100,70,-3.2000515460968018,-0.42596784234046936,6
100,71,0.3668738901615143,-0.8168258666992188,2
100,72,-0.1501101553440094,-0.7616332173347473,1
100,73,-0.5989577770233154,-0.6202555894851685,0
100,74,1.6085151433944702,2.7144670486450195,6
100,75,1.729979157447815,3.8904576301574707,3
100,76,-0.08264084160327911,0.4514917731285095,5
100,77,-0.47685056924819946,-1.4765608310699463,2
100,78,-3.054042339324951,-1.533044695854187,6
100,79,-1.6011449098587036,1.092887043952942,1
100,80,-3.3705623149871826,-2.304978370666504,1
100,81,-3.3524436950683594,-1.1482640504837036,1
100,82,-2.303609848022461,-1.8202828168869019,0
100,83,-3.625253200531006,-2.9191911220550537,6
100,84,-1.6996721029281616,0.011810255236923695,2
100,85,0.9811216592788696,1.5348166227340698,3
100,86,-3.0315139293670654,-1.8759440183639526,1
100,87,-0.07476867735385895,1.605624794960022,1
100,88,1.9937666654586792,3.0444202423095703,3
100,89,-1.3420579433441162,0.6237865686416626,2
100,90,-1.0216885805130005,-2.547954559326172,1
100,91,0.17218366265296936,0.5011692643165588,5
100,92,-2.719348907470703,-1.2300562858581543,6
100,93,-2.821507453918457,-1.083160161972046,6
100,94,-1.5505099296569824,1.559232234954834,1
100,95,-3.2689318656921387,-2.5992417335510254,6
100,96,1.4439709186553955,2.9760384559631348,3
100,97,-2.7650418281555176,-1.244693398475647,6
100,98,-0.8693320751190186,-2.4265527725219727,2
100,99,1.3758426904678345,0.6914930939674377,0
100,100,-0.7836992740631104,-0.6354092359542847,5
100,101,0.3745543658733368,0.3846961259841919,2
100,102,0.11831113696098328,4.020388126373291,1
100,103,-0.19315242767333984,-0.32761529088020325,2
100,104,0.42167016863822937,2.3365206718444824,3
100,105,-2.612672805786133,-2.0986135005950928,2
100,106,-0.724686861038208,4.351701259613037,0
100,107,1.59457528591156,1.366980791091919,7
100,108,0.8378243446350098,0.37383008003234863,3
100,109,-2.059453010559082,-3.0614917278289795,6
100,110,-0.09932618588209152,-0.7318806648254395,5
100,111,-1.9336036443710327,-3.031383514404297,6
100,112,-0.229762464761734,-0.7491059899330139,2
100,113,0.009878188371658325,4.0917205810546875,1
100,114,-2.920320510864258,1.818109154701233,7
100,115,-0.7385179996490479,1.1015828847885132,1
100,116,0.22872242331504822,-1.8179515600204468,2
100,117,-1.4292453527450562,-0.7171210050582886,5
100,118,-0.4110576808452606,-1.2845972776412964,2
100,119,0.1616343855857849,0.506778359413147,2
100,120,-0.8684592247009277,-1.9683215618133545,5
100,121,-0.697474479675293,-1.245155692100525,2
100,122,-4.074774742126465,-1.4794715642929077,6
100,123,-1.5827449560165405,-0.4044179916381836,2
100,124,-1.0186102390289307,-0.73299241065979,5
100,125,-0.6896440982818604,-0.0995403379201889,2
100,126,0.31369662284851074,2.337919235229492,1
100,127,-1.0499213933944702,4.438844203948975,0
100,128,-2.115184783935547,-1.2403024435043335,5
100,129,-3.845313310623169,-3.6014270782470703,6
100,130,-2.6765999794006348,1.1222842931747437,7
100,131,0.2888934016227722,0.992181122303009,2
100,132,1.0112305879592896,2.5650622844696045,1
100,133,-0.5700662136077881,3.3224329948425293,1
100,134,0.4809166491031647,3.7107107639312744,1
100,135,-1.9475094079971313,-1.5592811107635498,2
100,136,-4.677867412567139,0.6479330658912659,5
100,137,-3.2941818237304688,-2.0744130611419678,6
100,138,1.4125993251800537,1.7572383880615234,1
100,139,-1.099534273147583,1.5248486995697021,1
100,140,-0.1751614212989807,0.20720848441123962,5
100,141,-0.669973611831665,0.8358085751533508,1
100,142,-2.851378917694092,-2.099839925765991,2
100,143,-0.5187216997146606,-0.07927774637937546,5
100,144,0.5856760740280151,-0.4315672814846039,1
100,145,-3.8621747493743896,-2.409902334213257,6
100,146,1.6661125421524048,1.73609459400177,1
100,147,-2.573168992996216,-1.6362324953079224,6
100,148,0.4693301022052765,1.644777774810791,3
100,149,-2.004298686981201,0.15373869240283966,7
100,150,-1.046184778213501,-1.7584410905838013,2
100,151,1.4996579885482788,2.3195931911468506,1
100,152,0.566899299621582,-0.059717778116464615,1
100,153,-1.097054123878479,-0.7744008898735046,2
100,154,-2.017159938812256,-3.3198845386505127,6
100,155,2.712315797805786,3.2011728286743164,1
100,156,-5.68110990524292,0.6775863766670227,5
100,157,-3.1037206649780273,-1.8262535333633423,1
100,158,-2.3417012691497803,-2.1881399154663086,2
100,159,-1.27027428150177,-0.5490832924842834,5
100,160,0.0032748207449913025,0.228104829788208,2
100,161,2.470407009124756,2.652754306793213,3
100,162,0.15762773156166077,1.3145420551300049,3
100,163,0.8700820207595825,0.6067412495613098,1
100,164,1.4510605335235596,0.43364155292510986,0
100,165,2.553765058517456,1.9240483045578003,1
100,166,-0.15005448460578918,-1.0157880783081055,2
100,167,-0.9310394525527954,0.8978295922279358,1
100,168,-2.0772809982299805,1.9865933656692505,1
100,169,-2.4449143409729004,-3.25067400932312,6
100,170,0.5286283493041992,4.038393974304199,1
100,171,0.41295453906059265,1.5132927894592285,1
100,172,-4.390636920928955,-0.5452532768249512,6
100,173,-0.07476867735385895,1.605624794960022,1
100,174,-0.7385179996490479,1.1015828847885132,1
100,175,-1.1738718748092651,-0.40907353162765503,2
100,176,-2.5873844623565674,-0.7706881761550903,7
100,177,0.28997287154197693,2.440619945526123,1
100,178,-4.532111644744873,-4.123266696929932,4
100,179,-1.2764290571212769,-0.44461768865585327,5
100,180,-0.7385179996490479,1.1015828847885132,1
100,181,-1.798171877861023,-0.07078170776367188,7
100,182,1.1740412712097168,3.0498554706573486,1
100,183,-2.8556175231933594,-0.7693923115730286,6
100,184,-2.873976945877075,-2.201097011566162,6
100,185,-0.04360444098711014,0.5978965759277344,2
100,186,-0.670563817024231,0.05839763954281807,2
100,187,-2.185725212097168,-1.0973211526870728,4
100,188,-0.28856760263442993,1.1761276721954346,1
100,189,0.8313874006271362,1.340057373046875,1
100,190,0.6691198348999023,1.3470878601074219,3
100,191,0.929345965385437,1.6287950277328491,0
100,192,-2.2448596954345703,-2.2573938369750977,4
100,193,-3.8483948707580566,-2.960465431213379,4
100,194,-5.0763444900512695,-4.121731281280518,4
100,195,-1.2170277833938599,-1.481052041053772,5
100,196,-1.953819751739502,-1.981014609336853,2
100,197,0.002356618642807007,1.1377568244934082,2
100,198,-0.0714268833398819,1.596981167793274,1
100,199,-2.1486213207244873,4.343657970428467,0
100,200,0.18454807996749878,1.134405255317688,2
100,201,-0.3836231827735901,3.8016114234924316,1
100,202,-0.20138481259346008,1.8403494358062744,1
100,203,1.4404373168945312,1.4505308866500854,7
100,204,-6.307819843292236,-3.1017613410949707,4
100,205,2.0937814712524414,1.988357424736023,6
100,206,2.7676143646240234,3.304318428039551,3
100,207,3.617558717727661,2.825697898864746,3
100,208,1.7268116474151611,-1.6123632192611694,5
100,209,-0.05383796989917755,2.5419540405273438,1
100,210,-0.08119260519742966,0.20301875472068787,0
100,211,1.0053859949111938,0.015892934054136276,1
100,212,1.5517499446868896,0.11595122516155243,2
100,213,0.6226934194564819,-0.20622067153453827,2
100,214,-1.7607120275497437,0.011846628971397877,5
100,215,-2.2294583320617676,-2.6285085678100586,0
100,216,1.9230083227157593,3.812480926513672,3
100,217,1.4063254594802856,3.8791935443878174,3
100,218,0.5500326156616211,1.7417699098587036,3
100,219,-3.140871047973633,1.5830312967300415,7
100,220,-1.7818111181259155,-3.74334979057312,6
100,221,1.2461892366409302,0.49753302335739136,2
100,222,1.1280142068862915,3.9199883937835693,3
100,223,1.7561320066452026,5.677300453186035,0
100,224,1.383322834968567,-0.1378718614578247,0
100,225,1.6101927757263184,-0.14091044664382935,0
100,226,0.8758876323699951,1.6586339473724365,1
100,227,0.946547269821167,0.41289225220680237,1
100,228,-2.1896307468414307,1.0461848974227905,7
100,229,-1.4996193647384644,-0.5268045663833618,2
100,230,0.6479995250701904,0.882298469543457,1
100,231,2.6726059913635254,2.7829089164733887,1
100,232,1.0345268249511719,0.1552368551492691,1
100,233,0.29434671998023987,-0.49496254324913025,2
100,234,-3.100371837615967,-2.242837429046631,1
100,235,0.4987780749797821,4.216585159301758,3
100,236,-0.485794335603714,-0.379641592502594,0
100,237,1.9319123029708862,4.2577714920043945,3
100,238,0.7419718503952026,2.189472198486328,3
100,239,-3.7012929916381836,-0.5901760458946228,6
100,240,-1.986526370048523,0.4061446189880371,7
100,241,0.41753873229026794,3.6099958419799805,1
100,242,2.6349658966064453,2.4676156044006348,3
100,243,0.45566484332084656,-0.36485159397125244,1
100,244,1.0112305879592896,2.5650622844696045,1
100,245,0.10149602591991425,1.9056140184402466,1
100,246,-1.3899106979370117,2.5445261001586914,1
100,247,0.4485674798488617,1.2491275072097778,3
100,248,-1.4929379224777222,1.3447213172912598,1
100,249,-0.27237093448638916,0.8914936184883118,2
100,250,2.506542682647705,2.636780023574829,1
100,251,-2.9242849349975586,-2.6575613021850586,5
100,252,-2.8591299057006836,1.7823585271835327,1
100,253,-3.4376091957092285,-1.2117122411727905,6
100,254,1.5373172760009766,2.0109305381774902,3
100,255,-2.073906183242798,2.47751784324646,7
100,256,-0.9721324443817139,0.9141572713851929,1
100,257,-2.4977169036865234,-0.6451442241668701,7
100,258,-2.871412754058838,-1.4396065473556519,0
100,259,1.187905192375183,0.6253007054328918,1
100,260,-2.879000186920166,-1.3384114503860474,1
100,261,1.454461932182312,3.399538040161133,3
100,262,0.75782310962677,1.3818070888519287,3
100,263,-5.3148112297058105,0.14131303131580353,0
100,264,-1.0919058322906494,1.674739956855774,1
100,265,0.7770018577575684,3.75154972076416,3
100,266,-3.2675161361694336,-0.5383996367454529,6
100,267,0.8529167175292969,-0.29413339495658875,1
100,268,-0.38957279920578003,0.08928146958351135,2
100,269,-0.9105638265609741,0.7480273842811584,1
100,270,-2.015526294708252,0.6253780126571655,7
100,271,-4.535516262054443,-1.0026544332504272,6
100,272,1.1673756837844849,1.9405900239944458,3
100,273,0.5438277721405029,2.483341932296753,3
100,274,-0.5680834054946899,1.7444344758987427,1
100,275,-3.825859546661377,-0.745175302028656,6
100,276,-4.392621040344238,-0.4820675253868103,1
100,277,-2.9638595581054688,1.40400230884552,1
100,278,-2.0081870555877686,3.8754348754882812,0
100,279,-1.3131937980651855,-0.8005061745643616,2
100,280,0.6232427358627319,0.955591082572937,0
100,281,1.2907103300094604,6.0233941078186035,0
100,282,1.3345351219177246,1.9869436025619507,6
100,283,-2.0320045948028564,0.20718370378017426,7
100,284,-0.2521849572658539,-1.8523660898208618,2
100,285,0.987887978553772,-1.738067388534546,1
100,286,-1.3488658666610718,-1.9654940366744995,2
100,287,1.6981910467147827,1.2143999338150024,3
100,288,0.2249247431755066,6.419463157653809,0
100,289,-0.7912688255310059,7.550795078277588,0
100,290,2.7658188343048096,3.716348648071289,3
100,291,1.3840837478637695,-0.013308416120707989,0
100,292,1.0320130586624146,0.542453408241272,3
100,293,-3.81605863571167,0.14330406486988068,6
100,294,0.9035941362380981,0.2386317253112793,1
100,295,-2.2004077434539795,2.7413554191589355,7
100,296,0.15762773156166077,1.3145420551300049,3
100,297,-0.8951326608657837,-2.2048087120056152,2
100,298,1.5641522407531738,1.4430183172225952,1
100,299,-4.3371195793151855,-4.627995491027832,4
100,300,-1.8835443258285522,-1.5295279026031494,5
100,301,-0.2689134478569031,1.0407952070236206,1
100,302,2.795750617980957,3.5497312545776367,1
100,303,1.4156135320663452,1.4256091117858887,3
100,304,1.911126732826233,1.372580885887146,3
100,305,1.338553786277771,0.4297536611557007,1
100,306,1.668369174003601,-0.0989980548620224,0
100,307,2.3671417236328125,2.3794374465942383,3
100,308,-1.3224228620529175,3.7623586654663086,0
100,309,-1.1943916082382202,1.2023463249206543,1
100,310,2.5415382385253906,2.3185389041900635,3
100,311,2.839231014251709,1.214389681816101,1
100,312,-0.6196936368942261,-1.4709498882293701,5
100,313,1.2095683813095093,2.59973406791687,1
100,314,0.8435370922088623,3.9295194149017334,3
100,315,0.6278988122940063,-0.4450652599334717,0
100,316,-0.3841307759284973,-0.6086557507514954,2
100,317,-3.2017626762390137,-2.3022894859313965,1
100,318,-0.8683521747589111,-2.4641900062561035,2
100,319,0.8844815492630005,0.45821377635002136,2
100,320,0.38752105832099915,0.9842892289161682,2
100,321,0.8188413381576538,1.5377225875854492,3
100,322,-2.2695000171661377,2.4702024459838867,7
100,323,-2.4202659130096436,-0.8515340089797974,7
100,324,3.702274799346924,2.416102409362793,1
100,325,2.884401798248291,3.4871826171875,3
100,326,3.059286594390869,1.0711714029312134,3
100,327,2.4712469577789307,0.005378169007599354,2
100,328,1.6449480056762695,-0.3753874897956848,0
100,329,2.753262519836426,1.9128708839416504,1
100,330,2.63468074798584,0.5903449654579163,2
100,331,-0.8243136405944824,-3.4499192237854004,2
100,332,-2.2024223804473877,-4.144155502319336,6
100,333,-2.267788887023926,-2.1602728366851807,7
100,334,1.7315229177474976,2.952585458755493,3
100,335,-1.1043628454208374,2.0012619495391846,1
100,336,0.7539701461791992,0.3969167470932007,7
100,337,1.092191219329834,-0.30537593364715576,2
100,338,-1.1223698854446411,0.3945751488208771,1
100,339,1.3150767087936401,1.5993849039077759,1
100,340,1.8849430084228516,0.8778862953186035,3
100,341,0.44347062706947327,-0.7828799486160278,1
100,342,-3.006497621536255,-1.4266083240509033,1
100,343,1.4942941665649414,3.3964576721191406,3
100,344,0.08740490674972534,3.582343578338623,1
100,345,0.9618817567825317,0.9142221212387085,7
100,346,-3.0838546752929688,-2.5691380500793457,6
100,347,-3.557277202606201,2.742802381515503,7
100,348,3.799292802810669,3.036078453063965,3
100,349,3.034043788909912,2.2576956748962402,1
100,350,2.421062707901001,-0.12912219762802124,0
100,351,3.433326244354248,2.300849676132202,3
100,352,1.5338045358657837,-0.3466537594795227,0
100,353,1.7330429553985596,-0.698178231716156,0
100,354,1.6440125703811646,0.9978836178779602,0
100,355,-0.9753410816192627,1.3545893430709839,1
100,356,-0.2689134478569031,1.0407952070236206,1
100,357,-2.010856866836548,-3.9331905841827393,6
100,358,-1.0202593803405762,-2.716383218765259,2
100,359,-1.725969672203064,-2.3572511672973633,5
100,360,-1.5993822813034058,-2.5038647651672363,2
100,361,2.4159727096557617,1.7858096361160278,1
100,362,3.7515573501586914,2.268882989883423,3
100,363,1.7116631269454956,1.6833306550979614,6
100,364,0.7807708978652954,0.49956679344177246,1
100,365,-1.1954469680786133,-0.2387969046831131,2
100,366,0.7770018577575684,3.75154972076416,3
100,367,1.1004492044448853,4.682779312133789,3
100,368,1.4628911018371582,1.535178303718567,7
100,369,0.6541181802749634,-1.4657272100448608,2
100,370,-0.07191388309001923,1.0528006553649902,2
100,371,-0.26409125328063965,1.879136562347412,7
100,372,-2.932009220123291,2.206845283508301,7
100,373,-0.12237425148487091,-0.87087482213974,2
100,374,1.8416532278060913,1.7775732278823853,7
100,375,2.109055280685425,1.408645510673523,3
100,376,1.466130018234253,-0.0608648844063282,2
100,377,0.006816595792770386,-1.6838786602020264,2
100,378,0.9132999181747437,-0.9549302458763123,2
100,379,-0.0048056840896606445,-0.9769920110702515,2
100,380,0.3605143427848816,0.739359974861145,2
100,381,-0.29240959882736206,-0.012031595222651958,2
100,382,-1.1954469680786133,-0.2387969046831131,2
100,383,-1.300174593925476,-2.871403694152832,6
100,384,-3.5952587127685547,-5.458874702453613,4
100,385,-4.190239906311035,-4.941118240356445,4
100,386,-4.598464488983154,0.2050439864397049,6
100,387,1.2257317304611206,4.437497138977051,3
100,388,-0.30281704664230347,-1.083107352256775,2
100,389,2.6316261291503906,3.436509370803833,3
100,390,2.1202242374420166,5.8421478271484375,3
100,391,1.0858668088912964,6.359375476837158,0
100,392,0.5416011810302734,2.6099584102630615,3
100,393,1.2476166486740112,1.9367215633392334,1
100,394,-0.9378153085708618,-0.8265100121498108,5
100,395,2.2315192222595215,2.1063427925109863,3
100,396,2.2217001914978027,0.29074057936668396,3
100,397,-2.687366485595703,-2.930027961730957,4
100,398,-2.8093996047973633,-4.073244571685791,6
100,399,2.132530927658081,1.8671797513961792,3
100,400,1.7302788496017456,1.5292736291885376,3
100,401,-0.778549075126648,-0.6552017331123352,5
100,402,1.2919267416000366,0.9178685545921326,1
100,403,-0.5109742283821106,0.029970671981573105,1
100,404,-1.2525050640106201,-1.845413088798523,5
100,405,-2.3531503677368164,-2.8138794898986816,4
100,406,-0.23071107268333435,-2.485574245452881,2
100,407,-1.778505563735962,-3.1796131134033203,5
100,408,1.8376967906951904,-0.8088158965110779,2
100,409,3.795222520828247,2.209455966949463,3
100,410,3.2242677211761475,4.1536455154418945,3
100,411,-0.8720647096633911,7.423515319824219,0
100,412,-1.3605667352676392,-2.106562376022339,2
100,413,-1.0228389501571655,4.3000640869140625,0
100,414,-0.9943766593933105,-1.1931583881378174,5
100,415,-0.27237093448638916,0.8914936184883118,2
100,416,-2.830197811126709,-0.9978042840957642,6
100,417,-2.7539961338043213,-1.5818620920181274,6
100,418,-0.9941724538803101,-3.755280017852783,5
100,419,1.6230400800704956,-0.18596671521663666,0
100,420,1.8617295026779175,2.244718074798584,3
100,421,1.564149022102356,1.3387075662612915,1
100,422,-1.9108291864395142,-1.729591965675354,5
100,423,1.8219740390777588,3.1427993774414062,3
100,424,-5.341629505157471,-4.040863990783691,4
100,425,-0.06987036019563675,-1.43857741355896,1
100,426,-2.094024658203125,-2.4315292835235596,2
100,427,1.7111977338790894,0.4451279938220978,2
100,428,3.0778088569641113,1.3522754907608032,3
100,429,1.9104207754135132,0.020099524408578873,3
100,430,1.7208479642868042,-0.5044829249382019,2
100,431,3.310328483581543,1.772309422492981,3
100,432,3.581993579864502,3.4873733520507812,3
100,433,2.5477099418640137,3.685892105102539,3
100,434,0.3625468909740448,2.3414440155029297,1
100,435,0.1819615364074707,-1.0500186681747437,1
100,436,0.24614867568016052,4.513640880584717,3
100,437,0.7921408414840698,4.782069206237793,3
100,438,-3.4961965084075928,1.429555058479309,1
100,439,1.3237519264221191,2.2466259002685547,3
100,440,1.332841157913208,2.137389898300171,3
100,441,2.6577653884887695,1.3203003406524658,1
100,442,0.920181155204773,0.177303746342659,1
100,443,1.7487201690673828,4.631485939025879,3
100,444,-1.6316505670547485,-1.1312083005905151,5
100,445,-2.314058780670166,-2.2276697158813477,6
100,446,-1.2210801839828491,-1.0995560884475708,5
100,447,0.004398912191390991,3.7465221881866455,1
100,448,2.1081230640411377,1.4747369289398193,3
100,449,1.6769111156463623,0.5815908908843994,1
100,450,-0.39203715324401855,-2.2818446159362793,5
100,451,1.533287525177002,-0.08724011480808258,0
100,452,1.802753210067749,4.664902687072754,3
100,453,2.2046139240264893,4.212081432342529,3
100,454,-1.643222689628601,0.5192967057228088,7
100,455,-3.2807765007019043,-2.461791515350342,6
100,456,1.7406460046768188,0.654453456401825,1
100,457,0.7508070468902588,0.960178792476654,3
100,458,-0.14370876550674438,-0.6256054639816284,2
100,459,0.5738793611526489,2.039163589477539,3
100,460,-0.06835924088954926,1.2691800594329834,1
100,461,0.5813114643096924,0.5579864978790283,0
100,462,-0.7453848123550415,1.3637118339538574,1
100,463,1.1475619077682495,1.4790741205215454,3
100,464,-2.6483609676361084,1.6267415285110474,7
100,465,-0.7688634395599365,1.82584547996521,1
100,466,-1.9234594106674194,-1.7813671827316284,2
100,467,-0.049528852105140686,-1.7492369413375854,2
100,468,-1.2110295295715332,-3.3531010150909424,6
100,469,-0.8832213878631592,-1.6012755632400513,2
100,470,4.311612606048584,5.036627769470215,3
100,471,-3.758828639984131,-1.2881872653961182,6
100,472,-3.808448314666748,-1.6435273885726929,6
100,473,1.3172017335891724,0.2097625881433487,3
100,474,2.3521080017089844,1.6567679643630981,6
100,475,1.8063315153121948,1.6949117183685303,3
100,476,1.4622384309768677,2.7464542388916016,1
100,477,1.6575647592544556,0.9377551078796387,1
100,478,-1.9467098712921143,0.9594669342041016,1
100,479,-0.33732715249061584,2.4290263652801514,1
100,480,-1.9616059064865112,0.7840819358825684,1
100,481,-1.2947124242782593,-1.841307282447815,5
100,482,-3.2515993118286133,1.7084980010986328,7
100,483,0.7568051815032959,-1.1507405042648315,2
100,484,3.8578848838806152,3.1878836154937744,3
100,485,2.027578115463257,1.3444498777389526,3
100,486,2.2331862449645996,3.34517240524292,3
100,487,0.4840790927410126,3.9377827644348145,1
100,488,0.4717949330806732,2.472303867340088,1
100,489,1.385726809501648,1.7427414655685425,7
100,490,-1.1516029834747314,0.42844119668006897,2
100,491,0.04820480942726135,1.2417755126953125,2
100,492,-1.4858288764953613,3.6771724224090576,3
100,493,-1.0024051666259766,1.950396180152893,1
100,494,-0.3909308612346649,-0.6299132108688354,2
100,495,-1.1797153949737549,-0.5259212851524353,2
100,496,0.07799562811851501,6.264127254486084,0
100,497,-1.2932977676391602,4.0775604248046875,7
100,498,1.6850645542144775,1.1842949390411377,3
100,499,4.026451587677002,4.583879470825195,3
100,500,0.35578790307044983,2.270275115966797,1
100,501,-0.2689134478569031,1.0407952070236206,1
100,502,0.779222846031189,0.8600907921791077,3
100,503,1.5839025974273682,0.4363773465156555,0
100,504,1.9736710786819458,1.9764193296432495,1
100,505,-1.4441789388656616,-0.9437496066093445,5
100,506,-0.9920698404312134,-1.127658486366272,2
100,507,1.0177284479141235,0.19074507057666779,1
100,508,0.8204567432403564,-0.3043970465660095,1
100,509,1.5708614587783813,2.2065863609313965,3
100,510,2.453700065612793,4.056629180908203,1
100,511,-1.640509843826294,0.44969791173934937,1
100,512,-1.801170825958252,-0.31984055042266846,2
100,513,-1.3321446180343628,-0.8346858620643616,5
100,514,0.8116750717163086,1.6932556629180908,3
100,515,2.6082019805908203,4.576373100280762,3
100,516,0.5027607679367065,0.7095879316329956,5
100,517,-3.5925910472869873,-1.6665228605270386,6
100,518,0.004398912191390991,3.7465221881866455,1
100,519,-0.9211736917495728,-0.010727855376899242,7
100,520,-0.5153876543045044,-2.1196277141571045,2
100,521,2.472764015197754,3.2545416355133057,3
100,522,-4.3205413818359375,2.0913941860198975,6
100,523,2.714017391204834,3.4757752418518066,3
100,524,-2.82869815826416,1.4049195051193237,1
100,525,-1.8834969997406006,0.4809366464614868,7
100,526,-0.8857089281082153,-1.3900924921035767,2
100,527,1.7039353847503662,4.99075984954834,3
100,528,0.9512079954147339,1.4054704904556274,3
100,529,2.0008671283721924,0.6626457571983337,2
100,530,2.774101495742798,5.342107772827148,3
100,531,-1.101535677909851,-2.4017210006713867,2
100,532,1.332821011543274,0.583304226398468,1
100,533,1.4713400602340698,-0.3479556739330292,0
100,534,-2.9046425819396973,-2.42000675201416,6
100,535,-1.0024222135543823,-2.522780418395996,1
100,536,0.2694992125034332,2.5023794174194336,1
100,537,-0.18662849068641663,-0.4577312171459198,2
100,538,-3.8561854362487793,-2.03139591217041,6
100,539,-1.4798634052276611,-2.769160270690918,6
100,540,-0.9330981969833374,-2.366854429244995,2
100,541,-2.1655988693237305,-3.5303080081939697,6
100,542,3.398932456970215,3.8190226554870605,3
100,543,2.6597518920898438,3.815089464187622,3
100,544,-2.87685227394104,-2.08023738861084,6
100,545,-0.6870626211166382,0.7613545060157776,1
100,546,1.371856927871704,1.934134840965271,7
100,547,-1.6215856075286865,2.3692197799682617,1
100,548,-0.9334151744842529,2.290320873260498,1
100,549,-1.2888319492340088,2.9373416900634766,1
100,550,1.2964760065078735,1.0833858251571655,7
100,551,-0.7453848123550415,1.3637118339538574,1
100,552,-1.0571991205215454,0.736426055431366,1
100,553,-0.43328380584716797,0.21804849803447723,7
100,554,-2.016771078109741,-2.300877094268799,4
100,555,-2.7954907417297363,-4.221766471862793,4
100,556,-3.054516315460205,-3.057715892791748,4
100,557,1.1612554788589478,1.3457781076431274,2
100,558,0.2055581510066986,2.1750879287719727,1
100,559,0.3205562233924866,3.2108829021453857,1
100,560,-1.8843457698822021,2.3604965209960938,1
100,561,-2.243175506591797,1.2958203554153442,7
100,562,-2.465040683746338,-3.297286033630371,4
100,563,-0.16734495759010315,5.030276298522949,0
100,564,0.7785760164260864,3.3867714405059814,3
100,565,0.9771873950958252,0.27128106355667114,1
100,566,1.5925053358078003,0.844533383846283,3
100,567,1.699275255203247,0.16587156057357788,1
100,568,-1.407769799232483,-2.661044120788574,1
100,569,-0.5105711221694946,-2.5044727325439453,2
100,570,-1.9041279554367065,-1.7308155298233032,5
100,571,0.1763259768486023,1.065588355064392,2
100,572,-1.169188380241394,0.5547877550125122,1
100,573,2.1443142890930176,1.8544096946716309,3
100,574,0.9636931419372559,0.7934485077857971,2
100,575,0.6774135828018188,3.2772064208984375,1
100,576,-3.193979501724243,1.460195541381836,7
100,577,-1.9003479480743408,0.868267297744751,1
100,578,2.2047595977783203,1.634559154510498,1
100,579,1.0727580785751343,0.8078168630599976,2
100,580,2.761279344558716,1.606178879737854,1
100,581,-0.6121664047241211,-2.334925651550293,2
100,582,1.5343726873397827,-0.0024865595623850822,0
100,583,-0.6328414678573608,7.513888835906982,0
100,584,-2.672095537185669,-2.780717372894287,6
100,585,1.8780401945114136,0.9803377985954285,1
100,586,0.06377503275871277,5.482088088989258,0
100,587,-0.2779797315597534,1.2384990453720093,1
100,588,-0.09176677465438843,2.938549041748047,1
100,589,0.3246183693408966,2.3753318786621094,1
100,590,0.4809166491031647,3.7107107639312744,1
100,591,-1.5833309888839722,0.720053493976593,1
100,592,0.6754199266433716,-1.2934919595718384,2
100,593,1.421124815940857,1.4775928258895874,3
100,594,-3.2430357933044434,-0.6687805652618408,6
100,595,-0.8962252140045166,0.5310792326927185,1
100,596,-0.4078728258609772,-1.0238463878631592,2
100,597,-1.6024943590164185,-3.0216002464294434,6
100,598,2.0770888328552246,2.67641019821167,3
100,599,-2.2182488441467285,2.607686758041382,1
100,600,-0.9327179193496704,1.2201817035675049,1
100,601,-2.2731451988220215,-2.5947587490081787,4
100,602,0.2928435504436493,-1.1278460025787354,1
100,603,-1.4022467136383057,-0.9521262645721436,5
100,604,0.6757370233535767,-0.5307706594467163,2
100,605,1.9385637044906616,-0.4451005458831787,0
100,606,1.6637979745864868,0.7409562468528748,3
100,607,-4.447906970977783,0.8002257943153381,5
100,608,-1.0490806102752686,0.7672153115272522,1
100,609,-0.8009060621261597,0.7879769206047058,1
100,610,-1.6191762685775757,-2.9019217491149902,6
100,611,2.65183162689209,3.082087993621826,3
100,612,0.1949266791343689,-0.9248927235603333,1
100,613,1.2567167282104492,-0.06922168284654617,0
100,614,2.5833137035369873,4.0918097496032715,3
100,615,-5.26014518737793,3.467066526412964,6
100,616,-0.5260924100875854,-1.093438982963562,2
100,617,1.4076039791107178,2.132478952407837,6
100,618,0.030011579394340515,1.1007994413375854,2
100,619,-0.5275709629058838,2.6053199768066406,1
100,620,-0.7381560802459717,4.38362979888916,7
100,621,-0.7449455261230469,1.4788153171539307,1
100,622,-0.10224640369415283,-2.6636619567871094,2
100,623,-4.95526647567749,1.3324835300445557,5
100,624,-2.408121347427368,-2.2539639472961426,2
100,625,-1.2834233045578003,-0.7732364535331726,2
100,626,-3.1912293434143066,-2.287970542907715,1
100,627,-2.7921464443206787,1.2867690324783325,7
100,628,-4.1328253746032715,-0.36850494146347046,6
100,629,-0.4405413866043091,-1.7584280967712402,1
100,630,-1.4579710960388184,0.19715894758701324,2
100,631,-1.064353585243225,2.77160382270813,1
100,632,-0.22602961957454681,0.01057464350014925,0
100,633,-1.9546048641204834,-1.7045217752456665,2
100,634,-3.2133255004882812,-2.4969089031219482,1
100,635,0.5724492073059082,1.6450202465057373,3
100,636,-0.23176944255828857,0.42140617966651917,2
100,637,-5.0963454246521,-0.9251886010169983,4
100,638,-1.5398104190826416,-0.2728278934955597,2
100,639,-0.2689134478569031,1.0407952070236206,1
100,640,-1.3305257558822632,1.990674614906311,1
100,641,-2.6902856826782227,-3.853278160095215,6
100,642,-2.2268991470336914,-3.309412717819214,6
100,643,2.714017391204834,3.4757752418518066,3
100,644,-0.1162414699792862,1.7255574464797974,1
100,645,2.5110812187194824,3.0541372299194336,1
100,646,1.5092169046401978,3.933452606201172,3
100,647,-0.5632966756820679,4.2067975997924805,7
100,648,1.1458015441894531,2.3130321502685547,1
100,649,-1.26143217086792,0.3639976680278778,2
100,650,1.1630985736846924,3.999079704284668,3
100,651,1.9055756330490112,4.7418928146362305,3
100,652,1.2918301820755005,2.4885330200195312,3
100,653,-0.09285031259059906,0.2542750835418701,2
100,654,-1.9133788347244263,0.07170669734477997,7
100,655,-0.025729358196258545,2.326016902923584,1
100,656,2.1892356872558594,3.322190761566162,3
100,657,-2.7327051162719727,-3.487722158432007,6
100,658,0.014571130275726318,2.0758862495422363,1
100,659,0.7279467582702637,0.9151145815849304,7
100,660,1.2369251251220703,0.6596506237983704,1
100,661,-3.4805328845977783,-3.41933274269104,4
100,662,-1.0567965507507324,3.44340443611145,1
100,663,0.9781523942947388,4.150681972503662,3
100,664,-2.555523633956909,1.0821866989135742,7
100,665,-2.3431568145751953,1.303999423980713,7
100,666,-0.0543486624956131,1.4372493028640747,1
100,667,-1.5833309888839722,0.720053493976593,1
100,668,0.943623423576355,1.9031559228897095,1
100,669,-0.35791531205177307,-1.4399691820144653,2
100,670,-0.25199228525161743,-1.1086865663528442,2
100,671,-1.1560941934585571,-2.493770122528076,2
100,672,-2.514960527420044,-2.5731124877929688,5
100,673,-2.26009464263916,0.8594186902046204,7
100,674,-3.1025643348693848,-3.54241943359375,4
100,675,-3.6952242851257324,-2.5928280353546143,6
100,676,-0.9444577693939209,3.808046817779541,0
100,677,-2.388174533843994,1.9773284196853638,1
100,678,-1.0490806102752686,0.7672153115272522,1
100,679,0.4717949330806732,2.472303867340088,1
100,680,-4.719359874725342,-0.7973536849021912,6
100,681,1.404333233833313,2.620548725128174,3
100,682,-1.5227141380310059,-2.8847804069519043,1
100,683,0.9385837316513062,4.912837505340576,3
100,684,-1.169188380241394,0.5547877550125122,1
100,685,-4.824437141418457,4.6865034103393555,7
100,686,0.8884556293487549,1.542321801185608,7
100,687,-2.8791987895965576,1.756507158279419,7
100,688,2.929295539855957,3.5757131576538086,1
100,689,-3.028164863586426,-1.029111385345459,6
100,690,-2.297462224960327,0.5679141283035278,7
100,691,-2.849618911743164,0.4322085380554199,5
100,692,1.5330168008804321,1.013816237449646,1
100,693,0.9835058450698853,0.23448047041893005,1
100,694,0.6810302734375,0.18399374186992645,1
100,695,0.07529638707637787,5.062602996826172,3
100,696,0.36143824458122253,2.667560338973999,1
100,697,-1.25876784324646,-2.4131016731262207,2
100,698,-1.1932975053787231,3.2529168128967285,1
100,699,-4.287519454956055,-2.822235107421875,4
100,700,-2.969200611114502,0.9922551512718201,7
100,701,0.5231397151947021,-0.6363946795463562,1
100,702,1.356499433517456,1.3389328718185425,0
100,703,-3.3508191108703613,-0.6484813690185547,7
100,704,2.7433853149414062,3.294461488723755,1
100,705,0.8267656564712524,0.06209911033511162,1
100,706,-2.116987466812134,-2.9556849002838135,7
100,707,-2.549293279647827,3.6227569580078125,0
100,708,-1.2351983785629272,4.0048980712890625,7
100,709,1.1488631963729858,0.312236487865448,1
100,710,2.521899700164795,1.923924446105957,1
100,711,2.8372802734375,4.578744888305664,3
100,712,0.4809166491031647,3.7107107639312744,1
100,713,-0.9756021499633789,1.559593677520752,1
100,714,-3.453986167907715,-0.40867525339126587,7
100,715,2.626704692840576,3.3441038131713867,3
100,716,2.0907230377197266,4.48041296005249,3
100,717,0.9525250196456909,1.6605414152145386,2
100,718,-1.8992732763290405,-2.281846523284912,2
100,719,-2.063276529312134,-1.4962338209152222,4
100,720,-2.062346935272217,-0.11761491000652313,7
100,721,-1.1405882835388184,-0.06228156015276909,7
100,722,0.6633714437484741,0.3845134377479553,1
100,723,2.3114233016967773,3.639925956726074,0
100,724,-0.24498143792152405,3.8059797286987305,0
100,725,1.5882591009140015,1.5701786279678345,7
100,726,2.6404595375061035,3.467252492904663,3
100,727,-0.5463733077049255,2.267632007598877,1
100,728,-2.902146816253662,-1.41627037525177,1
100,729,-1.0350662469863892,3.1996030807495117,1
100,730,-2.796112298965454,0.2693576216697693,7
100,731,0.7354954481124878,0.2523861527442932,1
100,732,1.18297278881073,1.6135274171829224,6
100,733,-2.5671606063842773,1.6053184270858765,1
100,734,-2.561323642730713,-2.910902738571167,1
100,735,-1.9593868255615234,-0.4343235194683075,1
100,736,-2.956174850463867,-2.506132125854492,6
100,737,-3.845335006713867,-2.3219962120056152,6
100,738,-2.9961228370666504,-1.4503248929977417,6
100,739,1.6796671152114868,1.1499611139297485,3
100,740,0.7843619585037231,3.2168118953704834,1
100,741,2.6303701400756836,3.255046844482422,3
100,742,2.5302257537841797,4.363031387329102,3
100,743,2.0077991485595703,2.5889573097229004,6
100,744,-3.1168081760406494,0.585942268371582,7
100,745,1.5423063039779663,2.819467544555664,6
100,746,0.10149602591991425,1.9056140184402466,1
100,747,-0.5814720392227173,2.9208929538726807,1
100,748,-2.0134739875793457,-2.3936028480529785,5
100,749,1.3547316789627075,2.3388330936431885,4
100,750,1.5658637285232544,3.929450511932373,3
100,751,2.8930130004882812,3.63792085647583,1
100,752,1.4587546586990356,1.922507643699646,1
100,753,-1.0918996334075928,1.0998775959014893,1
100,754,-3.1657419204711914,0.41266414523124695,7
100,755,-0.9763497114181519,1.1659986972808838,1
100,756,-2.331294059753418,-3.808413028717041,6
100,757,-2.7360472679138184,-3.580997943878174,6
100,758,-0.1752522885799408,2.280442237854004,1
100,759,-0.9942978620529175,2.315277099609375,1
100,760,-2.30806303024292,1.2725449800491333,1
100,761,1.0071552991867065,4.636779308319092,3
100,762,-0.47601139545440674,2.2546286582946777,1
100,763,-0.3826538324356079,2.473473310470581,1
100,764,-1.191505789756775,-2.1137166023254395,1
100,765,1.1527410745620728,3.076173782348633,1
100,766,-3.2685980796813965,-1.8030647039413452,6
100,767,-4.14333963394165,-4.273834705352783,4
100,768,-3.5981428623199463,0.5148435235023499,1
100,769,-3.637601852416992,-2.900175094604492,4
100,770,1.3773902654647827,0.89487624168396,1
100,771,-1.1594748497009277,2.0682406425476074,1
100,772,-2.7407846450805664,-2.679962635040283,6
100,773,1.0876235961914062,0.4483358860015869,7
100,774,-3.4135336875915527,-0.32136550545692444,6
100,775,-2.347277879714966,-0.7336806058883667,7
100,776,-2.253173351287842,-3.527864456176758,6
100,777,-3.8600540161132812,0.5372388362884521,7
100,778,-1.737567663192749,1.6858158111572266,1
100,779,1.533841848373413,2.3682610988616943,6
100,780,-4.136244773864746,0.44932228326797485,7
100,781,-2.2918448448181152,1.2006025314331055,1
100,782,1.796135425567627,1.48921799659729,3
100,783,-2.3897149562835693,2.298961639404297,7
100,784,1.1704474687576294,1.7407077550888062,3
100,785,3.435321092605591,3.591168165206909,3
100,786,-2.4088754653930664,1.271893858909607,7
100,787,1.0503097772598267,0.1625581830739975,1
100,788,1.9252878427505493,3.8846042156219482,1
100,789,-1.0752063989639282,2.3986051082611084,1
100,790,-0.17546959221363068,1.4485830068588257,1
100,791,-4.087502956390381,0.961177408695221,7
100,792,-2.8967556953430176,-2.303934335708618,2
100,793,-4.057639122009277,-1.4697749614715576,6
100,794,1.5225344896316528,1.7898770570755005,6
100,795,-1.0567965507507324,3.44340443611145,1
100,796,-2.129850149154663,-0.3677109181880951,7
100,797,0.4564265310764313,2.2526371479034424,1
100,798,0.83698570728302,2.6839046478271484,1
100,799,0.8199098110198975,0.3037775754928589,1
100,800,1.3437901735305786,2.4587478637695312,3
100,801,0.5093696117401123,0.7839934229850769,7
100,802,-1.3108350038528442,3.087684154510498,1
100,803,0.6774135828018188,3.2772064208984375,1
100,804,-0.8508007526397705,2.4889731407165527,1
100,805,-3.888350009918213,-0.08306233584880829,6
100,806,-3.5827126502990723,-2.197479009628296,6
100,807,0.6670695543289185,3.4634149074554443,1
100,808,1.5960522890090942,3.7420263290405273,3
100,809,-4.571897983551025,-2.6019692420959473,4
100,810,0.5093696117401123,0.7839934229850769,7
100,811,1.4788957834243774,1.194334864616394,1
100,812,3.346339225769043,3.75494384765625,3
100,813,0.29950150847435,0.07954899966716766,1
100,814,-5.938178539276123,0.652697741985321,5
100,815,-4.971377372741699,-2.976712226867676,4
100,816,1.7000185251235962,1.7775808572769165,3
100,817,-2.515828847885132,1.1171578168869019,1
100,818,-3.650317907333374,1.5065593719482422,5
100,819,0.032386064529418945,-0.8999020457267761,1
100,820,-1.2377818822860718,-0.3199331760406494,2
100,821,0.8916893005371094,2.6003825664520264,3
100,822,0.15762773156166077,1.3145420551300049,3
100,823,0.4859958589076996,1.8751791715621948,3
100,824,-3.2684688568115234,-0.672171413898468,1
100,825,-0.9538834095001221,1.037493109703064,1
100,826,0.2927718460559845,1.8642185926437378,1
100,827,-4.2438483238220215,-3.692352533340454,4
100,828,-6.916435718536377,0.6803621053695679,5
100,829,-4.490903854370117,-2.3457159996032715,6
100,830,2.014200448989868,2.514327049255371,1
100,831,1.8471885919570923,3.326045036315918,3
100,832,-2.075792074203491,-1.6141066551208496,2
100,833,-5.231624126434326,0.10841663181781769,5
100,834,-0.9538834095001221,1.037493109703064,1
100,835,0.9182058572769165,0.5024709105491638,1
100,836,-0.6953334808349609,0.9267508387565613,1
100,837,-1.0384600162506104,-0.6048300862312317,2
100,838,-3.6714508533477783,-0.26623207330703735,6
100,839,1.8975971937179565,2.130207061767578,6
100,840,-4.693838119506836,0.9675177931785583,5
100,841,-0.5969411134719849,3.354024648666382,1
100,842,-5.022731304168701,-0.28929048776626587,4
100,843,-1.9078407287597656,3.913137912750244,0
100,844,-0.6021773815155029,3.3875269889831543,1
100,845,0.8820056915283203,3.122976779937744,3
100,846,0.4031884968280792,2.2646071910858154,3
100,847,1.905953288078308,3.7049763202667236,3
100,848,1.7037729024887085,3.8968605995178223,3
100,849,2.132957935333252,2.710324764251709,3
100,850,2.1462368965148926,3.6547725200653076,1
100,851,-1.8311090469360352,0.8355162739753723,1
100,852,-3.718989849090576,1.301846981048584,1
100,853,-1.344308853149414,0.6084136366844177,2
100,854,-4.911179065704346,-3.73159122467041,4
100,855,-2.994035243988037,0.8068329691886902,1
100,856,1.3699636459350586,1.5868624448776245,3
100,857,0.7770018577575684,3.75154972076416,3
100,858,1.9677165746688843,2.837676763534546,3
100,859,3.1411633491516113,3.508342742919922,3
100,860,3.0452327728271484,3.281876564025879,3
100,861,1.6956392526626587,2.9122471809387207,3
100,862,0.04794852435588837,0.013519619591534138,2
100,863,0.48036929965019226,-0.5516731142997742,1
100,864,1.8061189651489258,3.19203519821167,3
100,865,3.6148018836975098,3.5499558448791504,3
100,866,2.13277006149292,2.3226301670074463,1
100,867,-2.050442934036255,-3.8923075199127197,6
100,868,1.2790228128433228,1.44647216796875,3
100,869,-2.003865957260132,-2.4684722423553467,4
100,870,1.1558529138565063,1.2566033601760864,3
100,871,-0.10779541730880737,3.8199620246887207,1
100,872,-4.004766941070557,0.3477312922477722,6
100,873,1.93514883518219,3.958076000213623,3
100,874,-2.664870500564575,-3.907670021057129,6
100,875,-2.6474950313568115,-2.9837560653686523,6
100,876,0.54198157787323,2.542888641357422,3
100,877,-0.5548537373542786,3.653564929962158,1
100,878,1.5019184350967407,3.373436689376831,3
100,879,-3.9481935501098633,-0.49638426303863525,1
100,880,-0.574845016002655,-2.188640832901001,2
100,881,-4.085236549377441,-1.84555184841156,4
100,882,-4.081974983215332,0.9361546635627747,6
100,883,2.4811439514160156,4.943166255950928,3
100,884,0.7625213861465454,1.8729453086853027,1
100,885,1.6563438177108765,3.3814704418182373,1
100,886,1.1167720556259155,2.612658977508545,1
100,887,1.40078604221344,1.4491643905639648,3
100,888,2.8274221420288086,4.072878837585449,3
100,889,1.7037729024887085,3.8968605995178223,3
100,890,1.4967029094696045,2.0360052585601807,1
100,891,1.1657432317733765,0.8369210362434387,1
100,892,-1.2377818822860718,-0.3199331760406494,2
100,893,-0.3166543245315552,2.062445640563965,1
100,894,1.3528058528900146,-0.8865551948547363,1
100,895,2.0881848335266113,3.6876742839813232,3
100,896,-4.534039497375488,0.6564525961875916,1
100,897,-2.1932473182678223,0.9967455267906189,7
100,898,-3.4608640670776367,-0.37362486124038696,1
100,899,-1.0605182647705078,-2.903079032897949,1
100,900,-0.41559770703315735,5.316776752471924,0
100,901,-0.3137585520744324,-0.11843841522932053,2
100,902,1.4123082160949707,0.6017351746559143,0
100,903,0.21869978308677673,4.756758689880371,0
100,904,-1.8955272436141968,3.782703161239624,7
100,905,0.06392094492912292,3.300808906555176,1
100,906,0.38361242413520813,2.190284490585327,1
100,907,2.8392844200134277,3.600121021270752,3
100,908,1.302466869354248,1.4068242311477661,6
100,909,0.02523743361234665,0.09222110360860825,1
100,910,0.7897706031799316,-0.4531855583190918,1
100,911,0.7230489253997803,-0.35036465525627136,1
100,912,0.5803444385528564,-0.14199909567832947,1
100,913,0.6023259162902832,4.040412902832031,3
100,914,-4.5700812339782715,0.1482464224100113,1
100,915,-2.406954526901245,-2.010066032409668,2
100,916,-2.579240083694458,0.008652281947433949,7
100,917,-0.37066078186035156,0.0768543928861618,1
100,918,0.8123211860656738,-0.4603201746940613,1
100,919,1.455327033996582,0.8818261027336121,3
100,920,0.3789413869380951,1.6962846517562866,3
100,921,1.8009320497512817,0.9437484741210938,3
100,922,2.754964828491211,3.516690254211426,3
100,923,1.0891824960708618,2.1679091453552246,3
100,924,1.9890509843826294,1.935329794883728,1
100,925,-2.2526795864105225,-0.3743938207626343,7
100,926,-1.839149832725525,-0.05508645251393318,5
100,927,-4.249092102050781,0.8973601460456848,5
100,928,-2.7785468101501465,1.0762966871261597,1
100,929,-3.641270160675049,0.4387391209602356,1
100,930,-1.8218090534210205,2.45814847946167,1
100,931,-3.411139488220215,1.8107823133468628,7
100,932,-6.5358357429504395,0.7194235920906067,5
100,933,-7.4839186668396,3.009533405303955,5
100,934,0.5317234992980957,0.5160523056983948,5
100,935,-2.539210557937622,-2.568830966949463,7
100,936,0.3018683195114136,-0.4043891429901123,5
100,937,0.9982984066009521,-0.11322294175624847,1
100,938,-0.35649576783180237,-0.8764979839324951,2
100,939,-1.0560325384140015,-1.4852203130722046,5
100,940,-1.1550624370574951,-5.316692352294922,5
100,941,0.060566097497940063,-1.6187509298324585,2
100,942,-3.028366804122925,-4.2178215980529785,4
100,943,-3.0209970474243164,-2.941911458969116,0
100,944,-2.789614677429199,-0.7270782589912415,7
100,945,-2.03739595413208,0.8169550895690918,7
100,946,0.45971134305000305,0.4780236780643463,1
100,947,-0.5734485387802124,-0.7324391603469849,2
100,948,-3.7224440574645996,-0.9381316304206848,6
100,949,-2.556607246398926,1.3328815698623657,7
100,950,-0.340487539768219,0.22389695048332214,2
100,951,-1.8061020374298096,-0.09635858237743378,7
100,952,1.0444482564926147,-0.5157300233840942,2
100,953,-3.8380484580993652,-2.6129915714263916,5
100,954,-0.6234248876571655,-1.8781721591949463,2
100,955,0.08165588974952698,-0.20054160058498383,2
100,956,-1.6721726655960083,-1.9282127618789673,5
100,957,-1.5823248624801636,-2.7679390907287598,1
100,958,0.4324786961078644,-0.9051917195320129,1
100,959,-0.7849618196487427,-2.68129301071167,5
100,960,0.21756121516227722,2.4675965309143066,1
100,961,-2.4711480140686035,-2.6632823944091797,5
100,962,-1.5011030435562134,-1.6743642091751099,2
100,963,-0.15802790224552155,-1.9834076166152954,2
100,964,0.32585573196411133,2.283641815185547,1
100,965,0.45114150643348694,2.0026562213897705,1
100,966,-1.2512072324752808,-0.15574711561203003,2
100,967,0.07170107960700989,0.517354428768158,2
100,968,2.609065055847168,3.087263584136963,1
100,969,-3.758828639984131,-1.2881872653961182,6
100,970,1.648358702659607,3.929962158203125,3
100,971,-1.7657157182693481,-3.0762557983398438,6
100,972,-0.862236499786377,-2.646939992904663,2
100,973,0.9407961368560791,0.4958452582359314,2
100,974,1.234586477279663,2.1348729133605957,1
100,975,-0.7124617099761963,-1.3886898756027222,2
100,976,-0.3563534915447235,1.9350675344467163,1
100,977,1.6231416463851929,2.479336977005005,6
100,978,-3.3395371437072754,-0.6437370777130127,6
100,979,-2.167041063308716,-2.02760648727417,4
100,980,-3.1705968379974365,-2.6919193267822266,4
100,981,-2.9817347526550293,-2.3483967781066895,6
100,982,-0.39880213141441345,2.2380027770996094,1
100,983,0.5028402805328369,2.0202958583831787,3
100,984,-2.779548406600952,2.05522084236145,7
100,985,-2.712738513946533,-3.3259382247924805,4
100,986,-2.33770489692688,1.5319002866744995,1
100,987,-0.725493311882019,-1.8334884643554688,2
100,988,-0.5098391771316528,-0.6432654857635498,2
100,989,-0.2523477077484131,-1.8508142232894897,2
100,990,0.35779836773872375,0.07974740117788315,1
100,991,-2.127706289291382,-1.6667855978012085,2
100,992,-3.0150957107543945,-5.160147666931152,4
100,993,-2.8747782707214355,-2.9601354598999023,6
100,994,0.018793985247612,-1.1842225790023804,1
100,995,-3.4660470485687256,-1.2685928344726562,6
100,996,-2.8965067863464355,-0.6993715167045593,7
100,997,1.5957309007644653,3.3044238090515137,0
100,998,-5.474998950958252,-3.2591938972473145,4
100,999,1.392546534538269,3.215322971343994,3
100,1000,-3.0514578819274902,-2.9740757942199707,6
100,1001,1.180864691734314,1.2775243520736694,3
100,1002,0.11522756516933441,2.376662492752075,1
100,1003,0.13291263580322266,-0.15915243327617645,2
100,1004,1.0033341646194458,0.6321814060211182,1
100,1005,-1.5507723093032837,0.39005470275878906,1
100,1006,-2.106412172317505,0.22753210365772247,7
100,1007,-3.3576393127441406,-2.392855405807495,6
100,1008,-2.408790111541748,-3.060617446899414,6
100,1009,-3.2181689739227295,-5.281986236572266,4
100,1010,0.4185520112514496,0.951313853263855,5
100,1011,-1.1012378931045532,2.018723726272583,1
100,1012,-0.8365621566772461,1.066372275352478,1
100,1013,-4.302330493927002,-4.281078338623047,4
100,1014,-1.67317795753479,2.168800115585327,1
100,1015,1.2696939706802368,3.308758497238159,1
100,1016,-0.6031296253204346,0.6920092701911926,2
100,1017,-2.2950215339660645,3.6561431884765625,0
100,1018,0.551878809928894,1.9947577714920044,1
100,1019,-3.995971441268921,-4.026296615600586,4
100,1020,-0.12936103343963623,-2.255847930908203,2
100,1021,-1.5446113348007202,-3.1751251220703125,2
100,1022,0.5280073881149292,-0.745976448059082,1
100,1023,-2.7728707790374756,-2.6125547885894775,1
100,1024,-3.512948989868164,0.9403290152549744,7
100,1025,0.25364553928375244,3.2975242137908936,1
100,1026,-3.076225757598877,-1.6676934957504272,6
100,1027,0.41753873229026794,3.6099958419799805,1
100,1028,-4.470431804656982,-3.9466471672058105,4
100,1029,-0.9787689447402954,2.9413046836853027,1
100,1030,-2.771455764770508,-2.5238053798675537,6
100,1031,1.4099045991897583,3.108670234680176,3
100,1032,-0.6246147155761719,-2.179650068283081,2
100,1033,1.7066110372543335,4.55373477935791,3
100,1034,1.1148773431777954,0.4757477641105652,1
100,1035,1.7721939086914062,4.005110740661621,3
100,1036,-2.025139808654785,-1.7473236322402954,5
100,1037,-0.32182636857032776,-1.994590163230896,5
100,1038,-0.6341006755828857,-1.6135772466659546,5
100,1039,-4.375819206237793,0.949848473072052,5
100,1040,-1.005317211151123,1.7024686336517334,1
100,1041,-0.5165684223175049,-1.9835957288742065,2
100,1042,-0.9538834095001221,1.037493109703064,1
100,1043,-0.7742286920547485,-2.213074207305908,1
100,1044,2.583777666091919,3.9726290702819824,3
100,1045,1.6710830926895142,2.027881622314453,3
100,1046,1.3589071035385132,2.2261271476745605,7
100,1047,1.711189866065979,2.8033106327056885,1
100,1048,2.6579794883728027,3.632521629333496,3
100,1049,2.0249249935150146,2.2200393676757812,3
100,1050,2.226846694946289,2.894430637359619,3
100,1051,1.7796381711959839,1.364425778388977,1
100,1052,-3.6919288635253906,-1.5045455694198608,6
100,1053,0.7403203248977661,0.6932694315910339,0
100,1054,1.6461673974990845,-2.2344040870666504,5
100,1055,1.892089605331421,-2.0251805782318115,5
100,1056,0.49048367142677307,-2.4587650299072266,2
100,1057,0.973596453666687,-2.4602694511413574,2
100,1058,0.776646614074707,-1.8214157819747925,2
100,1059,-0.46702840924263,-1.1967535018920898,2
100,1060,-3.849684715270996,-3.9166359901428223,4
100,1061,-2.6930809020996094,-2.625026226043701,2
100,1062,0.5783953666687012,0.9627736210823059,2
100,1063,1.3092657327651978,2.5170106887817383,1
100,1064,1.3078111410140991,2.0167524814605713,3
100,1065,0.17450886964797974,2.5379040241241455,1
100,1066,0.8540343046188354,4.170388221740723,3
100,1067,1.0117449760437012,-0.9156522154808044,5
100,1068,1.1365545988082886,-2.386786460876465,2
100,1069,0.8969273567199707,0.29539376497268677,5
100,1070,0.3378320634365082,-2.016510009765625,2
100,1071,2.128361225128174,-1.5712264776229858,5
100,1072,-0.6601423025131226,-1.6445971727371216,2
100,1073,1.1406534910202026,1.2948657274246216,2
100,1074,0.12466104328632355,1.4302293062210083,3
100,1075,-0.1117454320192337,1.975401520729065,1
100,1076,-0.16121506690979004,3.4740471839904785,1
100,1077,0.967680811882019,3.115910768508911,3
100,1078,1.00905179977417,4.571378707885742,3
100,1079,-1.0926793813705444,0.804623007774353,1
100,1080,-3.4603655338287354,0.567540168762207,7
100,1081,0.015032224357128143,0.6105390191078186,2
100,1082,-2.0516772270202637,-4.495806694030762,4
100,1083,1.3178868293762207,0.8863527178764343,7
100,1084,-0.5140019655227661,-2.0674984455108643,6
100,1085,-2.6535818576812744,-2.686056613922119,4
100,1086,1.4195629358291626,1.3400424718856812,3
100,1087,2.290541648864746,1.8047443628311157,3
100,1088,1.3009532690048218,0.2936832308769226,0
100,1089,-0.6797927618026733,-0.9183108806610107,2
100,1090,-3.1214568614959717,-2.82411527633667,6
100,1091,-2.7832956314086914,-1.7727311849594116,6
100,1092,-2.325486660003662,-1.9240927696228027,2
100,1093,2.797313690185547,2.1012797355651855,3
100,1094,-1.420023798942566,-3.4771523475646973,6
100,1095,0.10459825396537781,-1.8327034711837769,2
100,1096,-3.796272039413452,3.3156018257141113,0
100,1097,0.9584721326828003,0.5621171593666077,1
100,1098,-2.3497061729431152,-3.139108657836914,6
100,1099,0.6736549139022827,-1.4405518770217896,2
100,1100,0.5155031681060791,-1.3304404020309448,2
100,1101,1.7475982904434204,-0.016433347016572952,2
100,1102,-2.5157477855682373,-3.269423007965088,6
100,1103,-2.7841663360595703,1.3789750337600708,1
100,1104,-0.6649789810180664,-2.079207181930542,2
100,1105,-0.6075423955917358,-1.7368613481521606,2
100,1106,-1.3523213863372803,2.2400662899017334,1
100,1107,-4.610558032989502,-1.9059499502182007,4
100,1108,1.0725817680358887,0.3682359457015991,1
100,1109,2.9396519660949707,2.2614712715148926,3
100,1110,1.1916306018829346,0.6893792748451233,7
100,1111,0.3246183693408966,2.3753318786621094,1
100,1112,1.5189968347549438,2.784450054168701,3
100,1113,-0.0592837855219841,-0.7094306349754333,2
100,1114,2.147465229034424,1.6331056356430054,3
100,1115,2.3061728477478027,3.2362828254699707,3
100,1116,2.099637746810913,0.9554364681243896,1
100,1117,-3.301497459411621,-2.631087303161621,6
100,1118,-3.6826794147491455,-2.8007054328918457,4
100,1119,-0.9953162670135498,-1.0370501279830933,2
100,1120,1.4885410070419312,1.2570842504501343,7
100,1121,2.1613428592681885,5.231515884399414,0
100,1122,0.8710811138153076,1.4093668460845947,1
100,1123,-2.5041465759277344,-3.5575690269470215,6
100,1124,-2.987417221069336,-3.238001823425293,4
100,1125,-3.875595808029175,-4.809405326843262,4
100,1126,-3.183915615081787,-2.1870381832122803,4
100,1127,-1.2075918912887573,2.3143553733825684,1
100,1128,1.5102821588516235,2.4497270584106445,6
100,1129,-3.6244993209838867,-3.5731654167175293,4
100,1130,-4.267796039581299,-2.334669828414917,6
100,1131,1.0396125316619873,4.236855506896973,3
100,1132,-3.676654815673828,-0.7693784832954407,6
100,1133,-2.528871536254883,-1.344399094581604,6
100,1134,-3.8259775638580322,-0.6597458124160767,1
100,1135,-0.11380192637443542,3.2158515453338623,1
100,1136,-0.5700662136077881,3.3224329948425293,1
100,1137,1.0874539613723755,2.690725088119507,3
100,1138,-3.9456663131713867,-3.4657135009765625,4
100,1139,-2.4133076667785645,2.2078261375427246,7
100,1140,-0.7452583312988281,2.152867555618286,1
100,1141,-1.9507862329483032,1.9230983257293701,1
100,1142,-3.6965088844299316,-3.4648571014404297,6
100,1143,-3.16780424118042,-2.6636714935302734,4
100,1144,-0.4993325173854828,1.840567708015442,1
100,1145,1.1595991849899292,1.0265061855316162,3
100,1146,0.4104682505130768,1.3646224737167358,1
100,1147,-0.5581074953079224,1.877569317817688,1
100,1148,-3.0176141262054443,-4.237752914428711,4
100,1149,-1.5415393114089966,1.4096171855926514,1
100,1150,2.4013285636901855,3.7340087890625,3
100,1151,-4.775786876678467,-4.233254432678223,4
100,1152,-4.8461689949035645,-0.5088929533958435,6
100,1153,1.0991933345794678,1.6887503862380981,3
100,1154,1.5903156995773315,2.6293764114379883,6
100,1155,-3.9820735454559326,-3.9019925594329834,4
100,1156,-2.1992712020874023,-3.395169734954834,6
100,1157,-4.052130222320557,-4.444948196411133,4
100,1158,-2.1123714447021484,-1.524889349937439,2
100,1159,-1.9116710424423218,1.2225563526153564,1
100,1160,-0.5661299228668213,1.6276975870132446,1
100,1161,-0.6515841484069824,-0.7528422474861145,0
100,1162,-3.5928609371185303,-0.9715215563774109,1
100,1163,-2.35418701171875,0.6083921194076538,1
100,1164,-0.11628387868404388,-1.4088431596755981,2
100,1165,1.501527190208435,2.5153884887695312,6
100,1166,-1.0044268369674683,1.8830859661102295,1
100,1167,1.6037949323654175,3.080416679382324,3
100,1168,-0.07596471905708313,4.281327247619629,3
100,1169,-3.49029278755188,-3.4787533283233643,6
100,1170,-0.7457859516143799,1.580057144165039,1
100,1171,-2.8896360397338867,-1.1816991567611694,6
100,1172,-0.9538834095001221,1.037493109703064,1
100,1173,0.8860329389572144,2.7382988929748535,1
100,1174,-3.047032356262207,-1.0383490324020386,6
100,1175,0.3583448827266693,3.506324291229248,1
100,1176,0.8917559385299683,0.6812040209770203,1
100,1177,-1.317080020904541,-0.3832096755504608,2
100,1178,0.21756121516227722,2.4675965309143066,1
100,1179,-1.0297311544418335,0.26620182394981384,2
100,1180,0.913398027420044,4.056054592132568,3
100,1181,0.2055581510066986,2.1750879287719727,1
100,1182,1.4564461708068848,2.038663148880005,3
100,1183,-0.3826538324356079,2.473473310470581,1
100,1184,1.4219927787780762,2.4272263050079346,6
100,1185,-2.379361867904663,-2.2034106254577637,4
100,1186,-2.674379348754883,-2.627453565597534,2
100,1187,-0.9769729375839233,2.3197503089904785,1
100,1188,1.4521530866622925,4.230917930603027,3
100,1189,1.8402289152145386,2.1012134552001953,6
100,1190,-0.6953334808349609,0.9267508387565613,1
100,1191,-2.4924476146698,-1.6418771743774414,6
100,1192,-2.6823015213012695,-1.9927812814712524,4
100,1193,-3.4966866970062256,-3.8040428161621094,4
100,1194,-1.1074758768081665,-2.578397274017334,1
100,1195,-5.0721940994262695,3.0387253761291504,6
100,1196,0.09508717060089111,-2.528416872024536,2
100,1197,1.452919363975525,3.283820867538452,3
100,1198,-0.3126414716243744,-2.032268524169922,2
100,1199,-2.1863327026367188,-3.958587408065796,6
100,1200,-1.0402283668518066,-0.8760221600532532,2
100,1201,-4.055792808532715,-1.2183481454849243,6
100,1202,-1.3551801443099976,-2.7720720767974854,2
100,1203,-4.280858993530273,-1.125861406326294,6
100,1204,0.9122438430786133,1.8361271619796753,3
100,1205,-3.469182252883911,-2.4685897827148438,6
100,1206,0.7395583391189575,1.0820879936218262,3
100,1207,-0.8592187166213989,0.20450308918952942,2
100,1208,-2.759891986846924,1.794671893119812,7
100,1209,-1.3197983503341675,-0.5712843537330627,2
100,1210,-1.7339218854904175,0.7125579714775085,7
100,1211,-0.7385179996490479,1.1015828847885132,1
100,1212,-1.764870524406433,-2.597527027130127,2
100,1213,-2.750952959060669,-2.4820353984832764,6
100,1214,-4.313738822937012,-3.601823329925537,4
100,1215,-1.2509589195251465,-0.9767267107963562,5
100,1216,-2.410399913787842,-2.36661434173584,2
100,1217,0.40031933784484863,1.9959136247634888,3
100,1218,0.9325937032699585,4.224908828735352,3
100,1219,-1.3352797031402588,-0.9858168959617615,5
100,1220,-1.4169842004776,-0.8205880522727966,5
100,1221,-4.411661624908447,-3.661252975463867,4
100,1222,-2.902432918548584,2.322814464569092,0
100,1223,-2.432929039001465,-2.6712894439697266,4
100,1224,-4.892374515533447,-1.6516209840774536,6
100,1225,1.4158533811569214,1.9748438596725464,6
100,1226,-3.8653907775878906,-2.989793300628662,6
100,1227,-2.7426133155822754,-1.245857834815979,4
100,1228,-1.933310627937317,-2.157837390899658,2
100,1229,-0.19495144486427307,0.1448625922203064,1
100,1230,0.11514504253864288,0.5535317063331604,2
100,1231,0.3968571126461029,2.3317646980285645,1
100,1232,-2.879336357116699,-1.7646899223327637,1
